GlobalID,EntryID,Spatial,Temporal,App,missing_joints_count,missing_joints_ratio,collapsed_joints_count,center_of_mass_x,center_of_mass_y,center_of_mass_z,distance_from_origin,bbox_width,bbox_height,bbox_depth,bbox_volume,max_joint_distance_from_com,distance_from_floor,below_floor,left_forearm_length,right_forearm_length,left_shin_length,right_shin_length,arm_length_symmetry,leg_length_symmetry,body_forward_x,body_forward_y,body_forward_z
351,06262025083807170,0,0,Archery,0,0.0,0,66.851634,3.8692909799999997,45.952918,81.21442639009764,4.624539999999996,5.7171857,0.9424500000000009,24.91776913684816,3.289257038532753,6.86929098,False,0.9325643015449327,0.9325609187693925,1.6158553803457323,1.6158553029974214,3.3827755402393578e-06,7.734831086736449e-08,0.004653968073400565,0.9997305167672603,-0.02274278842706524
352,06262025083807928,0,0,Archery,0,0.0,0,66.851634,3.8692909799999997,45.952918,81.21442639009764,4.624539999999996,5.7171857,0.9424500000000009,24.91776913684816,3.289257038532753,6.86929098,False,0.9325643015449327,0.9325609187693925,1.6158553803457323,1.6158553029974214,3.3827755402393578e-06,7.734831086736449e-08,0.004653968073400565,0.9997305167672603,-0.02274278842706524
353,06262025083808118,0,0,Archery,0,0.0,0,66.851634,3.8692909799999997,45.952918,81.21442639009764,4.624539999999996,5.7171857,0.9424500000000009,24.91776913684816,3.289257038532753,6.86929098,False,0.9325643015449327,0.9325609187693925,1.6158553803457323,1.6158553029974214,3.3827755402393578e-06,7.734831086736449e-08,0.004653968073400565,0.9997305167672603,-0.02274278842706524
354,06262025083808328,1,1,Archery,0,0.0,0,56.104043000000004,3.48261976,37.301394,67.46248050347562,1.6232800000000012,5.5731049,1.0552300000000017,9.546359500022058,2.8794937775959393,6.48261976,False,0.8397932557606086,0.916955032559394,1.5175276467208916,1.5622926581622318,0.07716177679878544,0.04476501144134026,0.03457576461819289,0.9964101723409814,0.07727408981335919
355,06262025083808521,1,1,Archery,0,0.0,0,56.10995700000001,3.4814777600000006,37.307429,67.47067674571869,1.5856899999999996,5.5723006999999996,1.0631799999999956,9.394196280762344,2.879308255766168,6.481477760000001,False,0.8349853249159526,0.9152038700398947,1.5183404861586514,1.562246516289952,0.08021854512394211,0.043906030131300566,0.033614090742883095,0.9963815410948016,0.07806354763317845
356,06262025083808717,1,1,Archery,0,0.0,0,56.100677000000005,3.51435161,37.328269,67.47619056847682,1.5090199999999996,5.5707969,1.1880099999999985,9.98693946282851,2.839798702154643,6.51435161,False,0.7945169172245463,0.8783871383871686,1.5181352024493746,1.5610514548096137,0.08387022116262233,0.042916252360239104,0.03221851299776976,0.9966196827524206,0.07557231881235968
357,06262025083808923,1,1,Archery,0,0.0,0,56.064945,3.5884142199999998,37.322511,67.44719862093936,1.5890799999999956,5.5672115,1.216540000000002,10.762418493713936,2.910005223532547,6.58841422,False,0.8143133120765015,0.7954864772106394,1.5169040005647318,1.5578527014516634,0.01882683486586212,0.04094870088693159,0.027921939352868505,0.9974943307752382,0.06500327202560026
358,06262025083809125,1,1,Archery,0,0.0,0,56.068646,3.5883699899999995,37.318164,67.44786748140629,1.618000000000002,5.5604695,1.1479199999999992,10.327652172175926,2.9059642552644145,6.5883699899999995,False,0.8249055072406812,0.8350499553685387,1.513606636592269,1.5540558912955014,0.01014444812785742,0.04044925470323246,0.03446999280232925,0.9977238210262894,0.05795685078493948
359,06262025083809319,1,1,Archery,0,0.0,0,56.07180100000001,3.5749292700000006,37.31967300000001,67.45061140935665,1.579509999999999,5.554888099999999,1.164520000000003,10.217499997172776,2.8885012839610518,6.57492927,False,0.8221497983944265,0.854014701093606,1.5114452157995137,1.5511556254683196,0.03186490269917952,0.0397104096688059,0.040428338383043716,0.9975899373456677,0.05639030379642455
360,06262025083809519,1,1,Archery,0,0.0,0,55.968695000000004,3.68701365,37.411791,67.42203642345721,2.043040000000005,5.549634200000001,1.4782399999999996,16.760469391438175,3.062295993334726,6.68701365,False,0.7277905430025875,0.8714795458873416,1.510732494460779,1.5499868946385449,0.14368900288475406,0.039254400177765936,0.03986973832296248,0.9975461441792789,0.057550796685293976
361,06262025083809724,1,1,Archery,0,0.0,0,55.910421,3.8904976999999996,37.437228999999995,67.39923785881697,2.641919999999999,5.5431689,1.559670000000004,22.840756976351837,3.311864891429563,6.890497699999999,False,0.753113918511664,0.9044848599622906,1.5107423348102793,1.5499838481563641,0.15137094145062657,0.03924151334608483,0.03350865239774809,0.9978579074306988,0.056185111840360784
362,06262025083809921,1,1,Archery,0,0.0,0,55.899771,3.9371266300000003,37.415353,67.38096173302742,2.934909999999995,5.5442684,1.4991199999999978,24.39357385744846,3.3685892925302037,6.93712663,False,0.8647955793966565,0.9188485347983063,1.5136501796157835,1.5510831180524642,0.05405295540164978,0.03743293843668072,0.03519926621195407,0.9977149392147012,0.057670718098053755
363,06262025083810123,1,1,Archery,0,0.0,0,55.829063999999995,3.9087355100000005,37.347272000000004,67.28284570561217,2.7533699999999968,5.5447038,1.5165900000000008,23.153204896787944,3.3358881591873866,6.9087355100000005,False,0.9122188610136271,0.9317018626341813,1.5177268406371454,1.5500698210087955,0.019483001620554163,0.032342980371650176,0.06052922623166049,0.9962131407582284,0.062414669368845835
364,06262025083810325,1,1,Archery,0,0.0,0,55.782833999999994,3.9109641799999997,37.235867,67.18281030985892,2.383020000000002,5.5344005,1.591300000000004,20.986998619624334,3.321711292616604,6.91096418,False,0.9320666066628489,0.9082861528070391,1.5382900544495797,1.547052809758042,0.023780453855809847,0.008762755308462378,0.11888393613219966,0.9887052156130736,0.09126119848665544
365,06262025083810520,1,1,Archery,0,0.0,0,55.839774999999996,3.8985444,37.162028,67.1885067966403,2.0587599999999995,5.5444075,1.7671300000000016,20.171089846334926,3.3371971948639496,6.8985444000000005,False,0.922190506869917,0.9072534644678937,1.5529021008879642,1.5669453005099612,0.014937042402023315,0.01404319962199696,0.1561029493279591,0.9764093425682004,0.14918667821440107
366,06262025083810728,1,1,Archery,0,0.0,0,55.87646799999999,3.8678410100000002,37.1428,67.20660281604525,1.9146999999999963,5.5524773,1.768880000000003,18.805543979088025,3.324325664185562,6.86784101,False,0.9149744238807954,0.9056611364417704,1.564191516816837,1.5788228818345929,0.009313287439025042,0.01463136501775586,0.16526282272179693,0.9707015265698835,0.17443263955155192
367,06262025083810923,1,1,Archery,0,0.0,0,55.88758800000001,3.86360884,37.145430999999995,67.21705892035169,1.8643800000000041,5.5514234,1.7255099999999999,17.85896423940557,3.3218571281333467,6.8636088399999995,False,0.9215811324001799,0.9094556805056498,1.5665835952254967,1.5811010335151154,0.01212545189453007,0.014517438289618712,0.16931890559345902,0.9683189584433429,0.18354700468226867
368,06262025083811125,1,1,Archery,0,0.0,0,55.872731,3.8610697299999996,37.15926399999999,67.21220744686175,1.961669999999998,5.5508731000000004,1.5860800000000026,17.27079535574486,3.3240838172560925,6.86106973,False,0.9324933064617716,0.9124197019075159,1.5645128706275833,1.5806096936567255,0.020073604554255775,0.016096823029142282,0.17092708189462957,0.9682132275068969,0.18261182534453965
369,06262025083811327,1,1,Archery,0,0.0,0,55.840718,3.85401794,37.168672,67.19039677871348,2.1389799999999966,5.5434622000000005,1.5708699999999993,18.626362897848487,3.3162449797849756,6.85401794,False,0.9324793520636278,0.906213307662162,1.5548781231315714,1.5750757833051838,0.026266044401465738,0.020197660173612464,0.17189753479118944,0.9688253334834525,0.1784060277383833
370,06262025083811521,1,1,Archery,0,0.0,0,55.81451199999999,3.8555747000000005,37.211431000000005,67.1923790554642,2.343679999999999,5.5415322,1.702840000000002,22.115767639092866,3.308380646218302,6.8555747,False,0.9292232065704092,0.9104015895905493,1.5426775416712462,1.568426020671693,0.018821616979859956,0.025748479000446745,0.17414800662853297,0.9708722546218372,0.16455861263640692
371,06262025083811727,1,1,Archery,0,0.0,0,55.80509699999999,3.8850582100000004,37.238184000000004,67.20107793847025,2.377130000000001,5.5452283,1.7495899999999978,23.06262045165823,3.3405215730163285,6.88505821,False,0.9265318765099252,0.9136632152084257,1.5360658059891712,1.5638217100634249,0.01286866130149944,0.027755904074253657,0.17288557737502924,0.9734893380912722,0.1497634326473564
372,06262025083811918,1,1,Archery,0,0.0,0,55.79612099999999,3.8839021099999997,37.25826300000001,67.204687158143,2.442050000000002,5.5491183,1.72466,23.371254578011257,3.344839086859006,6.883902109999999,False,0.9194305581956692,0.9178964866715622,1.53381482381054,1.5613683930404423,0.0015340715241070058,0.027553569229902264,0.1627958111005373,0.9770280000320718,0.13752749194778532
373,06262025083812126,1,1,Archery,0,0.0,0,55.798604,3.8779647600000002,37.295215000000006,67.22689849252933,2.5169500000000014,5.5500921,1.711120000000001,23.903155992800905,3.340042355012222,6.87796476,False,0.905742103774028,0.9274588523923825,1.5307198034885712,1.5578819229036607,0.021716748618354487,0.027162119415089503,0.15230608602911655,0.9802437694598835,0.12619432869019998
374,06262025083812320,1,1,Archery,0,0.0,0,55.829359,3.87150189,37.334713,67.27396709000833,2.572090000000003,5.5496954,1.7091700000000003,24.39723274845574,3.3299692876077267,6.871501889999999,False,0.8863910579219519,0.930224894576034,1.5265973912413506,1.556094669067522,0.043833836654082026,0.029497277826171286,0.14508616461232424,0.9823294924102449,0.11823186194556873
375,06262025083812520,1,1,Archery,0,0.0,0,55.876279,3.8469571,37.396786,67.34595189723638,2.6208499999999972,5.5625333,1.59957,23.319435855766272,3.303956442268021,6.8469571,False,0.837372678632996,0.9313707237018961,1.5208545838430736,1.5570941209089733,0.09399804506890008,0.03623953706589966,0.1312211274834612,0.9869240697431974,0.09360500127393642
376,06262025083812747,1,1,Archery,0,0.0,0,55.892502,3.8528519500000007,37.405739,67.36472042623456,2.823349999999998,5.5896027,1.4593699999999998,23.030908698232363,3.3018414818235327,6.852851950000001,False,0.8039347882639429,0.9184852289073593,1.5126836563189383,1.5563798524866905,0.11455044064341635,0.04369619616775222,0.05938144386145,0.9979341698523412,0.02452012981303126
377,06262025083812930,1,1,Archery,0,0.0,0,56.049437999999995,3.8713743699999994,37.469063000000006,67.53116111638023,2.7866,5.5637668,1.7136799999999965,26.5688819785835,3.281031585947727,6.87137437,False,0.7429840330612805,0.864268869102667,1.5002626390509912,1.5567167581133832,0.12128483604138651,0.05645411906239195,0.007774084416506717,0.9992587560498183,0.03770281248467736
378,06262025083813134,1,1,Archery,0,0.0,0,56.086723000000006,3.8729366300000003,37.46403300000001,67.55941017832981,2.315000000000005,5.5587439,2.005839999999999,25.812136251030484,3.2509503589966657,6.87293663,False,0.7041300080127293,0.8257144178110299,1.5087927395777165,1.5644573231644283,0.12158440979830065,0.05566458358671178,-0.021271246106797346,0.9995062363676742,0.02312612270120234
379,06262025083813337,1,1,Archery,0,0.0,0,56.119213000000016,3.8569986100000007,37.446265,67.57562628986237,2.0905699999999996,5.5648776,2.1733099999999936,25.28378034238697,3.2250729064753463,6.856998610000001,False,0.7149852874353418,0.8001078794862564,1.5277278514729302,1.5760563775333536,0.08512259205091455,0.04832852606042337,-0.0537681168998158,0.9982453889356303,0.024801876416916165
380,06262025083813533,0,0,Archery,0,0.0,0,56.087409,3.90188543,37.38991599999999,67.52057446978057,1.5493000000000023,5.5308513,2.080770000000001,17.830009761604934,3.2424985938183455,6.90188543,False,0.8311822986830247,0.7189641003165604,1.569478916057542,1.590248021554151,0.1122181983664643,0.02076910549660904,-0.08015571977734369,0.992267833767376,0.09476078649723801
381,06262025083813734,0,0,Archery,0,0.0,0,56.121218,3.9121405299999994,37.393454999999996,67.55121338782166,1.6007999999999996,5.5304563,1.870830000000005,16.562746930414225,3.213742724348104,6.912140529999999,False,0.8581802858630613,0.7617512686047841,1.5741609925781284,1.5999352189049685,0.09642901725827713,0.02577422632684012,-0.0894579185112033,0.9918535728050933,0.09068500939744246
382,06262025083813930,0,0,Archery,0,0.0,0,56.222995000000004,3.8566608600000003,37.393339000000005,67.63254247274756,1.0953400000000002,5.4798874,1.7201499999999967,10.32492491829121,3.1602366665184682,6.85666086,False,0.8176437112098386,0.7748902573913271,1.5614416403644407,1.5882588805554863,0.04275345381851148,0.026817240191045588,-0.09416700261412406,0.9940814104072184,0.054173103118307794
383,06262025083814139,0,0,Archery,0,0.0,0,56.285140999999996,3.8471485899999998,37.359894,67.66520028311936,1.0118599999999986,5.5214819,1.816110000000002,10.146546048740827,3.1951909440510606,6.84714859,False,0.8567350427530097,0.7869685916381934,1.575377103343833,1.575916251583454,0.06976645111481627,0.000539148239620868,-0.11907360904172967,0.9921584215543362,0.037988711067702616
384,06262025083814331,0,0,Archery,0,0.0,0,56.309695999999995,3.8475108399999995,37.354242,67.68252801625319,0.9496599999999944,5.5480456,2.0579099999999997,10.842627685964098,3.1218518956283425,6.84751084,False,0.8393170656128685,0.7930078820541419,1.5800551422297133,1.5374657913166738,0.046309183558726597,0.0425893509130395,-0.10605872323209548,0.9941000573721815,0.0227293457671551
385,06262025083814531,0,0,Archery,0,0.0,0,56.41921799999999,3.7756928900000006,37.363764,67.77488381973676,2.1482000000000028,5.5575301,1.9819200000000023,23.661520875852432,3.0944499205490685,6.77569289,False,0.8741376782864401,0.824926632908045,1.5817189956424014,1.4837547517376333,0.049211045378395046,0.0979642439047681,-0.10462090758724782,0.9942760538163042,0.021670129281988946
386,06262025083814737,0,0,Archery,0,0.0,0,56.42043100000001,3.7276423300000006,37.34343,67.76202561708932,2.3196499999999958,5.5565926999999995,1.8030100000000004,23.23962740607119,3.0466140038173997,6.72764233,False,0.9012593916537087,0.8364502461138973,1.580170979211455,1.4760902689947495,0.06480914553981143,0.10408071021670562,-0.10512899381443377,0.9938835505589098,0.033813940734260736
387,06262025083814940,0,0,Archery,0,0.0,0,56.486433,3.83083448,37.357801,67.83065458501964,2.167049999999996,5.5519571999999995,1.7371200000000044,20.899931457163664,3.154780959889682,6.83083448,False,0.9314185676697699,0.8434660180611935,1.5790609608089985,1.4788034981578881,0.08795254960857646,0.10025746265111035,-0.0978036721759878,0.9944773390459154,0.03806919795645187
388,06262025083815139,0,0,Archery,0,0.0,0,56.484268,3.83631095,37.35661700000001,67.82850910115602,2.098079999999996,5.5427875,1.7464900000000014,20.310301763791,3.1470196004955233,6.83631095,False,0.9314951809086301,0.8442233074068715,1.576814060246246,1.4807209548220042,0.08727187350175869,0.09609310542424176,-0.09965689834465936,0.9943101598417605,0.037627232794545204
389,06262025083815337,0,0,Archery,0,0.0,0,56.309084,3.75466452,37.362832000000004,67.68154594597428,0.8442399999999992,5.549583800000001,2.17192,10.17583750807147,3.0184972692799477,6.75466452,False,0.8082058757371152,0.8306119650619055,1.575327621906198,1.532353259350142,0.022406089324790268,0.04297436255605591,-0.09708191465125,0.9943852742903623,0.042107340477980176
390,06262025083815536,0,0,Archery,0,0.0,0,56.19114900000001,3.78628302,37.364019,67.58587930093167,0.9793999999999983,5.5539912,1.6661000000000001,9.062882540710591,3.1073875185404978,6.78628302,False,0.7958993210356395,0.7554405260515192,1.5806444070515164,1.5920455621953669,0.040458794984120305,0.011401155143850428,-0.13103006120679872,0.9905258012693028,0.04110669142546396
391,06262025083815732,1,1,Archery,0,0.0,0,56.182227,3.82025492,37.410442,67.6060511268679,1.1631,5.5014468,2.21246,14.156940311128578,3.158271047311798,6.82025492,False,0.73903611056903,0.7903401647398448,1.577069882781356,1.575912780802491,0.05130405417081485,0.0011571019788649828,-0.12690533067589724,0.9914899446456666,0.029029755640966798
392,06262025083815934,1,1,Archery,0,0.0,0,56.096032,3.88485145,37.42309,67.54512966958974,2.0116099999999975,5.522449999999999,2.205350000000003,24.49926765159807,3.2309590645132302,6.88485145,False,0.751005753059858,0.7610609475127468,1.6024330874492858,1.58616769979848,0.010055194452888827,0.016265387650805874,-0.09701444638600111,0.9949102635275094,0.027235357901804653
393,06262025083816134,1,1,Archery,0,0.0,0,56.070465999999996,3.8654862899999998,37.451972999999995,67.53879939196479,2.369810000000001,5.5185383,2.18891,28.626318177602275,3.2238130977728345,6.86548629,False,0.7578222504651044,0.8355472534836051,1.5943484613322887,1.5805867878621829,0.07772500301850072,0.013761673470105817,-0.0802060463829195,0.9961144539357274,0.036372857791879896
394,06262025083816332,1,1,Archery,0,0.0,0,56.040594,3.83074956,37.48936,67.53276931441414,2.3122200000000035,5.524521399999999,2.1427499999999995,27.3712932344238,3.2123576605702855,6.83074956,False,0.7211988565749421,0.8664614192011101,1.5569424036373318,1.5630623349589627,0.145262562626168,0.0061199313216309115,-0.027585089999779416,0.9973453208528548,0.06738971570366191
395,06262025083816541,1,1,Archery,0,0.0,0,55.97258200000001,3.8482870500000006,37.50059699999999,67.48358336901154,2.8740799999999993,5.5322869,1.5730199999999996,25.011387869779956,3.241654547026268,6.848287050000001,False,0.7819156463334155,0.894076534601484,1.545299945526032,1.5416190975735877,0.11216088826806847,0.003680847952444166,0.002666236279512067,0.9970370595420763,0.07687647939254236
396,06262025083816735,1,1,Archery,0,0.0,0,55.924951,3.854131029999999,37.44705499999999,67.41466011574808,3.1336099999999973,5.5062109999999995,1.416489999999996,24.440568693768608,3.2453229089566413,6.85413103,False,0.8612299209874227,0.9049964048597051,1.5440827033323332,1.5290126337136638,0.043766483872282436,0.015070069618669413,0.026586755616014823,0.9965265594164966,0.07891743028846193
397,06262025083816935,1,1,Archery,0,0.0,0,55.88692000000001,3.8559793499999997,37.381778000000004,67.3469652640363,3.015740000000001,5.487306,1.4545299999999983,24.069981630367852,3.2536725420315746,6.85597935,False,0.911399791838906,0.9226950789730072,1.5505421283061767,1.5293103371484156,0.011295287134101217,0.021231791157761082,0.1084665081292517,0.9883996803720658,0.10630657766406154
398,06262025083817132,1,1,Archery,0,0.0,0,55.86627000000001,3.8440214600000004,37.313649000000005,67.29134436458409,2.704979999999999,5.4975945,1.43994,21.413179512688156,3.267064085359556,6.8440214600000004,False,0.9168963255221433,0.9321322895297649,1.5627386468411193,1.5384416037120952,0.015235964007621616,0.024297043129024143,0.13726297626465114,0.9833930378130493,0.11873082383186097
399,06262025083817338,1,1,Archery,0,0.0,0,55.827363000000005,3.85115568,37.215423,67.20501148481634,2.3907900000000026,5.5060633,1.6358499999999978,21.534069425821897,3.27585510675236,6.85115568,False,0.931558999819124,0.9292184986476508,1.5701829455611886,1.5454621698496833,0.0023405011714732193,0.024720775711505327,0.14925113184653777,0.9796305660272339,0.13434304502909278
400,06262025083817538,1,1,Archery,0,0.0,0,55.839436,3.8401621199999996,37.164496,67.18622791048769,1.870980000000003,5.4948872,1.786450000000002,18.36617813029652,3.2328477291059814,6.84016212,False,0.9198386463532631,0.92428905799052,1.5748927860152135,1.5485022570107019,0.004450411637256901,0.026390529004511665,0.1691789261032441,0.968368712815676,0.18341354094576479
401,06262025083817767,1,1,Archery,0,0.0,0,55.91287500000001,3.8658142999999994,37.134021999999995,67.23190984096907,1.4884999999999948,5.5567013,1.7966699999999989,14.860526863972725,3.2705921100959903,6.865814299999999,False,0.9033834157039843,0.9051814384470065,1.5772459894453024,1.5636238825547821,0.0017980227430222095,0.013622106890520236,0.16955191864959412,0.960769010974752,0.2194881646759985
402,06262025083817943,1,1,Archery,0,0.0,0,55.919435,3.88860308,37.115448,67.22842348942682,1.5072599999999952,5.5738235,1.8868399999999994,15.851722488453635,3.2824433689499375,6.88860308,False,0.8764561266766335,0.920611893820623,1.5701782425423203,1.5670100160242255,0.0441557671439895,0.0031682265180947855,0.15968780180360778,0.9570296763037214,0.24206198509705307
403,06262025083818152,1,1,Archery,0,0.0,0,55.899212999999996,3.8118856799999996,37.098482000000004,67.19784113467547,1.5223900000000015,5.4919440999999996,1.6580300000000037,13.862591157008938,3.219529872381025,6.81188568,False,0.9183200476282777,0.9137994018579779,1.5711117461056723,1.5709731575126333,0.004520645770299758,0.00013858859303894633,0.1538756867833365,0.9562747940816212,0.2487182969166313
404,06262025083818348,1,1,Archery,0,0.0,0,55.840053,3.7753687200000003,37.210882999999995,67.20874006894083,2.29748,5.5569482,1.6034400000000062,20.471082162943524,3.2285369710758234,6.77536872,False,0.9304878138057453,0.9315673894147456,1.5594866871575925,1.5732593334308378,0.001079575609000294,0.01377264627324526,0.1421912552107627,0.9781614510635959,0.15159756790512255
405,06262025083818544,1,1,Archery,0,0.0,0,55.910937000000004,3.8041118500000004,37.34795,67.3451818052916,2.8641599999999983,5.553682599999999,1.355170000000001,21.556195305904136,3.250925796142646,6.80411185,False,0.874519449558438,0.9185804424959222,1.5444188174059548,1.5648533506948705,0.04406099293748422,0.020434533288915757,0.12158931582443408,0.9902606245204909,0.06782281180866426
406,06262025083818751,1,1,Archery,0,0.0,0,55.97568299999999,3.7921313099999994,37.37197,67.41158275007099,2.8430899999999966,5.556019,1.480159999999998,23.380995248820135,3.1797428135970787,6.792131309999999,False,0.7654849272297868,0.8247048965229926,1.5221566822945698,1.5555181802296636,0.05921996929320583,0.0333614979350938,0.05030732013088579,0.9986323474771729,0.014234047684326515
407,06262025083818950,1,1,Archery,0,0.0,0,56.018195000000006,3.7352616299999992,37.427825,67.47467995280304,2.3054699999999997,5.5564231,1.825969999999998,23.39098020671292,3.099343687301713,6.735261629999999,False,0.724425346108215,0.782143074602721,1.5248870838352464,1.5614793624636887,0.05771772849450607,0.036592278628442276,-0.0021188766127532227,0.9999883256016423,0.004342697586041482
408,06262025083819150,1,1,Archery,0,0.0,0,55.998622,3.69644854,37.43399899999999,67.45971893537471,2.1973600000000033,5.562104,1.838080000000005,22.464912381506448,3.0530263873039036,6.6964485400000004,False,0.7239199584595016,0.7823417641568208,1.5347131122440296,1.5682100855548662,0.05842180569731914,0.033496973310836564,-0.0245993424766575,0.9995742437300994,0.015690877002763445
409,06262025083819352,1,1,Archery,0,0.0,0,56.015865,3.8010206,37.464443,67.49673605886508,2.335810000000002,5.567112,1.7852000000000032,23.214233590261408,3.1789271012358826,6.8010206,False,0.7787100935913178,0.7578537688103226,1.5421709360884723,1.5714306893897672,0.020856324780995195,0.029259753301294822,-0.030653702998909328,0.9991115510570877,0.02892160155930317
410,06262025083819549,1,1,Archery,0,0.0,0,56.015226,3.9013241099999996,37.435012,67.48559844205641,2.2975199999999987,5.9739483,1.5571800000000025,21.372709239948012,3.289130904308524,6.901324109999999,False,0.8304522144476499,0.7744529824979649,1.5405303126713719,1.5702277112739067,0.055999231949685035,0.02969739860253484,-0.02305891887913699,0.9993906802514018,0.02620218477084876
411,06262025083819749,1,1,Archery,0,0.0,0,55.994244,3.9121949799999998,37.420099,67.46053987230516,2.4838299999999975,6.0357911,1.380660000000006,20.698687671065233,3.3108515049566463,6.91219498,False,0.8470728180912209,0.8095589420227517,1.5333437866284287,1.5616548157863877,0.03751387606846923,0.02831102915795891,0.008711598396156383,0.9995382521655606,0.029109972710397045
412,06262025083819951,1,1,Archery,0,0.0,0,55.90577,3.84009392,37.3778,67.35949356584653,3.018889999999999,5.5636121,1.3212100000000007,22.190954549839493,3.24124194602474,6.84009392,False,0.8795561122299137,0.848454264571166,1.53351488002148,1.5553926335240282,0.031101847658747683,0.02187775350254828,0.03693681955129667,0.9986571835829399,0.036324936883982445
413,06262025083820147,1,1,Archery,0,0.0,0,55.886303,3.74859876,37.318470000000005,67.30526768992293,3.1351100000000045,5.5552215,1.3192100000000053,22.9756654073852,3.14829599598074,6.74859876,False,0.920535212960916,0.8729334208311702,1.5379594952827635,1.5516684958399631,0.0476017921297458,0.013709000557199591,0.07871022831728074,0.9953388796844629,0.055724451964282454
414,06262025083820347,1,1,Archery,0,0.0,0,55.904858000000004,3.6694160699999996,37.309829,67.3115228048228,3.0566299999999984,5.5508607,1.3060899999999975,22.160334131382623,3.0739832601881423,6.66941607,False,0.9257667654657945,0.8792280126815759,1.5435333120274928,1.551295686735732,0.046538752784218596,0.00776237470823915,0.09461820005349465,0.9930444116227379,0.07007276763113544
415,06262025083820546,1,1,Archery,0,0.0,0,55.918961,3.66907502,37.319542999999996,67.32860165301786,3.0410600000000017,5.551892199999999,1.2882000000000033,21.749501561785628,3.082608848569153,6.66907502,False,0.9208997008192593,0.882098086493791,1.5489018974257729,1.553602164602715,0.03880161432546836,0.004700267176942052,0.09796888882920753,0.9919653942172101,0.08004219822734403
416,06262025083820749,1,1,Archery,0,0.0,0,55.875838,3.7642491600000008,37.296758000000004,67.28541447632888,2.93694,5.5546361,1.2836700000000008,20.941321205760982,3.1580311586372027,6.76424916,False,0.9202370788166507,0.8880141910245599,1.552222591036895,1.5553963192214428,0.032222887792090815,0.0031737281845478638,0.0971745143570503,0.9913879947916086,0.08778927920050915
417,06262025083820946,1,1,Archery,0,0.0,0,55.847232,3.7903293000000007,37.301514,67.2657629478508,2.7368000000000023,5.556995199999999,1.255670000000002,19.096712119107295,3.197273200060053,6.790329300000001,False,0.9123330923018232,0.8947483684260037,1.5541809100533435,1.557044153651925,0.017584723875819552,0.0028632435985815885,0.09871569569993069,0.9906135364746927,0.09455174654960663
418,06262025083821149,1,1,Archery,0,0.0,0,55.895876,3.8053610099999995,37.341042,67.32891759021207,2.6969800000000035,5.5640562,1.4258299999999977,21.39621641672422,3.222287776550605,6.8053610099999995,False,0.9046221764742448,0.8658530999707751,1.5558098429199156,1.559083664895967,0.038769076503469724,0.0032738219760513054,0.10057988461489006,0.9901888039251092,0.09700422357927063
419,06262025083821345,1,1,Archery,0,0.0,0,55.90326700000001,3.78824897,37.369076,67.34963943946376,2.6840199999999967,5.567914,1.6988800000000026,25.388729588637617,3.2103820571307735,6.78824897,False,0.9067808872186246,0.7773141830328334,1.556260208392573,1.5601863387095805,0.1294667041857912,0.0039261303170075035,0.09856390477627473,0.9903516219237632,0.0974105827321902
420,06262025083821543,1,1,Archery,0,0.0,0,55.920666,3.8073646700000006,37.358496,67.35929137836841,2.8791900000000012,5.568719,1.5107199999999992,24.221978135032575,3.225888347562405,6.80736467,False,0.898582572958103,0.8757171522038407,1.5560525243669925,1.5604642876724217,0.022865420754262233,0.0044117633054292504,0.10121788679576874,0.9899189521059567,0.09907273920732942
421,06262025083821745,1,1,Archery,0,0.0,0,55.909049,3.83268803,37.373476,67.35939404375816,2.819809999999997,5.5691855,1.3870700000000014,21.782609649262714,3.2630800332927135,6.83268803,False,0.8840733402048729,0.9241253849564991,1.5539330510546583,1.5597208190270004,0.04005204475162616,0.0057877679723421505,0.09696368418662439,0.9906067290488243,0.0964175933745793
422,06262025083821946,1,1,Archery,0,0.0,0,55.888765,3.8284420399999997,37.393724000000006,67.35355681971845,2.906730000000003,5.5679386,1.3577899999999943,21.97514433470943,3.263649344300845,6.82844204,False,0.8695561526945786,0.9242455216169579,1.5487985933942467,1.5584935720032214,0.0546893689223793,0.009694978608974614,0.08746140902344192,0.9914981577030375,0.09634264477954073
423,06262025083822144,1,1,Archery,0,0.0,0,55.959,3.85936733,37.432204999999996,67.43496399012827,3.09713,5.5633771,1.7827199999999976,30.717160735307104,3.289124385541585,6.8593673299999995,False,0.8551998063633989,0.8305009301596243,1.5442627449004802,1.5568609292962576,0.024698876203774534,0.012598184395777423,0.08648347778414958,0.9919371308458579,0.09263550355908858
424,06262025083822346,1,1,Archery,0,0.0,0,56.014816999999994,3.82779121,37.44292800000001,67.4854396614857,3.2782300000000006,5.5606887,1.958669999999998,35.705019515354316,3.239281683583585,6.82779121,False,0.8548631436323614,0.7123097792786517,1.5417652752566582,1.5551935802189034,0.1425533643537097,0.01342830496224523,0.08768767898050618,0.9926722247967615,0.083142799279669
425,06262025083822549,1,1,Archery,0,0.0,0,56.003890999999996,3.78469591,37.430305000000004,67.46693606993041,3.34713,5.559041,1.7796500000000037,33.11365017463165,3.186042299772742,6.78469591,False,0.8504797277442905,0.7771582808855626,1.541117961794362,1.5540811857119965,0.07332144685872788,0.012963223917634492,0.08404097370350531,0.9936400944096078,0.0749431619337791
426,06262025083822774,1,1,Archery,0,0.0,0,55.959669,3.7603538699999994,37.444791,67.4369126580604,3.109160000000003,5.5582123,1.8487599999999986,31.94910810565602,3.166631051253481,6.760353869999999,False,0.8406828922257202,0.7376149164733578,1.5407623946244928,1.5533093941144152,0.10306797575236248,0.012546999489922328,0.08149719669301957,0.994206783581167,0.07007908684029766
427,06262025083822954,1,1,Archery,0,0.0,0,55.903842,3.73801466,37.436087,67.38451538618429,2.5301900000000046,5.5570123,1.7769699999999986,24.984725873617336,3.1490041074028787,6.73801466,False,0.8243449206491152,0.7089951857354176,1.539828283083543,1.5530178757571609,0.1153497349136976,0.013189592673617856,0.07804449307960862,0.994618858742736,0.06813503455084091
428,06262025083823160,1,1,Archery,0,0.0,0,55.837883,3.74640262,37.43661000000001,67.3305612541952,2.34272,5.556542100000001,1.5112799999999993,19.67296998640801,3.177979242898677,6.74640262,False,0.7978961248564905,0.8421369627774349,1.5395293162974468,1.552981048663378,0.044240837920944354,0.013451732365931113,0.08511055129628128,0.9940701042384733,0.06768176946086647
429,06262025083823360,1,1,Archery,0,0.0,0,55.787215,3.7549917799999997,37.394935,67.26584931730453,2.3262500000000017,5.5564605,1.1983200000000025,15.489144282469994,3.199854722165616,6.754991779999999,False,0.7984932073374184,0.9325687790318746,1.5427929441795114,1.5543968853244186,0.13407557169445627,0.011603941144907148,0.08704529734546988,0.9937100770424957,0.07045139455139396
430,06262025083823555,1,1,Archery,0,0.0,0,55.742920000000005,3.755108940000001,37.297841999999996,67.17516647641918,2.5212199999999996,5.5413452,1.1317499999999967,15.811623053116675,3.2047444373627187,6.755108940000001,False,0.8891235275399015,0.9266745701701331,1.5518293522251578,1.555205012469559,0.03755104263023157,0.0033756602444010575,0.10716626302123275,0.9882383721834184,0.10908855033563966
431,06262025083823758,1,1,Archery,0,0.0,0,55.748672,3.7771719899999994,37.189948,67.12133558152972,2.3917099999999962,5.5355639,1.1329600000000042,14.999782606918396,3.2140611497885576,6.777171989999999,False,0.9307181425248995,0.9238611197663813,1.5624060754827613,1.5588982669550984,0.006857022758518183,0.00350780852766297,0.15299371387202684,0.9777456256039933,0.14354934736145736
432,06262025083823953,1,1,Archery,0,0.0,0,55.77819000000001,3.816614429999999,37.161263999999996,67.13220216454307,2.1665100000000024,5.5252842,1.4051699999999983,16.82070477754977,3.2557024816730897,6.81661443,False,0.93144326377134,0.9293353019169165,1.5704914880865304,1.5658964836851896,0.0021079618544235235,0.004595004401340752,0.1711961049357202,0.968671108872778,0.17991157964405927
433,06262025083824157,1,1,Archery,0,0.0,0,55.793651,3.8328542199999993,37.16855999999999,67.150012031683,2.1278799999999976,5.5268416,1.31597,15.476406892540197,3.2812805169188923,6.83285422,False,0.9324019577355044,0.9075039865923442,1.574864805642897,1.5716831399557474,0.02489797114316017,0.003181665687149726,0.17125524472293224,0.9665818241624108,0.19076482472865644
434,06262025083824356,1,1,Archery,0,0.0,0,55.856823999999996,3.7646001500000006,37.32660500000001,67.28619800882184,2.2918400000000005,5.5622206,2.0870900000000034,26.60563822498909,3.219931536779404,6.764600150000001,False,0.9112318266851742,0.738105513121934,1.5785620231210469,1.574439539510666,0.17312631356324026,0.004122483610380812,0.14912089577432502,0.9780857492362854,0.14529702538027736
435,06262025083824555,1,1,Archery,0,0.0,0,55.924640999999994,3.69796013,37.415692,67.38823627266716,2.5934700000000035,5.5812309,1.9566400000000002,28.321884431885653,3.139828296293765,6.69796013,False,0.8714149745723968,0.7297087454601278,1.5721385510627386,1.5717392276426807,0.14170622911226904,0.00039932342005788435,0.10691306433774717,0.989813724107324,0.09401270256036112
436,06262025083824750,1,1,Archery,0,0.0,0,55.961912000000005,3.65734881,37.479073,67.45215124777772,2.5120799999999974,5.5845174,1.6752400000000023,23.501530638644454,3.106046509924717,6.65734881,False,0.7851501084353215,0.7711012139408182,1.546953235690158,1.5709421557852983,0.014048894494503306,0.023988920095140198,0.05870921483173903,0.9963745933003412,0.06157026814478211
437,06262025083824957,1,1,Archery,0,0.0,0,56.01775899999999,3.6260106699999994,37.48876,67.5021807284671,2.1542600000000007,5.5552183,1.6008799999999965,19.158346618358728,3.0051513528812057,6.626010669999999,False,0.7227216707758264,0.7838197787093625,1.5288648172029453,1.564335933676552,0.061098107933536094,0.03547111647360679,-0.017654174298535583,0.9989613021354737,0.04200770126578969
438,06262025083825150,1,1,Archery,0,0.0,0,56.034634,3.6187455999999996,37.50799,67.52647511214823,1.8338899999999967,5.5321963,1.7883700000000005,18.143799589626152,2.990531869165151,6.6187456,False,0.7232039887583579,0.784232884452059,1.531749903171956,1.5652041673856125,0.06102889569370107,0.033454264213656604,-0.0825931362667212,0.9956201588205604,0.04380494483216315
439,06262025083825351,1,1,Archery,0,0.0,0,55.930820000000004,3.6480568499999997,37.542606,67.46119039806864,1.472360000000002,5.524822599999999,1.750549999999997,14.239897646129826,3.0528107140366556,6.64805685,False,0.7459918306663924,0.8640593437959004,1.5351452819322398,1.5674537858788562,0.11806751312950803,0.03230850394661644,-0.0978735057681775,0.9937259116153296,0.054125682008898
440,06262025083825559,1,1,Archery,0,0.0,0,55.925965,3.7222527699999994,37.546859,67.4635853452133,1.6133299999999977,5.5224371,1.7884300000000053,15.934041133200923,3.175644412714615,6.722252769999999,False,0.7073841478404795,0.8674161798099014,1.5358780426289194,1.5683761099450648,0.16003203196942184,0.03249806731614546,-0.09357265706461834,0.99354881198287,0.06406961883213429
441,06262025083825755,1,1,Archery,0,0.0,0,55.93732,3.7311702100000006,37.528852,67.4634725785465,1.5582800000000034,5.5180292,1.6980700000000013,14.601083356353614,3.1900401382482415,6.73117021,False,0.7070670883614943,0.8808041261262397,1.538635946406325,1.567470118340264,0.17373703776474536,0.02883417193393889,-0.08405229095903463,0.9941041738953295,0.06849893304586782
442,06262025083825954,1,1,Archery,0,0.0,0,55.94710799999999,3.7140251799999993,37.504999999999995,67.45737840741617,1.5409600000000054,5.5238571,1.5594700000000046,13.274275442729532,3.1668551561112936,6.714025179999999,False,0.7113537387432457,0.8819888572090938,1.5443446409366048,1.5674808032345438,0.1706351184658481,0.02313616229793891,-0.06355170204542494,0.9959673387798418,0.06332646564375143
443,06262025083826155,1,1,Archery,0,0.0,0,55.940754000000005,3.73413422,37.563473,67.48574827534493,1.6457600000000028,5.5297935,1.807850000000002,16.45272390766994,3.2086461023014285,6.73413422,False,0.7229402584059111,0.8760773544065608,1.5466607181362335,1.5674947725661628,0.15313709600064962,0.02083405442992925,-0.05539148077710464,0.9968752731661099,0.05631583797932276
444,06262025083826361,1,1,Archery,0,0.0,0,55.960856,3.6653439500000005,37.496821,67.46157228845603,1.5036500000000004,5.5277516,1.5399600000000007,12.799845215595875,3.1090230222320963,6.6653439500000005,False,0.7054707028849542,0.8684925721783677,1.5465821696651005,1.5667227665435766,0.16302186929341356,0.020140596878476025,-0.052872361345922936,0.9969797723499536,0.056884505190262884
445,06262025083826559,1,1,Archery,0,0.0,0,55.92143500000001,3.68300105,37.520375,67.44293832073268,1.591389999999997,5.5186708,1.6761899999999983,14.720899858844108,3.1373859586731925,6.68300105,False,0.7149237905511285,0.8635873116738115,1.544008909592847,1.5635777039110785,0.148663521122683,0.01956879431823144,-0.05504155164247607,0.9967701287391046,0.058478526368378955
446,06262025083826757,1,1,Archery,0,0.0,0,55.905989,3.6970534,37.512032,67.42625864364413,1.5809600000000046,5.5101384,1.7218799999999987,14.999827716167257,3.1466624642375676,6.6970534,False,0.7069934588813358,0.8658665344243287,1.5379781246593065,1.5614004976447131,0.1588730755429929,0.023422372985406614,-0.05701475772084137,0.9965220662877051,0.060770789066098695
447,06262025083826957,1,1,Archery,0,0.0,0,55.93256799999999,3.7196586000000003,37.507483,67.44701108403889,1.493159999999996,5.5044842,1.6979499999999987,13.955579462684806,3.1614872874946784,6.719658600000001,False,0.7374216178008344,0.8635011112581159,1.5353031993690498,1.5597578098389628,0.12607949345728153,0.02445461046991304,-0.05810970617365645,0.9963685234292983,0.06223365301612427
448,06262025083827160,1,1,Archery,0,0.0,0,55.91578199999999,3.69638547,37.504449,67.43012410642555,1.5801000000000016,5.5002099,1.7288100000000028,15.024883127793782,3.1413142137444594,6.69638547,False,0.7016029813940337,0.8647949157811923,1.5343062574514104,1.558459619166057,0.16319193438715862,0.02415336171464655,-0.05918908098790326,0.9962553333657195,0.06302351491440798
449,06262025083827357,1,1,Archery,0,0.0,0,55.896677,3.69324493,37.488986,67.40550889254895,1.668379999999999,5.4995316999999995,1.6869599999999991,15.478378760580878,3.141396914598853,6.6932449300000005,False,0.7007372803012555,0.884427736261701,1.5363940383365187,1.5579231405606917,0.18369045596044553,0.021529102224173036,-0.056485774448816466,0.9965444234935562,0.060898023685609905
450,06262025083827560,1,1,Archery,0,0.0,0,55.885439999999996,3.69489655,37.48041500000001,67.39151410289746,1.7329799999999977,5.511412399999999,1.639319999999998,15.657419842087792,3.1481014145092665,6.69489655,False,0.7013850570435578,0.8822959246199605,1.5414478649527408,1.559234450518078,0.18091086757640273,0.017786585565337187,-0.05366873671187624,0.9969041448495366,0.05746122763712086
2401,08062025061603000,0,0,Puzzle,10,1.0,0,,,,,,,,,,,,,,,,,,,,
2402,08062025061603518,0,0,Puzzle,10,1.0,0,,,,,,,,,,,,,,,,,,,,
2403,08062025061603705,0,0,Puzzle,10,1.0,0,,,,,,,,,,,,,,,,,,,,
2404,08062025061603903,0,0,Puzzle,10,1.0,0,,,,,,,,,,,,,,,,,,,,
2405,08062025061604103,0,0,Puzzle,10,1.0,0,,,,,,,,,,,,,,,,,,,,
2406,08062025061604305,0,0,Puzzle,10,1.0,0,,,,,,,,,,,,,,,,,,,,
2407,08062025061604503,0,0,Puzzle,10,1.0,0,,,,,,,,,,,,,,,,,,,,
2408,08062025061604711,0,0,Puzzle,10,1.0,0,,,,,,,,,,,,,,,,,,,,
2409,08062025061604910,1,1,Puzzle,0,0.0,0,-0.17961467999999994,-3.10423705,14.926939999999998,15.247363275644224,4.494746,15.036470999999999,3.528640000000001,238.4835503609034,8.455195309663404,,,2.745911744475268,2.6986377414089793,5.235868040564496,5.013265733265374,0.04727400306628882,0.22260230729912145,-0.0047888542607504025,0.9833822000581361,-0.18148420174684401
2410,08062025061605112,1,1,Puzzle,0,0.0,0,-0.18061193000000003,-3.09993147,14.930535,15.250018727010787,4.494696,15.042333,3.5402199999999997,239.35680179589116,8.45180552541002,,,2.6933249456478303,2.66393732046777,5.230822357166307,5.029311638258866,0.02938762518006044,0.201510718907441,-0.0045549139550575424,0.9833549083370895,-0.18163803843968468
2411,08062025061605310,1,1,Puzzle,0,0.0,0,-0.18403624999999998,-3.08949731,14.940858000000002,15.258050358613167,4.494549,15.061011,3.5552300000000017,240.66223587167747,8.44414776089591,,,2.5422741034922334,2.6939761122460992,5.269121515192795,5.079248485241305,0.15170200875386586,0.18987302995149058,-0.0038286084501795623,0.9833356021694682,-0.1817592783418349
2412,08062025061605508,1,1,Puzzle,0,0.0,0,-0.18714448,-3.0882432399999997,14.939881000000003,15.25687758553372,4.494337,15.051524,3.545849999999998,239.86477185147598,8.442896168809908,,,2.495937544116431,2.738188801538163,5.244820293342207,5.071936079944719,0.24225125742173192,0.17288421339748794,-0.003507192332640948,0.9833118133839214,-0.18189441239786944
2413,08062025061605708,1,1,Puzzle,0,0.0,0,-0.18631366999999996,-3.0932869499999995,14.938567,15.2566025363499,4.49391,15.058304,3.5525400000000005,240.4027368805108,8.448202996873224,,,2.5322233633052593,2.7222050559466027,5.258921310661531,5.079229936468621,0.18998169264134335,0.17969137419291048,-0.0034868881057958565,0.9832506806091867,-0.1822249727477236
2414,08062025061605910,1,1,Puzzle,0,0.0,0,-0.18829863999999996,-3.093877,14.927785,15.246189565762977,4.493507,15.051116,3.5530800000000013,240.30295508745243,8.446509147650293,,,2.5539870119267714,2.7420714784098243,5.251289208814756,5.038177318140103,0.188084466483053,0.21311189067465275,-0.003639637410518556,0.983165097418891,-0.1826831800052283
2415,08062025061606115,1,1,Puzzle,0,0.0,0,-0.18826569,-3.09474221,14.935482000000002,15.253901005602172,4.494141,15.04888,3.558799999999998,240.68800931267018,8.44868112170845,,,2.512290061224023,2.748792204282857,5.235321542932655,5.069599153420511,0.23650214305883432,0.16572238951214402,-0.0036588933854163064,0.9831226806436901,-0.18291092723825722
2416,08062025061606313,1,1,Puzzle,0,0.0,0,-0.18799483999999997,-3.0948922899999998,14.934464,15.252931367899878,4.493977,15.049358999999999,3.5611799999999985,240.84784976863364,8.448319482722539,,,2.536390540267726,2.742345122605833,5.247336879219497,5.073507632216986,0.20595458233810682,0.17382924700251134,-0.0038393563961908067,0.9831008242751059,-0.18302466678584703
2417,08062025061606507,1,1,Puzzle,0,0.0,0,-0.19162530999999997,-3.09155734,14.932731999999998,15.250604316871001,4.493743,15.045899,3.558069999999999,240.56966384505864,8.444252875045683,,,2.4869361970396913,2.7310500839372462,5.232497280474218,5.063777488927747,0.24411388689755498,0.16871979154647043,-0.00407989933133845,0.9831461594001044,-0.18277577431998615
2418,08062025061606709,1,1,Puzzle,0,0.0,0,-0.18789631,-3.0978019999999997,14.929081999999998,15.248251428188071,4.493846,15.04985,3.5697199999999984,241.4262614781644,8.448387872787034,,,2.5444456641497695,2.749516396244903,5.2692858824530715,5.069469982998539,0.2050707320951335,0.19981589945453226,-0.004286204855785383,0.983160174919223,-0.18269564554399478
2419,08062025061606910,1,1,Puzzle,0,0.0,0,-0.19432618999999995,-3.0961058,14.926992000000002,15.245941229093651,4.4935149999999995,15.04755,3.5686300000000006,241.29788369200813,8.44525462854114,,,2.5146850518513624,2.7551297821668745,5.266629705041219,5.055994738658161,0.24044473031551217,0.2106349663830578,-0.004105065765089318,0.9832333768720194,-0.18230544435070975
2420,08062025061607103,1,1,Puzzle,0,0.0,0,-0.19679852999999997,-3.0911367899999993,14.919442,15.237572178902571,4.493227,15.052492,3.5774599999999985,241.95887219941056,8.438030786360468,,,2.4884116439825807,2.758394427730276,5.2926747237126,5.040004175883862,0.26998278374769535,0.2526705478287381,-0.004251168798022884,0.9831903696091645,-0.182533900061455
2421,08062025061607313,1,1,Puzzle,0,0.0,0,-0.19360173,-3.0986296199999996,14.920069000000002,15.239666863700183,4.495227,15.051093000000002,3.58263,242.39386583597246,8.444421991174666,,,2.5355348090170815,2.752918636328326,5.301863953332248,5.065911448899028,0.21738382731124428,0.2359525044332198,-0.004114793343228627,0.9832004575575402,-0.18248268064226278
2422,08062025061607515,1,1,Puzzle,0,0.0,0,-0.19041628000000005,-3.11157616,14.918809999999999,15.24103199836774,4.495072,15.039017000000001,3.575730000000002,241.72458367048466,8.455488337088182,,,2.6349702341658072,2.766845090935568,5.225471753155029,5.049682057160493,0.13187485676976074,0.17578969599453576,-0.003851823912920474,0.9831824205974316,-0.18258557248785856
2423,08062025061607708,1,1,Puzzle,0,0.0,0,-0.19344416999999994,-3.0976390499999997,14.919264000000002,15.238675356890045,4.495001,15.016421,3.5717,241.0855618653724,8.441664973162,,,2.534605761047828,2.7637411612630247,5.229028550406031,5.048869285617571,0.22913540021519685,0.18015926478846023,-0.00350241190107578,0.9832055591160018,-0.18246797427018654
2424,08062025061607905,1,1,Puzzle,0,0.0,0,-0.19189464000000006,-3.0977805500000004,14.918044,15.237490104172506,4.49566,15.045501,3.5875900000000005,242.66263963068758,8.441072062686793,,,2.5451066361797277,2.7400194555091466,5.273528118162735,5.062316467174299,0.19491281932941895,0.21121165098843608,-0.0033857636262933878,0.9831702091944876,-0.18266054953693261
2425,08062025061608110,1,1,Puzzle,0,0.0,0,-0.20841886,-3.0585074399999996,14.837805,15.151183564321437,4.496213,15.033266,3.5807599999999997,242.03347285971205,8.385908751064788,,,2.5514488886521103,2.755839044586097,5.247435907462104,4.4065659286079235,0.20439015593398668,0.8408699788541805,-0.003151221146576735,0.983171537589498,-0.18265759628109568
2426,08062025061608324,1,1,Puzzle,0,0.0,0,-0.19162276000000006,-3.09988431,14.916751,15.236648660828772,4.497285,15.030416,3.5717099999999977,241.4335392515582,8.439656461169752,,,2.5300275733419273,2.7844460778036786,5.247818701381556,5.0320684214493046,0.2544185044617513,0.2157502799322515,-0.0026388808708236377,0.9831890633192348,-0.18257136160196458
2427,08062025061608511,1,1,Puzzle,0,0.0,0,-0.18141017,-3.10064943,14.92917,15.24883777297269,4.502552,15.024536000000001,3.5697400000000012,241.48846530246297,8.440381566879418,,,2.5283769151438555,2.7795985844243063,5.226432582636008,5.061146976804887,0.25122166928045075,0.16528560583112117,-0.002730030519716455,0.983070554425363,-0.1832070739768833
2428,08062025061608708,1,1,Puzzle,0,0.0,0,-0.20741326,-3.02551838,14.965709,15.269879750699502,4.946045,15.042139,3.5877599999999994,266.92610206510125,8.376952635466017,,,2.5328211460766217,3.0448970753362503,5.245908377037272,5.085235517842438,0.5120759292596286,0.16067285919483343,-0.00392770976287427,0.9823406019159492,-0.18706019064309037
2429,08062025061608909,1,1,Puzzle,0,0.0,0,-0.23567597999999998,-2.66610956,14.621569000000003,14.86452028742379,7.283386999999999,15.035934999999998,4.315429999999999,472.5936724930211,7.961709204592957,,,3.0374216676977857,3.048545023920401,5.274689213611396,4.518661494682465,0.0111233562226154,0.7560277189289311,-0.007482685944434815,0.9804281566819002,-0.19673494604769237
2430,08062025061609104,1,1,Puzzle,0,0.0,0,-0.20569434999999991,-2.0713766799999997,14.489918,14.638669173213586,6.866541,15.031372000000001,4.986000000000001,514.6226711715206,8.181680024531149,,,3.042158459619262,3.2185148220634314,5.308464665368063,5.102745869266189,0.17635636244416952,0.20571879610187338,-0.010595332114016918,0.9798502719437485,-0.1994522085843013
2431,08062025061609302,1,1,Puzzle,0,0.0,0,-0.1370839300000001,-2.22465567,14.460877000000002,14.63163861168859,7.271682,15.064998,5.116389999999999,560.4896510795965,8.08290983215301,,,2.838743127990582,3.023901045120956,5.343697138096619,5.14848026171614,0.18515791713037366,0.19521687638047958,-0.012860298240184294,0.9809347430693165,-0.1939114297010558
2432,08062025061609511,1,1,Puzzle,0,0.0,0,-0.12829211000000001,-2.88412576,14.643933999999998,14.925797910374499,6.440302,15.060989,4.087389999999999,396.4658658979126,8.191789627671842,,,3.0260406666080937,3.0807226574459174,5.306367735670722,4.531561267482391,0.05468199083782377,0.7748064681883315,-0.015627756358847507,0.9813488409853534,-0.19159912715848196
2433,08062025061609706,1,1,Puzzle,0,0.0,0,-0.15604039999999994,-3.14708539,14.910775999999998,15.24007007794123,4.427135,15.064595,3.5834199999999985,238.9890149570492,8.507681040824489,,,3.0967890572393215,3.036225136817262,5.307119085886443,5.064344248725769,0.0605639204220596,0.24277483716067394,-0.01783291943983411,0.9813620610309522,-0.19133868441414
2434,08062025061609910,1,1,Puzzle,0,0.0,0,-0.20003140999999997,-2.64849849,14.654912999999999,14.893657437113552,11.198365,15.0859,3.8900900000000007,657.181746980425,7.992540811517445,,,3.2597685623476407,2.9160774230602677,5.288350472670764,5.086765651746686,0.34369113928737294,0.20158482092407848,-0.018832783228596495,0.9816619573485111,-0.18969746379578864
2435,08062025061610104,1,1,Puzzle,0,0.0,0,-0.16052907000000005,-1.397787,14.031788999999998,14.102151630875516,9.49019,15.162594,6.105970000000001,878.6240360232247,8.975391569028657,,,3.2849331171402874,3.32861703547284,5.3591556239022635,4.544322564118579,0.04368391833255281,0.8148330597836848,-0.019731981633524767,0.9858040624379738,-0.16673631692466373
2436,08062025061610313,1,1,Puzzle,0,0.0,0,-0.12757019,-1.1375434,13.984133,14.030903566839493,6.177936,15.127357,5.623540000000002,525.5526735663733,9.233528540840146,,,2.8947782295618083,3.1045257841234384,5.558415968471691,5.305501301871566,0.20974755456163008,0.25291466660012496,-0.02280518010685766,0.9891268885755328,-0.14528565674965824
2437,08062025061610509,1,1,Puzzle,0,0.0,0,-0.17914465000000002,-1.1245417,13.920513999999997,13.967011021147597,5.569921,14.910695,5.743020000000001,476.9658122047248,9.259121895183029,,,2.7413934220866585,2.7188500762401535,5.588652739215778,5.3859393817788215,0.02254334584650497,0.20271335743695662,-0.029481134889346273,0.9886931514335051,-0.14702623913478935
2438,08062025061610711,1,1,Puzzle,0,0.0,0,-0.17233898,-1.2449987000000002,13.949018999999998,14.005529391971946,8.769789,15.1203,6.557749999999999,869.5697203041642,9.132037813881045,,,3.064394365450537,3.1380849831574036,5.447006330951534,5.207888654939967,0.07369061770686658,0.23911767601156697,-0.029210425268677218,0.9902947472496831,-0.13587886011189948
2439,08062025061610908,1,1,Puzzle,0,0.0,0,-0.16553627999999992,-2.1289682900000004,14.449276000000001,14.606213922984894,13.214642000000001,15.136467,4.795860000000001,959.2822690499512,8.139178165080743,,,3.2053505698203453,3.2213016149587737,5.4413102851854545,5.173237713015409,0.015951045138428377,0.26807257217004565,-0.02927236825562436,0.9870285956615473,-0.15785334903986317
2440,08062025061611113,1,1,Puzzle,0,0.0,0,-0.20766228,-2.95722361,14.770537000000001,15.065094037889217,7.994049,15.132114,3.7553099999999997,454.2680619917402,8.342936264832568,,,3.0550153434791856,3.0130325041165684,5.347618391412558,5.121442098519306,0.04198283936261715,0.22617629289325247,-0.0323002156144461,0.9827061636226749,-0.18233291543016855
2441,08062025061611308,1,1,Puzzle,0,0.0,0,-0.23447568999999996,-2.9575197100000006,14.603733,14.902044128894817,4.5447,15.101703,4.034319999999999,276.88631309069905,8.315835905387123,,,3.099810395561814,3.328906004622049,5.27683651856927,4.418982817741418,0.22909560906023474,0.8578537008278513,-0.03117119646445867,0.980887418217606,-0.19206308675373637
2442,08062025061611503,1,1,Puzzle,0,0.0,0,-0.21326022100000003,-2.6531104700000006,14.533468000000003,14.775187551936817,4.195718,15.10979,4.464299999999998,283.02062833820173,8.004497500832509,,,2.4717304519958074,2.597833839930566,5.180915148298246,4.936977860956353,0.12610338793475862,0.24393728734189324,-0.02837340024837899,0.9788073886228552,-0.20280790451965183
2443,08062025061611706,1,1,Puzzle,0,0.0,0,-0.23624128,-2.9003177300000003,14.598724999999998,14.885913626746373,4.15717,15.122851,4.0275099999999995,253.20255586782582,8.257711001343335,,,3.0678007174333604,2.9380120639129887,5.198968682650941,4.428869653348353,0.1297886535203716,0.770099029302588,-0.028111427406411035,0.9782427746441238,-0.20555004623142287
2444,08062025061611902,1,1,Puzzle,0,0.0,0,-0.20086465999999997,-2.9947232,15.025792999999998,15.322635835100439,8.552893000000001,15.100431,3.4771599999999996,449.08345694465777,8.409176300228788,,,3.0167958391144487,3.033683194510965,5.236018937574387,5.017659934452016,0.016887355396516313,0.21835900312237033,-0.024952558276031395,0.9778022002416797,-0.20803900364597805
2445,08062025061612104,1,1,Puzzle,0,0.0,0,-0.2058792200000002,-2.0202672999999995,14.600157000000001,14.740707263945177,13.291785,15.103712,3.9877200000000013,800.5558954304796,8.2037863516628,,,3.1071204522401454,3.148333681489463,5.314902063851436,4.49836304548323,0.041213229249317695,0.8165390183682062,-0.024210325846152327,0.9785529332024352,-0.20456787881613686
2446,08062025061612309,1,1,Puzzle,0,0.0,0,-0.14483272,-1.1630109999999998,14.07859,14.127288044455087,8.219122,15.147692,6.337510000000002,789.024612296998,9.17783149401116,,,3.3173369819107914,3.259002432582247,5.34670960532528,5.121672300105992,0.058334549328544316,0.22503730521928844,-0.02521622401203594,0.9831874769090652,-0.18084946031371324
2447,08062025061612508,1,1,Puzzle,0,0.0,0,-0.10903329000000009,-1.071648,13.97268,14.014139434037048,5.819597,14.997602,5.922879999999999,516.9489640687189,9.299191041963455,,,2.88688403541275,2.9802547419887717,5.4464617703892895,5.291715509485675,0.09337070657602187,0.15474626090361454,-0.023054966582743596,0.9852051736721078,-0.16982118326516432
2448,08062025061612706,1,1,Puzzle,0,0.0,0,-0.14075249000000006,-1.0425087000000002,13.927355,13.967027348331566,5.917362000000001,14.987333,6.23765,553.1889517336846,9.331461497836068,,,2.819615337325998,2.871165227415865,5.51629024205319,5.308209549264823,0.05154989008986721,0.20808069278836694,-0.026146902784938406,0.9845679467436539,-0.17303842844796188
2449,08062025061612902,1,1,Puzzle,0,0.0,0,-0.16041383999999997,-1.5557523,14.118148999999999,14.204514388222492,7.53783,15.114338,6.300510000000001,717.8127595095094,8.784162939062583,,,3.0186673364135372,3.0296073310942457,5.3966027587886485,5.158145715853469,0.010939994680708498,0.23845704293517933,-0.025325826052123593,0.984411358598775,-0.17404849782888496
2450,08062025061613102,1,1,Puzzle,0,0.0,0,-0.13063742999999986,-2.09181163,14.318765000000003,14.471343170512727,7.516187,15.127789,5.604380000000001,637.2364501297109,8.23168292452392,,,3.015847949562658,3.0320904921050746,5.373619711147718,5.1148504546330855,0.01624254254241686,0.2587692565146327,-0.02385652548825602,0.9833590499886772,-0.18009954191222835
2451,08062025061613331,1,1,Puzzle,0,0.0,0,0.026321480000000053,-2.44317052,14.578904,14.782226383441786,6.5128140000000005,15.121835,5.594709999999999,550.9989233385744,7.836715872108599,,,3.1317291430302276,3.0893996727372453,5.317594635187818,5.158925763203518,0.042329470292982396,0.15866887198429946,-0.017990017292480658,0.9829165839383488,-0.18317027132365984
2452,08062025061613512,1,1,Puzzle,0,0.0,0,0.052429830000000066,-2.484084792,14.703112999999998,14.911571279770904,6.266324,15.116192000000002,5.603579999999999,530.787665807016,7.863232422428241,,,2.727148231322897,3.0882822159673173,5.28875217157035,5.140633113544892,0.36113398464442037,0.14811905802545766,-0.014234416707113043,0.982152726412797,-0.1875457367708413
2453,08062025061613706,1,1,Puzzle,0,0.0,0,0.04334016999999994,-2.51902191,14.679319999999999,14.893951302988595,6.929213,15.109518,5.554449999999999,581.5346324038481,7.8974077277617,,,2.932810422902955,3.0752777264892672,5.296422263269235,5.0975244661306105,0.14246730358631243,0.1988977971386241,-0.017837298717964033,0.9811687476163174,-0.1923271158091682
2454,08062025061613905,1,1,Puzzle,0,0.0,0,0.057639069999999945,-2.5424565,14.660169000000002,14.879111614116743,7.030655,15.106672,5.453159999999999,579.1790276793072,7.918749412120638,,,2.9974994497027017,3.0622262130536657,5.262541565000149,5.121797470178359,0.06472676335096406,0.1407440948217893,-0.01824135013814584,0.9807567043488364,-0.19437988584199373
2455,08062025061614110,1,1,Puzzle,0,0.0,0,0.07283018000000002,-2.55821943,14.649865,14.871729401968468,6.760438000000001,15.113562000000002,5.4633,558.2088469626904,7.931513287399582,,,2.9547461665460353,3.098343272282785,5.281554795787927,5.053411635189052,0.14359710573674977,0.22814316059887485,-0.015031158834039295,0.9805448697562753,-0.1957187335406481
2456,08062025061614306,1,1,Puzzle,0,0.0,0,0.07871477999999994,-2.55800501,14.659503999999998,14.88121779874858,6.621999,15.092307,5.496479999999998,549.3250370679582,7.932515687652714,,,2.9136308688775605,3.1258109882969562,5.285409139827217,5.076931080029967,0.21218011941939574,0.2084780597972502,-0.012306858267864694,0.980467009618747,-0.19629820245954038
2457,08062025061614510,1,1,Puzzle,0,0.0,0,-0.031322769999999944,-2.53714123,14.560764999999998,14.780187553685215,5.850494,15.090152,5.670439999999999,500.61390930919237,7.88716416654917,,,2.9548131107871596,3.134131197394903,5.279338442042374,4.527231596660591,0.1793180866077435,0.7521068453817836,-0.011255408425928351,0.9805431487717086,-0.19598073675243832
2458,08062025061614710,1,1,Puzzle,0,0.0,0,-0.23726992,-2.56118277,14.523555000000002,14.749562842142364,5.120854,15.099836,5.854469999999999,452.69136367111463,7.900920186169966,,,2.983892616573004,2.728863253444737,5.324983976682636,5.1031812069713105,0.2550293631282674,0.22180276971132518,-0.013500502457620502,0.9813251119166057,-0.19188215434284966
2459,08062025061614913,1,1,Puzzle,0,0.0,0,-0.39526696000000006,-2.5795268,14.498437999999998,14.73142555632108,4.672263,15.146667,5.6169699999999985,397.5085395897598,7.9486524113304515,,,2.951763835786664,2.880939587623491,5.237525634087135,5.06912875503109,0.07082424816317312,0.1683968790560444,-0.015086717948165566,0.9830525006099811,-0.1827024137388874
2460,08062025061615117,1,1,Puzzle,0,0.0,0,-0.51076399,-2.5712515,14.548903999999999,14.78319389478975,4.205024,15.149535,5.308079999999999,338.14676839712376,7.952895396996636,,,3.0369519337172592,3.092201875908816,5.170405776412965,5.095633573034172,0.055249942191556656,0.07477220337879231,-0.012978917951555789,0.983898324262054,-0.1782572164124889
2461,08062025061615312,1,1,Puzzle,0,0.0,0,-0.65984624,-2.52548162,14.606565,14.837964670824128,3.957911,15.157194,4.9473,296.79260783845666,7.917584845813653,,,3.084596988580784,3.093826050451609,5.210862435351389,5.085612084528221,0.009229061870825284,0.12525035082316816,-0.007294256701682895,0.9846100780627256,-0.17461325263703015
2462,08062025061615506,1,1,Puzzle,0,0.0,0,-0.8360022199999999,-2.42665742,14.598594,14.822500218341101,3.5755191,15.168683000000001,4.845459999999999,262.79796051579564,7.826752270621933,,,3.1077707207380727,3.1322016585873644,5.212521386491786,4.531766893541745,0.024430937849291734,0.6807544929500411,0.0024263576718674905,0.985043848297732,-0.17228676594342046
2463,08062025061615703,1,1,Puzzle,0,0.0,0,-0.9639564400000001,-2.33556895,14.660473999999999,14.876612256931937,3.5213762,15.196154,4.9497800000000005,264.8695338818113,7.854477509359814,,,3.6437187388172885,2.972903372693395,5.125665634513364,4.543232275330179,0.6708153661238936,0.5824333591831854,0.01175635044742035,0.9856533588983344,-0.168372338335573
2464,08062025061615908,1,1,Puzzle,0,0.0,0,-0.9789568800000001,-2.34995628,14.832856000000001,15.049726516038318,4.216681,15.235505,5.0402000000000005,323.79890152577303,7.973892065073009,,,3.5132325296892093,3.3045294223223376,5.092795925894538,5.056234017538241,0.2087031073668717,0.03656190835629669,0.0180576294544186,0.9850480216084258,-0.17133101629247846
2465,08062025061616104,1,1,Puzzle,0,0.0,0,-0.9291046699999999,-2.5524733900000003,14.870572000000001,15.116622225274334,4.017769,15.222445,4.732940000000001,289.46787705403784,8.015139111580169,,,3.431407766758858,3.2581732646083568,5.115761729846788,5.012571532327915,0.17323450215050107,0.10319019751887293,0.014692752849134844,0.9844144275393921,-0.1752494161645201
2466,08062025061616310,1,1,Puzzle,0,0.0,0,-0.70750805,-2.9824129,14.910095000000002,15.221901565045226,4.269376,15.197937,3.8961500000000004,252.80444918772918,8.423233536976493,,,3.019786437990145,3.3738985792508656,5.1110838867755835,5.025390047811017,0.35411214126072066,0.08569383896456628,0.001890786054475646,0.9857218737419564,-0.16837105616685646
2467,08062025061616504,1,1,Puzzle,0,0.0,0,-0.25602212,-3.19332236,14.882200000000001,15.223098628755096,5.43563,15.175551,4.163640000000001,343.45316876988784,8.617910193498219,,,3.155559653495297,3.1690286265383025,5.163839760320088,4.820921680355428,0.013468973043005317,0.34291807996465984,-0.0033235016444817613,0.9850638534806203,-0.17215736668156273
2468,08062025061616705,1,1,Puzzle,0,0.0,0,0.09090184,-2.928788,14.845296999999999,15.131718518121739,7.871767999999999,15.138707,3.9609200000000016,472.01645664112317,8.3483722262403,,,3.0394507281402823,2.8178993843607354,5.19942216043937,5.002821962788418,0.22155134377954688,0.1966001976509526,-0.004084762188659315,0.9835059057260476,-0.18082988724170818
2469,08062025061616904,1,1,Puzzle,0,0.0,0,0.2925680800000002,-2.5994408700000005,14.750979000000001,14.981123802188614,9.230260000000001,15.123966000000001,3.9609699999999997,552.9440383024524,8.015640969398058,,,3.0249199900904635,3.2991611061031865,5.270159132812238,4.471683156652564,0.27424111601272294,0.7984759761596738,-0.0006804874911522815,0.9825593344839924,-0.18594808725864415
2470,08062025061617112,1,1,Puzzle,0,0.0,0,0.38987276999999987,-2.40586214,14.745549,14.94561436424993,9.365924,15.111772,3.82498,541.3712526051185,8.291590522567105,,,3.014348546353815,3.26880198038624,5.352279782889553,4.481475623476826,0.25445343403242493,0.8708041594127272,-0.0038542304835346773,0.9819485811510466,-0.1891087752665812
2471,08062025061617306,1,1,Puzzle,0,0.0,0,0.3895880400000001,-2.37294477,14.794903999999999,14.989057011419943,9.18097,15.102908,3.5580900000000018,493.3624297788578,8.21700648480503,,,3.002866384617019,3.123450801096761,5.313164112921773,4.486053977306435,0.12058441647974183,0.8271101356153379,-0.007590625640153637,0.9816047098322391,-0.19077362510985782
2472,08062025061617506,1,1,Puzzle,0,0.0,0,0.40477514000000026,-2.41769806,14.824712,15.026017193728809,9.157818,15.076704,3.556750000000001,491.07944556623085,7.9247632357415725,,,2.9817732533647083,3.062158464473712,5.287801750827489,4.487320721410851,0.08038521110900376,0.8004810294166385,-0.007237884721543497,0.9810626384018912,-0.19355545085757178
2473,08062025061617708,1,1,Puzzle,0,0.0,0,0.4177078599999999,-2.4515451999999995,14.844792000000002,15.05165782388149,9.108429000000001,15.073374000000001,3.5735600000000005,490.6310513583776,7.856217329618879,,,2.9783777794228854,3.038215350959342,5.282589809859177,4.4955876748643675,0.059837571536456746,0.7870021349948093,0.002519893996718655,0.9806861896144664,-0.1955715920927782
2474,08062025061617906,1,1,Puzzle,0,0.0,0,0.45018658999999983,-2.44946572,14.842193,15.049692466243952,9.076758,15.052936,3.5702800000000003,487.8139873435454,7.833683787483721,,,2.9601437611490495,3.051028496334474,5.2680956774615915,4.4694020527121525,0.0908847351854245,0.798693624749439,0.012105177668593786,0.9799605777577565,-0.198823365614547
2475,08062025061618116,1,1,Puzzle,0,0.0,0,0.4745038539999998,-2.46249305,14.841918000000001,15.052294039364337,8.97193,15.059394000000001,3.575989999999999,483.1585487077737,7.837145733333188,,,2.9560048593683415,3.036370735652351,5.265259507010762,4.458980547900635,0.08036587628400937,0.8062789591101271,0.01581519503087257,0.9793190673305271,-0.20170286058705775
2476,08062025061618330,1,1,Puzzle,0,0.0,0,0.41126549599999995,-2.59081137,14.816067,15.046504052822716,8.011949,15.057120000000001,4.447419999999999,536.5228618505965,7.950003553092183,,,2.9551733920798777,3.0565311161848157,5.248029373941712,5.1563320359842315,0.10135772410493793,0.09169733795748058,0.015288867884355932,0.978778082868227,-0.20435193910411756
2477,08062025061618509,1,1,Puzzle,0,0.0,0,0.11000323799999986,-2.6968500900000003,14.625513000000002,14.872482362856328,5.454044,15.06981,6.024199999999999,495.13747291468155,8.019877236564493,,,2.971152433513528,3.0252596160181837,5.214265883064201,5.0902193498756025,0.054107182504655515,0.12404653318859804,0.009417549189092255,0.9783813758982687,-0.2065942716114891
2478,08062025061618703,1,1,Puzzle,0,0.0,0,-0.28507445,-2.70726525,14.598177999999999,14.84982671601202,4.543551,15.116529,6.336219999999999,435.18882699807887,8.058877470033412,,,2.9788856554216725,3.0604089758644473,5.11748752655373,5.077950843116246,0.08152332044277477,0.0395366834374844,0.006970877685512558,0.9770552387051125,-0.21287195067267428
2479,08062025061618905,1,1,Puzzle,0,0.0,0,-0.64215863,-2.6624139500000004,14.766045,15.017886025977926,3.822393,15.131046000000001,5.665150000000002,327.654171954234,8.05044233155004,,,3.087424692054438,3.0464408908668243,4.949827293227004,5.042341009250639,0.0409838011876138,0.09251371602363445,0.013413583156943347,0.9744361096949692,-0.22426400493486587
2480,08062025061619104,1,1,Puzzle,0,0.0,0,-0.8284078709999999,-2.58695223,14.982049999999997,15.226306303353306,4.136032,15.13325,4.85801,304.0706491465747,8.023300440900181,,,3.2395728263666244,3.0720205790886395,4.833892671525614,4.9596424922276094,0.1675522472779849,0.12574982070199514,0.016279787781503262,0.9728324924640244,-0.23093702629942908
2481,08062025061619306,1,1,Puzzle,0,0.0,0,-0.8853604989999999,-2.5801477900000003,15.023567,15.269204014450798,4.2347850000000005,15.136785,4.82227,309.11247425745483,8.02998491200068,,,3.305852049581342,3.132748526383754,4.845800767374714,4.894250432345488,0.17310352319758815,0.04844966497077419,0.013840889628084593,0.9737514416562665,-0.2271927807978195
2482,08062025061619510,1,1,Puzzle,0,0.0,0,-0.73554657,-2.7577689299999997,14.925027,15.195484499634787,3.910462,15.145029999999998,4.398439999999999,260.49349339666986,8.17781850054817,,,3.873361607190581,3.2693726540972667,4.894588796023752,4.936467622765636,0.6039889530933142,0.04187882674188348,0.011091061807654182,0.9747901179939664,-0.22284796209363822
2483,08062025061619709,1,1,Puzzle,0,0.0,0,-0.38474164,-3.0965931099999997,15.008184,15.329138984179945,4.505045,15.123563,3.636800000000001,247.78366456421838,8.515401050624076,,,3.074466055595091,3.000054704669942,4.989554888960458,5.079590972352755,0.07441135092514894,0.09003608339229707,0.0018556184323644347,0.9768985513804526,-0.21369552403128794
2484,08062025061619910,1,1,Puzzle,0,0.0,0,-0.10190466000000001,-3.1978124,15.099419000000001,15.434663677673203,6.00215,15.105004000000001,3.6010099999999987,326.4765682557161,8.631211599016048,,,2.9752493944911174,3.2346911364253246,5.123343302837026,4.964875944862869,0.2594417419342072,0.1584673579741569,-0.010063348740052575,0.9745114443346755,-0.2241119672683291
2485,08062025061620106,1,1,Puzzle,0,0.0,0,-0.20599952000000005,-3.05368019,14.862489,15.174352631336852,7.2947880000000005,15.08985,4.388740000000002,483.100459577458,8.434958142765225,,,3.270443505406154,3.2156332578890527,5.217756961149288,5.0160474510206985,0.054810247517101285,0.2017095101285893,-0.01931132795551568,0.9733136183027312,-0.22866497991393386
2486,08062025061620311,1,1,Puzzle,0,0.0,0,-0.43970479000000007,-2.56272823,14.493794000000003,14.725181859577285,7.499455,15.096284,6.711169999999999,759.7977462101807,7.889595536464061,,,3.335879544802541,3.0427184619279335,5.298306132257391,4.998604957426452,0.2931610828746076,0.29970117483093883,-0.025566201311881007,0.9762686219131369,-0.2150487089435904
2487,08062025061620504,1,1,Puzzle,0,0.0,0,-0.47233943,-2.15959124,14.385283000000001,14.554150811748052,7.195769,15.129437,6.85749,746.560767025366,9.07553894820085,,,3.2693659153572874,3.077738865508209,5.344113077263213,4.975076528497664,0.1916270498490782,0.3690365487655489,-0.027354625478551935,0.9797981009533133,-0.19810958036705106
2488,08062025061620705,1,1,Puzzle,0,0.0,0,-0.4554634600000001,-2.09747937,14.436840000000004,14.595520403759876,7.322172,15.140221,6.522010000000002,723.0254780632613,9.110755984021477,,,3.0370346117430076,3.170667963231358,5.408068049363244,4.962213807673166,0.13363335148835054,0.44585424169007837,-0.021123816915836244,0.9816591511337508,-0.18947056593114964
2489,08062025061620907,1,1,Puzzle,0,0.0,0,-0.5791432799999999,-2.13645754,14.572224999999998,14.739389377094865,8.326791,15.155734,5.795900000000001,731.43463654282,9.127661170867833,,,2.9041355895302132,3.1439849623530582,5.359592598000819,4.972127448807828,0.23984937282284502,0.387465149192991,-0.010365041303628654,0.9829665223292079,-0.18349218484392452
2490,08062025061621117,1,1,Puzzle,0,0.0,0,-0.74882136,-2.07401197,14.656162,14.821111417540168,9.270973999999999,15.117895,4.284210000000002,600.4646406775742,9.316871070524515,,,3.0354175475800687,3.083286572561638,5.323702834589272,4.46783643221384,0.0478690249815692,0.8558664023754323,-0.0032771426870970128,0.9822152939761327,-0.18772953048252047
2491,08062025061621310,1,1,Puzzle,0,0.0,0,-0.82355277,-2.26263708,14.810048,15.004508905094815,9.23491,15.069417,3.5894499999999976,499.5247674030559,8.765131143086528,,,2.9796461242760017,3.080197380613658,5.288065950789736,4.916044587508438,0.10055125633765627,0.37202136328129853,-0.00644846408867487,0.9805900211102253,-0.1959633328200585
2492,08062025061621501,1,1,Puzzle,0,0.0,0,-0.7625783599999999,-2.8474339989999997,14.897356000000002,15.186198402646314,8.071784,15.085236000000002,3.6716799999999985,447.081258160214,8.256935288646352,,,2.996486000481439,3.0689382496604294,5.242376365710761,4.8068199161997756,0.07245224917899051,0.4355564495109858,-0.006254606556513715,0.9790155317006537,-0.2036896378947866
2493,08062025061621707,1,1,Puzzle,0,0.0,0,-0.52257365,-2.8431342600000002,14.904222999999998,15.181974801513439,9.574507,15.10991,3.6462900000000005,527.5085521110218,8.271481508328483,,,3.0511211772153923,2.6651627992774927,5.2710597479223,4.97181524536029,0.38595837793789967,0.2992445025620105,-0.006574752357718307,0.9792315176218522,-0.20263861312059642
2494,08062025061621905,1,1,Puzzle,0,0.0,0,-0.45732866000000005,-1.521977,14.487549000000001,14.574451602691177,13.791807,15.197914999999998,4.363040000000002,914.5224621031526,8.79877223045663,,,3.1606993614847334,3.0728582010330387,5.315785163241345,5.125473545386426,0.08784116045169466,0.19031161785491868,-0.023212204436029,0.9847909787590949,-0.17218571868747967
2495,08062025061622110,0,0,Puzzle,0,0.0,0,-0.3313695,0.049215300000000184,14.437629000000001,14.441515122483699,8.178588,17.846938,4.677940000000001,682.8050005982813,10.254579822897364,,,2.859598172092191,2.112479054345865,5.383890677048012,5.3246197937140085,0.7471191177463257,0.05927088333400388,-0.03079823653749324,0.9855053370287885,-0.16682535572854124
2496,08062025061622306,0,0,Puzzle,0,0.0,0,-0.23331611000000002,1.16145117,14.430163000000002,14.478708831731128,4.698905,19.387153,3.7078700000000016,337.78098795023857,11.258989900684721,,,2.798489633325806,3.119285867454281,5.5547061148323085,6.287458939631353,0.3207962341284749,0.7327528247990447,-0.1713187574305944,0.981529956275224,-0.08514005101474978
2497,08062025061622503,0,0,Puzzle,0,0.0,0,-0.20897813999999998,1.37883889,14.497715999999997,14.564636547618695,4.324637,19.590882999999998,3.649180000000001,309.17114658318195,11.496490310427857,,,2.795175467349769,3.11797470583791,5.910277586233562,6.625480415721565,0.32279923848814107,0.7152028294880033,-0.18454686201938286,0.9808759824057525,-0.061844667177927644
2498,08062025061622703,0,0,Puzzle,0,0.0,0,-0.27237980000000006,1.3607826899999997,14.51303,14.579230434620056,3.8914099999999996,19.930188,3.9041300000000003,302.7907867326274,11.505344646221284,,,2.796753864882285,3.1158990847955903,6.526092397274825,5.964111195903719,0.31914521991330513,0.5619812013711059,-0.19471244489595033,0.9789331367790801,-0.06145711934765807
2499,08062025061622907,0,0,Puzzle,0,0.0,0,-0.1574073,1.32235099,14.559794,14.62056738027917,3.924608,20.065384,4.252929999999999,334.91299180630455,11.441970159849916,,,2.797305383882317,3.1218502162949773,6.466767395033711,6.482949318515462,0.3245448324126601,0.01618192348175107,-0.1868148389878912,0.9812721516493077,-0.04695934764737058
2500,08062025061623103,0,0,Puzzle,0,0.0,0,-0.246742184,0.9162869700000005,14.851115000000002,14.881400480464933,3.533371,18.998044999999998,3.19135,214.2262022591276,10.977019710894224,,,2.7998972001709275,2.7851136645220715,6.097224090393891,6.166929784678596,0.014783535648855928,0.06970569428470519,-0.132292983985615,0.9869929987138711,-0.09134214185129441
2501,08062025061623326,0,0,Puzzle,0,0.0,0,-0.32345799000000003,1.1216188800000002,14.776002,14.82204065192345,3.6868600000000002,19.122459,3.5507899999999974,250.33719006508593,11.213952143184693,,,2.7978068330276122,2.7791829863607393,6.263449754451663,6.328368629090585,0.01862384666687289,0.06491887463892176,-0.1629133122303651,0.983820147304365,-0.07454643154537523
2502,08062025061623510,0,0,Puzzle,0,0.0,0,-0.015356540000000063,1.2552253099999997,14.512295,14.566486624070004,4.646588,19.550173,4.394949999999998,399.2442866665238,11.389069571805688,,,2.796932146683219,3.124910800703438,6.303155860318229,5.801947520229273,0.3279786540202192,0.5012083400889562,-0.16664313340566822,0.983048123645839,-0.07646209966470985
2503,08062025061623706,0,0,Puzzle,0,0.0,0,-0.26407595,0.9509866500000002,14.604542000000004,14.637853624955085,3.901985,19.09404,3.636980000000001,270.97194985045445,11.05338536444249,,,2.799363919432056,2.8978920052360295,5.947797381129558,5.512008277249265,0.09852808580397365,0.43578910388029257,-0.16103552378886737,0.9810036910556673,-0.10816338665741686
2504,08062025061623909,0,0,Puzzle,0,0.0,0,-0.2374221,1.0639504000000002,14.365295,14.40659779907295,4.48745,19.297345,4.749830000000001,411.31566509814814,11.229180211691082,,,3.140540831384302,3.13767636748295,6.174620839764994,5.5693710301882176,0.0028644639013517548,0.6052498095767769,-0.16129556316780191,0.9841377173147483,-0.07386944335040128
2505,08062025061624109,0,0,Puzzle,0,0.0,0,-0.36212199999999994,0.7978631100000001,14.447275000000001,14.473820256269866,5.3322959999999995,19.078521000000002,4.566250000000002,464.535211744414,10.947338901326216,,,3.1442290870763543,2.7833548651712086,6.073101633193886,5.4074173865071895,0.36087422190514573,0.6656842466866966,-0.034980758581678435,0.9826638840227754,-0.18206602529391305
2506,08062025061624308,0,0,Puzzle,0,0.0,0,-0.0027340300000000097,0.5556052900000001,14.521677000000002,14.53230221284725,6.462189,18.403731,4.2101299999999995,500.70397428478293,10.718265732300903,,,2.836066713737884,2.824284315713983,5.775992076386258,5.828119967015521,0.01178239802390113,0.05212789062926326,-0.1610808780511767,0.9766251459588436,-0.14232454112741588
2507,08062025061624506,0,0,Puzzle,0,0.0,0,-0.06748085000000002,0.42181286,14.435586999999998,14.44190609956134,5.209768,18.366995,4.77627,457.0306863883541,10.605249492981935,,,2.525019814295763,2.83913923784833,5.795034863125951,5.887992532292957,0.31411942355256706,0.09295766916700554,-0.14001062674223527,0.9786823865170607,-0.15025914521425013
2508,08062025061624708,0,0,Puzzle,0,0.0,0,0.14054026,1.0108616679999998,14.299672999999999,14.33604690224755,3.8659610000000004,19.423150999999997,5.031219999999998,377.7900043994491,11.19805150784621,,,2.602551034002463,2.836508390552194,6.611643116822027,6.173443308626418,0.23395735654973082,0.4381998081956082,-0.16539679114678615,0.9780223449942079,-0.12694957333672627
2509,08062025061624904,0,0,Puzzle,0,0.0,0,-0.03596401000000001,1.161776931,14.325708999999998,14.372785304181651,4.435126,19.424426,5.021400000000002,432.5924891616364,11.308897059857246,,,3.4573162038248686,2.8379051739790393,6.66199247850311,6.221910140136619,0.6194110298458293,0.4400823383664907,-0.1713182292992133,0.9773995021432247,-0.12385587398245881
2510,08062025061625105,0,0,Puzzle,0,0.0,0,0.04676406000000005,1.0777048809999996,14.385850999999999,14.426238029439272,4.558729,18.972541999999997,5.50671,476.27907825063113,11.232188163618524,,,3.563498415271431,2.8813953396141248,6.675926873559153,6.714111901898154,0.6821030756573063,0.038185028339001725,-0.17945188878640822,0.9771687053445406,-0.11374682811518352
2511,08062025061625310,0,0,Puzzle,0,0.0,0,-0.13619008000000002,1.04644689,14.279729999999997,14.31866920158368,4.608134,19.400149,4.602330000000002,411.4413350479176,11.15930258137831,,,3.407742054230961,2.8383111336381006,5.916125174583111,6.6565453920755795,0.5694309205928603,0.7404202174924688,-0.17727367829705468,0.9784302281049163,-0.10605815250886476
2512,08062025061625506,0,0,Puzzle,0,0.0,0,-0.170519598,1.0207162950000002,14.199068,14.236729636991939,4.550986,19.013615,4.71997,408.4222876622506,11.178857188338533,,,3.4034942231968452,2.8254418042244738,6.0055583589550645,6.739524040313081,0.5780524189723715,0.7339656813580167,-0.1679185864743154,0.9798278070663572,-0.10835504979465166
2513,08062025061625710,0,0,Puzzle,0,0.0,0,-0.11491236499999999,1.06420834,14.276003,14.316075087067839,4.438982,19.482451,5.08661,439.9014741367059,11.273926100664733,,,3.4150967244414625,2.8338915254681156,6.825841446570963,6.788122054178589,0.5812051989733469,0.03771939239237376,-0.15771301707557386,0.980476175409024,-0.11744391725505621
2514,08062025061625911,0,0,Puzzle,0,0.0,0,-0.11962702899999997,1.071941658,14.217950000000002,14.258803306965252,4.5028880000000004,19.513323999999997,5.09845,447.9820008621876,11.298471479747898,,,3.4080040152916333,2.83438910629945,6.774774042193085,6.23436531755471,0.5736149089921834,0.5404087246383753,-0.16931880839847308,0.9784764871536425,-0.11796145645925524
2515,08062025061626110,0,0,Puzzle,0,0.0,0,-0.058235441399999976,1.0327577000000003,14.257541,14.29501504721927,4.588002,19.461214,5.142939999999999,459.2032831786979,11.22315094636735,,,3.3973897666694404,2.8327545127110825,6.697716634702074,6.690564963135909,0.5646352539583579,0.007151671566164808,-0.17347940168095338,0.9778006676417268,-0.11751915397845464
2516,08062025061626307,0,0,Puzzle,0,0.0,0,-0.030673300000000035,1.0224829202000003,14.23524,14.27194696006938,4.631588000000001,19.468263,5.14772,464.16462719286176,11.225507540560637,,,3.443007031048599,2.833057649213832,6.697501337395718,6.691083741233999,0.6099493818347668,0.006417596161718997,-0.17442408837870044,0.9780605228496148,-0.11390281399683377
2517,08062025061626504,0,0,Puzzle,0,0.0,0,0.10400400000000003,1.092331415,14.334969999999998,14.376904035748165,4.765422,19.314722,5.040290000000001,463.9224101714588,11.262825990807624,,,3.844989622583265,2.833957163837344,6.671943035903254,6.663617323458831,1.011032458745921,0.008325712444423594,-0.1791494790321853,0.9777988044844607,-0.10869665179413798
2518,08062025061626704,0,0,Puzzle,0,0.0,0,0.11070176999999996,0.9663764800000004,14.355255,14.388171687118671,4.787178,19.087365,4.8882600000000025,446.6628696831711,11.152148709754533,,,3.967488351362862,2.834084731837953,6.543312607350576,6.51950124485915,1.1334036195249086,0.023811362491426458,-0.17740139371265232,0.9786054367574467,-0.10421201781740722
2519,08062025061626908,0,0,Puzzle,0,0.0,0,0.1128396200000001,0.9409212000000003,14.348989,14.380248635074853,4.743103,19.101141,4.918340000000001,445.5951077607334,11.1375172115985,,,3.7793841150920344,2.83409939117491,6.546146171525204,6.486620366354035,0.9452847239171245,0.05952580517116868,-0.1791123707764316,0.978577622105347,-0.10151155672873267
2520,08062025061627109,0,0,Puzzle,0,0.0,0,0.20662172,0.6897057,14.403807999999998,14.421791545735646,5.365769,18.833551,4.83428,488.535340030938,10.895567827380393,,,4.200729834570298,2.8362225236967924,6.300060458310986,6.2341712586418865,1.3645073108735057,0.06588919966909934,-0.14518337570802636,0.9830041888628871,-0.11235903210707861
2521,08062025061627302,0,0,Puzzle,0,0.0,0,0.6664184999999999,0.33429009,14.457963999999999,14.477174672798226,7.5890450000000005,17.771368,4.0981999999999985,552.7148551199614,10.60050783704523,,,6.360788500353159,2.811174867196988,5.810174764724519,5.747612118366462,3.5496136331561714,0.06256264635805753,-0.002372042082363046,0.9749559129099965,-0.22238556899716938
2522,08062025061627510,0,0,Puzzle,0,0.0,0,0.32446823999999996,0.15360870000000001,14.488222000000002,14.492668905097101,7.676971,16.977265000000003,4.2291799999999995,551.2058237457798,10.3630950306934,,,3.6115731711159467,2.1087609907253597,5.745923791096127,5.635479238322949,1.502812180390587,0.11044455277317766,-0.000123501041404404,0.9748781533218971,-0.22273879528088572
2523,08062025061627710,0,0,Puzzle,0,0.0,0,-0.16987141,0.22769070000000013,14.647679,14.650433421501319,9.357521,17.241485,3.70876,598.3622814548526,10.31283626400108,,,2.185463142326587,2.0896987498393162,5.6684220896566355,5.578810115179889,0.09576439248727064,0.08961197447674696,0.013753818765889346,0.9739310596581682,-0.226426861265338
2524,08062025061627907,0,0,Puzzle,0,0.0,0,-0.2594362899999999,0.10275109999999987,14.647206,14.64986377354944,10.391872,17.074517999999998,3.8215199999999996,678.0760081099853,10.23944828894338,,,2.865686116618672,2.1354283476682143,5.592096383216315,5.567194141606873,0.7302577689504575,0.024902241609442655,0.01444140468808261,0.9738343457371479,-0.2267997197823143
2525,08062025061628109,1,1,Puzzle,0,0.0,0,-0.19878073000000018,-0.7722731000000002,14.623999000000001,14.645725187630825,12.292169000000001,15.714324,4.27337,825.4575091595161,9.378387542594671,,,3.1731424077095878,3.2265671444942843,5.467360066875968,5.4125488762202005,0.0534247367846965,0.05481119065576756,0.008124464129209454,0.9759184827826717,-0.21798419219241888
2526,08062025061628326,1,1,Puzzle,0,0.0,0,-0.12819149,-2.7212875599999995,15.028423,15.273353819945642,8.812748,15.121383000000002,3.7264999999999997,496.59688467623863,8.19738733550499,,,3.0848837658681663,3.0302169419135647,5.305544617541405,5.174950134597199,0.05466682395460154,0.13059448294420584,-0.007861472120399296,0.9749862915704729,-0.22212592938636602
2527,08062025061628503,1,1,Puzzle,0,0.0,0,-0.24827554999999996,-2.98927561,15.353679,15.643940304677388,4.902445,15.082199,3.7869899999999976,280.00871923040285,8.517229608463824,,,3.2419421851549974,2.697683070996341,5.306023149051533,4.501626937938776,0.5442591141586566,0.8043962111127563,-0.02276762185238434,0.9702562416140653,-0.2410071803995376
2528,08062025061628704,1,1,Puzzle,0,0.0,0,-0.18374551,-2.93723251,15.084395999999998,15.368802813331364,8.651935,15.037423,3.8394900000000014,499.528424004614,8.369430966513828,,,3.238941081946643,3.039905816046438,5.33165394768244,5.152594179556933,0.19903526590020482,0.17905976812550684,-0.045376638878103524,0.9643163982170367,-0.260834899455283
2529,08062025061628914,1,1,Puzzle,0,0.0,0,0.47059970999999995,-2.45095712,14.424633,14.638944363437542,10.276053000000001,15.008174,4.625839999999998,713.4192093144757,7.968649005356995,,,3.2657846328306217,3.041879087540134,5.341533872327263,4.325319823704369,0.22390554529048767,1.0162140486228939,-0.05512328393996866,0.9610540052013996,-0.2708073533972475
2530,08062025061629106,1,1,Puzzle,0,0.0,0,1.6139159899999995,-2.31319456,14.130193000000002,14.408953748015167,9.855766,14.940667999999999,4.731870000000001,696.7760327124677,8.4753630751893,,,3.2120949830038903,3.3287832762024325,5.422619778327096,4.790838230107231,0.11668829319854224,0.6317815482198652,-0.005515768058593585,0.9678806833158454,-0.2513494761617299
2531,08062025061629308,1,1,Puzzle,0,0.0,0,2.7676905399999994,-2.281783,14.010863,14.462742706314854,9.5428584,14.795207,3.9747000000000003,561.1821908941431,8.542767042722527,,,3.0079492636834813,2.2994771007663886,5.574639177187797,4.978232944727476,0.7084721629170927,0.5964062324603212,0.04456873551494898,0.9692591794062335,-0.24197163253438048
2532,08062025061629513,1,1,Puzzle,0,0.0,0,3.722623659999999,-2.10647418,13.701354,14.353475600645108,9.5848976,14.741178,2.850579999999999,402.76609241045963,8.521706608109673,,,3.0493857885675597,2.953016304324275,4.080748361917753,5.065303489056503,0.09636948424328473,0.9845551271387496,0.10818568489308693,0.9564104071693882,-0.27124710255097434
2533,08062025061629711,1,1,Puzzle,0,0.0,0,4.175775829999999,-2.30380336,13.538596000000002,14.354030630982209,9.4935477,14.735828,3.038779999999999,425.11099724272583,8.167594104448751,,,3.148404112307861,2.8080899654800953,4.590656685040823,5.117871618351226,0.34031414682776573,0.527214933310403,0.14954911376671268,0.9492324425169529,-0.2767541014057251
2534,08062025061629904,1,1,Puzzle,0,0.0,0,4.4141635,-2.19248089,13.346648000000002,14.227607834546589,8.798551,14.745750999999998,3.17483,411.906387995418,8.404699904997733,,,3.010314013371364,2.8176708868533598,4.737429404476652,5.102752687770101,0.19264312651800442,0.3653232832934492,0.16046213699056855,0.9515518812493391,-0.26229929447725125
2535,08062025061630104,1,1,Puzzle,0,0.0,0,4.5004404000000005,-2.0789545200000004,13.246649,14.143893573531356,8.78284,14.737031000000002,3.1003799999999995,401.2914391133562,8.742745210206687,,,3.044891613043039,2.8006069592524043,4.713767023944438,5.093431169729204,0.24428465379063447,0.3796641457847656,0.16123795056686183,0.9572171491263184,-0.24028660536010255
2536,08062025061630306,1,1,Puzzle,0,0.0,0,4.534135800000001,-2.39387232,13.363990000000001,14.313812939164878,9.953939,14.648242,3.1655800000000003,461.56596215462696,7.955014602927126,,,3.0991875306161516,3.0359051675539868,4.669999645018081,5.0583658823886,0.06328236306216484,0.38836623737051834,0.15150798253695366,0.9608257631804175,-0.2320758152767121
2537,08062025061630508,1,1,Puzzle,0,0.0,0,4.42911041,-2.41737021,13.336669,14.259293031974861,10.0841359,14.582981,3.1741400000000013,466.7787512682807,7.87697991436715,,,3.1356372412782734,3.038026324947333,4.667169677961688,5.030580609794956,0.09761091633094043,0.36341093183326834,0.13188673493050118,0.9640727334099259,-0.23058545887563164
2538,08062025061630706,1,1,Puzzle,0,0.0,0,4.34086792,-2.4755965699999996,13.30723,14.214572907730323,9.9309948,14.533932,3.2033199999999997,462.3556868281152,7.714356023480954,,,3.158834115144942,3.040800632593002,4.661104021331963,5.019069376010856,0.11803348255194024,0.35796535467889345,0.11745591396856833,0.9660626101352031,-0.23005899585229586
2539,08062025061630913,1,1,Puzzle,0,0.0,0,4.31036432,-2.41420603,13.24194,14.133527736910464,10.0990458,14.470669000000001,3.27613,478.7734710768778,7.852926518288474,,,3.1698186877357717,3.042128716397943,4.633830768069654,4.983225628504593,0.12768997133782856,0.3493948604349395,0.11540953241952698,0.9667019195218076,-0.22840323688502867
2540,08062025061631108,1,1,Puzzle,0,0.0,0,4.29265996,-2.2935368000000005,13.213123,14.080975108218551,10.243335400000001,14.478467,3.25061,482.09079682027436,8.369040745566917,,,3.1543343738353675,3.040717878451896,4.6121755416853984,4.9791963896212215,0.11361649538347152,0.367020847935823,0.11057487619028271,0.9674422756972616,-0.22765904319663516
2541,08062025061631310,1,1,Puzzle,0,0.0,0,4.28208044,-1.95698017,13.172056999999999,13.988176074515676,10.472219599999999,14.357913,3.52196,529.5591511937557,9.13678114829116,,,3.061703466068595,3.0505649636427994,4.600935197019079,4.261623294969302,0.011138502425795505,0.33931190204977746,0.12115376824785448,0.9672250236437199,-0.2231535750929185
2542,08062025061631503,1,1,Puzzle,0,0.0,0,4.16931492,-2.52194021,13.306668000000002,14.170772123888433,9.796628799999999,14.415099,3.25145,459.16773365164283,7.75493688982578,,,3.1060992684917608,3.0479737063272054,4.591725920565599,4.9465916903797496,0.05812556216455533,0.3548657698141504,0.11127853515126729,0.9685348908948122,-0.22261458338114948
2543,08062025061631706,1,1,Puzzle,0,0.0,0,4.221198329999999,-2.25020012,13.220096999999999,14.058907518390317,10.3649427,14.457182,3.18956,477.9487500170391,8.513757250698868,,,3.1619510127383266,3.0504596331556333,4.592189666653698,4.95781400096827,0.11149137958269328,0.365624334314572,0.10871769180472562,0.9694137932422233,-0.22003945319050558
2544,08062025061631906,1,1,Puzzle,0,0.0,0,4.229300819999999,-1.9507389399999997,13.177992999999997,13.976833237401593,10.5140478,14.393957,3.4692999999999987,525.0395320677811,9.21261741436597,,,3.0636082713868626,3.0560668200386254,4.6015135873828505,4.56348396523314,0.007541451348237249,0.038029622149710285,0.11736751969716351,0.9693581557497322,-0.21579997961448955
2545,08062025061632116,1,1,Puzzle,0,0.0,0,4.057615589999999,-2.16310688,13.072064000000001,13.857205088711446,9.1686941,14.417559,2.7002900000000007,356.9518431317557,8.097696874381588,,,3.036395675790896,2.797899644719945,4.604113976391657,4.092200629115463,0.23849603107095074,0.5119133472761943,0.10572314354946735,0.9704078831806086,-0.21709711462603323
2546,08062025061632318,1,1,Puzzle,0,0.0,0,4.105257070000001,-1.9405205199999997,13.098318,13.863069282393782,9.6174953,14.504591999999999,3.1356600000000014,437.41781387064566,9.286697685499053,,,3.0444042480511238,2.7933119723349913,4.601486148726952,4.941120768920043,0.25109227571613246,0.3396346201930909,0.10644906273230081,0.9700747920784594,-0.21822807980951636
2547,08062025061632512,1,1,Puzzle,0,0.0,0,4.029086769999999,-2.10150297,13.156603999999998,13.919270230364944,9.0240303,14.410292,3.4405199999999994,447.40147627512835,8.284226137404897,,,3.0525537915244967,2.836050274720284,4.6126030851147375,4.341570700754394,0.21650351680421265,0.2710323843603435,0.1038500014754981,0.9700785746068944,-0.21946010180029282
2548,08062025061632706,1,1,Puzzle,0,0.0,0,3.9376477299999997,-2.2956670600000004,13.220259000000002,13.983933814310774,8.4345187,14.441341,3.19585,389.2729403892675,7.53539184786261,,,3.0602668469024157,2.1136493525126165,4.629960406250143,4.945569724888428,0.9466174943897991,0.3156093186382849,0.08564110808757816,0.9710039897880676,-0.22319689160287648
2549,08062025061632910,1,1,Puzzle,0,0.0,0,3.94536298,-1.8359937199999998,13.092821999999998,13.797055842009115,8.3101871,15.518756,3.113149999999999,401.4835478715056,9.344580596935723,,,3.0840571312766625,2.6928027038459383,4.665694171188784,4.9635659116070965,0.39125442743072414,0.2978717404183122,0.07853660122101787,0.9716211316879966,-0.22312413299772715
2550,08062025061633107,1,1,Puzzle,0,0.0,0,3.90638055,-2.2692762,13.156578,13.910606318323754,8.0165608,14.424243,3.1195400000000006,360.72121043317867,7.461116634175862,,,3.097318360072082,2.0608609081170424,4.669523416653567,4.95510139525217,1.0364574519550396,0.285577978598603,0.06984885237182473,0.9726440945167617,-0.2215504529988775
2551,08062025061633330,1,1,Puzzle,0,0.0,0,3.61367476,-2.7400007030000006,13.304237999999998,14.055923942741918,6.6789118,14.453144000000002,3.20547,309.42810289666505,7.938973242476495,,,3.0663956324691846,1.457222158639938,4.6903440268527214,4.950411209052437,1.6091734738292465,0.26006718219971514,0.05751262954695857,0.9721850054141824,-0.22704319564880246
2552,08062025061633506,1,1,Puzzle,0,0.0,0,3.5396141799999996,-3.000321233,13.348975,14.13244244973503,6.3617602,14.462708,3.2544900000000005,299.44002762834265,8.169539484386407,,,3.107973603176615,2.8233736777950966,4.712722298011734,4.964853273009486,0.28459992538151857,0.25213097499775206,0.03988749426517812,0.9697865872995551,-0.2406718988480538
2553,08062025061633707,1,1,Puzzle,0,0.0,0,3.41830374,-3.0558849940000004,13.393004999999999,14.156122932691611,5.027942299999999,14.495466,3.3058300000000003,240.93671417434447,8.22574499709854,,,3.047923984503187,2.4039120002726406,4.74537918061107,4.984969722858606,0.6440119842305463,0.2395905422475364,0.031585042824993664,0.9648141790858041,-0.26102870513552556
2554,08062025061633907,1,1,Puzzle,0,0.0,0,3.5579442400000003,-3.08956625,13.321521,14.130368310186725,5.9392005999999995,14.508252,3.490920000000001,300.80356627736046,8.220926865867023,,,2.984879613219168,2.7958221902925087,4.784907822740686,4.963796074080904,0.1890574229266595,0.17888825134021857,0.06918223641659714,0.9578562784218851,-0.27879233858227537
2555,08062025061634108,1,1,Puzzle,0,0.0,0,3.46518003,-3.0486175,13.187983,13.972273863258836,5.967008699999999,14.469646000000001,3.613719999999999,312.01040455346447,8.11703817438352,,,2.8265465819707876,2.8617006932938054,4.729019120755805,5.069526852816148,0.03515411132301782,0.3405077320603427,0.16275589730280293,0.9292083146047393,-0.33178671758010314
2556,08062025061634304,1,1,Puzzle,0,0.0,0,3.49201768,-2.9895744987600006,13.440334000000002,14.204728832069437,6.1182502,14.311956,4.089329999999999,358.0786141613781,8.050858391977117,,,2.7753362473712335,2.7335131169755145,4.67591772887259,5.091671572089072,0.041823130395719055,0.415753843216482,0.20329325069689141,0.8954688311538249,-0.3959891749190796
2557,08062025061634503,1,1,Puzzle,0,0.0,0,3.4574403000000005,-2.85690756,13.586056,14.307226561062953,5.33822,13.524633999999999,4.444410000000001,320.87516524921887,7.960093770867074,,,3.017487192220078,2.757098588773911,4.132548898527639,4.150369742381636,0.2603886034461671,0.01782084385399685,0.19418537154707963,0.8875617814844333,-0.4177632409933904
2558,08062025061634703,1,1,Puzzle,0,0.0,0,3.3724877300000005,-2.822304,13.572643,14.267295166318862,5.7949587000000005,13.711649999999999,4.684950000000001,372.25884405246273,7.912745399641817,,,3.0287504684869537,2.4218700789156893,4.14475767331662,4.285403766370796,0.6068803895712644,0.1406460930541762,0.1684181535072319,0.8871451992756983,-0.4296611699598836
2559,08062025061634908,1,1,Puzzle,0,0.0,0,3.234413,-2.6807342249999997,13.623558,14.25654572535084,6.686854,13.563994000000001,4.728710000000001,428.8961132626436,7.737635383455871,,,2.9473302088115,2.404898071623416,4.058755487429737,4.213003701749145,0.5424321371880843,0.1542482143194075,0.17191850912882745,0.8796251791398492,-0.44351276243430643
2560,08062025061635109,1,1,Puzzle,0,0.0,0,2.7930156100000003,-2.8509099200000003,13.922394,14.483151530688826,5.649706500000001,14.188408,4.49221,360.0970850045055,7.993090520160632,,,2.9824118027695925,2.807681179801582,4.006844917824497,5.066660774178592,0.17473062296801034,1.0598158563540947,0.1453495727033021,0.8875787307616162,-0.4371241224349966
2561,08062025061635303,1,1,Puzzle,0,0.0,0,2.8699490199999995,-3.0270945599999997,13.7691,14.387078357421306,5.919197499999999,14.249738,4.794560000000001,404.40681726353785,8.07931516029945,,,2.9707242637059736,2.1860162531907767,4.731554052647502,5.070040677026173,0.7847080105151969,0.33848662437867016,0.1456271882718143,0.8900004328017965,-0.43207864058370266
2562,08062025061635503,1,1,Puzzle,0,0.0,0,3.347856889999999,-2.9630405200000003,13.724677,14.43449041821052,8.810728099999999,14.158819000000001,4.93801,616.0143003511947,7.868815200406304,,,2.875046969551979,3.122982453434058,4.325447118857194,5.085717444791541,0.24793548388207887,0.7602703259343473,0.18601381549679505,0.8714017374625821,-0.4539359782959681
2563,08062025061635707,1,1,Puzzle,0,0.0,0,3.5747504299999995,-2.98672016,13.687584000000001,14.458537052827705,9.0229667,14.020914000000001,5.144270000000001,650.8028329707342,7.800801336748012,,,2.8980319738573086,3.1054594453732545,4.643892051817312,5.078394085539739,0.20742747151594587,0.4345020337224268,0.2134602177738059,0.8519649948841552,-0.47811126625504313
2564,08062025061635903,1,1,Puzzle,0,0.0,0,3.19654702,-2.7662079190999997,13.657891999999999,14.297126738839044,6.757571799999999,13.949572,5.1496200000000005,485.4301362126781,7.68457016045521,,,2.9062016401552118,2.618971535087334,4.6320787354336925,5.051092264223651,0.2872301050678776,0.4190135287899581,0.21171441294870955,0.8525972334183068,-0.4777603634849092
2565,08062025061636109,1,1,Puzzle,0,0.0,0,3.1799112700000003,-2.7783977299999996,13.679219,14.316157378329674,6.6646623,13.921069,5.1708,479.74281011478524,7.738973629520077,,,2.939034447990146,2.62923810340894,4.375210163135137,5.029475073046192,0.30979634458120575,0.6542649099110545,0.20453617677105035,0.8567234625881267,-0.47348691749919813
2566,08062025061636304,1,1,Puzzle,0,0.0,0,3.050385210000001,-2.8983772500000002,13.940987000000002,14.562161898113665,5.6944799,13.941969,5.145940000000001,408.54781793547215,8.007320428575218,,,2.92179974248854,2.8737736907413156,4.324237330608949,5.016404688150867,0.04802605174722441,0.6921673575419174,0.18658138301681595,0.8654768508790619,-0.46490559052779123
2567,08062025061636510,1,1,Puzzle,0,0.0,0,3.2020222600000006,-2.96132009,13.652379,14.33212529908297,5.6268254,13.376045000000001,4.93858,371.7005927712068,7.941490182304925,,,2.991530117264842,2.448493909709659,4.008315915952859,4.045552650477435,0.5430362075551827,0.03723673452457632,0.16693020512773898,0.8738790479380989,-0.45658484007992745
2568,08062025061636708,1,1,Puzzle,0,0.0,0,3.6477485699999996,-2.97084837,13.702296,14.487405749101,8.432065300000001,13.607975,4.918989999999999,564.4213115326373,7.916963768250983,,,2.950771991777843,3.100383480389025,4.145000875953707,4.136386135902933,0.1496114886111819,0.008614740050774117,0.1806445226576166,0.8757280995762341,-0.44773636444497017
2569,08062025061637060,1,1,Puzzle,0,0.0,0,3.74588605,-2.9008487100000004,13.67507,14.47253001526662,8.8162205,13.712522,4.889850000000001,591.1467659909296,7.846475617480143,,,2.949723242731213,3.1014309271835216,4.23121578310679,4.024258813998548,0.15170768445230864,0.20695696910824157,0.19032992882845576,0.8777424316154424,-0.4397075641081984
2570,08062025061637423,1,1,Puzzle,0,0.0,0,3.19492025,-2.93095105,13.828710000000001,14.492453544015802,5.5234145,13.75211,4.808210000000001,365.2249182790866,8.05651624463831,,,2.9103067488985164,2.638798476111477,4.204157021649048,4.159625820824993,0.2715082727870395,0.04453120082405526,0.1822466020701123,0.8863106629670561,-0.42572242687553535
2571,08062025061637799,1,1,Puzzle,0,0.0,0,3.7988804599999995,-2.902253693,13.703734,14.513679574479312,8.704386399999999,13.866298,4.798459999999999,579.1626811736029,7.92004126063987,,,3.019169994940629,3.098101752413079,4.300724537985431,4.11829957447889,0.07893175747244996,0.18242496350654136,0.17874410469914734,0.8903878412572322,-0.4186407017677402
2572,08062025061638137,1,1,Puzzle,0,0.0,0,3.2414033899999994,-2.9897664199999996,13.851684,14.536662231018479,5.3979710999999995,13.832151,4.676879999999999,349.20182379234444,8.147073727307856,,,3.103534989601865,2.7214104927812706,4.190162709653171,4.287719834151013,0.3821244968205946,0.09755712449784237,0.14796248867097425,0.9038013286067392,-0.40155978428496153
2573,08062025061638417,1,1,Puzzle,0,0.0,0,3.7580796799999994,-2.9085808,13.725096000000002,14.524505683863174,8.568091200000001,13.860333,4.688129999999999,556.7463660610975,7.95678390778792,,,3.027597595997328,3.100710780034372,4.228552284123846,4.168618655672043,0.07311318403704403,0.05993362845180261,0.1699659387157085,0.8958917144640333,-0.41047486601640176
2574,08062025061638614,1,1,Puzzle,0,0.0,0,2.69872747,-2.75343701,14.176469,14.691385864966291,5.8588967,14.17323,5.886099999999999,488.7787448869046,8.031389936669365,,,2.993482780015755,2.826897377334869,4.906916620430236,4.977378518840616,0.16658540268088595,0.07046189841037975,0.17394197612537562,0.898654188532863,-0.4026969560028245
2575,08062025061638823,1,1,Puzzle,0,0.0,0,2.0465870100000005,-3.17394733,14.076459000000003,14.57426354989493,5.323684,14.369491,4.036760000000001,308.80660691335737,8.268021814587197,,,3.026851232490477,2.6974871012541075,4.253235486774068,4.981552305864207,0.3293641312363693,0.7283168190901383,0.11477625450494225,0.9247640586637262,-0.36281930379406346
2576,08062025061639044,1,1,Puzzle,0,0.0,0,1.1080187000000001,-3.26355018,14.228647,14.640111361172659,5.437596,14.553701,3.6632300000000004,289.8975685973206,8.348676352199925,,,3.1011733237054164,3.0124157299704186,4.439320253461719,4.946205527745182,0.08875759373499781,0.5068852742834631,0.01881139563348071,0.9479763851395838,-0.31778436810517896
2577,08062025061639213,1,1,Puzzle,0,0.0,0,0.39393767999999996,-3.161048104,14.464476000000001,14.811093071279439,5.972638,14.673102,3.4694100000000017,304.0491233385898,8.414297543142787,,,3.1022765752651087,2.8812107379180056,4.483463802377387,4.861090445900487,0.22106583734710306,0.37762664352309994,-0.08197599110988751,0.9460279905350684,-0.3135458148432732
2578,08062025061639422,1,1,Puzzle,0,0.0,0,-0.220823343,-2.96156175,14.526104999999998,14.826575377304824,7.766025,14.429613,3.386099999999999,379.4488557936582,8.230876500664767,,,2.9754487808013503,2.8923656007638265,4.38735121769779,4.43156831345755,0.0830831800375238,0.04421709575975985,-0.10708999289877168,0.9438568419102019,-0.3125155922513964
2579,08062025061639615,1,1,Puzzle,0,0.0,0,-0.3039275759999999,-3.08198691,14.529239999999998,14.85563294721785,6.754732000000001,14.519324999999998,3.3790499999999994,331.3974538404059,8.356082160363588,,,3.012760165721002,2.981827168019972,4.440508959707096,4.214820607263493,0.030932997701029752,0.22568835244360308,-0.08995749492367869,0.9492393373701928,-0.30141720172553765
2580,08062025061639826,1,1,Puzzle,0,0.0,0,-0.06705957999999997,-3.182346518,14.556081,14.900044309546784,5.447606,14.532025,3.362499999999999,266.19146038247936,8.48627249817465,,,3.0709938834332107,2.83925883164621,4.477184955984003,4.229028043073845,0.2317350517870005,0.24815691291015796,-0.05518774993852445,0.9565932984401974,-0.28615305980545835
2581,08062025061640016,1,1,Puzzle,0,0.0,0,-0.19246857,-2.75767159,14.34007,14.604088617699873,6.596629,14.568332,3.660919999999999,351.821299482195,8.03745717484475,,,3.2525094640575616,2.5597589610338307,4.590297153826318,4.4230931677188305,0.6927505030237309,0.16720398610748788,-0.023729577723837887,0.9656231645775766,-0.25886060181540704
2582,08062025061640222,1,1,Puzzle,0,0.0,0,-0.23024193999999998,-2.65144694,14.307205999999999,14.552639820768132,6.812958999999999,14.824748,5.039630000000001,509.0046474109189,7.950530851140443,,,3.2457627598112655,2.811790280470612,5.085689961014262,4.3675491096473085,0.43397247934065364,0.7181408513669538,-0.0013041430528160567,0.9692730385020887,-0.2459838938707702
2583,08062025061640423,1,1,Puzzle,0,0.0,0,-0.06517441019999998,-2.7276146500000005,14.274083,14.532500640754451,6.167619,14.411463000000001,3.2940699999999996,292.7914783855817,8.022875944190305,,,2.9797300070135546,2.811006191495538,4.442764826085165,4.4685439189548095,0.16872381551801663,0.025779092869644415,0.011545425707823456,0.970298778424533,-0.24163398712326037
2584,08062025061640624,1,1,Puzzle,0,0.0,0,-0.026777970000000133,-2.81297595,14.424108999999998,14.695865785956153,6.5372,14.476277,3.2265499999999996,305.3423587570968,8.128045543138628,,,2.969162331384529,2.8106529197767847,4.528132106879291,4.431431051562124,0.15850941160774434,0.09670105531716633,0.014049416732528821,0.9713097946110928,-0.2374023942213565
2585,08062025061640812,1,1,Puzzle,0,0.0,0,-0.17830240999999997,-2.67442266,14.350660000000001,14.598827718324966,8.034382,14.514236,3.2326099999999993,376.96407988471714,7.974328678079008,,,3.1793190531476774,2.8106642672972595,4.570511938813202,4.3808566707155565,0.3686547858504179,0.18965526809764555,0.009725091433058042,0.9717987146509055,-0.2356112917486484
2586,08062025061641013,1,1,Puzzle,0,0.0,0,-0.07703401999999998,-2.6975293000000002,14.395364999999998,14.64613027553083,7.878571000000001,14.508699,3.2835599999999996,375.3365696424164,7.994597739013362,,,3.0671456083733615,2.7940603096756877,4.5683728631188325,4.4803277506885575,0.27308529869767373,0.08804511243027502,0.009051804746304038,0.9710760164403158,-0.23859890009227255
2587,08062025061641224,1,1,Puzzle,0,0.0,0,0.35486987999999997,-2.9315782300000004,14.563106,14.859479799696123,6.569705,14.452687,3.2659199999999995,310.09874490339223,8.225146041248864,,,2.957751667468364,2.879103492495981,4.56656062809553,4.308400770616052,0.07864817497238308,0.25815985747947856,0.00699295992162613,0.9674957845180777,-0.25279043781615623
2588,08062025061641419,1,1,Puzzle,0,0.0,0,0.6095747,-2.55103792,14.550074999999998,14.784588539752567,7.24583,14.45183,4.03008,422.0118558169365,7.848362711185107,,,2.789729701537588,3.0568537865835137,4.648548332653887,4.332942890787508,0.2671240850459258,0.31560544186637873,0.0029062068053994526,0.9668372188927653,-0.2553768707727998
2589,08062025061641614,1,1,Puzzle,0,0.0,0,0.6377892700000001,-2.39902177,14.457882000000001,14.66943872586082,7.312404000000001,14.463094,4.594489999999999,485.9131999975265,7.6740762496999935,,,2.7864534972966974,3.330330543256493,4.650342059936801,4.0468511569096535,0.5438770459597957,0.6034909030271471,-0.009566753950466614,0.967579899240728,-0.2523838659743407
2590,08062025061641820,1,1,Puzzle,0,0.0,0,0.6481631400000001,-2.3353696200000003,14.407071000000002,14.609509283925817,7.281388,14.476061000000001,4.863240000000001,512.6137847505693,7.595367915710559,,,2.786004979092823,3.4032259384084167,4.647549904531342,4.358818652258544,0.6172209593155937,0.2887312522727976,-0.011115731790213662,0.9684644825576779,-0.24890356873909497
2591,08062025061642024,1,1,Puzzle,0,0.0,0,0.6190547100000001,-2.2765578399999997,14.328838000000001,14.521761007642382,7.046908,14.507132,5.195930000000002,531.1821298209417,7.522824613993581,,,2.7856685623104918,3.3770616651393803,4.621989246429503,4.386820764964646,0.5913931028288886,0.23516848146485714,-0.008666346645567818,0.969918247789796,-0.24327656492188254
2592,08062025061642220,1,1,Puzzle,0,0.0,0,0.54390633,-2.2577471000000005,14.312671999999997,14.499856407666815,6.829633,14.529822,5.217649999999999,517.7648980992357,7.501863254153545,,,2.7821095817034234,3.1203317552353305,4.624695126942023,4.4306743656568806,0.3382221735319071,0.19402076128514256,-0.00999155640134268,0.9706672760267981,-0.2402190834454964
2593,08062025061642414,1,1,Puzzle,0,0.0,0,0.728001729,-2.102309,14.407419999999998,14.578183724501072,8.721271,14.552332999999999,4.250210000000001,539.4147211611356,8.236419750081811,,,2.7814916976595496,3.1005892188758253,4.604181391755243,4.248734790440325,0.31909752121627566,0.35544660131491757,-0.006596557307210371,0.9696594681697093,-0.24437062266264561
2594,08062025061642618,1,1,Puzzle,0,0.0,0,0.6950615040000004,-2.2023547999999997,14.483821,14.666783830119908,9.346198000000001,14.512345,3.769780000000001,511.3150520449897,7.865441974586709,,,2.779455683654265,3.0791434833896587,4.560517246855147,4.210200095345826,0.2996877997353935,0.3503171515093211,-0.010697168459222963,0.9691434410177155,-0.2462652255583333
2595,08062025061642812,1,1,Puzzle,0,0.0,0,0.564738586,-2.20390984,14.168679000000001,14.350178147270755,7.381626000000001,14.484879,4.41831,472.4143625835405,7.449498056399634,,,2.5257232796808835,2.9967070850279978,4.590999059877529,4.236896179590079,0.47098380534711426,0.3541028802874502,-0.015654931917698567,0.9701957307594437,-0.241816391344345
2596,08062025061643023,1,1,Puzzle,0,0.0,0,0.4415147339999999,-2.1266247399999996,14.23123,14.396019427536876,6.66492,14.505513999999998,4.09975,396.35600098981575,7.501156081033656,,,2.8315985640885892,3.178454749428565,4.595304181784031,4.2640286849300155,0.34685618533997564,0.33127549685401547,-0.02459754566670063,0.9711459496070974,-0.23721404956052575
2597,08062025061643219,1,1,Puzzle,0,0.0,0,0.498764254,-2.1266998399999997,14.220724,14.387515736731627,6.697617,14.498514,4.101840000000001,398.3111988573336,7.498164697829808,,,2.8387597272233167,3.053410928666661,4.601248187409001,4.409921758256147,0.21465120144334415,0.1913264291528538,-0.02881262766629855,0.9711058767387103,-0.23690337408003323
2598,08062025061643422,1,1,Puzzle,0,0.0,0,0.5888018770000001,-2.06120308,14.192722999999997,14.353697500716988,6.562092,14.528214,4.124459999999999,393.20736090520654,7.606643133244718,,,2.8514360304976507,3.0175267472592515,4.655148483838538,4.332881460770997,0.1660907167616008,0.32226702306754085,-0.030322916737575513,0.9716601321426435,-0.23442932479761716
2599,08062025061643620,1,1,Puzzle,0,0.0,0,0.658652494,-1.9535457,14.203648000000001,14.35248342335726,6.576115,14.543607,3.8082100000000008,364.2188501057843,7.730000829075641,,,2.849500958130046,3.281300526436584,4.683205555682241,4.351069090872381,0.4317995683065381,0.33213646480986014,-0.02995495324653714,0.9728128496655848,-0.22964725189194468
2600,08062025061643818,1,1,Puzzle,0,0.0,0,0.7187499619999997,-1.9877178199999999,14.212162000000001,14.36847842863205,6.756976999999999,14.503082000000001,3.5137599999999996,344.33790886398174,7.653588809739186,,,2.848343555750296,2.913275707116647,4.621305464755604,4.430337109827197,0.06493215136635122,0.19096835492840736,-0.03397920749534209,0.9733520989328669,-0.22678426965063284
2601,08062025061644042,1,1,Puzzle,0,0.0,0,0.6171847300000002,-2.03474107,14.173457000000003,14.332060966369735,6.545085,14.523103,3.84314,365.3094559421193,7.621797922548226,,,2.8477042736509457,3.1866862038352637,4.594501190634985,4.337686493484978,0.338981930184318,0.2568146971500074,-0.03684225092612822,0.9744753603500507,-0.2214507182587922
2602,08062025061644220,1,1,Puzzle,0,0.0,0,0.6297616040000003,-1.94301939,14.162963,14.309487935183341,6.447064,14.521346000000001,3.36683,315.20278293576615,7.705614415707272,,,2.847422676250777,2.7715964786977927,4.638136747559284,4.398492210242164,0.07582619755298436,0.23964453731711988,-0.03568167359326102,0.9753855058134666,-0.21760039802029732
2603,08062025061644421,1,1,Puzzle,0,0.0,0,0.6472273410000001,-1.93995125,14.219035000000002,14.365349644701988,6.15039,14.543852999999999,3.2935300000000005,294.6074706925102,7.7202938562859815,,,2.845857076382833,2.774977345101938,4.631333295456966,4.402492994422592,0.07087973128089509,0.22884030103437425,-0.03661048494952204,0.9760379965915759,-0.21449825547370718
2604,08062025061644613,1,1,Puzzle,0,0.0,0,0.6168975529999999,-1.94516828,14.174149,14.32029127157044,6.270903,14.549891,3.3478399999999997,305.4601191942069,7.728696099042844,,,2.8500622061525953,2.7769134666433155,4.628745291307256,4.32526566498672,0.0731487395092798,0.30347962632053616,-0.035497917629475524,0.9764310599632571,-0.2128903073956193
2605,08062025061644818,1,1,Puzzle,0,0.0,0,0.53393229,-2.0043700700000002,14.224046999999999,14.37449463897863,6.391463,14.565399,3.3869500000000006,315.3054304570128,7.669045494899464,,,2.8343243099022986,2.7387184198097114,4.643568602057843,4.394816499203579,0.09560589009258713,0.2487521028542634,-0.03252819732415679,0.9761320336917393,-0.21472812852458326
2606,08062025061645022,1,1,Puzzle,0,0.0,0,0.5706654200000001,-2.02090861,14.280614,14.434183968917393,6.162132,14.562718,3.39879,304.9985457796187,7.649584877776662,,,2.8332082505413716,2.7555867321799186,4.646978271949758,4.377643228839007,0.07762151836145303,0.2693350431107504,-0.029690266270503085,0.9744534549450193,-0.22261840048500423
2607,08062025061645221,1,1,Puzzle,0,0.0,0,0.5667420990000002,-2.0184891499999997,14.286855000000003,14.43986567965477,6.098056,14.536411000000001,3.4381500000000003,304.7708470911486,7.632065729022721,,,2.832738630022025,2.7625671089803405,4.670772590953601,4.182137225387517,0.07017152104168467,0.48863536556608445,-0.024159344932780612,0.9725452900865388,-0.2314562264941452
2608,08062025061645415,1,1,Puzzle,0,0.0,0,0.40624312799999984,-2.0178422599999997,14.167911,14.31664845448159,6.528776000000001,14.477136,3.4382,324.97171218492593,7.581129068534741,,,2.3754453694531388,2.738370839662335,4.56613994081616,4.382101826178051,0.3629254702091962,0.18403811463810893,-0.020914532014501146,0.9724959915201464,-0.23197872494662497
2609,08062025061645611,1,1,Puzzle,0,0.0,0,0.49776127100000006,-2.06491632,14.270472999999999,14.427683297578959,6.313646,14.521153000000002,3.47218,318.3343913464453,7.577809213635284,,,2.834200894275431,2.7151731258453857,4.645972929518192,4.250903965167645,0.11902776843004537,0.39506896435054717,-0.02358756009239292,0.9721657186062918,-0.23310393084544995
2610,08062025061645813,1,1,Puzzle,0,0.0,0,0.5303089709999999,-2.12320547,14.292749999999998,14.459319888399348,5.943683,14.428719,3.323220000000001,284.998456018995,7.46207802049833,,,2.831110328028836,2.686803069051582,4.556914309168595,4.307534027007565,0.14430725897725383,0.24938028216103003,-0.03497162001366169,0.9718069400645997,-0.23317001744628235
2611,08062025061646016,1,1,Puzzle,0,0.0,0,0.4885534959999999,-2.11649496,14.351553,14.51500289169686,5.977241,14.479974,3.2891700000000004,284.67863140975936,7.515167714017464,,,2.831344382856914,2.716894830407132,4.549482568966103,4.388701777476911,0.11444955244978194,0.16078079148919233,-0.048656529997066836,0.9731623883696606,-0.22491666890495762
2612,08062025061646224,1,1,Puzzle,0,0.0,0,0.294079271,-2.09854366,14.217354999999998,14.374406120135294,6.6071480000000005,14.494214,3.32681,318.59334706840485,7.548635980671352,,,2.588396401114744,2.7284387415672353,4.491413345144463,4.458935200983526,0.1400423404524913,0.03247814416093675,-0.06207128813111342,0.9747580154505349,-0.21446203977552564
2613,08062025061646413,1,1,Puzzle,0,0.0,0,0.28058474000000005,-2.1855945599999997,14.210701,14.380527608138149,6.354996,14.483331,3.3172800000000002,305.32746218920937,7.46561923164192,,,2.4516548572788057,2.6887747260983024,4.459639058835331,4.435797939708819,0.23711986881949665,0.02384111912651221,-0.07200806225056462,0.9750426209263928,-0.21001601450344062
2614,08062025061646618,1,1,Puzzle,0,0.0,0,0.35236837300000007,-2.2004916700000003,14.403565,14.574944657502309,5.715989,14.476424000000002,3.154029999999999,260.986773815292,7.439877224034819,,,2.8147434308027957,2.5980722503075238,4.446532035865283,4.4010058693122645,0.2166711804952719,0.04552616655301822,-0.07201030716202589,0.974462016112344,-0.21269295902003146
2615,08062025061646814,1,1,Puzzle,0,0.0,0,0.2485801920000002,-2.2019711099999997,14.406759,14.576185158168457,5.960262,14.37148,3.3745399999999997,289.0556255995712,7.432512369225414,,,2.81825332543464,2.6441112757605345,4.415445423584687,4.372078939904104,0.17414204967410551,0.04336648368058338,-0.05999700260701357,0.9740504383016142,-0.21823405628500608
2616,08062025061647019,1,1,Puzzle,0,0.0,0,0.05584470999999995,-2.23014114,14.27043,14.443746761863954,6.438783,14.404521,3.5729299999999995,331.3806286523247,7.420929626817754,,,2.4763400059483267,2.727313822306116,4.421091416811053,4.463832393051962,0.2509738163577895,0.04274097624090878,-0.04817424071557595,0.9723418283396077,-0.2285401745703946
2617,08062025061647217,1,1,Puzzle,0,0.0,0,0.05723941000000001,-2.15935945,14.43977,14.600447501267263,6.447228000000001,14.585443999999999,3.0946800000000003,291.01034730932935,7.587987520835566,,,2.8189366271887444,2.729140884076892,4.663235324190985,4.334031208196864,0.08979574311185257,0.3292041159941217,-0.030679824446145518,0.9724836631631059,-0.23094214265226817
2618,08062025061647423,1,1,Puzzle,0,0.0,0,-0.16566713,-2.32074656,14.319253999999997,14.507044678714896,5.702942999999999,14.609082,4.148260000000002,345.6112943167978,7.48791294860943,,,2.816031077418181,2.8026021080183616,4.654180021845336,4.232767010606655,0.013428969399819302,0.42141301123868136,-0.03382606302610649,0.977354746070952,-0.20888632744327412
2619,08062025061647617,1,1,Puzzle,0,0.0,0,-0.58059081,-2.3689276599999998,14.144246999999998,14.35300063206222,4.592422,14.611132999999999,4.584489999999999,307.6215191382642,7.475049055931632,,,2.815420326940537,2.517898495396327,4.573125463656072,4.3437810445576055,0.2975218315442101,0.22934441909846637,-0.028948658174543934,0.9823736687340608,-0.1846725484956422
2620,08062025061647820,1,1,Puzzle,0,0.0,0,-0.6734334200000001,-2.4105331800000003,14.152086,14.371698609922552,4.522362,14.637009,4.1626600000000025,275.54250535803885,7.535287819642494,,,2.8156352611510256,2.8862026084068395,4.5907381274207495,4.392111558143419,0.07056734725581393,0.19862656927733013,-0.022279838481653567,0.9812552420495539,-0.19142037181946653
2621,08062025061648017,1,1,Puzzle,0,0.0,0,-0.47281516,-2.5444002699999997,13.909203,14.147913450566161,4.896724,14.605101999999999,4.74422,339.29310991062977,7.591721341089197,,,2.815938370188694,2.4302992885387633,4.598072193080074,4.891550182623423,0.38563908164993066,0.2934779895433488,-0.0353302178656779,0.9711504627836911,-0.23583586313490615
2622,08062025061648221,1,1,Puzzle,0,0.0,0,-0.030915710000000034,-2.6300396800000003,13.634989,13.886359837251096,6.664992,14.85023,4.4642599999999995,441.8575626900647,7.597106434671761,,,2.816810490246706,3.171030032196203,4.655141212864627,5.35109643112268,0.3542195419494969,0.6959552182580531,-0.047577697510548585,0.9570109169223736,-0.2861231685673013
2623,08062025061648426,1,1,Puzzle,0,0.0,0,0.35462237999999985,-2.74024148,13.054336000000001,13.343551581269713,8.676349,14.819928999999998,4.042260000000001,519.7654169833727,7.618455574189238,,,2.451288517991434,3.321594541710387,4.594596165494217,5.262065506098502,0.8703060237189528,0.6674693406042858,-0.015941829724726943,0.9590385501284443,-0.2828266561563094
2624,08062025061648618,1,1,Puzzle,0,0.0,0,0.45399683,-3.305072013,12.069610999999998,12.522185265523222,7.071568000000001,15.007566,3.0084,319.27253744772537,7.953126202576442,,,2.383574677219147,2.953836206389795,5.497774830995519,5.409623073204361,0.5702615291706481,0.08815175779115858,0.028101204436695178,0.9643218185565904,-0.2632370653325957
2625,08062025061648822,1,1,Puzzle,0,0.0,0,0.47906437000000024,-3.5221308899999997,11.314960600000001,11.86015354270121,5.1349540000000005,14.829421,4.304024,327.7445182712251,7.997576683952101,,,3.4746549938738505,2.8249665760292526,5.700746795935951,5.163035896540427,0.6496884178445979,0.537710899395524,0.0516588845935183,0.9618271366344145,-0.26873763948542245
2626,08062025061649040,1,1,Puzzle,0,0.0,0,0.6131453600000001,-3.5418290499999996,10.7840173,11.367300883614048,5.521113,14.913433000000001,4.418052000000001,363.7768738616226,7.963940174476389,,,2.9649069710303833,2.757732976263395,5.672308954991169,5.231484606201666,0.2071739947669884,0.44082434878950316,0.10000573234703342,0.9594889013493391,-0.2634006486043106
2627,08062025061649220,1,1,Puzzle,0,0.0,0,0.48622989499999997,-3.84048741,10.484777,11.176596610636405,4.1543589999999995,15.121039999999999,5.185786,325.76189048796164,8.261053212597925,,,2.7594035785306956,2.452840729278809,5.06573257232917,5.287301518188952,0.3065628492518866,0.22156894585978204,0.19926767174477358,0.954014048276349,-0.22394104288582128
2628,08062025061649414,0,0,Puzzle,0,0.0,0,0.6953937000000001,-3.732041828,10.623551700000002,11.28146973255321,2.0431576000000002,15.330383999999999,6.326345,198.1562490371097,8.245652308926257,,,3.201777044473092,3.1415194001952176,4.963208405900662,5.037559260053226,0.06025764427787461,0.0743508541525637,0.2006080041180493,0.9529943436439046,-0.2270643293573348
2629,08062025061649620,0,0,Puzzle,0,0.0,0,1.0130674019999997,-3.4778306799999994,11.2487151,11.81758025996491,2.5885676,15.619485000000001,6.283704,254.06330325375814,8.603707721337901,,,3.025437833198081,3.7707752701010184,5.328529634717876,4.914055015465642,0.7453374369029375,0.4144746192522337,0.16141380782353817,0.9834565178379564,-0.08221228719569337
2630,08062025061649822,0,0,Puzzle,0,0.0,0,0.5485252199999999,-3.17407179,12.352007099999998,12.76509659358284,2.6616481,15.608539,6.237109,259.1171892295471,8.863008808315113,,,3.2694610250153113,3.7719488189603743,5.085179222477186,4.252234583009032,0.5024877939450629,0.8329446394681543,0.11031909844097489,0.9938919476654685,-0.002914255464449223
2631,08062025061650020,0,0,Puzzle,0,0.0,0,-0.51285575,-3.17806649,12.32821,12.74158112006783,6.08707,16.183465,2.31691,228.23853602783657,9.063719273955316,,,3.2808895840000485,3.646391953645912,5.4532099814387545,5.461365206880351,0.36550236964586347,0.008155225441596414,0.013984428787557063,0.9996808072804483,-0.021040896050242407
2632,08062025061650219,0,0,Puzzle,0,0.0,0,-0.66316222,-3.0931444499999996,12.805513999999999,13.190470633104685,5.900342,16.327675,1.9931599999999996,192.01877528239638,9.149258145017193,,,3.453170016858341,3.605817827363264,5.4824113236803225,5.3143878185669715,0.15264781050492315,0.16802350511335096,-0.05390216588133783,0.9984764452663174,-0.011804438217869867
2633,08062025061650426,0,0,Puzzle,0,0.0,0,-0.4646660000000001,-3.0939996499999998,13.126666999999998,13.494374192775487,5.735249,16.439025,2.057369999999999,193.97275608453282,9.231781057436406,,,3.2160763643798957,3.562680302475281,5.43604660158612,5.0349437300761055,0.34660393809538537,0.4011028715100142,-0.08394658573032406,0.9964694935164808,-0.001232572606276576
2634,08062025061650612,0,0,Puzzle,0,0.0,0,-0.14369915999999988,-3.2022819299999994,13.353926999999999,13.733267103246707,5.445012,16.525684,3.11486,280.2830384920915,9.398821380964755,,,2.870481893945142,3.410486320594909,5.49718267008092,5.21616530577628,0.5400044266497668,0.2810173643046401,-0.059278698363327276,0.99797303897488,0.02314842110365931
2635,08062025061650815,0,0,Puzzle,0,0.0,0,0.07248197600000006,-3.17763145,13.503141,13.872181232046925,5.057131999999999,16.559648,3.8783900000000013,324.7931557764464,9.431092221055515,,,2.5500906406474337,3.71226158607476,5.438388736864853,5.384974995451697,1.1621709454273264,0.05341374141315658,-0.04981239876698619,0.9972560835665791,0.05476338848653188
2636,08062025061651023,0,0,Puzzle,0,0.0,0,-0.75124589,-3.2143207590000005,12.909630000000002,13.324968107499556,4.115333,16.152883,2.5380599999999998,168.71625032043627,9.40061296919509,,,2.772586606837429,2.9781473480194,5.246286775952551,4.70670877725508,0.20556074118197065,0.5395779986974709,-0.07387621771688167,0.9949484408123037,0.06796987995438454
2637,08062025061651213,0,0,Puzzle,0,0.0,0,-0.7541697999999999,-3.292904926,12.692519,13.134383636252906,3.7748679999999997,15.885129,2.9873399999999997,179.13364781726924,9.242422633976883,,,2.814115959724148,2.9823808083955745,5.027359208302143,4.396260385540355,0.16826484867142666,0.6310988227617882,-0.20835365349875212,0.9773847048307382,-0.036164814898634066
2638,08062025061651424,0,0,Puzzle,0,0.0,0,-1.3658728500000001,-2.8656563200000003,12.232793,12.637991112814253,4.7966464,14.708988000000002,4.6101399999999995,325.26296163146446,8.209501358221553,,,3.05173287361952,3.517878109640938,4.6182313831090145,5.660450343601165,0.466145236021418,1.0422189604921508,-0.26292692154416136,0.9472917428690417,-0.18305132564240956
2639,08062025061651614,0,0,Puzzle,0,0.0,0,-0.783757852,-3.3741409499999997,11.8186457,12.315822737566785,2.4398261,15.524255,4.86251,184.1747750769452,8.57096298371172,,,2.965662923312521,3.286771570566687,5.555120524561518,5.2901009656877775,0.321108647254166,0.26501955887374073,-0.12862316699792414,0.9642719469618711,-0.23159381082789465
2640,08062025061651823,0,0,Puzzle,0,0.0,0,-1.1318645799999998,-3.0306374249999997,13.201962,13.592559776536325,4.6842892,13.380823,4.682259999999999,293.4823930338794,8.118921719532336,,,3.5311090349741696,3.148067862993495,5.194091680989082,3.9866344452118265,0.38304117198067456,1.2074572357772557,-0.07653773899264775,0.9733300034492114,-0.21626529748309534
2641,08062025061652016,0,0,Puzzle,0,0.0,0,-1.4256354999999998,-2.88789508,13.615832999999999,13.99154326212221,7.2792460000000005,13.975414,2.8681,291.7731795287424,7.9845006502671625,,,3.0044848463384595,3.034011030094182,5.522816729977217,3.736814643572758,0.029526183755722357,1.786002086404459,-0.08642700929777425,0.95979891632493,-0.2670513289338447
2642,08062025061652224,0,0,Puzzle,0,0.0,0,-1.76269694,-2.5076483400000003,13.678075999999999,14.017316567773095,10.364106,14.112576,2.9692500000000006,434.29507560805865,7.583290401044346,,,3.034173309909696,3.049360619340035,5.602825492414306,3.9743843996982235,0.015187309430338747,1.6284410927160824,-0.08133358847684384,0.9569259897516104,-0.2787068307799081
2643,08062025061652416,0,0,Puzzle,0,0.0,0,-1.8572610399999998,-2.48885586,13.358127000000001,13.71434938342637,10.202406,14.624538999999999,3.0037699999999994,448.17895799884377,7.886667764699254,,,2.54195643672841,3.158233111492844,5.509717474963928,4.797871540948548,0.6162766747644337,0.71184593401538,-0.05159645970496507,0.9604553813145331,-0.2736115236057661
2644,08062025061652615,1,1,Puzzle,0,0.0,0,-2.34493124,-2.593103307,13.257174000000001,13.710417562838058,9.808713000000001,14.562728,2.682690000000001,383.19978407980966,7.609548619013271,,,2.5614395607566074,3.1342878686220423,4.721351544738223,4.880177748247459,0.572848307865435,0.15882620350923649,0.009145026731219526,0.964246692069675,-0.26484841951345456
2645,08062025061652820,1,1,Puzzle,0,0.0,0,-3.00643248,-2.7029274099999996,12.620668999999998,13.252386156767738,9.6157739,14.970902,3.10801,447.41920104205485,7.90389204688254,,,2.219034689363373,3.14121097109852,5.245557190676697,4.9087359441343565,0.9221762817351471,0.3368212465423408,0.02368816334627204,0.9649553205105973,-0.26134287886906504
2646,08062025061653013,1,1,Puzzle,0,0.0,0,-4.2775177933,-3.01591868,12.003327,13.094761663554632,10.681667267,14.775649000000001,2.37852,375.39840144923295,8.029408681822792,,,3.049568109534817,3.106724946092347,5.376044007504495,5.32500045902154,0.0571568365575299,0.051043548482955,-0.021027778271538185,0.9676489669495818,-0.25142257118717515
2647,08062025061653214,1,1,Puzzle,0,0.0,0,-5.803948499999999,-3.37740808,11.4754409,13.295805631058778,9.612246,14.761963,2.9585410000000003,419.80400889545155,7.926404413925644,,,2.6587192954174395,3.009288239219607,5.360952719479999,5.373553242300852,0.3505689438021675,0.012600522820852333,-0.0373134641329848,0.970387686893282,-0.23865339411016495
2648,08062025061653414,1,1,Puzzle,0,0.0,0,-6.0447028000000005,-2.98796239,10.915213,12.829973734180104,5.642671000000001,15.729574,3.042586,270.05023071192903,8.359216746347014,,,4.979725611424554,2.817340769675846,5.144142870988324,5.439166245177381,2.162384841748708,0.2950233741890571,-0.10035074472596074,0.9720757691502867,-0.21212832687744357
2649,08062025061653618,1,1,Puzzle,0,0.0,0,-6.440788599999999,-3.34380565,11.164087899999998,13.315466670522225,5.157988999999999,15.752518,2.6545190000000005,215.68315829122542,7.993479413554306,,,3.5955136787192172,2.5123292240702155,4.664926963823228,5.228216084832761,1.0831844546490017,0.5632891210095332,-0.09386085969484738,0.9784224844162361,-0.1840640676669519
2650,08062025061653821,0,1,Puzzle,0,0.0,0,-6.363441900000001,-3.69893359,11.1886011,13.392546325954116,6.143578000000001,13.761984000000002,2.812779000000001,237.81433860761686,7.946867842934768,,,3.3135450776049873,3.5986784635565336,4.668419196645049,4.726591801576481,0.28513338595154636,0.05817260493143195,0.001274977175051603,0.9862055041412554,-0.16552062721816724
2651,08062025061654044,0,0,Puzzle,0,0.0,0,-6.481092200000001,-3.6741714,11.22857,13.475343254491843,6.081555999999999,13.771362,2.939070000000001,246.1509603283044,7.8679659743114545,,,3.291390373449379,3.6666476866497058,4.485711052031773,4.604628214015763,0.37525731320032696,0.11891716198399038,-0.01636704929113622,0.9894394886988119,-0.1440195052794412
2652,08062025061654218,0,0,Puzzle,0,0.0,0,-6.7192573,-4.386985643,11.381922,13.926313586501468,6.446218,12.771273,3.3111499999999996,272.59509212553115,7.399694412007576,,,2.8228611571098825,3.166366717010405,4.522973204857619,4.727752352632802,0.34350555990052234,0.20477914777518258,-0.12367199768385569,0.9747157626626364,-0.18610324824107619
2653,08062025061654413,0,0,Puzzle,0,0.0,0,-6.7461708,-4.2651028,11.278390300000002,13.816801732545583,6.268527,12.11221,2.926907,222.2275079272055,7.768139879734953,,,2.9493315233914026,3.172317228345275,4.55459851950235,2.7674575286932583,0.2229857049538726,1.7871409908090916,-0.07033022529193618,0.9829713953615502,-0.16976717972373992
2654,08062025061654620,0,0,Puzzle,0,0.0,0,-6.561834100000001,-4.53303732,11.186244400000001,13.73820067828997,7.111464999999999,11.900993,3.011916000000001,254.90897828285648,7.725327762764822,,,2.909049255611874,2.9492304874717816,4.996358679222099,2.7805352151501332,0.04018123185990774,2.2158234640719656,-0.07867379348139482,0.9881424042665373,-0.13185227760487894
2655,08062025061654816,0,0,Puzzle,0,0.0,0,-6.8683661,-4.56122819,11.303582,13.991076495952836,7.201109000000001,11.631397,3.0767700000000016,257.70704803425076,7.476283910609554,,,2.911835956339745,3.6485270880329517,4.610199738922924,2.7817611051048226,0.7366911316932065,1.8284386338181018,-0.10005983099647313,0.9873411756438839,-0.12306678308589396
2656,08062025061655024,0,0,Puzzle,0,0.0,0,-6.827433500000001,-4.6856656800000005,11.495781000000001,14.16764948259284,6.504374000000001,11.889057000000001,3.7995800000000006,293.8248393274497,7.425175082152387,,,2.908705557185189,3.708561057881161,4.443753321772599,2.7687112880685127,0.7998555006959722,1.675042033704086,-0.10951276320291108,0.9815715042754486,-0.15660247983380002
2657,08062025061655220,0,0,Puzzle,0,0.0,0,-6.8169056,-4.70339216,11.4868581,14.161214947157479,6.551807000000001,11.883447,3.836989000000001,298.7404861644397,7.438214304265725,,,2.90945826583249,3.6615684142429408,4.453692989006426,2.7646848577848786,0.7521101484104507,1.6890081312215477,-0.11917544948866798,0.9813068319715572,-0.15110960844737764
2658,08062025061655420,0,0,Puzzle,0,0.0,0,-6.851378999999999,-4.7092346,11.2638022,13.999697308163594,7.225831999999999,12.092781,2.684348,234.55941249860143,7.710559856769092,,,2.911244414178411,3.659612602029619,5.031956095642529,2.751118226613316,0.7483681878512081,2.2808378690292126,-0.10069371657890494,0.9826242805232495,-0.1559176024946941
2659,08062025061655620,0,0,Puzzle,0,0.0,0,-6.8161735,-4.61716877,11.322009,13.998798392320912,5.829727,12.639896,3.2989700000000006,243.0916741044156,7.886842113389083,,,2.2704738588558993,3.582013273509423,4.94160813271348,2.7160818035510266,1.3115394146535237,2.225526329162453,0.05308170684800562,0.9858323119244043,-0.15911312065284414
2660,08062025061655822,0,0,Puzzle,0,0.0,0,-5.8665541,-4.272813421,11.28459,13.416980398249247,7.126284000000001,12.576674,3.180670000000001,285.0673919411116,7.871018176233794,,,3.214199785179664,3.2070386142328196,4.797322897638016,5.060517690143668,0.007161170946844653,0.2631947925056526,-0.07219813929017327,0.9826359430067624,-0.17092112857762037
2661,08062025061656017,1,0,Puzzle,0,0.0,0,-5.216476500000001,-3.8941856340000003,11.0250074,12.803401774417571,6.540324,12.732621,1.5635759999999994,130.2075211353103,7.773298498295504,,,3.4306487007376467,2.7758743451019106,5.211396262802992,5.39211529407013,0.6547743556357362,0.18071903126713718,-0.1891857963730134,0.9609359482588046,-0.20201692452530065
2662,08062025061656217,1,1,Puzzle,0,0.0,0,-4.2389153,-3.1185200899999996,11.387877,12.54501148024332,6.998053,14.796523,2.7870100000000004,288.58611246552863,8.04853275865115,,,3.8825579457871124,3.031867102754191,5.385571362179505,5.295870583370124,0.8506908430329214,0.0897007788093811,-0.01814784844033969,0.9770169210445293,-0.2123878329604934
2663,08062025061656417,1,1,Puzzle,0,0.0,0,-2.96329907,-2.84268037,11.718549,12.417180184311057,7.5448771,14.919716000000001,3.01759,339.68233174160446,8.152199059703259,,,3.8632625906744935,3.0836425939205943,5.451480334368362,5.3745592088928635,0.7796199967538993,0.0769211254754989,0.06881450487841621,0.9720409888388716,-0.224501402969975
2664,08062025061656623,1,1,Puzzle,0,0.0,0,-2.71570875,-2.85047443,11.796038000000001,12.435706292300186,9.882963,14.952045,2.3410699999999984,345.94110201487865,7.776562175623345,,,2.3116149278177796,3.1707803367801093,5.50786056540877,5.333263392820669,0.8591654089623297,0.1745971725881006,0.12447536551666603,0.967491798528236,-0.2201488204830802
2665,08062025061656813,1,1,Puzzle,0,0.0,0,-2.41437932,-2.84710349,11.869236999999998,12.442427928092764,9.410667,15.038761999999998,2.1161399999999997,299.4862506456998,7.722556461488669,,,2.381262627144054,3.098398511652019,5.483958892227038,5.352246217788378,0.717135884507965,0.13171267443866075,0.1504665693075573,0.964849114641042,-0.2154669290104902
2666,08062025061657022,1,1,Puzzle,0,0.0,0,-2.27620544,-2.8270505900000003,11.936632,12.476237804199185,9.591328,15.044286,1.9123999999999999,275.9491489996776,7.744954300527821,,,2.656859167817707,3.0663461024992285,5.44313369563756,5.351836369461796,0.4094869346815213,0.09129732617576458,0.16337416555514564,0.9628940488928921,-0.2148113885151637
2667,08062025061657213,1,1,Puzzle,0,0.0,0,-2.2732976799999998,-2.8132624500000003,11.992030000000002,12.5256182073131,9.744142,15.041877,1.8855700000000013,276.3683445497944,7.738329426568444,,,2.7721384313233717,3.0712651199597296,5.4531668584782,5.356549489515546,0.29912668863635794,0.09661736896265438,0.16522927055107411,0.9613499808849575,-0.22023964766965037
2668,08062025061657420,1,1,Puzzle,0,0.0,0,-2.45990459,-2.84094493,11.988328000000001,12.563522870707077,9.478066,15.019466999999999,1.8817500000000003,267.87746120448935,7.708209898919385,,,2.5066971714931983,3.047287839659078,5.368132573253477,5.37308117253194,0.5405906681658799,0.004948599278463028,0.13914076887376234,0.9619382442318805,-0.2351906901246423
2669,08062025061657614,1,1,Puzzle,0,0.0,0,-2.9142318099999995,-2.92624344,11.898862,12.595180213383328,9.351036,14.949255,1.8531700000000004,259.0565276433529,7.697527034450174,,,2.2968880703083903,3.074724750669037,5.370740065598782,5.220807926927882,0.7778366803606467,0.14993213867090027,0.0982704918881972,0.9679415536162694,-0.23115375663608484
2670,08062025061657815,1,1,Puzzle,0,0.0,0,-3.54761138,-3.02216313,11.781096999999999,12.669382897807056,9.802305500000001,14.878472000000002,1.79913,262.39110655566486,7.721025627232471,,,2.7821119958696863,3.078671288354,5.321646166146055,5.173660592717501,0.2965592924843139,0.14798557342855378,0.049248037418341085,0.9742887636055821,-0.21985457903429664
2671,08062025061658015,1,1,Puzzle,0,0.0,0,-4.08298557,-3.07790615,11.760928,12.824340328228196,9.7180083,14.818636999999999,1.7853200000000005,257.0997151327819,7.729113854596972,,,2.774451872351553,2.9788125026671586,5.268957749248424,5.075071673028865,0.20436063031560536,0.19388607621955867,0.00925765199324796,0.9753231205857466,-0.2205880919960394
2672,08062025061658220,0,0,Puzzle,0,0.0,0,-4.54863574,-3.08523013,11.737343000000001,12.96047656337969,9.748603600000001,14.803836,1.9294700000000002,278.4547989558512,7.769132252867374,,,2.7762425110613833,2.99339056435501,5.237363104124155,5.101601102519187,0.21714805329362674,0.13576200160496743,-0.027252268855642678,0.973845106414299,-0.22557265471493337
2673,08062025061658418,1,1,Puzzle,0,0.0,0,-4.9716564,-3.05874604,11.704650999999998,13.0794552535141,9.762474000000001,14.867619999999999,1.8784800000000015,272.65151691512295,7.865889653838022,,,2.7926365386581002,2.9936937043268625,5.250649591305821,5.123730412052726,0.2010571656687623,0.12691917925309504,-0.07859214729433915,0.9719299616777558,-0.22175532457359648
2674,08062025061658612,1,1,Puzzle,0,0.0,0,-5.2697412,-3.0828741690999997,11.716000000000001,13.211318687303,9.62172,15.019762,1.94271,280.7525704048486,7.853224653413302,,,2.789833182380631,2.94847774336864,5.287740884687619,5.047750230085875,0.15864456098800916,0.23999065460174318,-0.14525571628895403,0.9652064939796764,-0.21743321012403743
2675,08062025061658819,1,1,Puzzle,0,0.0,0,-5.5000535,-3.11149544,11.797068999999999,13.38293052237678,9.448556,15.00328,1.9704999999999995,279.33676225508134,7.902740272357458,,,2.7632746258912158,2.9093708498337985,5.258661867058197,5.00140761226657,0.1460962239425827,0.25725425479162656,-0.2055297974620317,0.9537175989387732,-0.21949998594459522
2676,08062025061659043,1,1,Puzzle,0,0.0,0,-5.5100964,-3.2419797599999995,11.743431000000001,13.370855124235833,9.495595,15.046244000000002,2.32949,332.82131630772886,8.047277636966717,,,2.7626559432485323,2.8187724275367887,5.178915427554113,5.231112784436213,0.05611648428825644,0.052197356882100365,-0.25034273895172693,0.9412335453791493,-0.22673316058120982
2677,08062025061659226,1,1,Puzzle,0,0.0,0,-5.9718383,-3.3684601734000004,11.3811729,13.286853397280458,8.624334999999999,15.180545,4.7793009999999985,625.71615003732,8.16029547727529,,,2.762955690783812,2.8101508436336577,5.065364581214366,5.8393319451444965,0.047195152849845545,0.7739673639301303,-0.22598158620231457,0.952197208293788,-0.20555485694821846
2678,08062025061659419,1,1,Puzzle,0,0.0,0,-6.6540932,-3.102037,11.1517128,13.351415214775514,7.577000999999999,14.815608000000001,4.421882,496.3910840355281,7.766060162894135,,,2.770252976435771,2.7452587893587173,4.904720467458364,5.531019929031716,0.02499418707705381,0.6262994615733524,-0.20842653294693764,0.9614862041239335,-0.17917215085796334
2679,08062025061659619,1,1,Puzzle,0,0.0,0,-6.6115607,-3.87674649,10.5596301,13.047899681034409,6.0090889999999995,13.801213,2.728337,226.2684009153875,7.15980350430256,,,2.7704222094539737,2.5043465481124234,5.033695495844877,4.877981587061291,0.26607566134155025,0.1557139087835857,-0.02326330109325463,0.9743905436248956,-0.22365573392297575
2680,08062025061659816,0,0,Puzzle,0,0.0,0,-7.770517499999999,-5.0699943,9.795564199999998,13.49217782332268,9.523458,10.679856000000001,7.359035999999999,748.4813704263734,7.058943984941232,,,2.7570198505435175,2.8738182358545226,4.20698023944444,5.379615767665382,0.11679838531100506,1.1726355282209422,0.10979606477489637,0.9390158627648185,-0.32587426046865087
2681,08062025061700024,0,0,Puzzle,0,0.0,0,-7.1815815,-4.28642115,9.327552200000001,12.528038520057098,7.620008,10.5692466,7.144176,575.3758152497113,7.638924968270327,,,3.2187163791439044,2.7225928812729165,3.8029766217657714,5.312356939162691,0.49612349787098786,1.5093803173969196,0.1011346143558268,0.924186275967238,-0.3683089967580299
2682,08062025061700217,0,0,Puzzle,10,1.0,0,,,,,,,,,,,,,,,,,,,,
2683,08062025061700413,0,0,Puzzle,10,1.0,0,,,,,,,,,,,,,,,,,,,,
2684,08062025061700613,0,0,Puzzle,10,1.0,0,,,,,,,,,,,,,,,,,,,,
2685,08062025061700814,0,0,Puzzle,10,1.0,0,,,,,,,,,,,,,,,,,,,,
2686,08062025061701017,0,0,Puzzle,10,1.0,0,,,,,,,,,,,,,,,,,,,,
2687,08062025061701213,0,0,Puzzle,10,1.0,0,,,,,,,,,,,,,,,,,,,,
2688,08062025061701416,0,0,Puzzle,10,1.0,0,,,,,,,,,,,,,,,,,,,,
2689,08062025061701614,0,0,Puzzle,10,1.0,0,,,,,,,,,,,,,,,,,,,,
2690,08062025061701819,0,0,Puzzle,10,1.0,0,,,,,,,,,,,,,,,,,,,,
2691,08062025061702016,0,0,Puzzle,10,1.0,0,,,,,,,,,,,,,,,,,,,,
2692,08062025061702213,0,0,Puzzle,10,1.0,0,,,,,,,,,,,,,,,,,,,,
2693,08062025061702419,0,0,Puzzle,10,1.0,0,,,,,,,,,,,,,,,,,,,,
2694,08062025061702616,0,0,Puzzle,10,1.0,0,,,,,,,,,,,,,,,,,,,,
2695,08062025061702816,0,0,Puzzle,10,1.0,0,,,,,,,,,,,,,,,,,,,,
2696,08062025061703017,0,0,Puzzle,10,1.0,0,,,,,,,,,,,,,,,,,,,,
2698,08062025061703413,0,0,Puzzle,10,1.0,0,,,,,,,,,,,,,,,,,,,,
2699,08062025061703618,0,0,Puzzle,10,1.0,0,,,,,,,,,,,,,,,,,,,,
2700,08062025061703815,0,0,Puzzle,10,1.0,0,,,,,,,,,,,,,,,,,,,,
5101,08062025071039871,0,0,Sea,0,0.0,45,0.0,0.0,0.0,0.0,0.0,0.0,0.0,0.0,,0.0,False,0.0,0.0,0.0,0.0,0.0,0.0,,,
5102,08062025071044823,0,0,Sea,0,0.0,0,0.13551641699999997,0.28148227000000003,-0.068142383,0.31975045263734886,4.184078,9.077138999999999,0.04359999999999999,1.6559043510479108,6.461764191770644,0.28148227000000003,False,2.4876852235345392,2.4224686333014698,0.9310964214473226,0.8253980846191734,0.06521659023306947,0.10569833682814922,-0.01996494669612711,0.9997987476593908,0.0019659812142457677
5103,08062025071045188,0,0,Sea,0,0.0,0,0.56540355,0.23994521999999985,-0.067952386,0.6179582588788208,4.227669000000001,9.103038999999999,0.043399999999999994,1.670233193116349,6.526252229998528,0.23994521999999985,False,2.4738344128121916,2.5437834778865436,0.749364159984323,0.45185542570716136,0.06994906507435195,0.2975087342771617,0.014700428675018964,0.9998901456048623,0.001895816198334949
5104,08062025071045481,0,0,Sea,0,0.0,0,0.6412277599999998,0.24156208000000007,-0.068162386,0.6886010380138538,3.841221,9.143629,0.043699989999999994,1.5348616270180957,6.565688402832507,0.24156208000000007,False,2.445196652463407,2.4516162078571764,0.7156066744443139,0.459317641549941,0.006419555393769372,0.25628903289437294,0.018770447368007686,0.9998223564212465,0.001710527950837553
5105,08062025071045724,0,0,Sea,0,0.0,0,0.5144736099999999,0.21935766000000007,-0.067012384,0.5632863729902146,3.9014439999999997,9.18846,0.04259999,1.5271356085212024,6.632336051730334,0.21935766000000007,False,2.539319397391004,2.4503324336543826,0.6667921109508197,0.44196083164122146,0.0889869637366214,0.22483127930959823,0.0036247847634057677,0.999992557908827,0.001321008092435359
5106,08062025071045954,0,0,Sea,0,0.0,0,0.38122201999999994,0.17663248000000015,-0.065482382,0.4252260620848924,4.061568,9.224907,0.04359999999999999,1.6335867964340733,6.683861175838024,0.17663248000000015,False,2.495672616496701,2.5685350031325815,0.826559410722599,0.6085799677577302,0.0728623866358804,0.21797944296486882,-0.010502073714337121,0.999943852622389,0.0014135241039438464
5107,08062025071046152,0,0,Sea,0,0.0,0,0.16998702660000006,0.09712753000000011,-0.064592386,0.20615897415679738,4.097843,9.403624,0.046399989999999995,1.788003884586937,6.7538115429316665,0.09712753000000011,False,2.5486639119509444,2.5239270293555016,0.9937382263238946,0.7039799837907325,0.024736882595442822,0.2897582425331622,-0.03678934653126703,0.9993215152044596,0.001747349783418225
5108,08062025071046361,0,0,Sea,0,0.0,0,0.013437890000000046,-0.009287269999999959,-0.063422384,0.06549220613132876,4.237397,10.283994999999999,0.05039999999999999,2.1962994258751554,6.86216450968929,0.009287269999999959,True,2.587653518698454,2.4793241089020532,1.114607730513188,1.1812715620889211,0.10832940979640071,0.06666383157573308,-0.05787932353785849,0.9983213882138623,0.00209517100652491
5109,08062025071046563,0,0,Sea,0,0.0,0,0.024526680000000096,-0.08851509800000001,-0.060582384999999996,0.11003047749628389,4.502242,10.424063,0.05589999,2.6234790032163087,6.98772787088136,0.08851509800000001,True,2.627529051590296,2.5556020883299415,1.146185413713523,1.2700240662471716,0.07192696326035453,0.12383865253364856,-0.05885513613342867,0.998263851925898,0.002314063262793808
5110,08062025071046752,0,0,Sea,0,0.0,0,0.2662722900599999,-0.3134663000000001,-0.056902383,0.41521071142320676,4.737727,10.51566,0.060099999999999994,2.994201610919682,7.286494261962481,0.3134663000000001,True,2.7809156527095533,2.765842645746068,1.6960456321930877,1.2700240662471716,0.015073006963485458,0.4260215659459161,-0.02447735164981386,0.9996989486801472,0.001694480457206339
5111,08062025071046958,0,0,Sea,0,0.0,0,0.6574610999999998,-0.41826707999999985,-0.051462385,0.7809294624323148,4.975761,10.976044,0.0676,3.691918004857118,7.850018333389891,0.41826707999999985,True,3.201968057346138,3.0975670035661866,1.6960456321930877,1.2700240662471716,0.10440105377995135,0.4260215659459161,0.024878921265655364,0.9996893906246024,0.0014702208230901702
5112,08062025071047159,0,0,Sea,0,0.0,0,0.85111916,-0.49164014999999994,-0.04904238400000001,0.9841336377949549,5.267004,11.09752,0.07099999,4.149997853828857,8.052410596692829,0.49164014999999994,True,3.3889380014401267,3.257975790640103,1.6960456321930877,1.2700240662471716,0.1309622108000239,0.4260215659459161,0.04119127313124044,0.9991502912238351,0.0014051922121323163
5113,08062025071047366,0,0,Sea,0,0.0,0,0.85880457,-0.5608588,-0.046402385000000004,1.026772157941582,5.389916,11.336381,0.07529999,4.600990631428486,8.373979734138707,0.5608588,True,3.5691659810679863,3.3395816307154402,1.6960456321930877,1.2700240662471716,0.2295843503525461,0.4260215659459161,0.0511911203572277,0.9986883186537583,0.0010542206130947761
5114,08062025071047549,0,0,Sea,0,0.0,0,0.7263959599999998,-0.616208,-0.04566238300000001,0.9536500632776993,5.619803,11.348419,0.07409998999999999,4.725792006623172,8.449675363363045,0.616208,True,3.7058233822384197,3.5728218451972946,1.6960456321930877,1.2700240662471716,0.13300153704112505,0.4260215659459161,0.06843795324749358,0.9976551808703894,0.0006218020300065158
5115,08062025071047746,0,0,Sea,0,0.0,0,0.62677181,-0.6546573,-0.044862384,0.9074313834952644,5.623847,11.348419,0.07409998999999999,4.729192677941149,8.497245607886551,0.6546573,True,3.83875113112559,3.511310570049736,1.6960456321930877,1.2700240662471716,0.3274405610758544,0.4260215659459161,0.09218109948503857,0.9957421509621494,0.00046227156683460247
5116,08062025071047956,0,0,Sea,0,0.0,0,0.5661572899999998,-0.6569083999999998,-0.04482238400000001,0.8683730587242716,5.652046,11.348419,0.07409998999999999,4.752905717133942,8.505690978915586,0.6569083999999998,True,3.679761465337665,3.4503578808978643,1.6960456321930877,1.2700240662471716,0.22940358443980058,0.4260215659459161,0.10432840546100501,0.9945428148127298,0.0004163151887139147
5117,08062025071048159,0,0,Sea,0,0.0,0,0.5111685699999999,-0.6744002,-0.044902387,0.8474226578716093,5.702955,11.348419,0.07409998999999999,4.795715998075315,8.529071570242206,0.6744002,True,3.7577654732147665,3.487510628644019,1.6960456321930877,1.2700240662471716,0.27025484457074755,0.4260215659459161,0.11326380223164309,0.9935648546216499,0.0004367661742504062
5118,08062025071048353,0,0,Sea,0,0.0,0,0.48299127000000003,-0.6756838999999999,-0.045142384,0.8317855098813793,5.766705,11.348419,0.07409998999999999,4.849324503644323,8.53355095867721,0.6756838999999999,True,3.8208913891170733,3.4602663363603963,1.6960456321930877,1.2700240662471716,0.360625052756677,0.4260215659459161,0.11837654552437908,0.992968629075126,0.0005432700798896378
5119,08062025071048559,0,0,Sea,0,0.0,0,0.5933175800000001,-0.6709596,-0.045722385,0.8968294553923308,5.657597,11.348419,0.07409998999999999,4.757573651477683,8.516837529155143,0.6709596,True,3.7108222815783023,3.629067315293283,1.6960456321930877,1.2700240662471716,0.08175496628501921,0.4260215659459161,0.10545055009692476,0.9944243399951561,0.000643047007591879
5120,08062025071048759,0,0,Sea,0,0.0,0,0.71551765,-0.6296398,-0.045912386000000006,0.9542115763255943,5.471252,11.291485,0.0775,4.7878383914145495,8.384872861622714,0.6296398,True,3.599674246004213,3.451317762273564,1.6960456321930877,1.2700240662471716,0.14835648373064902,0.4260215659459161,0.03944628965804832,0.9992210220798295,0.001157266587283714
5121,08062025071048952,0,0,Sea,0,0.0,0,0.8814999699999999,-0.6101502999999999,-0.046812386000000004,1.0730875943664169,5.302852,11.199843,0.07729999,4.590932197666744,8.291078493054982,0.6101502999999999,True,3.4549765709071023,3.5604255924573116,1.6960456321930877,1.2700240662471716,0.1054490215502093,0.4260215659459161,0.058725457622420964,0.9982730630983072,0.0014873195219611273
5122,08062025071049149,0,0,Sea,0,0.0,0,0.9355280699999999,-0.5637863,-0.047462386,1.0933071114332091,5.383417,11.170020000000001,0.07819999,4.702390267333432,8.220694719158447,0.5637863,True,3.2706673480138577,3.4055497985037597,1.6960456321930877,1.2700240662471716,0.134882450489902,0.4260215659459161,0.07271881178985258,0.9973510063888251,0.0017159449494772321
5123,08062025071049363,0,0,Sea,0,0.0,0,0.76777142,-0.5560417000000001,-0.048272386,0.949202585730696,5.426475,11.100877,0.07449998999999999,4.487777445747522,8.11927460315827,0.5560417000000001,True,3.315242502217447,3.4208863263489184,1.6960456321930877,1.2700240662471716,0.10564382413147122,0.4260215659459161,0.05096015917032664,0.9986996551722316,0.0014355961133758672
5124,08062025071049563,0,0,Sea,0,0.0,0,0.31811104999999995,-0.5455189,-0.049082384,0.633399234928837,5.209882,10.975052,0.07209999,4.122585562997336,7.973423613731836,0.5455189,True,3.239790482179519,3.3193745495808393,1.6960456321930877,1.2700240662471716,0.07958406740132018,0.4260215659459161,0.014357320990886609,0.9998960652788218,0.0013137632567356496
5125,08062025071049761,0,0,Sea,0,0.0,0,-0.11895304999999998,-0.52241576,-0.050152383999999994,0.5381294602802968,5.230016,10.868889,0.07139999,4.05869411633216,7.874241117552089,0.52241576,True,3.106380060577263,3.1694919747393273,1.6960456321930877,1.2700240662471716,0.06311191416206441,0.4260215659459161,-0.041416995625637304,0.9991407265777199,0.0015623594631463634
5126,08062025071049953,0,0,Sea,0,0.0,0,-0.39460149,-0.50218473,-0.05162238500000001,0.6407532361123751,5.40704,10.751506,0.07089999,4.121687469520586,7.778820597692274,0.50218473,True,3.038653163701807,3.0150957651301886,1.6960456321930877,1.2700240662471716,0.023557398571618204,0.4260215659459161,-0.08011825306131072,0.9967836578754049,0.001845242241951664
5127,08062025071050159,0,0,Sea,0,0.0,0,-0.5126251300000001,-0.4908599599999999,-0.051912384,0.711633978848173,5.644149,10.736267999999999,0.07009999,4.24785584437387,7.768040459117573,0.4908599599999999,True,3.1189335644168503,3.0044307147865803,1.6960456321930877,1.2700240662471716,0.11450284963027002,0.4260215659459161,-0.09391316115035463,0.9955788110345897,0.001774593390213473
5128,08062025071050349,0,0,Sea,0,0.0,0,-0.51366039,-0.4682254800000001,-0.051592383000000006,0.6969532770278085,5.637041,10.783339,0.06969998999999999,4.2367922391137185,7.785689305884789,0.4682254800000001,True,3.026475102766418,2.9971323485850605,1.6960456321930877,1.2700240662471716,0.029342754181357567,0.4260215659459161,-0.08532149639128747,0.9963519663621142,0.0017324491045262976
5129,08062025071050553,0,0,Sea,0,0.0,0,-0.4127008200000001,-0.42728510999999986,-0.052472386999999995,0.5963622082709988,5.3251669999999995,10.769141999999999,0.06949999,3.985649258496826,7.726546706995326,0.42728510999999986,True,3.0159578900243287,3.001007548472346,1.6960456321930877,1.2700240662471716,0.014950341551982493,0.4260215659459161,-0.07889237805764562,0.9968808661494883,0.002128706051888618
5130,08062025071050753,0,0,Sea,0,0.0,0,-0.36473845999999993,-0.3377174899999999,-0.054622384,0.5000708470696078,5.225409,10.64066,0.06939999999999999,3.8587649567778355,7.513948201471508,0.3377174899999999,True,2.9751536879998315,2.6251511892867505,1.6960456321930877,1.2700240662471716,0.350002498713081,0.4260215659459161,-0.1011975015588467,0.9948621270209591,0.002900671918771978
5131,08062025071050963,0,0,Sea,0,0.0,0,-0.28285833000000005,-0.28795391,-0.057562387000000007,0.407725051391026,4.9363,10.362712,0.06429999,3.2891666607575276,7.230903121425059,0.28795391,True,2.9053156317538034,2.607559608565764,1.6960456321930877,1.3997460872980676,0.2977560231880392,0.2962995448950201,-0.07647967739753439,0.9970676220183253,0.002648786116525529
5132,08062025071051139,0,0,Sea,0,0.0,0,0.07420825200000006,-0.1047949179999998,-0.06082238499999999,0.14208519282673485,4.754992,10.268382,0.05809999,2.8367944264163034,6.917286884308233,0.1047949179999998,True,2.7061344214876413,2.557784544846866,1.6960456321930877,0.8522316542199602,0.14834987664077515,0.8438139779731275,-0.015890758981650994,0.9998700765833083,0.0027043912949713807
5133,08062025071051360,0,0,Sea,0,0.0,0,0.39650180999999984,0.02155160999999999,-0.063812387,0.4021817722889811,4.394848,10.057306,0.05429998999999999,2.4000775399568868,6.721114994331108,0.02155160999999999,False,2.3885833836867176,2.518917416571246,1.8245010648660664,0.7173703326713478,0.13033403288452838,1.1071307321947188,0.04710473240285163,0.9988853661386617,0.0030281181099029767
5134,08062025071051548,0,0,Sea,0,0.0,0,0.3992799400000001,0.014256069999999977,-0.064012384,0.40462982011168186,4.510114,10.080751,0.03710000000000001,1.6867639735992797,6.760987015421522,0.014256069999999977,False,2.4118420155997446,2.4430900760574685,0.7724273497229625,0.7124810553874397,0.03124806045772388,0.05994629433552279,0.06741336073779654,0.9977212241293704,0.002792439046147261
5135,08062025071051748,0,0,Sea,0,0.0,0,0.33572521999999994,0.04228752000000009,-0.064332383,0.3444391284309282,4.548953,10.094801,0.034300000000000004,1.5750825925620082,6.744931288483645,0.04228752000000009,False,2.5315949111340084,2.3508544529157396,0.930327597739769,0.7060845182738393,0.18074045821826878,0.2242430794659297,0.05208740551025652,0.9986400106227308,0.002243071697982809
5136,08062025071051948,0,0,Sea,0,0.0,0,0.2345942500000001,0.03235889000000003,-0.063312384,0.24513265360383568,4.312687,10.103859,0.03300001,1.4379682205992028,6.758367974051618,0.03235889000000003,False,2.5591866968227017,2.3618257260643847,0.9271366217236219,0.7597390390370893,0.19736097075831704,0.1673975826865326,0.022728276043924273,0.9997397171366125,0.001980769465970468
5137,08062025071052148,0,0,Sea,0,0.0,0,0.005294538999999987,-0.01534279000000005,-0.061662384,0.06376270813547742,4.199633,10.126874,0.031800010000000004,1.3524275300358382,6.831058209749277,0.01534279000000005,True,2.5378534622603723,2.506477884842961,0.8540310837500528,0.8717056036454566,0.03137557741741137,0.017674519895403806,-0.01951080613549476,0.9998085132142904,0.0015051073627107333
5138,08062025071052356,0,0,Sea,0,0.0,0,-0.34099140000000006,-0.06704741000000017,-0.061702385000000005,0.35295562663932184,4.736732,10.129614,0.033300010000000005,1.5977766636348865,6.900687997454343,0.06704741000000017,True,2.5665656350908232,2.518850878972396,0.9042989180552027,1.015940985741416,0.04771475611842746,0.11164206768621321,-0.05856137731623543,0.9982823275596269,0.0017203397801513348
5139,08062025071052556,0,0,Sea,0,0.0,0,-0.5205972400000001,0.2382104,-0.059522386000000004,0.5755941238398031,10.012285,10.125504,0.03320000000000001,3.3657971363124486,6.58827635026411,0.2382104,False,3.2449609480458177,2.9341698891965153,0.9543350120133968,1.1740123330097516,0.31079105884930236,0.21967732099635484,-0.06340915509828074,0.9979862740460581,0.0016358072588969646
5140,08062025071052755,0,0,Sea,0,0.0,0,-0.4608357099999999,0.8349184700000002,-0.058842385,0.9554689055279787,12.174149,10.129246,0.033400000000000006,4.118719332059245,6.586157191123334,0.8349184700000002,False,2.4066481375543876,3.2027052839825894,0.9767325154134114,1.2190100104421455,0.7960571464282018,0.24227749502873408,-0.06135589354468152,0.9981146555486781,0.001608945703708245
5141,08062025071052965,0,0,Sea,0,0.0,0,-0.3846835500000001,1.9192131500000003,-0.05769238699999999,1.9582361860335653,12.938472999999998,10.184647,0.03440000000000001,4.533018039706667,7.706612445814628,1.9192131500000003,False,2.3437905609716916,3.186056563541834,1.132655233537377,1.2476069233111082,0.8422660025701423,0.11495168977373127,-0.0511139641893344,0.9986912668030554,0.001765297753940758
5142,08062025071053150,0,0,Sea,0,0.0,0,-0.3436762399999999,1.8029021299999997,-0.05803238200000001,1.8362835308469296,12.724345,10.221194,0.03470001,4.5130138578271595,7.359788844147616,1.8029021299999997,False,2.164735304037655,2.933132516605583,1.1194402873582896,1.2307176246470997,0.7683972125679279,0.11127733728881006,-0.04409860078367878,0.9990260301332421,0.001518066248914322
5143,08062025071053354,0,0,Sea,0,0.0,0,-0.31678722000000004,1.7874251700000001,-0.058162385999999996,1.8162119216242554,12.674958,10.223791,0.03470001,4.496639712805712,7.376414781121648,1.7874251700000001,False,2.1440985187357877,2.9296628365578186,1.1116674765113037,1.205029217765565,0.7855643178220308,0.09336174125426133,-0.045883546794397934,0.9989455933521841,0.0015497276596602722
5144,08062025071053561,0,0,Sea,0,0.0,0,-0.24808432999999996,1.7827428300000001,-0.058012386000000006,1.8008562601266576,12.817183,10.230744999999999,0.03470001,4.550189093222633,7.562446885743479,1.7827428300000001,False,2.1695573001001844,3.057553254897288,1.0951356354075097,1.1546921388617357,0.8879959547971037,0.05955650345422603,-0.0530523281775834,0.9985906034049971,0.0015024201083167594
5145,08062025071053769,0,0,Sea,0,0.0,0,-0.20334333999999998,1.7491948299999998,-0.057992387,1.7619291087245939,12.918359,10.236514,0.03460001000000001,4.5754694339038275,7.600861622315468,1.7491948299999998,False,2.203961500993155,3.1144100092902027,1.0811610989871077,1.1262119379940703,0.9104485082970477,0.045050839006962606,-0.054508062905397586,0.9985122944908056,0.0014383424515533028
5146,08062025071053956,0,0,Sea,0,0.0,0,-0.18522758000000006,1.72951146,-0.058022384999999996,1.7403694273989865,12.905687,10.238678,0.03490001000000001,4.611588678678068,7.559957744554238,1.72951146,False,2.2155336417967124,3.093453397110744,1.0746189006894538,1.1112004355613616,0.8779197553140317,0.03658153487190785,-0.0510809477466015,0.9986934829276716,0.0014366402143875894
5147,08062025071054160,0,0,Sea,0,0.0,0,-0.16731534000000003,1.7158699000000006,-0.057982384,1.724982867619169,12.911292,10.239532,0.035100000000000006,4.640416124596576,7.525515451064713,1.7158699000000006,False,2.2662122716173347,3.064425918059041,1.0607620213910425,1.0490964996429117,0.7982136464417064,0.011665521748130736,-0.046255546206452135,0.9989285179299,0.0014968338305687895
5148,08062025071054354,0,0,Sea,0,0.0,0,-0.05945998000000009,1.70401933,-0.057142386,1.7060136630499247,12.962017,10.25282,0.036000000000000004,4.78430017696584,7.53023318182949,1.70401933,False,2.3481644091870995,3.0178362898389635,1.0195529284758147,0.6938825492379814,0.669671880651864,0.32567037923783326,-0.03898209354910253,0.9992385829534352,0.0016281031110119775
5149,08062025071054559,0,0,Sea,0,0.0,0,0.31852117999999985,1.69649268,-0.055732382999999996,1.7270348154907107,13.043931,10.303881,0.03660001000000001,4.9191552723724525,7.53468196000996,1.69649268,False,2.628011535902002,2.715740801631297,0.8838702890574838,0.39998878405775345,0.08772926572929496,0.4838815049997303,-0.007390649719348586,0.9999718371267792,0.0013050862117819334
5150,08062025071054747,0,0,Sea,0,0.0,0,0.6634595599999997,1.7272768400000005,-0.054982385,1.851131257479077,13.140577,10.410995,0.03780001000000001,5.171286366652363,7.524160333640413,1.7272768400000005,False,3.033953516610959,2.3030808165624586,0.8953191995095885,0.25772477937520893,0.7308727000485002,0.6375944201343795,0.01095467546568752,0.9999390536778759,0.0013725943447797926
5151,08062025071054969,0,0,Sea,0,0.0,0,0.9315366599999999,1.7418723299999996,-0.054462385,1.9760682969784904,12.816592,10.456676999999999,0.03900001000000001,5.226740888796204,7.4504481887998235,1.7418723299999996,False,3.113648356092736,1.8410312257916759,0.9652095370548511,0.41381174202165916,1.2726171303010603,0.551397795033192,0.045884149712598986,0.9989454976257675,0.0015929778277408426
5152,08062025071055142,0,0,Sea,0,0.0,0,1.06240536,1.7497801199999998,-0.054542388,2.047781846142964,12.527173000000001,10.463842,0.040100000000000004,5.2564025950445075,7.365602562316711,1.7497801199999998,False,3.0063554125369145,1.6033188613435567,0.9820398157203404,0.5134479065815732,1.4030365511933578,0.46859190913876714,0.0563926470356944,0.9984073308818731,0.001634319932514903
5153,08062025071055349,0,0,Sea,0,0.0,0,0.9838578999999997,1.7353439699999995,-0.054992386000000004,1.9955999659565395,12.689959,10.416943,0.038900000000000004,5.14221354548061,7.425976302192959,1.7353439699999995,False,3.0031447268137113,1.8016274014262768,0.9704089907377405,0.5124706410507829,1.2015173253874345,0.45793834968695757,0.025330183288691514,0.9996781635590453,0.0013968241750974405
5154,08062025071055549,0,0,Sea,0,0.0,0,0.6582564700000001,1.7166803899999998,-0.056722385,1.8394321326614638,13.02322,10.364575,0.038000000000000006,5.129245336397002,7.497947636703695,1.7166803899999998,False,2.942586847964219,2.325599296444897,0.8881367226919514,0.28661508625506804,0.6169875515193222,0.6015216364368834,-0.015325937852694666,0.9998808857843499,0.0018247936977274356
5155,08062025071055749,0,0,Sea,0,0.0,0,0.4285622399999999,1.7152315000000002,-0.057552384,1.7688971052749654,13.14951,10.335424,0.03710000000000001,5.042103742087104,7.544825285745863,1.7152315000000002,False,2.9254940855392273,2.6100740763894037,0.8289416120942656,0.21070503743859553,0.3154200091498236,0.6182365746556702,-0.03446688420771068,0.9994045393726833,0.001612629618672305
5156,08062025071055960,0,0,Sea,0,0.0,0,0.3032293999999999,1.6952535100000006,-0.057692385,1.7231253417783252,13.056059000000001,10.315598999999999,0.037000000000000005,4.983199559080618,7.4798215141193625,1.6952535100000006,False,2.7508184518806402,2.6921152011344165,0.8100464556284721,0.3233084849659842,0.058703250746223734,0.4867379706624879,-0.030546514727477853,0.9995320380630841,0.001617196172761595
5157,08062025071056167,0,0,Sea,0,0.0,0,0.28464991000000006,1.6851947199999997,-0.057052387,1.7100180672850458,13.070547999999999,10.312612,0.038000000000000006,5.122076625752289,7.488034508774347,1.6851947199999997,False,2.747715511700038,2.7203582518622427,0.7977935203265379,0.36609725261192544,0.027357259837795134,0.4316962677146125,-0.025057090515493097,0.999684969038888,0.0014508248054073533
5158,08062025071056361,0,0,Sea,0,0.0,0,0.31676150999999986,1.6888943900000002,-0.056522386,1.7192721991907174,13.115828,10.335864,0.038100010000000004,5.164967446384581,7.488243886727297,1.6888943900000002,False,2.900229438390177,2.6942380997686524,0.7859790286116799,0.3731045381190103,0.20599133862152463,0.4128744904926696,-0.01811188378041125,0.9998348818484546,0.001472652372988711
5159,08062025071056560,0,0,Sea,0,0.0,0,0.37169868,1.6964675799999995,-0.056192386000000004,1.7376189867025424,13.143467,10.342217999999999,0.038700000000000005,5.260591658305493,7.516497003867668,1.6964675799999995,False,2.947932331561225,2.6044812589738475,0.7864120020733661,0.34502185898722443,0.3434510725873774,0.4413901430861417,-0.008053063994306307,0.9999663624025095,0.0015563495098430396
5160,08062025071056749,0,0,Sea,0,0.0,0,0.4190534800000001,1.69897675,-0.055932384999999994,1.7507873222731711,13.160067000000002,10.340907,0.03970001000000001,5.4026564106128205,7.535750947338186,1.69897675,False,2.960919264014134,2.5660421484537235,0.781543939790905,0.3092606420804302,0.3948771155604107,0.4722832977104748,-0.009413669795461094,0.9999544366129478,0.0015835147818233145
5161,08062025071056961,0,0,Sea,0,0.0,0,0.4436309699999999,1.6932753500000004,-0.055782382000000005,1.7513142272597337,13.19446,10.351822,0.04020001000000001,5.490786758373038,7.544567723185187,1.6932753500000004,False,2.963475695214151,2.5591330523050186,0.7633735342281655,0.29335114801207135,0.40434264290913235,0.4700223862160941,-0.012599352911129225,0.9999193788528785,0.0015786388739481084
5162,08062025071057156,0,0,Sea,0,0.0,0,0.42634123000000007,1.68973223,-0.055262389,1.743564104108786,12.886802,10.383395,0.04070000000000001,5.446016346928554,7.51643560325832,1.68973223,False,2.96143218031293,2.1941780728101805,0.7536889979813224,0.2873273429331084,0.7672541075027497,0.466361655048214,-0.013763452679408003,0.9999040710809722,0.001554350681026848
5163,08062025071057350,0,0,Sea,0,0.0,0,0.4810542299999999,1.6988247799999996,-0.054782387,1.7664710343700398,12.996248000000001,10.396393,0.04120001000000001,5.566702342559736,7.482706069345217,1.6988247799999996,False,2.865687779877285,2.3741303434959087,0.7438227096607096,0.3006285051421438,0.49155743638137617,0.44319420451856584,-0.008851738834616957,0.9999596917690697,0.0015038473029771334
5164,08062025071057550,0,0,Sea,0,0.0,0,0.52099365,1.70196756,-0.054762387,1.7807658121332557,12.796926,10.401549,0.041600000000000005,5.5372866780763585,7.427388315970581,1.70196756,False,2.650560003086329,2.37455298075701,0.7463131095031361,0.31216107266922327,0.2760070223293192,0.43415203683391285,-0.003995702297607876,0.999990708262172,0.0016179469918485771
5165,08062025071057749,0,0,Sea,0,0.0,0,0.5504417399999999,1.6975563800000004,-0.054292385,1.7853939160537995,12.987157,10.404709,0.04200000000000001,5.675358751537148,7.484805111896765,1.6975563800000004,False,2.762957612109531,2.4201925176904835,0.7498818274044515,0.3310563952727695,0.3427650944190477,0.41882543213168205,-2.977401204626106e-05,0.9999987872813777,0.0015570964266617526
5166,08062025071057961,0,0,Sea,0,0.0,0,0.5687869900000001,1.6852560500000002,-0.054402385,1.7794848168918305,12.770081999999999,10.401443,0.04200000000000001,5.578745761189693,7.4321750117620855,1.6852560500000002,False,2.6037985677165967,2.3464102738449215,0.7460587053001996,0.33671410032993887,0.25738829387167517,0.4093446049702607,-0.0008683087435161505,0.9999984790704045,0.0015125795198620614
5167,08062025071058153,0,0,Sea,0,0.0,0,0.5811572099999998,1.68323081,-0.054482385,1.781566162886893,12.740377,10.404834000000001,0.04150000000000001,5.501302572970348,7.501008824601053,1.68323081,False,2.513155079158467,2.4177140950343987,0.7344957601350808,0.33815835460032617,0.09544098412406843,0.3963374055347546,-0.004271984335713281,0.9999898215028842,0.0014515648333050023
5168,08062025071058363,0,0,Sea,0,0.0,0,0.5299394099999999,1.6497354899999999,-0.054332383,1.7336132709111183,13.010602,10.407349,0.04140001000000001,5.6058046086224165,7.590140481418494,1.6497354899999999,False,2.759308638500775,2.4555158900768697,0.698628374636931,0.3400933731389074,0.30379274842390513,0.35853500149802353,-0.017582571240361396,0.9998445082172935,0.0013463195370762224
5169,08062025071058551,0,0,Sea,0,0.0,0,0.5175871200000002,1.62899976,-0.05415238600000001,1.7101079281084703,13.043709,10.40419,0.04190001000000001,5.686217957528017,7.60286578408866,1.62899976,False,2.794082025864846,2.461443459270597,0.6841086561563158,0.3476427154680506,0.33263856659424906,0.3364659406882652,-0.019494036634218906,0.9998090079844565,0.001389276373061334
5170,08062025071058767,0,0,Sea,0,0.0,0,0.5166130400000001,1.6079784099999999,-0.053622384,1.6897807432297283,13.210270999999999,10.387288,0.04200000000000001,5.7631933562720175,7.605631909963403,1.6079784099999999,False,3.0447176549606363,2.436428318153645,0.6862214862549042,0.36221876549952536,0.6082893368069913,0.32400272075537884,-0.01843282462471076,0.9998288522154862,0.0015802701724860536
5171,08062025071058957,0,0,Sea,0,0.0,0,0.5487129799999999,1.5969037100000003,-0.054032386,1.6894102202156522,13.271459,10.370599,0.04170001000000001,5.739296618725136,7.64658418914941,1.5969037100000003,False,3.1899514069686075,2.3925064318126714,0.7014994072911894,0.850490959869651,0.797444975155936,0.14899155257846153,-0.015048465561751162,0.9998855570576998,0.001554500450322044
5172,08062025071059149,0,0,Sea,0,0.0,0,0.57760902,1.59397201,-0.05384238699999999,1.6962540939631239,13.311641999999999,10.360398,0.04100000000000001,5.654470275294157,7.708197627681825,1.59397201,False,3.2489255732688,2.3315947199507034,0.7144931904957808,0.8557241914478053,0.9173308533180964,0.14123100095202457,-0.00877030268585433,0.9999604382444375,0.001484498834992469
5173,08062025071059360,0,0,Sea,0,0.0,0,0.63484898,1.5874526399999995,-0.053862384,1.710538005441613,13.345179000000002,10.358813,0.041100000000000005,5.681672783584861,7.75950940315252,1.5874526399999995,False,3.2895675468079393,2.2835438367222123,0.7355459309871887,0.8684894779857728,1.006023710085727,0.13294354699858413,0.005492390771739837,0.9999837699291172,0.0015144378366059954
5174,08062025071059549,0,0,Sea,0,0.0,0,0.66584211,1.60102123,-0.053842385000000006,1.734795001371186,13.342773999999999,10.354997000000001,0.04150000000000001,5.7338219667796375,7.797137204987255,1.60102123,False,3.307392049463897,2.230270464012829,0.7488175663057055,0.875020098354889,1.077121585451068,0.12620253204918352,0.012431456390694384,0.9999214865896944,0.0015746581413083967
5175,08062025071059756,0,0,Sea,0,0.0,0,0.6216347200000001,1.6059381699999995,-0.054052385,1.722901271488478,13.387066,10.291104,0.040300010000000004,5.552039222649705,7.7796874346889044,1.6059381699999995,False,3.198978880988745,2.3159163166878467,0.7640050317966236,0.8574458110393917,0.8830625643008982,0.09344077924276806,0.004663980565514073,0.9999881434687442,0.001400074004707881
5176,08062025071059983,0,0,Sea,0,0.0,0,0.4563054,1.6462522499999999,-0.05391238500000001,1.7091716221478785,12.782034,10.323951000000001,0.040100000000000004,5.291639817122995,7.676908460730168,1.6462522499999999,False,2.3700489961855222,2.5784775709623697,0.6898637591474783,0.3607469807829305,0.2084285747768475,0.32911677836454784,-0.04106811681648297,0.9991553567648772,0.0014081296810720195
5177,08062025071100159,0,0,Sea,0,0.0,0,0.1847253100000002,1.6375201599999998,-0.054452385000000006,1.6488058638885323,12.808241,10.314725,0.039400000000000004,5.205271255759766,7.561703613475604,1.6375201599999998,False,2.562968322876426,2.4771400633700553,0.6534852790576081,0.426331569987492,0.08582825950637085,0.22715370907011612,-0.07289852447535011,0.9973384287042472,0.0013651956123664811
5178,08062025071100349,0,0,Sea,0,0.0,0,0.07634424000000004,1.6512545700000003,-0.054662385,1.6539220278661724,13.262272,10.295335,0.039200000000000006,5.352349697563904,8.041131455025907,1.6512545700000003,False,2.479355409660543,3.1157320528667096,0.6537213317460352,0.5098979741811098,0.6363766432061668,0.14382335756492537,-0.09056267111528168,0.9958897115227429,0.0014439818604473
5179,08062025071100555,0,0,Sea,0,0.0,0,-0.08172038200000009,1.6592953299999997,-0.055412383999999995,1.6622303526571152,13.207117,10.259287,0.03830001000000001,5.189482978411715,8.117433466576676,1.6592953299999997,False,2.333998705352255,3.243333188967023,0.7143910070049595,0.6108666637728728,0.9093344836147681,0.1035243432320867,-0.11161510446262919,0.99375035481627,0.0015168250834190211
5180,08062025071100759,0,0,Sea,0,0.0,0,-0.26502432,1.7447241599999999,-0.056282387,1.7656352940982984,13.153433,10.472897,0.037200000000000004,5.124469223000918,8.526306884190468,1.7447241599999999,False,2.1570713302039874,3.719313041169296,0.8698329721468429,0.7986799482786644,1.5622417109653086,0.07115302386817846,-0.1299508201269473,0.9915188976380594,0.001749278405875555
5181,08062025071100966,0,0,Sea,0,0.0,0,-0.48189313999999994,2.22115256,-0.054362387,2.2734764046046205,11.836495,11.070469,0.035800000000000005,4.691072724588349,7.946609283195909,2.22115256,False,2.8481342337044087,2.8321973896254122,0.9894252026398002,0.9361062746611839,0.015936844078996426,0.05331892797861626,-0.11509667450982164,0.9933525092389394,0.0018835884590407271
5182,08062025071101150,0,0,Sea,0,0.0,0,-0.3295729199999998,2.5497563099999994,-0.05423238500000001,2.5715397530594246,10.971105999999999,11.299385000000001,0.04220000000000001,5.231396874045983,7.997784860932501,2.5497563099999994,False,2.758964664524901,2.4683157092013173,1.0937459757170354,1.1525345961283808,0.2906489553235838,0.05878862041134547,-0.06099028770251973,0.9981369184464951,0.0016961250243904915
5183,08062025071101373,0,0,Sea,0,0.0,0,-0.09056852399999994,2.7845897,-0.056032385000000004,2.7866255728128273,10.971105999999999,11.299385000000001,0.04220000000000001,5.231396874045983,8.020529423660822,2.7845897,False,3.4770998917114815,2.2541860542379815,1.3518167162453052,1.257945040628421,1.2229138374735,0.09387167561688425,-0.016856906347816253,0.9998558866759788,0.0020126072078555613
5184,08062025071102633,0,0,Sea,0,0.0,0,-0.08520006199999983,2.7713724000000006,-0.06327238399999999,2.773403581274029,10.971105999999999,11.299385000000001,0.10340000999999999,12.818163248585858,8.033212795639571,2.7713724000000006,False,3.8475641719616576,2.19017491744381,1.4989427278981977,1.6910066949528737,1.6573892545178475,0.192063967054676,-0.0003560324293201639,0.9999973750341568,0.0022634411203601473
5185,08062025071102668,0,0,Sea,0,0.0,0,-0.08520006199999983,2.7713724000000006,-0.06327238399999999,2.773403581274029,10.971105999999999,11.299385000000001,0.10340000999999999,12.818163248585858,8.033212795639571,2.7713724000000006,False,3.8475641719616576,2.19017491744381,1.4989427278981977,1.6910066949528737,1.6573892545178475,0.192063967054676,-0.0003560324293201639,0.9999973750341568,0.0022634411203601473
5186,08062025071102799,0,0,Sea,0,0.0,0,-0.3189936799999999,2.76001674,-0.063742388,2.7791208079153584,10.971105999999999,11.299385000000001,0.10340000999999999,12.818163248585858,7.864349600562384,2.76001674,False,3.465176627532859,2.771606432759529,1.6169282346297282,1.7376759216540811,0.6935701947733302,0.1207476870243529,-0.011846244664847795,0.9999290240443703,0.0012701814885043754
5187,08062025071102988,0,0,Sea,0,0.0,0,-0.38847440000000005,2.70061471,-0.063512382,2.7291511489822358,10.971105999999999,11.299385000000001,0.10340000999999999,12.818163248585858,7.8524046763925215,2.70061471,False,3.165724056769951,2.77756033622404,1.545240874919768,1.687769697646006,0.388163720545911,0.142528822726238,-0.02402399877192048,0.9997106540989262,0.001206467614094182
5188,08062025071103189,0,0,Sea,0,0.0,0,-0.4709538199999999,2.53835441,-0.06553238499999998,2.582505586600507,10.986543000000001,11.073233,0.09770000999999999,11.885846200759312,7.852333220248057,2.53835441,False,2.959169582438796,2.7786587304782504,0.954192114830656,1.5939434412995968,0.18051085196054562,0.6397513264689407,-0.03001850558594791,0.9995489039088565,0.0009370256079746067
5189,08062025071103390,0,0,Sea,0,0.0,0,-0.40936103999999984,1.87181257,-0.06691238299999999,1.9172209119657089,13.069325,9.973205,0.09290000999999999,12.108871339293035,7.667469619769207,1.87181257,False,2.638278419540478,3.543276469295615,0.9047149707449301,1.5331917813525615,0.9049980497551369,0.6284768106076314,-0.02675455606673075,0.9996415314844761,0.0010011298833817578
5190,08062025071103593,0,0,Sea,0,0.0,0,-0.39178578000000003,1.4145854900000003,-0.06960238499999999,1.4694872227843416,12.360835,9.97057,0.08840001,10.894821275779687,6.709711328386362,1.4145854900000003,False,2.5140793308891425,3.104345807231856,0.7912131660171045,1.4795660364865133,0.5902664763427135,0.6883528704694089,-0.02120129653387175,0.9997745264693854,0.0011837432995726346
5191,08062025071103799,0,0,Sea,0,0.0,0,-0.37838207999999984,1.29199815,-0.07021238799999999,1.3480956930044732,12.096395000000001,9.966677,0.08810000999999999,10.62141313278008,6.549011572418624,1.29199815,False,2.5397539266314766,2.957817377481071,0.8234750328250701,1.45822992966476,0.4180634508495946,0.63475489683969,-0.01676190941768421,0.9998587188657325,0.0012572592610273331
5192,08062025071104001,0,0,Sea,0,0.0,0,-0.41875946,1.1810068300000005,-0.069192387,1.2549598416941075,12.251922,10.334389,0.09060001999999999,11.471423724199173,6.659872124363107,1.1810068300000005,False,2.554656063087945,3.0345077359548775,1.441908979274295,1.4317483248052505,0.4798516728669324,0.010160654469044461,-0.015782605621026798,0.9998745998848738,0.0013014856412319098
5193,08062025071104181,0,0,Sea,0,0.0,0,-0.42594216000000007,1.03324854,-0.06883238700000001,1.1197174494387925,11.746986,10.330266,0.09190002,11.152020565183365,6.4849567868456965,1.03324854,False,2.5712201619734936,2.755841991752974,1.449860688953818,1.1454734394938235,0.1846218297794806,0.3043872494599944,-0.018588015057894813,0.9998256119378249,0.0017976121276077502
5194,08062025071104390,0,0,Sea,0,0.0,0,-0.31109633000000003,0.5331770799999997,-0.069232386,0.6211697420577148,10.81148,10.320697,0.09500001999999999,10.600293105788381,6.241686674612099,0.5331770799999997,False,3.0549834685641097,2.894313751394447,1.3451194509637572,0.9810560028628795,0.16066971716966272,0.36406344810087765,-0.017610813477181825,0.9998432961683157,0.0018006543115889795
5195,08062025071104596,0,0,Sea,0,0.0,0,0.11475177999999993,0.24773055,-0.070032384,0.281856224386112,9.09915,10.357509,0.09180001999999998,8.651649556883289,6.584624870472616,0.24773055,False,2.986568456584783,2.7129503569640265,1.2771340290613236,0.9943643034195468,0.27361809962075645,0.2827697256417767,0.04757908744843803,0.9988659148988118,0.0017647920369596392
5196,08062025071104785,0,0,Sea,0,0.0,0,0.45218725000000004,0.18322435949999996,-0.07000238699999999,0.49289431845218656,8.109301,10.391964999999999,0.09420002,7.938383783512445,6.717521995616821,0.18322435949999996,False,2.878504576874119,2.711160643769697,1.339082003525012,1.1461360236707685,0.16734393310442197,0.19294597985424344,0.08421563631264783,0.9964453881079874,0.0020772863977211826
5197,08062025071104995,0,0,Sea,0,0.0,0,0.8232610600000004,0.07156120000000002,-0.06974238799999999,0.8293031887926797,6.311973,10.391955,0.09570000999999999,6.277321514336869,6.870390027420176,0.07156120000000002,False,2.7761652142568893,2.6291298056869103,1.379609852723095,1.3398268747964568,0.147035408569979,0.03978297792663832,0.12312533912248393,0.9923887871965433,0.0021554379014931324
5198,08062025071105181,0,0,Sea,0,0.0,0,0.9641292875999999,-0.01489556200000015,-0.069532386,0.9667481128392402,5.9641459999999995,10.382383,0.09610002,5.95071005507708,6.942565087344155,0.01489556200000015,True,2.776207526414911,2.7548372928148135,1.4934865907568704,1.3575279142057597,0.0213702336000976,0.1359586765511107,0.11866127125689095,0.9929326741653908,0.0020511651480286776
5199,08062025071105392,0,0,Sea,0,0.0,0,0.996704989,-0.04446313000000002,-0.069712385,1.0001288025295918,5.6597,10.3781,0.09500001999999999,5.580009768888651,6.952758843914623,0.04446313000000002,True,2.7730090371176543,2.696052200407887,1.557718821079929,1.35248014126901,0.07695683670976727,0.20523867981091914,0.10732988275096503,0.9942217113843461,0.001866783502766426
5200,08062025071105587,0,0,Sea,0,0.0,0,0.983746351,-0.04505916400000012,-0.069852385,0.9872520281348538,5.565107,10.374184,0.09500001999999999,5.48467833444924,6.941312131417575,0.04505916400000012,True,2.720089975552901,2.68779314365815,1.555298765524681,1.3465412105086276,0.032296831894750966,0.20875755501605342,0.10060937888528723,0.9949241916428004,0.0018988849982709754
5201,08062025071105811,0,0,Sea,0,0.0,0,0.8897801629999998,-0.04299236499999996,-0.070132387,0.8935746379698325,5.440576,10.374573,0.09560000999999999,5.396013779195517,6.924279911711752,0.04299236499999996,True,2.6640515279457553,2.6949031800186236,1.484713685188084,1.3105719550175186,0.03085165207286833,0.17414173017056545,0.0893964760990446,0.9959935996506841,0.0022404276256686446
5202,08062025071105993,0,0,Sea,0,0.0,0,0.7190307699999998,-0.028557772899999945,-0.070402384,0.7230333949913268,5.516724,10.349581,0.09670002,5.521163250934313,6.86493655325187,0.028557772899999945,True,2.6726176929678416,2.721914251478316,1.3010763937315477,1.2209192668745303,0.04929655851047432,0.08015712685701737,0.0729624484556421,0.9973309965618654,0.0027137450643192917
5203,08062025071106199,0,0,Sea,0,0.0,0,0.003998984999999988,0.011239530000000109,-0.07065238700000001,0.07165248568227692,6.7500610000000005,10.318202,0.09680000999999999,6.741974810204098,6.761185915079217,0.011239530000000109,False,2.789842660955863,2.630558535028599,1.1156784063185456,0.980184149754239,0.15928412592726415,0.1354942565643067,-0.04366812984223747,0.999042954896527,0.002503738743898096
5204,08062025071106389,0,0,Sea,0,0.0,0,-0.54544649,0.04036247999999985,-0.07052238599999999,0.5514656926520484,7.196633,10.302924,0.09790000999999998,7.258929664957554,6.725136183944806,0.04036247999999985,False,2.838209879163562,2.5142347874829905,1.1096427405445592,0.8230190968631532,0.3239750916805715,0.286623643681406,-0.10575527829404353,0.9943884543474206,0.0027245134422542536
5205,08062025071106599,0,0,Sea,0,0.0,0,-0.74550724,-0.0075097100000000696,-0.070092386,0.7488326803845268,6.275887000000001,10.311677,0.09890000999999998,6.400306198803347,6.793012664690022,0.0075097100000000696,True,2.8386793788607214,2.5107638957928797,1.1719602388183823,0.888731107058401,0.3279154830678417,0.2832291317599813,-0.11968550069804294,0.9928077238992177,0.0028643129566079677
5206,08062025071106783,0,0,Sea,0,0.0,0,-0.6313150700000001,-0.07596824000000005,-0.06958238599999998,0.6396652245817773,5.167591,10.314847,0.09960000999999999,5.308970421177373,6.8713892965071475,0.07596824000000005,True,2.6227630463392995,2.5820667170690013,1.1907968985119337,0.9181839826031603,0.040696329270298204,0.27261291590877346,-0.09971433943713914,0.9950122109040967,0.002784001141574745
5207,08062025071106987,0,0,Sea,0,0.0,0,-0.41122718,-0.10241308000000009,-0.06871238899999998,0.42932228561760705,5.213958,10.330866,0.09870000999999999,5.316446569553897,6.89337814367159,0.10241308000000009,True,2.5815123456784494,2.5961027184716783,1.110454328100278,0.8217236409494622,0.014590372793228834,0.28873068715081596,-0.04190693249871691,0.9991188310737581,0.0023174128581657876
5208,08062025071107186,0,0,Sea,0,0.0,0,-0.20264250999999994,-0.09433766000000002,-0.06896238699999999,0.2339217642164009,5.532211,10.347617,0.09800001,5.610030230388332,6.8961352303989445,0.09433766000000002,True,2.627797876061294,2.6180326406771193,1.035350821896926,0.7556184492899577,0.00976523538417462,0.27973237260696837,-0.0016428889957856392,0.9999963292822014,0.0021546085190631294
5209,08062025071107382,0,0,Sea,0,0.0,0,0.27302652000000005,-0.06559576999999983,-0.069332385,0.2892287421315377,5.47989,10.390443000000001,0.09720000999999999,5.534421281376291,6.9260405617371825,0.06559576999999983,True,2.5640295480148056,2.658688271543883,1.081032376101942,0.7675470683504956,0.09465872352907745,0.31348530775144645,0.06649933240485768,0.9977840806612963,0.002183384666071847
5210,08062025071107589,0,0,Sea,0,0.0,0,0.4640813799999998,-0.04676286999999997,-0.069352388,0.47155916595337605,5.387499999999999,10.405394000000001,0.09730001999999999,5.454547676208703,6.933795810674741,0.04676286999999997,True,2.5388846909708698,2.630198448461827,1.1199736203235147,0.8140236389626777,0.09131375749095705,0.30594998136083695,0.09350166471662226,0.9956166312783884,0.0022276034417956503
5211,08062025071107792,0,0,Sea,0,0.0,0,0.4723449299999999,-0.04922147000000012,-0.069172385,0.47991385149030025,5.4523600000000005,10.40371,0.09740000999999998,5.524993384943162,6.939795968161536,0.04922147000000012,True,2.585425652471022,2.62164507279499,1.1192836152947336,0.8208554607958948,0.03621942032396808,0.29842815449883886,0.09899235363323665,0.9950858313340922,0.0021684557387262435
5212,08062025071107993,0,0,Sea,0,0.0,0,0.3086357400000001,-0.07114705999999989,-0.06921238599999999,0.32420406926472134,5.366374,10.394580999999999,0.09570000999999999,5.338262280098527,6.940265226333735,0.07114705999999989,True,2.6282221780584702,2.56238027334671,1.0709802801912323,0.7823397927148027,0.06584190471176044,0.28864048747642956,0.06598876699790915,0.9978185611144464,0.0018978212749057957
5213,08062025071108196,0,0,Sea,0,0.0,0,-0.12728029899999987,-0.0969413599999999,-0.069022384,0.17424692618586535,5.199344,10.380127,0.09610002,5.186503764022737,6.931569152527826,0.0969413599999999,True,2.5730144943549695,2.492796691662048,0.9970671084292372,0.694846205600355,0.08021780269292167,0.30222090282888214,0.003814597344945131,0.9999907327897599,0.0019957909947640935
5214,08062025071108384,0,0,Sea,0,0.0,0,-0.3655088,-0.10729056999999997,-0.068922386,0.3871152859036929,5.155247,10.368993,0.09670002,5.169072498535806,6.931819580705272,0.10729056999999997,True,2.5704682609706135,2.467615568876165,1.0155071300815368,0.6938189990577448,0.10285269209444836,0.321688131023792,-0.026114306791192213,0.9996568192181902,0.002070451976280944
5215,08062025071108593,0,0,Sea,0,0.0,0,-0.5624686200000001,-0.11597587999999988,-0.06885238599999999,0.5784133507141513,5.0634630000000005,10.360692,0.09660000999999999,5.06773125022166,6.936645949981618,0.11597587999999988,True,2.5599976078010327,2.4236578714489303,1.0472310270043759,0.7231313665816472,0.1363397363521024,0.32409966042272864,-0.04726755707177943,0.998880055253105,0.00210077747991697
5216,08062025071108803,0,0,Sea,0,0.0,0,-0.80681384,-0.15141900999999997,-0.06820238699999999,0.823728022224219,5.004436,10.354084,0.09680000999999999,5.01582326753271,6.974089429600527,0.15141900999999997,True,2.6243875686536926,2.415209104763333,1.112566635270643,0.8184306426875768,0.20917846389035955,0.2941359925830661,-0.06349194667596811,0.9979804299299176,0.0019581072985635152
5217,08062025071108984,0,0,Sea,0,0.0,0,-0.8559693300000001,-0.17388821000000004,-0.06773238499999999,0.876075498718827,5.096863,10.352519000000001,0.09740000999999998,5.139347667718877,6.997867532841364,0.17388821000000004,True,2.679702018130561,2.4541294118932075,1.1021747272425726,0.8471488384203811,0.2255726062373533,0.25502588882219146,-0.06621913511123376,0.9978032250896335,0.0019365293301096113
5218,08062025071109179,0,0,Sea,0,0.0,0,-0.8533782500000001,-0.18310676099999998,-0.06764238599999998,0.8754187660090151,5.0432690000000004,10.35378,0.09820000999999999,5.127699876978701,7.00852751043042,0.18310676099999998,True,2.681688026128573,2.4581656280448905,1.089439529720507,0.8396474718871549,0.22352239808368246,0.24979205783335212,-0.06575539657863082,0.9978339016791596,0.0019319628703079598
5219,08062025071109390,0,0,Sea,0,0.0,0,-0.78732559,-0.191197424,-0.06741238699999999,0.8130082838041207,5.000741,10.359860000000001,0.09790000999999998,5.07190353271762,7.020673012068387,0.191197424,True,2.651407988934312,2.5038055385502065,1.0442877273058606,0.7960059206880378,0.14760245038410558,0.24828180661782284,-0.06148042577635079,0.9981067576434213,0.0017485974080022513
5220,08062025071109593,0,0,Sea,0,0.0,0,-0.60467019,-0.24435680500000018,-0.067752385,0.6556879383499687,5.034756,10.36824,0.09790000999999998,5.110533104005761,7.076285112182833,0.24435680500000018,True,2.5989026504540647,2.573049550955449,0.6309459102964688,0.6830122894238437,0.025853099498615695,0.052066379127374884,-0.046250175431344756,0.9989286153689738,0.0015945750514580787
5221,08062025071109783,0,0,Sea,0,0.0,0,-0.47986246999999993,-0.2512946189999998,-0.067332384,0.5458485372225332,5.017098,10.371851,0.09740000999999998,5.068364669643893,7.0824125257018995,0.2512946189999998,True,2.5827560203046747,2.601668946637016,0.5206790918650757,0.6139483172279573,0.018912926332341318,0.09326922536288162,-0.03386724941780584,0.9994252767333576,0.0014579586151521387
5222,08062025071109989,0,0,Sea,0,0.0,0,-0.35182769999999997,-0.256421348,-0.06755238599999999,0.44056550370145875,4.996697,10.373835,0.09750001,5.053904265091115,7.085357466063976,0.256421348,True,2.5852112965214276,2.596037525396621,0.4363235239856316,0.573164679357068,0.010826228875193245,0.13684115537143643,-0.019232994950817674,0.9998140953128908,0.0013662792129155602
5223,08062025071110196,0,0,Sea,0,0.0,0,-0.27429112,-0.25884293200000014,-0.067642383,0.383158940826297,4.992907000000001,10.369618,0.09770000999999999,5.058372909609073,7.082635413519797,0.25884293200000014,True,2.604064653789112,2.60369666103901,0.3953087165219608,0.5622891367366089,0.0003679927501019087,0.16698042021464804,-0.010238015314810792,0.9999466360285872,0.0013813535123192633
5224,08062025071110399,0,0,Sea,0,0.0,0,-0.22156282000000008,-0.258343036,-0.067602389,0.3469888909670698,4.974145,10.36468,0.09830001,5.067898419376592,7.077234673122746,0.258343036,True,2.610335190876406,2.590129956900311,0.3711756507000963,0.5586623477330562,0.02020523397609475,0.18748669703295995,-0.0038319887430463095,0.9999914648090471,0.0015447237065640688
5225,08062025071110583,0,0,Sea,0,0.0,0,-0.19417957000000005,-0.25936968600000004,-0.067632388,0.3309871286435563,4.9763459999999995,10.363306,0.09830001,5.069468777889773,7.077164824372678,0.25936968600000004,True,2.619029529670248,2.5818058989290114,0.35490693383088473,0.5565820299531422,0.03722363074123658,0.20167509612225748,-0.0003378818120075714,0.9999987730675317,0.0015296075680410139
5226,08062025071110805,0,0,Sea,0,0.0,0,-0.18060826800000007,-0.263147275,-0.067282385,0.3261790216141647,4.985547,10.359874,0.09860001999999998,5.092655412863064,7.077784572949244,0.263147275,True,2.629263440183887,2.5779613483644397,0.33593334024958,0.5478987930311587,0.05130209181944734,0.21196545278157874,0.0018122717928664408,0.9999972114037305,0.0015142178547112328
5227,08062025071110993,0,0,Sea,0,0.0,0,-0.17503469700000002,-0.2693698614,-0.06717238700000001,0.3281910982336584,4.983425,10.359085,0.09870000999999999,5.095261992733769,7.083393186303813,0.2693698614,True,2.6336305770292627,2.6042493953747767,0.32448773284338484,0.5368231025493322,0.029381181654486,0.21233536970594735,0.0033501705148000793,0.9999932209464545,0.001527880445914272
5228,08062025071111199,0,0,Sea,0,0.0,0,-0.17423723900000004,-0.2730509743999999,-0.06733238499999998,0.3308309238038681,4.9729589999999995,10.357246,0.09880001,5.088809094499899,7.085331085218143,0.2730509743999999,True,2.640635866396198,2.60655616843027,0.3240573146849799,0.5260946791770855,0.03407969796592791,0.20203736449210563,0.003928991716033479,0.9999911146759247,0.0015276103222685326
5229,08062025071111385,0,0,Sea,0,0.0,0,-0.17204889900000006,-0.2704972298,-0.06730238699999999,0.32756554500204077,4.963448,10.355437,0.09900002,5.088469661584285,7.081087088847742,0.2704972298,True,2.6264620054292447,2.575056066556059,0.32471999163038934,0.5097231802520366,0.051405938873185786,0.18500318862164722,0.0054537508174735605,0.9999837983645389,0.0016308312145076232
5230,08062025071111601,0,0,Sea,0,0.0,0,-0.05871420390000005,-0.2310642609999999,-0.067532386,0.2477875574155003,5.470574,10.357987999999999,0.09890000999999998,5.604083997322974,7.04558573363218,0.2310642609999999,True,2.650424242384243,2.6231700707966707,0.347605856589385,0.5538883099219919,0.027254171587572262,0.20628245333260692,0.018279999849672237,0.9998312156900191,0.0018389500575757862
5231,08062025071111790,0,0,Sea,0,0.0,0,0.16656071000000003,-0.18317852,-0.068622386,0.2569160800055682,6.142511,10.363800999999999,0.09830001,6.257755206233386,7.010861443872832,0.18317852,True,2.6900997251033276,2.7971152435348263,0.35976296292453436,0.6410154860596121,0.1070155184314987,0.28125252313507776,0.053973029667132855,0.9985407183268709,0.0018291833718090992
5232,08062025071111999,0,0,Sea,0,0.0,0,0.4582429300000001,-0.10581810000000007,-0.06827238599999999,0.4752317033539829,5.711062,10.370239999999999,0.09770000999999999,5.7862912594706115,6.958526380180057,0.10581810000000007,True,2.674531693060301,2.688119622138308,0.9089903203516524,0.7645697559161234,0.013587929078006766,0.14442056443552898,0.09172262345792632,0.9957827972635009,0.0018923583362382287
5233,08062025071112187,0,0,Sea,0,0.0,0,0.5694547100000001,-0.11560346999999997,-0.06828238699999999,0.5850686398976132,4.782781,10.363195000000001,0.09750001,4.832577479815185,6.988610957211611,0.11560346999999997,True,2.690768537577733,2.602235173748107,0.9590349576211288,0.8349954622813469,0.08853336382962596,0.12403949533978187,0.11801578074231651,0.9930097383171528,0.0019837094246366533
5234,08062025071112393,0,0,Sea,0,0.0,0,0.5251908799999998,-0.10113565999999996,-0.068082385,0.5391559081620992,4.31134,10.361412999999999,0.09820000999999999,4.386749045275587,6.992194355785995,0.10113565999999996,True,2.691703543544291,2.582861729123882,0.985263521803426,0.835541577551854,0.10884181442040886,0.14972194425157204,0.11720192042589178,0.99310580775056,0.002136459826605042
5235,08062025071114318,0,0,Sea,0,0.0,0,0.000496540000000023,-0.2982805667999999,-0.067282385,0.3057751827957741,4.2938469999999995,10.370749,0.10030001999999999,4.4664009615929094,7.129496113071742,0.2982805667999999,True,2.632045435446784,2.7369053399284744,0.3382702649610811,0.5127315379221768,0.10485990448169025,0.17446127296109576,0.0358878285375611,0.9993536595660156,0.0020801141484687847
5236,08062025071116321,0,0,Sea,0,0.0,0,0.009862649999999973,-1.5901334999999999,-0.037131831600000005,1.5905975583425378,6.887605000000001,4.181602,0.072599994,2.090968605609709,3.557346861606807,1.5901334999999999,True,1.9360478170698674,2.186774440511387,1.629022776677604,1.6037496910025455,0.25072662344151975,0.025273085675058482,-0.2002757941371411,0.9797357812771488,0.0027212438318777884
5237,08062025071118321,0,0,Sea,0,0.0,0,-0.20947275000000012,-1.43005905,-0.0521118261,1.4462584008049673,6.44288,5.419636,0.105699969,3.69083832374058,3.7113792064329467,1.43005905,True,2.1861536956593786,2.522902328094768,3.1062110536752665,1.6037496910025455,0.33674863243538944,1.502461362672721,0.0844314770350599,0.9960673146465638,0.026855732692692508
5238,08062025071119185,0,0,Sea,0,0.0,0,-0.16416811799999995,-0.28407644999999987,-0.0411918297,0.3306771344473309,4.400558,9.132163,0.054300003,2.182133203579441,6.545196406470923,0.28407644999999987,True,2.436847370629035,2.838292966072741,0.5043851055661734,0.6996048070677118,0.40144559544370617,0.19521970150153833,-0.06262916550723492,0.9980062912523061,0.007812185909513994
5239,08062025071119371,0,0,Sea,0,0.0,0,-0.29119708999999994,0.07176975000000016,-0.0388718289,0.302419677470831,4.497768,10.011469,0.051500001000000004,2.3190071874406533,6.988068344675648,0.07176975000000016,False,2.5940611772480637,2.815898681225651,0.8883789746014928,0.8525439145568043,0.22183750397758706,0.035835060044688505,-0.06634204960273384,0.9977832910361363,0.005218868038705719
5240,08062025071119576,0,0,Sea,0,0.0,0,-0.46527095999999996,0.043670489999999826,-0.035841831899999996,0.46868839843771415,4.573411,10.344704,0.048000001,2.2709080344470953,7.239138732835934,0.043670489999999826,False,2.7387986374240803,2.9532179123979745,0.7629603664005097,0.2166320279737278,0.21441927497389424,0.5463283384267819,-0.05954450660882806,0.9982193192457983,0.0035556176912190963
5241,08062025071119776,0,0,Sea,0,0.0,0,-0.6443372500000001,-0.10371363999999997,-0.0341218321,0.6535222339641344,4.744102,10.38196,0.046999999,2.3148945791431625,7.418619224202273,0.10371363999999997,True,2.984547874551293,3.231728741534631,0.5371030696486474,0.2166320279737278,0.2471808669833382,0.3204710416749196,-0.04332628123191705,0.9990578194828482,0.002511311368427939
5242,08062025071119976,0,0,Sea,0,0.0,0,-0.5660487,-0.1940016980000002,-0.0312918291,0.5991885914860169,5.046197,10.525352,0.050099999,2.660961231172835,7.575315358892192,0.1940016980000002,True,2.9020054107979125,3.345750349228705,0.5528301127769722,0.2166320279737278,0.4437449384307923,0.3361980848032444,-0.015875280811486217,0.9998719061394445,0.002036362499718913
5243,08062025071120179,0,0,Sea,0,0.0,0,-0.15991627199999994,-0.29325409,-0.027521829209999998,0.33515463063363826,5.4635359999999995,10.866709,0.0562999999,3.3425679168991853,8.011634542802113,0.29325409,True,2.843062327049655,3.767372155293289,0.5528301127769722,0.2166320279737278,0.9243098282436337,0.3361980848032444,0.019700207054183988,0.9998045914190625,0.0016373207944434481
5244,08062025071120381,0,0,Sea,0,0.0,0,0.25946725,-0.40279375,-0.02370183018,0.4797164116595413,5.992951,10.969207,0.062,4.075751043711135,8.23895219118761,0.40279375,True,2.9646856946766147,3.9195488146013746,0.5528301127769722,0.2166320279737278,0.9548631199247599,0.3361980848032444,0.06729240940276283,0.9977315725657033,0.0018549238095767059
5245,08062025071120585,0,0,Sea,0,0.0,0,0.40663937999999994,-0.41697761999999994,-0.021621830999999998,0.5828322438947945,6.161721,11.028528,0.064799999,4.403465307014669,8.325737055618866,0.41697761999999994,True,3.134551795898418,3.5545122925018,0.5528301127769722,0.2166320279737278,0.4199604966033821,0.3361980848032444,0.08227189129323971,0.9966079785439723,0.0019679953075430858
5246,08062025071120775,0,0,Sea,0,0.0,0,0.27087937,-0.53164776,-0.02039183078,0.5970266330467802,6.490586,11.337106,0.06709999999999999,4.937517365584183,8.757903376809816,0.53164776,True,3.4041286225777365,4.308089085386034,0.5528301127769722,0.2166320279737278,0.9039604628082976,0.3361980848032444,0.08644238933249651,0.9962554535309843,0.0016687229433909956
5247,08062025071120982,0,0,Sea,0,0.0,0,0.19568673999999975,-0.492746,-0.01995182959,0.5305563082574892,6.574638,11.337106,0.06709999999999999,5.001457387272839,8.726545622116083,0.492746,True,3.3939256052510047,3.661975845577286,0.5528301127769722,0.2166320279737278,0.2680502403262812,0.3361980848032444,0.09706529980675487,0.995277246565082,0.0012369491718481529
5248,08062025071121170,0,0,Sea,0,0.0,0,0.11501890999999986,-0.4961515,-0.01941182989,0.5096788005690608,6.830368,11.337106,0.06709999999999999,5.195996264949036,8.738552312519714,0.4961515,True,3.373274757146355,3.5848234638736227,0.5528301127769722,0.2166320279737278,0.2115487067272679,0.3361980848032444,0.10305001737996725,0.9946755225636513,0.0011396186710990774
5249,08062025071121376,0,0,Sea,0,0.0,0,0.0739139439999999,-0.5229675,-0.018631830139999996,0.5284935404224455,6.907731,11.337106,0.06709999999999999,5.25484783181121,8.769860673681505,0.5229675,True,3.2345651862411122,3.3861628903118355,0.5528301127769722,0.2166320279737278,0.15159770407072326,0.3361980848032444,0.12074660663933025,0.9926826714237299,0.001170828823410939
5250,08062025071121578,0,0,Sea,0,0.0,0,0.015898509999999855,-0.64248253,-0.01876183024,0.6429530078080167,6.932894,11.337106,0.06709999999999999,5.273989824455665,8.895394001076031,0.64248253,True,3.344977319660628,4.000384857230901,0.5528301127769722,0.2166320279737278,0.655407537570273,0.3361980848032444,0.133194901838637,0.9910891852782274,0.0011597192485260739
5251,08062025071138057,0,0,Sea,0,0.0,45,0.0,0.0,0.0,0.0,0.0,0.0,0.0,0.0,,0.0,False,0.0,0.0,0.0,0.0,0.0,0.0,,,
5252,08062025071141748,1,1,Sea,0,0.0,0,0.2010961,3.6678926498999997,0.02082377692,3.67346018929168,2.850131,9.015434020999999,0.042399989799999996,1.0894748603336526,5.353451523051297,3.6678926498999997,False,1.7795377549296332,1.8918734757150122,2.3582347293892267,2.3710554844610106,0.11233572078537901,0.012820755071783818,0.018925394919306525,0.9998187897285048,0.002053565917224394
5253,08062025071142101,1,1,Sea,0,0.0,0,0.1828755800000001,3.6613366640000002,0.0214132498,3.665963471200713,2.7354060000000002,9.01855836,0.043699998000000004,1.0780535456353177,5.3718662334282605,3.6613366640000002,False,1.8057932923128275,1.8916582091815637,2.334964791470432,2.3527152668997267,0.08586491686873621,0.017750475429294532,0.010016390472398155,0.9999479609190771,0.0019358139591536742
5254,08062025071142414,1,1,Sea,0,0.0,0,0.15890909,3.6437922360000004,0.0211989111,3.647317281489278,2.7474480000000003,9.063271890000001,0.043300003000000004,1.078207668959275,5.39757765010987,3.6437922360000004,False,1.8121803678221435,1.9196405919025576,2.384449012765627,2.3827831860900313,0.10746022408041411,0.0016658266755955609,-0.0007256231887558832,0.99999779261427,0.001971861449333475
5255,08062025071142661,1,1,Sea,0,0.0,0,0.11386669400000007,3.648569421,0.021568922600000002,3.650409519804715,2.7418180000000003,9.07258599,0.043899996000000004,1.092029063794001,5.395868132793369,3.648569421,False,1.827230910344393,1.8917446315108175,2.317835093530099,2.4098286393776926,0.06451372116642462,0.09199354584759378,-0.012668590604765235,0.9999176879980541,0.0020307734277972807
5256,08062025071142883,1,1,Sea,0,0.0,0,0.060571402000000066,3.6722241649999994,0.020965019499999998,3.672783514555796,2.733297,9.088234550000001,0.044399995,1.102933359643803,5.391634816392415,3.6722241649999994,False,1.8399773527519299,1.8769889674033782,2.331279711520323,2.449836883670328,0.03701161465144831,0.11855717215000494,-0.025283026745435054,0.9996779653142516,0.0021758271410440002
5257,08062025071143083,1,1,Sea,0,0.0,0,0.002276985000000009,3.683866277000001,0.02042015174,3.6839235760362374,2.722861,9.09061553,0.0430000126,1.0643570590644267,5.392978818137537,3.683866277000001,False,1.8428609687692126,1.8640143750360407,2.3834594950224535,2.4510462761947482,0.021153406266828156,0.06758678117229477,-0.034108532259226484,0.9994158963015685,0.0021152415592189462
5258,08062025071143272,1,1,Sea,0,0.0,0,-0.036643668000000025,3.6848806569,0.020088074500000004,3.6851176025654033,2.732204,9.076515531,0.043100002,1.068832296515764,5.387886218023455,3.6848806569,False,1.8498150664447512,1.850567545672678,2.3826314590670146,2.449929425960832,0.0007524792279267611,0.0672979668938174,-0.04041247075715911,0.9991807511798945,0.002158397295166622
5259,08062025071143480,1,1,Sea,0,0.0,0,-0.05449839000000003,3.6875265885000004,0.019469780399999997,3.687980678875076,2.724727,9.066596815,0.042600004,1.0523905473776405,5.382795597061606,3.6875265885000004,False,1.8366277932920982,1.8498495173916172,2.346969292781331,2.4457492587883563,0.013221724099518939,0.09877996600702543,-0.045701650205394906,0.9989528847729143,0.002119710446342004
5260,08062025071143670,1,1,Sea,0,0.0,0,-0.054233469999999985,3.6941933691999997,0.019693909099999997,3.694643929848332,2.724167,9.069167007999999,0.042600006999999995,1.0524725984185457,5.380892435478962,3.6941933691999997,False,1.8274994552144193,1.8496927859796064,2.3577164826056864,2.454052725094391,0.022193330765187147,0.09633624248870465,-0.050001679797741755,0.9987466611141883,0.0022223705057662735
5261,08062025071143878,1,1,Sea,0,0.0,0,-0.046759059999999956,3.7027669083,0.019910627,3.703115663864843,2.735166,9.063813617,0.043499994,1.0784098666004518,5.37333031409828,3.7027669083,False,1.816329261928299,1.8291292429792925,2.3477689462520326,2.462032376033397,0.012799981050993559,0.1142634297813645,-0.05261131814295722,0.9986126354871078,0.002203054414470451
5262,08062025071144081,1,1,Sea,0,0.0,0,-0.06562738100000001,3.7306025261,0.0204642445,3.731235847032934,3.795657,9.060963338999999,0.043300007,1.4891872171734928,5.342938822222161,3.7306025261,False,1.9457644877078517,1.862484189605377,2.3813899241707666,2.4733059442744674,0.08328029810247473,0.09191602010370081,-0.05760922463342745,0.9983366285613231,0.0022700902946673975
5263,08062025071144266,1,1,Sea,0,0.0,0,-0.07324547799999999,4.0712318682,0.023173779999999998,4.0719566364064095,7.8709039999999995,9.053010918,0.043200002999999994,3.078232623136229,4.999310343382524,4.0712318682,False,2.1772014532112087,2.0715309456288598,2.383553031801359,2.4967771290737804,0.10567050758234897,0.11322409727242144,-0.05492132191998975,0.9984880851301348,0.0022786512935033653
5264,08062025071144469,1,1,Sea,0,0.0,0,-0.0562193340000001,4.500751774,0.024901271900000004,4.501171760555444,9.629717,9.05063906,0.0429,3.738953481846984,5.427292300743459,4.500751774,False,2.326180000220103,2.249074105665707,2.4187398312662736,2.4912690958250745,0.07710589455439587,0.07252926455880093,-0.041110260463448144,0.9991522191700725,0.0021884725602456015
5265,08062025071144681,1,1,Sea,0,0.0,0,-0.047020941000000115,4.5423490242,0.0247786149,4.542659970358731,9.578821999999999,9.043260358,0.042800007,3.7074984446770265,5.45935348762777,4.5423490242,False,2.3139758192178674,2.1340024425489768,2.4189600626471717,2.491722751299205,0.17997337666889068,0.07276268865203317,-0.03200672669312563,0.9994853197819333,0.0021598580503793046
5266,08062025071144879,1,1,Sea,0,0.0,0,-0.026614460999999957,4.537174120000001,0.0245785157,4.537318748794944,9.526192,9.0165207,0.041899994,3.5989206830326634,5.414385372244081,4.537174120000001,False,2.303553817655016,2.10752739435102,2.440763069292851,2.4691358121675955,0.1960264233039961,0.02837274287474445,-0.0282971058113463,0.9995970205485349,0.002251735595730647
5267,08062025071145081,1,1,Sea,0,0.0,0,0.003100766700000007,4.5369800089000005,0.0245488029,4.537047482629667,9.610503000000001,9.033374511,0.042399991,3.68096678699752,5.392439040445201,4.5369800089000005,False,2.305726743186408,2.2000513761946565,2.4214885931234633,2.505126352420172,0.1056753669917514,0.08363775929670858,-0.031086730182873175,0.9995140951236239,0.0022779059991227986
5268,08062025071145283,1,1,Sea,0,0.0,0,-0.04270181200000006,4.5295053888,0.0241077897,4.529770821734863,9.502514000000001,9.015855412,0.041999984000000004,3.598276904756567,5.299059362337857,4.5295053888,False,2.2743302840979367,2.1551297735797723,2.3999066072627455,2.5144387876387113,0.11920051051816438,0.1145321803759658,-0.058749525579519506,0.9982703695130377,0.002182337390181299
5269,08062025071145483,1,1,Sea,0,0.0,0,-0.17817404,4.5140506049999995,0.022936898100000002,4.51762381726558,9.406782,8.99828515,0.041899991,3.5466208322731165,5.225640595517527,4.5140506049999995,False,2.2498849853354734,2.140300328487103,2.379598364128291,2.531911965577708,0.10958465684837027,0.15231360144941686,-0.10511083200726042,0.9944580450466742,0.0022157699990026686
5270,08062025071145665,1,1,Sea,0,0.0,0,-0.30314443000000013,4.4833347634,0.022063094899999997,4.493625921937375,9.320611,8.946986166,0.042099997,3.5107767499714657,5.111215846481285,4.4833347634,False,2.210792629823295,2.2005987722067832,2.3958568945357066,2.5172920595638977,0.010193857616511703,0.12143516502819107,-0.16134675367604195,0.9868951348696292,0.002284261118855664
5271,08062025071145867,1,1,Sea,0,0.0,0,-0.3779368699999999,4.47198661,0.021534020800000005,4.48797997230118,9.05376,8.9326159,0.041200001,3.331999014742062,5.008423090116949,4.47198661,False,2.2113023888672485,2.0603382014953278,2.3798376828514693,2.50924933653668,0.15096418737192074,0.12941165368521057,-0.1928498992237779,0.9812251979924562,0.0024550344282556974
5272,08062025071146079,1,1,Sea,0,0.0,0,-0.38923216,4.4768333799,0.021561330700000002,4.49377387912951,9.009863,8.914719001,0.041699991,3.349359827116964,4.981768912164965,4.4768333799,False,2.1935801232740513,2.0668889105459924,2.3955409254680413,2.498518279785265,0.12669121272805883,0.10297735431722366,-0.1992531361961173,0.9799446961451461,0.0025651925870785286
5273,08062025071146266,1,1,Sea,0,0.0,0,-0.3602049300000001,4.4817101448,0.021741687100000004,4.496214642847637,9.254266000000001,8.946498351999999,0.042199996000000004,3.4938758956852167,5.117185088333537,4.4817101448,False,2.184209912858423,2.205903032504829,2.3939031963716246,2.5103319308035954,0.021693119646406078,0.11642873443197077,-0.17612336471484613,0.9843645306554062,0.0026516389428474347
5274,08062025071146472,1,1,Sea,0,0.0,0,-0.23249382000000005,4.50676347461,0.0225129012,4.512812562375866,9.421893,8.9918918539,0.04229999,3.5836823480988085,5.2580172789712085,4.50676347461,False,2.239655371041938,2.231554137621581,2.3946120820441394,2.4955232299323145,0.008101233420357179,0.10091114788817501,-0.09774438228855994,0.9952082450474163,0.0025660710569680354
5275,08062025071146675,1,1,Sea,0,0.0,0,0.037153754000000025,4.5215390674,0.02403712548,4.5217556018500265,9.668422,9.023557325999999,0.043100003,3.7601977050128372,5.33308842874455,4.5215390674,False,2.265422074894654,2.406187401058571,2.4020694137283813,2.4814139185442636,0.1407653261639168,0.07934450481588229,-0.022207772994729185,0.9997502819214065,0.0024876930443605808
5276,08062025071146894,1,1,Sea,0,0.0,0,0.32427278999999976,4.5482006319999995,0.024093736900000003,4.559809463060643,9.638390000000001,9.02081408,0.043200004,3.756072914111445,5.350751676220827,4.5482006319999995,False,2.26026838759051,2.3053390572015653,2.3864279923177905,2.490460696761966,0.045070669611055436,0.10403270444417556,0.05159511435696533,0.9986646025961115,0.0026373653600669012
5277,08062025071147075,1,1,Sea,0,0.0,0,0.6032037800000001,4.5717149,0.024530741210000005,4.611402572358285,9.751174,9.01149776,0.0437000125,3.840037330579313,5.469615388230834,4.5717149,False,2.337597396156361,2.3341586885852474,2.425191546594538,2.4587281274733623,0.0034387075711137527,0.033536580878824385,0.14173483039466905,0.9899004500876738,0.0028873463968092216
5278,08062025071147287,1,1,Sea,0,0.0,0,0.76655881,4.59485494605,0.024913053100000002,4.658425167869881,9.613451,9.0306339195,0.046699999,4.054286410329634,5.466220608339989,4.59485494605,False,2.272838590539372,2.345563583060796,2.470576172476104,2.5466056415888043,0.07272499252142373,0.07602946911270037,0.19883688946415548,0.9800282824443605,0.002908091706991692
5279,08062025071147475,1,1,Sea,0,0.0,0,0.8353285299999997,4.594292466,0.02498564716,4.669681070345203,9.648118,9.04143377,0.046099987599999996,4.0214319158019105,5.531648876990513,4.594292466,False,2.3139963234460854,2.396543716316896,2.5153534245533216,2.5781725422183124,0.08254739287081048,0.06281911766499082,0.22289466925818097,0.9748381505091138,0.0029234787936142847
5280,08062025071147679,1,1,Sea,0,0.0,0,0.8707389299999999,4.601198246,0.02461350291,4.6829282941057855,9.584534,9.06590342,0.046399997299999995,4.03180988942473,5.521738742592975,4.601198246,False,2.32372953226618,2.347895884793872,2.500639172996477,2.6217106663659697,0.024166352527691615,0.12107149336949252,0.23030002155997253,0.9731155316222173,0.0028393987190420654
5281,08062025071147864,1,1,Sea,0,0.0,0,0.89430397,4.607301543999999,0.024820768290000003,4.6933594768183955,9.586622,9.08694751,0.0442000001,3.850400395031049,5.508344703296475,4.607301543999999,False,2.3378898858742256,2.3418173689058253,2.5405742341805273,2.5342867788889882,0.003927483031599621,0.006287455291539068,0.23541613318748472,0.971890580439825,0.0028184902683246094
5282,08062025071148069,1,1,Sea,0,0.0,0,0.8970021500000002,4.613923660999999,0.0243409907,4.700371994903011,9.579001,9.08791751,0.044499991999999995,3.873865409345867,5.492860071225076,4.613923660999999,False,2.3262329009624123,2.346799112863519,2.538636238809739,2.623716268780452,0.020566211901106524,0.08508002997071307,0.23624149396644656,0.9716902203246405,0.0028411712290921424
5283,08062025071148281,1,1,Sea,0,0.0,0,0.8909016300000001,4.612572900999999,0.023933946589999998,4.697883280284386,9.596855999999999,9.04142701,0.044099997200000005,3.826524698528128,5.474914066716789,4.612572900999999,False,2.323387943170705,2.3718097042530624,2.4982665612052046,2.5919324006366313,0.048421761082357406,0.0936658394314267,0.23872934534211362,0.9710818630596261,0.0028835584217013544
5284,08062025071148469,1,1,Sea,0,0.0,0,0.86888198,4.608645737999999,0.024259861050000005,4.689899782981769,9.629404000000001,9.08632678,0.041499985600000004,3.6310790648454,5.439115799751279,4.608645737999999,False,2.3121070392533736,2.3611808299293813,2.584469912444047,2.588878504236191,0.0490737906760077,0.004408591792143923,0.23020118820094798,0.9731385832585505,0.0029513936391270673
5285,08062025071148673,1,1,Sea,0,0.0,0,0.7738029900000001,4.6113080349999995,0.024098354509999996,4.675843623527052,9.552913,9.1657454,0.041699991900000004,3.6512332924783,5.31883261522139,4.6113080349999995,False,2.195550820878442,2.272523358299756,2.6140369697330987,2.5653018059633537,0.07697253742131416,0.04873516376974507,0.1761868351922632,0.9843524922828264,0.002893102404458642
5286,08062025071148876,1,1,Sea,0,0.0,0,0.5555081199999998,4.6005545020000005,0.024140216323,4.634034284217427,9.864472,9.17519399,0.04349999177,3.9371165782036672,5.486902934574988,4.6005545020000005,False,2.237719995466368,2.4256697572705566,2.5932302790734627,2.5113765939082215,0.18794976180418876,0.08185368516524116,0.09640114098899587,0.9953381737958659,0.002956315397626411
5287,08062025071149076,1,1,Sea,0,0.0,0,0.18208450000000026,4.590664670699999,0.024374691060000002,4.594339017695326,9.731684999999999,9.124689753,0.0453999965,4.031456419716018,5.316960277233461,4.590664670699999,False,2.2441190453086484,2.355983188795073,2.5302843819164447,2.5048937584273414,0.1118641434864247,0.02539062348910326,0.003382889060462066,0.9999902303751569,0.0028452092797115127
5288,08062025071149281,1,1,Sea,0,0.0,0,-0.2234832300000001,4.5601571895,0.02472972749,4.565697088776423,9.683437999999999,9.132678539999999,0.0443999884,3.926545227016884,5.358878697296861,4.5601571895,False,2.2232780898360422,2.2821506206672684,2.553143823253107,2.533901157584942,0.05887253083122612,0.019242665668164793,-0.07674574527565665,0.9970468679466016,0.002762915119237416
5289,08062025071149474,1,1,Sea,0,0.0,0,-0.47945866000000004,4.563990874,0.023856029009999998,4.589167943617275,9.67022,9.12618907,0.0466000035,4.1125554416747825,5.377305772477791,4.563990874,False,2.1952004684237836,2.292285996447433,2.508580386759413,2.525574621502864,0.09708552802364956,0.016994234743450853,-0.14167983287506505,0.9899087100219481,0.0027515048930097943
5290,08062025071149669,1,1,Sea,0,0.0,0,-0.6008037,4.566918892000001,0.02358693867,4.606329297359887,9.468245,9.128124600000001,0.0462000073,3.9929428196931442,5.36477699925801,4.566918892000001,False,2.162636516536008,2.1384136698637146,2.518263996141576,2.516711315949924,0.024222846672293574,0.0015526801916521116,-0.1632659014118207,0.9865780462955402,0.0028291348254058353
5291,08062025071149871,1,1,Sea,0,0.0,0,-0.67130024,4.5705621910000005,0.023102066319999996,4.619655448135828,9.471907,9.13786361,0.0454999938,3.9381607036849293,5.368021964098225,4.5705621910000005,False,2.14524519529307,2.1779429701709363,2.508651054837902,2.5284518636662323,0.032697774877866514,0.01980080882833013,-0.17450853649297499,0.9846518328793056,0.0027456690448923807
5292,08062025071150073,1,1,Sea,0,0.0,0,-0.6999540900000001,4.569828343,0.02269158402,4.62317874633668,9.46176,9.133181070000001,0.0451000044,3.8973605064020886,5.365319426494532,4.569828343,False,2.1502539687550866,2.1769885293831934,2.498156177802335,2.517801369471072,0.026734560628106863,0.019645191668737016,-0.17552570032215434,0.9844709081567146,0.002785591411304843
5293,08062025071150279,1,1,Sea,0,0.0,0,-0.71378929,4.5657361209000005,0.02278176631,4.621250965386525,9.468535000000001,9.128982071,0.044100004899999996,3.8119200273319693,5.400159654334953,4.5657361209000005,False,2.161568602260637,2.177836723836064,2.502086726794135,2.529090019402917,0.01626812157542723,0.027003292608782203,-0.1704872854752698,0.9853556380912563,0.0028899780357086622
5294,08062025071150464,1,1,Sea,0,0.0,0,-0.69174622,4.524672026,0.02278187707,4.577301474632632,9.468886,9.15093938,0.0426999883,3.699919902301319,5.442767614617686,4.524672026,False,2.2079050979224624,2.1862712439121084,2.5580385513708466,2.552175300282405,0.021633854010354003,0.005863251088441768,-0.15298492339780823,0.9882238967186802,0.0030237670403424704
5295,08062025071150667,1,1,Sea,0,0.0,0,-0.46258675,4.2220567120000005,0.0218973009,4.247379059185385,7.402228,9.24071358,0.044200004,3.023362874649521,4.98433153116959,4.2220567120000005,False,1.7121505925499074,1.9349721150541168,2.496829987586888,2.5951877833886905,0.2228215225042094,0.0983577958018027,-0.1133494627859835,0.9935504724639281,0.0030590771212646796
5296,08062025071150870,1,1,Sea,0,0.0,0,-0.1084859,3.855062752,0.0197745693,3.8566396054010057,3.171812,9.29292588,0.047099989,1.388291666753422,5.386191761286555,3.855062752,False,1.7739462751475876,1.837249574200794,2.4407126733678033,2.5534488333574936,0.06330329905320631,0.11273615998969033,-0.057421971531088044,0.998344186457899,0.0034062517814733486
5297,08062025071151073,1,1,Sea,0,0.0,0,0.19720804,3.871225725000001,0.020407453659999998,3.8762992775464733,2.732914,9.341144340000001,0.0473999824,1.2100525430666638,5.423812538418607,3.871225725000001,False,1.753503643554701,1.7515042279440838,2.5100558825065566,2.658509629116178,0.001999415610617117,0.14845374660962118,-0.006301665825363523,0.9999716628164982,0.004118564292702658
5298,08062025071151288,1,1,Sea,0,0.0,0,0.18653992000000003,3.898854962999999,0.0208888975,3.903370788216525,2.8049280000000003,9.35926271,0.044599995999999996,1.1708416833364834,5.431638577857561,3.898854962999999,False,1.6637590717121995,1.8622613765172706,2.551352190457228,2.6553313664359925,0.19850230480507114,0.10397917597876472,0.01103951231961563,0.9999312176724605,0.0039609458233216405
5299,08062025071151476,1,1,Sea,0,0.0,0,-0.049945657599999936,3.8667254118,0.0207889602,3.8671038465289724,2.772058,9.44469095,0.044800008,1.1729193629751333,5.487199444036611,3.8667254118,False,1.9975080620217784,1.8760635810304538,2.6110024245201675,2.58537343913516,0.12144448099132465,0.025628985385007574,0.008930595945849806,0.9999524694622322,0.003911939728007417
5300,08062025071151677,1,1,Sea,0,0.0,0,-0.3495737,3.8439362183999997,0.0212562704,3.8598574134144252,2.9925949999999997,9.427285829999999,0.046799999,1.3203238387064216,5.55795325519106,3.8439362183999997,False,2.0588966086098153,2.000296471683275,2.61393128632609,2.468805660710809,0.05860013692654009,0.14512562561528108,-0.015533238740771794,0.9998712568025414,0.004023470433403651
5301,08062025071151893,1,1,Sea,0,0.0,0,-0.44522344,3.8648160562,0.02159064769,3.8904361215491545,2.8050395999999997,9.6476506,0.0469000081,1.2692099880628405,5.599724201906737,3.8648160562,False,2.024370170333973,1.9869323361698652,2.633745595530988,2.5865141900417945,0.03743783416410773,0.04723140548919336,-0.023296743736374848,0.9997220150212972,0.003626901299849491
5302,08062025071152070,1,1,Sea,0,0.0,0,-0.3593504599999999,3.9278595579999993,0.021613472949999997,3.94432257842676,2.850168,9.63376047,0.0468000015,1.285026757153673,5.627873420684394,3.9278595579999993,False,1.9555808885060215,1.9314124696066968,2.4754594342890175,2.629167668378556,0.02416841889932475,0.15370823408953838,-0.00813023824480663,0.9999601561299126,0.00368583487469533
5303,08062025071152266,1,1,Sea,0,0.0,0,-0.48953141,3.915536659,0.021906232499999997,3.9460801071914156,2.870185,9.7248088,0.044499996,1.2420839037324447,5.6805552609521035,3.915536659,False,1.911953207106283,1.8258360845127937,2.6397723234598547,2.5889672595433013,0.08611712259348936,0.05080506391655337,-0.007042179634766019,0.9999689613252003,0.003533283485935018
5304,08062025071152474,1,1,Sea,0,0.0,0,-0.886471155,3.884537214999999,0.020737033699999997,3.984456111934684,3.1983631999999997,9.735433780000001,0.044700015,1.3918446223299008,5.774528412447082,3.884537214999999,False,2.1376772069629695,1.7892354140502278,2.6723017500666963,2.4291792111054806,0.3484417929127417,0.24312253896121572,-0.0345533704216532,0.9993971840679048,0.0033664624825553878
5305,08062025071152677,1,1,Sea,0,0.0,0,-1.2188726209999998,3.9230536049999998,0.020377238399999997,4.108091440775353,3.0337347,9.9149759,0.04499999,1.3535729888931534,5.861654867120477,3.9230536049999998,False,2.0029551335961076,1.814323099127527,2.6582421720350657,2.57481322241603,0.18863203446858057,0.08342894961903591,-0.04383370293544723,0.9990336622433938,0.003216860506699353
5306,08062025071152885,1,1,Sea,0,0.0,0,-1.29448543,3.9658722209999993,0.019495061010000002,4.171835933876779,3.3289987,9.93705527,0.0446000019,1.4753878686271973,5.895546902498989,3.9658722209999993,False,2.0269220818018634,1.844088972223328,2.6301759541651406,2.5909090995897897,0.18283310957853538,0.03926685457535095,-0.04967181288680278,0.998760697523497,0.003127313050540621
5307,08062025071153064,1,1,Sea,0,0.0,0,-1.3125297059999999,3.993850088,0.01890138875,4.2040373472468975,3.2454611,9.93818261,0.0458999915,1.4804576403453495,5.9042561002505645,3.993850088,False,2.0423125191715883,1.8152984836970543,2.5898397683193144,2.582040662321886,0.22701403547453403,0.0077991059974285015,-0.0626242791733864,0.9980316943721423,0.003307066174768059
5308,08062025071153270,1,1,Sea,0,0.0,0,-1.1193638563000001,4.033914054,0.018864595182000003,4.186381959496876,3.4983347,9.83942602,0.0461999917,1.5902778871924934,5.888413627331386,4.033914054,False,2.101040986728484,1.790152437872823,2.6317833617333695,2.6350695913265443,0.310888548855661,0.0032862295931748164,-0.09539152763488593,0.995433542565068,0.0035381904756418853
5309,08062025071153474,1,1,Sea,0,0.0,0,-0.5278011699999999,4.007123497,0.01857639984,4.041776574464984,4.045622,9.79639163,0.047500004,1.8825437897298234,5.817611985546331,4.007123497,False,2.109933700252214,1.8940818018159853,2.605673565931707,2.5490457490056255,0.21585189843622854,0.05662781692608165,-0.058303372257028814,0.9982938697031712,0.00317277426334001
5310,08062025071153683,1,1,Sea,0,0.0,0,0.3100610800000001,3.9674618800000006,0.017368086999999997,3.979597126975285,3.713985,9.6514176,0.044900014,1.6094508885946892,5.749660288128868,3.9674618800000006,False,1.9458454765710451,1.8521919727938567,2.5494327167901822,2.491602986014899,0.0936535037771884,0.057829730775283306,0.017068799218849514,0.999849221342927,0.0031922833785979466
5311,08062025071153873,1,1,Sea,0,0.0,0,0.8407260399999996,4.041860558,0.016610773900000004,4.128405619904578,3.351251,9.84291602,0.046200000000000005,1.5239569955582755,5.784929087699516,4.041860558,False,1.8607683789200338,1.7864387149832486,2.6898890853401523,2.5231868522847365,0.0743296639367852,0.16670223305541576,0.05884454685842097,0.9982607022290125,0.0035902214786787618
5312,08062025071154075,1,1,Sea,0,0.0,0,1.21350902,4.001184439999999,0.0158740249,4.181187994958609,3.1895287000000003,9.6368615,0.045900015,1.4108308877025302,5.761731687373654,4.001184439999999,False,1.8607875501010314,1.7879232906327382,2.406729719951713,2.4887138527732455,0.07286425946829311,0.08198413282153272,0.07092523681907127,0.9974758115540172,0.0034082468826899964
5313,08062025071154279,1,1,Sea,0,0.0,0,1.33055992,3.966706262,0.01677670269,4.183949058898013,3.2006273000000003,9.661137779999999,0.045900019,1.4193066784551045,5.768881299427573,3.966706262,False,1.883476058838288,1.7931034405147968,2.4235290127375757,2.4810762833548323,0.0903726183234912,0.05754727061725662,0.07527912858581216,0.997156624806401,0.0034232154573278304
5314,08062025071154483,1,1,Sea,0,0.0,0,1.447626826,3.9348151430000007,0.017614143549,4.192696494499682,3.1678043,9.66571607,0.047200011,1.445221711864771,5.781012134698869,3.9348151430000007,False,1.9207056749601186,1.8544597513165384,2.405660426937312,2.497852349961867,0.06624592364358017,0.09219192302455514,0.07614476354486896,0.9970914289915461,0.003264539215925196
5315,08062025071154684,1,1,Sea,0,0.0,0,1.5455565360999999,3.909963045,0.01855646872,4.204390605317072,3.1588243389999997,9.655719940000001,0.046700004,1.4243838934366428,5.803524516990392,3.909963045,False,1.9226610180142847,1.8550567276679164,2.3496302749608335,2.5068740393167834,0.06760429034636828,0.1572437643559499,0.08695961554006541,0.9962057031050592,0.003496050068108933
5316,08062025071154886,1,1,Sea,0,0.0,0,1.68545495,3.898627172999999,0.018861232240000005,4.247400142277047,3.0872756,9.8531468,0.0490999856,1.4935911051748638,5.855870027255576,3.898627172999999,False,1.8897305421838027,1.8705073852366896,2.5006634348293733,2.3690420518106348,0.019223156947113074,0.1316213830187385,0.08438510073447895,0.996425867581693,0.0038269032000221677
5317,08062025071155063,1,1,Sea,0,0.0,0,1.701724703,3.934556965,0.01966654934,4.286839424190436,3.12282087,9.84065665,0.0487000076,1.496580841259373,5.8679040235307305,3.934556965,False,1.9406825244650434,1.7986302149622078,2.5231391633407427,2.407739428652463,0.14205230950283565,0.11539973468827958,0.06812693013641781,0.9976687656513553,0.003969311513189127
5318,08062025071155268,1,1,Sea,0,0.0,0,1.9194444999999998,3.9678313440000004,0.020645049199999998,4.407763489692428,3.1980415,9.97265271,0.047799996000000004,1.524483228101876,5.9338525417429215,3.9678313440000004,False,1.9912997792527378,1.8329872287370146,2.4736637220584416,2.5833170373865353,0.15831255051572324,0.10965331532809364,0.05674362958309321,0.9983818153288033,0.0037297885328691016
5319,08062025071155479,1,1,Sea,0,0.0,0,2.09157642,4.000821161,0.020200394,4.514606288362603,3.2205826999999996,9.99296997,0.047400009,1.5254833158605479,5.966082481229323,4.000821161,False,1.9870609397939365,1.849755227007616,2.4720377299869307,2.6342897558337506,0.13730571278632042,0.16225202584681986,0.07926174161752284,0.9968466303084587,0.0037910365901884157
5320,08062025071155666,1,1,Sea,0,0.0,0,2.04063886,4.030015518900001,0.019406157982000002,4.517256760300943,3.3585018,9.951847701,0.04880000318,1.631057069042246,5.962413320698837,4.030015518900001,False,1.948405940153499,1.8832599912433763,2.5546689116422954,2.6340593213109833,0.06514594891012271,0.07939040966868793,0.1096884780163422,0.9939584748664927,0.0038714379156048716
5321,08062025071155869,1,1,Sea,0,0.0,0,1.6256415769999997,4.043788697999999,0.01858334178,4.358357822796941,4.274872,9.88764592,0.0500000164,2.1134217276682117,5.934362452626392,4.043788697999999,False,1.895326054290248,1.8452134812606367,2.6761670469544625,2.5667084663256725,0.05011257302961125,0.10945858062878999,0.12604357523482335,0.9920167921349864,0.003962482080012371
5322,08062025071156070,1,1,Sea,0,0.0,0,0.9327335699999999,3.912318424600001,0.018266493849999996,4.0220095764265835,4.116979,9.740215954,0.051599998,2.0691735699645517,5.836853776999825,3.912318424600001,False,1.85105717313718,1.8737273862766166,2.6179806637160707,2.5237441422733746,0.022670213139436513,0.09423652144269612,0.0697075628022416,0.9975597995481105,0.003911778841585606
5323,08062025071156282,1,1,Sea,0,0.0,0,-0.08117171999999995,3.9082571249999996,0.017532206700000004,3.909139289090732,3.7023219999999997,9.749110949999999,0.059799979999999996,2.158441285560469,5.771013683430307,3.9082571249999996,False,1.8615771288044987,1.8318993695640058,2.4257182246381874,2.796423995151238,0.029677759240492874,0.37070577051305076,0.0036361086165270845,0.999984871264984,0.004127463540957131
5324,08062025071156469,1,1,Sea,0,0.0,0,-0.99535953,3.9771014500000006,0.0194973694,4.099811786529651,3.6726558000000002,9.9113039,0.050999996,1.8564410498455477,5.846386841396906,3.9771014500000006,False,1.9184407084043542,1.8581094338426376,2.4224297531601118,2.369312707733958,0.06033127456171661,0.05311704542615381,-0.08394939233436212,0.9964623812142431,0.003901583208376983
5325,08062025071156674,1,1,Sea,0,0.0,0,-1.26373824,3.9233084199999992,0.02169736727,4.121875067663701,3.4729104,9.915923900000001,0.0496999873,1.711524189973189,5.912089762162227,3.9233084199999992,False,1.8895208955904672,2.0290487066464027,2.349190687246693,2.551312290131188,0.13952781105593548,0.2021216028844952,-0.07671495805051115,0.9970475662603445,0.003311468802840318
5326,08062025071156885,1,1,Sea,0,0.0,0,-1.479734758,3.8530746700000003,0.0246173648,4.127518065530256,3.2809117000000003,9.9100269,0.0461,1.4988918596824903,5.970731244362902,3.8530746700000003,False,1.6319133553795073,2.0866016792158812,2.204380454669602,2.4974415465627255,0.4546883238363739,0.29306109189312357,-0.05337629759389304,0.9985695125646159,0.003146336223835691
5327,08062025071157072,1,1,Sea,0,0.0,0,-1.8607036999999997,3.7915805299999996,0.026657367999999997,4.22362543201187,3.6244679,10.0406178,0.0486,1.7686461899362549,6.1331650962177084,3.7915805299999996,False,1.7469542501576847,2.108530334662096,2.4992961302258765,2.541868327225708,0.36157608450441114,0.04257219699983139,-0.05191591059672802,0.9986474264861351,0.0028382740409972507
5328,08062025071157274,1,1,Sea,0,0.0,0,-2.31927298,3.7691381300000004,0.028727365999999994,4.425636074095483,4.4703059,10.0926928,0.0508,2.2919651478729577,6.212557824738727,3.7691381300000004,False,1.8819003754426,2.134177522624772,2.676874211201423,2.6990736448888573,0.2522771471821721,0.022199433687434045,-0.05267537178961629,0.9986073380668785,0.00294780694905571
5329,08062025071157482,1,1,Sea,0,0.0,0,-2.60551431,3.75863833,0.028977365999999997,4.573500475904672,5.1635979,10.1228918,0.0513,2.68147884771289,6.251501179483862,3.75863833,False,2.1507793462308027,2.0562378135984174,2.7678978955837663,2.7710312474339256,0.0945415326323853,0.0031333518501592827,-0.06030246228543857,0.9981760381049082,0.00286530897146747
5330,08062025071157669,1,1,Sea,0,0.0,0,-2.66156161,3.7692470300000003,0.029257366999999996,4.614324367717704,5.2160139,10.1394378,0.051699999999999996,2.734281087604346,6.255258799632661,3.7692470300000003,False,2.2079032804817333,2.0141110232415196,2.8141739482809944,2.8014688863885,0.19379225724021376,0.012705061892494651,-0.05799400698297445,0.9983122082524242,0.003070831846160068
5331,08062025071157881,1,1,Sea,0,0.0,0,-2.60266821,3.8740791299999997,0.028047365999999997,4.667243037552866,4.9482379,10.1587978,0.05209999,2.618970023352381,6.174419153869806,3.8740791299999997,False,2.272508256904692,1.977805093679607,2.860504046036894,3.069648732127639,0.29470316322508494,0.20914468609074488,-0.08892938709532779,0.9960305263204969,0.003841191034485919
5332,08062025071158083,1,1,Sea,0,0.0,0,-2.3413666699999993,3.9624359399999998,0.024587364999999996,4.602553747704443,3.7826924999999996,10.1192598,0.05500001,2.1052930310861138,6.024857745408613,3.9624359399999998,False,2.3364619817450487,1.9171225361998256,2.812148664991245,2.412496748608976,0.41933944554522307,0.3996519163822687,-0.058508847740900295,0.9982806181301065,0.003538672322283601
5333,08062025071158283,1,1,Sea,0,0.0,0,-1.6974451,4.00730955,0.0189773645,4.352035137426923,3.3369560999999996,9.9477128,0.049100013,1.6298789041683484,5.802928095685456,4.00730955,False,2.338406975962054,1.4745324251757363,2.6335263497497494,2.389044223798348,0.8638745507863175,0.2444821259514014,-0.01394552274931933,0.9998986106889572,0.0028793640862569644
5334,08062025071158485,1,1,Sea,0,0.0,0,-1.1101762000000002,4.0333452,0.017557366989999997,4.183380565827726,2.6624115,9.9289308,0.043799992999999995,1.157848415010243,5.764406705074562,4.0333452,False,2.168891327451423,1.6347623500557902,2.6955276435631004,2.4748310307816737,0.534128977395633,0.22069661278142672,0.004998657218895012,0.9999845629522371,0.0024263724428362993
5335,08062025071158665,1,1,Sea,0,0.0,0,-0.44365252800000005,4.218590666000001,0.0201667001,4.241903048002871,2.2643519000000003,9.68985104,0.044361186,0.973339101020813,5.549690008041541,4.218590666000001,False,2.435156563775777,1.6001357575370796,2.4652513658693147,3.1002543869476082,0.8350208062386972,0.6350030210782935,0.028784658788103844,0.9995831274960606,0.0022393400024689836
5336,08062025071158886,1,1,Sea,0,0.0,0,-0.08537222,4.022386956,0.023742818399999997,4.0233628920558795,2.3508872,9.72422104,0.043299990999999996,0.9898614695219385,5.7794957489521055,4.022386956,False,2.4813879645952763,1.8550339051650129,2.2180757900228323,2.441055062062888,0.6263540594302635,0.22297927204005585,0.0018384853733437786,0.9999955333947806,0.0023565148036467677
5337,08062025071159071,1,1,Sea,0,0.0,0,0.25531494,3.993268295999999,0.020272819,4.001473277383737,2.571287,9.76541704,0.049300003999999994,1.2379078117461122,5.849936250573246,3.993268295999999,False,2.367715834565722,1.6837177327467925,2.192504670513541,2.339501292430812,0.6839981018189294,0.1469966219172707,-0.005069520833706649,0.9999836440633337,0.002647935862606902
5338,08062025071159273,1,1,Sea,0,0.0,0,0.6185020769999999,3.9720018359999996,0.0194328208,4.019915551223051,2.8856468,9.72586304,0.047900009,1.3443331788462738,5.838403285942501,3.9720018359999996,False,2.2520487351511043,1.8537662079480794,2.3409525572836145,2.4051496124259213,0.3982825272030248,0.06419705514230678,0.028251349364633496,0.9995973707808576,0.002637723843396619
5339,08062025071159479,1,1,Sea,0,0.0,0,1.003521599,4.039281561000001,0.0169365297,4.162107395867195,3.1495079,9.85796579,0.047099989,1.4623482658643339,5.748881492732931,4.039281561000001,False,1.9942910288886226,1.7413993427326198,2.5386498634986436,2.5164785638529805,0.2528916861560029,0.02217129964566311,0.041836599734742144,0.9991190469262854,0.0032907433424850963
5340,08062025071159678,1,1,Sea,0,0.0,0,1.28178609,4.0296876500000005,0.0151802365,4.228662740945441,3.3313992000000003,9.4790474,0.046599995,1.4715575192182346,5.671213200393205,4.0296876500000005,False,1.8643547919004042,1.7766826926733432,2.3082868365687617,2.462877847397747,0.08767209922706098,0.1545910108289852,0.05047984706431897,0.9987188730225357,0.003521038051375963
5341,08062025071159877,1,1,Sea,0,0.0,0,1.3833868099999997,3.93707175,0.01736128985,4.173079731459165,3.1838609,9.4661901,0.049099999000000005,1.4798264671506007,5.6484638737715835,3.93707175,False,1.8293419492834684,1.815907641472165,2.4010752069863144,2.4277025880512855,0.013434307811303281,0.02662738106497109,0.0398094898870128,0.9991980835363686,0.0042888660720375674
5342,08062025071200070,1,1,Sea,0,0.0,0,1.580960231,3.925718433,0.018555585599999997,4.2321442292242955,3.16001769,9.55316277,0.048299996,1.4580881689871128,5.637078646389158,3.925718433,False,1.8002475512604437,1.8520511454587318,2.411393325140969,2.5704121344685125,0.05180359419828817,0.1590188093275433,0.044501133132060694,0.9990013234451279,0.004000613058703418
5343,08062025071200285,1,1,Sea,0,0.0,0,1.5570422700000002,3.9262064865,0.0178279719,4.223718248390095,3.3128526000000003,9.558670535000001,0.048199992,1.5263234336272222,5.646588287142714,3.9262064865,False,1.7562407821334436,2.016824217869519,2.465521443148284,2.578927897429121,0.26058343573607545,0.11340645428083684,0.05340849896552931,0.9985636444726697,0.004263821725749632
5344,08062025071200473,1,1,Sea,0,0.0,0,1.246423309,3.9524799599999993,0.016752944900000004,4.1443877184190825,3.6052592,9.5466329,0.051500004,1.77253157139735,5.602416822856032,3.9524799599999993,False,1.3461672870938377,2.0178059724480444,2.444070713502048,2.477793502352892,0.6716386853542067,0.03372278885084379,0.04656142139765975,0.998906926671766,0.004121393526053941
5345,08062025071200681,1,1,Sea,0,0.0,0,0.62861286,3.8296631286999996,0.017496651900000004,3.880950906660552,3.2439127,9.410536013000002,0.051500005,1.5721384528832572,5.574458782255153,3.8296631286999996,False,1.6867148887073231,1.9542331063041078,2.3646629819518656,2.5082446356893358,0.26751821759678474,0.14358165373747012,0.017589936295578184,0.9998381414183894,0.003779564278878159
5346,08062025071200873,1,1,Sea,0,0.0,0,-0.22101245999999994,3.8913585059999996,0.017725327800000003,3.8976700369502058,3.664683,9.47652804,0.052500004999999995,1.8232449120209502,5.568564445250684,3.8913585059999996,False,1.8399467873879942,1.839546151235951,2.436793473874225,2.6199163284879177,0.0004006361520432211,0.1831228546136927,-0.033837356747684934,0.9994189191682693,0.004105763858087083
5347,08062025071201074,1,1,Sea,0,0.0,0,-0.7835891199999999,3.9624999099999996,0.017430312,4.039272367829235,3.936345,9.7632127,0.054099995,2.0791371139540917,5.601955655759115,3.9624999099999996,False,1.9177641037849267,1.7243111137140572,2.4222406184647474,2.5822493658604566,0.19345299007086947,0.16000874739570925,-0.05221061477925774,0.9986276779617395,0.004100306466150121
5348,08062025071201274,1,1,Sea,0,0.0,0,-1.1730050200000002,3.9501310700000003,0.019826280079999998,4.120663700001052,3.9009929999999997,9.8056886,0.055800003,2.1344573952096804,5.652158026718572,3.9501310700000003,False,2.0243293390365116,1.4783303266295968,2.1602573736343755,2.568183150786207,0.5459990124069147,0.4079257771518314,-0.022296056401692684,0.9997443168029302,0.00376654870867431
5349,08062025071201473,1,1,Sea,0,0.0,0,-1.41949131,3.89389435,0.023476283,4.144625426258799,3.7160241,9.909980899999999,0.05500001,2.0254154002789613,5.7792696301572475,3.89389435,False,1.9642751438894703,1.5201414479913011,2.6016209289275816,2.535924693263536,0.4441336958981692,0.06569623566404559,0.01594302712471411,0.9998658691368094,0.003750149516105974
5350,08062025071201678,1,1,Sea,0,0.0,0,-1.76517576,3.85689985,0.026696281999999998,4.241725428182996,4.0843095,9.962136899999999,0.058299999000000005,2.3721366165221327,5.8683389957890215,3.85689985,False,2.179209183205917,1.4794419882223968,2.6530706633724273,2.5523274847505757,0.69976719498352,0.10074317862185156,0.021113911611144776,0.9997718137098217,0.003243955586987233
5351,08062025071201903,1,1,Sea,0,0.0,0,-2.2955929809999995,3.7874658499999994,0.028156277599999995,4.4289318661841,4.55215099,9.9609619,0.066799994,3.0289657399095953,5.9386588922592844,3.7874658499999994,False,2.2830789270395364,1.6585824013516848,2.9090659000080095,2.474706807934871,0.6244965256878516,0.4343590920731386,-0.00229713357893803,0.9999923525343839,0.003165130339965959
5352,08062025071202074,1,1,Sea,0,0.0,0,-2.7550589000000003,3.82346595,0.017416283900000003,4.712700366055909,5.381283799999999,9.9853809,0.16649999,8.946738513579216,5.942123225948659,3.82346595,False,2.4218547908889994,2.0605072031999887,3.213705666842409,2.751837096856789,0.36134758768901065,0.46186856998562,-0.007238083404324636,0.9999673134859715,0.0036030692861359283
5353,08062025071202277,0,1,Sea,0,0.0,0,-3.3682907,3.6944832000000005,0.03138628029999999,4.999557325741931,3.902996,10.0037579,0.054000017,2.1084105254667533,6.074868815347348,3.6944832000000005,False,2.4334392484122134,1.872354330207026,3.3471887768551105,2.519676288826208,0.5610849182051874,0.8275124880289026,-0.019683103795125795,0.9997995623472291,0.003662042501031117
5354,08062025071202482,0,0,Sea,0,0.0,0,-3.4849311999999997,3.69803672,0.030986282599999998,5.081454634345481,3.997273,9.998202899999999,0.053499984,2.1381560983382615,6.0661835651386555,3.69803672,False,2.4290985476707196,1.8946244405527972,3.450097000682649,2.5155785850901995,0.5344741071179224,0.9345184155924495,-0.020528546906415257,0.9997829876807206,0.003543487847178466
5355,08062025071202683,0,0,Sea,0,0.0,0,-3.516973599999999,3.7113235,0.030336281600000004,5.113115069576522,4.02291,9.9845279,0.053699994,2.1569599871048064,6.039377331291897,3.7113235,False,2.4370554106948408,1.7788601992638429,3.482884910026344,2.4741213072050465,0.6581952114309979,1.0087636028212974,-0.0127683758541445,0.9999129798161568,0.0033168318047971826
5356,08062025071202885,0,0,Sea,0,0.0,0,-3.5180507,3.7108487099999996,0.030186283999999997,5.113510544432355,4.03946,9.9613439,0.05159999,2.076303629498668,6.015467445987917,3.7108487099999996,False,2.4677769888968895,1.759797348217402,3.4931198117469733,2.4500795904766033,0.7079796406794874,1.04304022127037,-0.001614985358923818,0.9999935658732124,0.003203128855926364
5357,08062025071203087,0,0,Sea,0,0.0,0,-3.2009298999999998,3.778538905,0.028716282399999994,4.9521846801373925,4.4778910000000005,9.912406899999999,0.053000003,2.3524940483899712,5.90084960056993,3.778538905,False,2.4611572170038225,1.7961884677157354,3.4325375910068647,2.451922645124862,0.6649687492880871,0.9806149458820026,0.018810722725426072,0.9998176350456538,0.0032944441508288387
5358,08062025071203273,0,0,Sea,0,0.0,0,-2.7804746500000004,3.8314663369999997,0.026726280459999995,4.73411954484929,4.497907499999999,9.8366849,0.054400009400000005,2.4069011499027515,5.767535955063981,3.8314663369999997,False,2.404810058522086,1.4355889553474321,3.232258045871092,2.4506083687067286,0.969221103174654,0.7816496771643635,0.04181763688686526,0.999120384178231,0.003121404290128254
5359,08062025071203484,1,0,Sea,0,0.0,0,-2.2864343400000005,3.9178148650000004,0.024116280400000002,4.536258028653854,3.7101493000000003,9.8450649,0.056299998000000004,2.0564509213834516,5.695264413466013,3.9178148650000004,False,2.2638030367523143,1.2747004359457166,3.00693719160697,2.4771145154589447,0.9891026008065977,0.5298226761480254,0.0683977105965319,0.9976534488042017,0.0030576582927447104
5360,08062025071203674,1,1,Sea,0,0.0,0,-1.9429993200000002,3.9191471889999994,0.023256280920000004,4.374414463807618,3.1321607,9.834836899999999,0.0473999928,1.4601231066279723,5.70133194230427,3.9191471889999994,False,2.23186448988217,1.4477206437329968,2.6826763917669627,2.5219795315341367,0.784143846149173,0.16069686023282603,0.09740206987230539,0.9952408332945966,0.002918994290405129
5361,08062025071203889,1,1,Sea,0,0.0,0,-1.7653548300000004,3.8496470630000004,0.0236962825,4.235188508115451,3.1756064999999998,9.825869899999999,0.044699995,1.3947782496044856,5.771645771325611,3.8496470630000004,False,2.257021257647566,1.783342674027257,2.5964586887864423,2.423973624130667,0.4736785836203088,0.1724850646557754,0.11099151260683543,0.9938166531573761,0.003056801648508692
5362,08062025071204076,1,1,Sea,0,0.0,0,-1.7022363999999999,3.830277225999999,0.025676279999999996,4.191573888273216,2.9544671,9.8606929,0.045600005,1.3284691753506275,5.825580382028605,3.830277225999999,False,2.364967157172378,1.8379886804709216,2.6079766459246545,2.3380929909086134,0.5269784767014563,0.26988365501604106,0.08756440947665056,0.9961550747088354,0.0027461472721188734
5363,08062025071204263,1,1,Sea,0,0.0,0,-1.5770577300000002,3.80207712,0.027976279799999997,4.116270664377124,3.0802257,9.948073899999999,0.047799991,1.464702280470131,5.922399574498894,3.80207712,False,2.4986738091143468,1.6280404699705988,2.5064545491267163,2.2986227217140636,0.870633339143748,0.20783182741265271,0.041455027421452545,0.9991367424615321,0.0026926872905251383
5364,08062025071204474,1,1,Sea,0,0.0,0,-1.19582798,3.8311545000000002,0.029186281599999996,4.013552192217608,3.3537185,9.9798169,0.051400003,1.7203322238054217,5.912234323033237,3.8311545000000002,False,2.4935949985512877,1.3681312070302174,2.4698162339958434,2.2246926548561374,1.1254637915210703,0.24512357913970595,0.0059829233919074295,0.9999775279418971,0.0030246055774309512
5365,08062025071204682,1,1,Sea,0,0.0,0,-0.5326140899999999,3.703415092,0.0294662808,3.741634585876082,3.9969859999999997,9.8970769,0.049300002,1.9502330351609691,5.96208189127479,3.703415092,False,2.4199178975430145,1.6415901390775987,2.4176549680554937,2.2986922422426526,0.7783277584654158,0.11896272581284117,0.03724814770654682,0.9993018100802934,0.0029099592231451505
5366,08062025071204869,1,1,Sea,0,0.0,0,0.12145100000000013,3.7292969420000004,0.028346282599999995,3.731381719785419,3.6719109999999997,9.8401199,0.049700004,1.795762756283984,5.908340045805629,3.7292969420000004,False,2.2854225229698777,1.8441587778613313,2.586842190744743,2.4611602763059586,0.4412637451085464,0.1256819144387844,0.08434725864478619,0.9964310577323733,0.0032691199814604715
5367,08062025071205073,1,1,Sea,0,0.0,0,0.8668680999999999,3.8824394103000004,0.0244862719,3.9781145854487128,3.6167193,9.8226158,0.049900007,1.7727298912827214,5.873893518024753,3.8824394103000004,False,2.023874951036017,1.9543879052319684,2.536757009391071,2.5443390336274962,0.06948704580404841,0.007582024236425067,0.14934686950742324,0.9887774873501337,0.003820088727872675
5368,08062025071205279,1,1,Sea,0,0.0,0,1.1701387009999997,3.914887972,0.0210416933,4.08607576603092,3.7629147,9.66494754,0.049699999,1.8075081103294703,5.852928032356915,3.914887972,False,2.0235476768707565,1.9682104011151857,2.4050732147158596,2.5232279634137753,0.05533727575557079,0.11815474869791576,0.16310139701312976,0.9866013629493953,0.003960419013309087
5369,08062025071205482,1,1,Sea,0,0.0,0,1.1414950519999998,3.9118790500000005,0.020525205521000005,4.075074225045609,3.5172553000000004,9.676249460000001,0.05060000779,1.7221125538073527,5.844122655289962,3.9118790500000005,False,2.033519881967707,1.921765605310387,2.4585324676380194,2.602371439487588,0.11175427665731985,0.1438389718495685,0.15042060775530247,0.9886126642517065,0.004317504333318103
5370,08062025071205684,0,0,Sea,0,0.0,0,1.004488077,3.912662211,0.0208350884,4.039598491822077,3.7562732000000003,9.83527693,0.052400003,1.935865037320995,5.855071296932387,3.912662211,False,1.9114941381955532,2.0764302917651722,2.647984105624925,2.519777233668977,0.164936153569619,0.12820687195594793,0.09900997746061509,0.9950772799900136,0.004269802211408241
5371,08062025071205879,0,0,Sea,0,0.0,0,0.5675601899999999,3.9182515349999996,0.0221264242,3.959205632377607,3.8878179999999998,9.92799625,0.051299995,1.9800896485249995,5.925401427770033,3.9182515349999996,False,1.9719786739597363,2.123254838088212,2.6432409366817327,2.3191855623742916,0.15127616412847567,0.324055374307441,0.026022386357757107,0.9996555486157424,0.003408743171149965
5372,08062025071206066,1,0,Sea,0,0.0,0,0.26812300999999994,3.909891846,0.0224001136,3.9191384207499023,3.5833690000000002,9.9470324,0.052200002999999995,1.860611036736585,5.980184648385329,3.909891846,False,2.016963094424635,2.0574642919829738,2.6094711684465515,2.428329687926188,0.04050119755833892,0.18114148052036327,-0.016234953961865417,0.9998621319808413,0.003484723889047228
5373,08062025071206279,1,0,Sea,0,0.0,0,0.10353995599999996,3.9324560392000003,0.0225225313,3.9338833596263623,3.482433,9.99038463,0.048199989,1.6769183519981743,6.000161512188006,3.9324560392000003,False,2.0686057573781427,2.005538966204596,2.5750674130913485,2.5426519586123733,0.06306679117354674,0.0324154544789752,-0.045457480687527224,0.9989594157213476,0.0037017821663334395
5374,08062025071206464,0,0,Sea,0,0.0,0,0.07396470399999995,3.920566048,0.022246359599999998,3.9213267926409294,3.50609,9.9821168,0.046199977999999996,1.6169160650182166,6.040861856301868,3.920566048,False,2.061598987504845,2.045238734035711,2.5804606189934463,2.4622603422676725,0.016360253469133834,0.11820027672577371,-0.04130392970858897,0.9991423936328662,0.0029090610537939074
5375,08062025071206670,0,0,Sea,0,0.0,0,0.156470147,3.9319289448,0.021970668999999998,3.9351023930965954,3.446139,10.046304059999999,0.045700002999999996,1.5821779862378926,6.082194394817851,3.9319289448,False,2.0335364866244716,2.081883217762706,2.574510673986487,2.483490355437775,0.0483467311382344,0.09102031854871218,-0.014846049459403248,0.9998861901951739,0.002683555929985889
5376,08062025071206892,0,0,Sea,0,0.0,0,0.23288698000000002,3.9365470167999996,0.022067734408,3.9434915678662734,3.39839,10.042018892,0.04650001592,1.5868919343778598,6.09828534315208,3.9365470167999996,False,2.0533726903024694,2.103111393996048,2.5158931856423217,2.4270630604336865,0.04973870369357858,0.0888301252086352,0.010675555112920149,0.9999397269521639,0.002564173524311848
5377,08062025071207078,1,1,Sea,0,0.0,0,0.31919422999999997,3.9306952450000003,0.02194467957,3.9436951751488523,3.40538,10.01775208,0.045900021400000005,1.5658449233839444,6.105843866559452,3.9306952450000003,False,2.0663875014185993,2.136914241446764,2.4950500196589904,2.3690924909884865,0.07052674002816461,0.12595752867050392,0.02646809206629578,0.9996469923765962,0.002308838408316233
5378,08062025071207282,1,1,Sea,0,0.0,0,0.4093323800000001,3.9151462810000006,0.02197182883,3.9365474924363273,3.491673,10.05643355,0.045600003699999996,1.6011883840499859,6.120982592197874,3.9151462810000006,False,2.0672257184804472,2.1608313930642535,2.4391791698308465,2.4340263476213986,0.09360567458380631,0.005152822209447905,0.03891680879120724,0.9992400423447352,0.002195397094035649
5379,08062025071207469,1,1,Sea,0,0.0,0,0.4326477300000001,3.904937176,0.02135515263,3.9288897222147705,3.452819,10.05490448,0.0453999877,1.5761861144919895,6.125025869064767,3.904937176,False,2.052326415334072,2.157478432228234,2.443732598802166,2.4436359096717246,0.10515201689416198,9.668913044125205e-05,0.04546231084727433,0.9989633605706913,0.002320027960343843
5380,08062025071207681,1,1,Sea,0,0.0,0,0.4294885600000001,3.902009149999999,0.020595629119999997,3.9256286133297733,3.421865,10.038845219999999,0.0461000088,1.5836078221455403,6.116572411280764,3.902009149999999,False,2.043521700395912,2.1565759965463775,2.419234004012435,2.4350214652289557,0.11305429615046547,0.015787461216520526,0.04835752630255243,0.9988267739908986,0.002573948102081488
5381,08062025071207870,1,1,Sea,0,0.0,0,0.41751958999999994,3.9051038475000004,0.020139184669999997,3.927411902837828,3.392511,10.04331462,0.0460000145,1.5673150389861,6.11576717751272,3.9051038475000004,False,2.034934576332124,2.1514440230143097,2.4698489903096568,2.4437334226907423,0.11650944668218566,0.026115567618914426,0.05025599202735713,0.9987326649800705,0.0027201410169850854
5382,08062025071208072,1,1,Sea,0,0.0,0,0.39000581000000006,3.9121558661,0.020119797720000002,3.9315992749458446,3.38138,10.013203974,0.046799998,1.5845752824717774,6.102654778250365,3.9121558661,False,2.0278577351246807,2.1445331426814094,2.485299995211982,2.4102404768837578,0.11667540755672867,0.07505951832822433,0.04994823592216859,0.9987479870888051,0.002762610056305975
5383,08062025071208275,1,1,Sea,0,0.0,0,0.3621716200000001,3.9130920600000003,0.020652173279999998,3.9298707694566315,3.3693,10.02621672,0.0458999912,1.550562841280825,6.103160272317596,3.9130920600000003,False,2.055602217079219,2.1438025754264314,2.510745055491876,2.427659151356153,0.0882003583472124,0.08308590413572281,0.047084320385452745,0.998887135827565,0.0027489365295619217
5384,08062025071208479,1,1,Sea,0,0.0,0,0.32901870000000005,3.9192185423,0.020987150530000002,3.933060862451177,3.368945,10.03190693,0.0453999842,1.5343806642382194,6.106276837664068,3.9192185423,False,2.0686819925440445,2.1400560361179797,2.5188368904357743,2.4181786073520137,0.07137404357393518,0.10065828308376057,0.04664337411199336,0.9989082115917776,0.002603932788178499
5385,08062025071208677,1,1,Sea,0,0.0,0,0.30219771999999995,3.9195864279400006,0.021206165553,3.9312759925400953,3.368706,10.04737316,0.04500000657,1.5230993035473588,6.116050456273919,3.9195864279400006,False,2.089877114187339,2.131734624539368,2.513239481498992,2.4149725687957733,0.04185751035202889,0.09826691270321852,0.04682756875952443,0.9988999737515369,0.0024538221718009875
5386,08062025071208879,1,1,Sea,0,0.0,0,0.2820764399999999,3.9217807209,0.021296527779999998,3.9319695679037854,3.360913,10.05864267,0.0451000006,1.5246606736130266,6.124494355406076,3.9217807209,False,2.110469295143855,2.1215326223249553,2.512396592703899,2.4112777058646064,0.01106332718110048,0.10111888683929271,0.0439963181731682,0.9990291926998434,0.002235200372330385
5387,08062025071209078,1,1,Sea,0,0.0,0,0.26643527,3.9206731934,0.021442852229999997,3.9297742732194023,3.367716,10.06274883,0.0453000033,1.5351482666483691,6.1296992812479605,3.9206731934,False,2.1206228487783965,2.1295835023633143,2.5132255397206866,2.4066144117391683,0.008960653584917821,0.10661112798151828,0.03854288007629453,0.9992544954954108,0.00221351025215675
5388,08062025071209280,1,1,Sea,0,0.0,0,0.2521264199999999,3.928429011600001,0.02141195379,3.936569661851252,3.3586340000000003,10.053659354,0.0454000053,1.5330020996993938,6.121558918403266,3.928429011600001,False,2.110637920398475,2.1339848474281626,2.434942643918296,2.394028706542885,0.02334692702968777,0.040913937375410825,0.029687737309175653,0.9995566550376678,0.0022653086700267383
5389,08062025071209481,1,1,Sea,0,0.0,0,0.24307818999999986,3.9167498640000007,0.021346375339699998,3.924343533807641,3.357166,10.06334498,0.0453000043,1.530429823747213,6.129866211948704,3.9167498640000007,False,2.1133423868105234,2.1389114260462025,2.486697945987973,2.40086026160232,0.025569039235679103,0.08583768438565276,0.022500195625285605,0.9997443932480813,0.0022111910477304133
5390,08062025071210059,1,1,Sea,0,0.0,0,0.23862780999999997,3.8984867396,0.0220335203,3.905845307556259,3.38274,10.064864980000001,0.0459857143,1.565667399996542,6.149409511774536,3.8984867396,False,2.1279137739076743,2.1477017050018836,2.4977608578207304,2.3832092412566404,0.019787931094209288,0.11455161656409008,0.01545325669853631,0.9998782790300231,0.002150344476734808
5391,08062025071212072,1,1,Sea,0,0.0,0,0.21873673999999993,3.8845784878000003,0.02254708361,3.890797368186074,3.4106829999999997,10.07807494,0.047399995699999996,1.629285686661271,6.1715992273965785,3.8845784878000003,False,2.1536389128451874,2.142553572547487,2.4837202328438974,2.387069964779795,0.011085340297700252,0.09665026806410237,0.004139143931420916,0.9999888366906656,0.0022790308388266427
5392,08062025071214047,0,1,Sea,0,0.0,0,-0.03483860600000009,3.626128124,0.03549782551,3.6264692189163443,3.8614050000000004,10.2999149,0.0621903536,2.473443630034609,6.658206654092074,3.626128124,False,2.4428501574971806,2.3828928523288666,2.076229275696304,1.9316604856002495,0.05995730516831399,0.1445687900960546,-0.015229750600156694,0.9998812398879158,0.0023581384313050365
5393,08062025071216048,1,1,Sea,0,0.0,0,-0.0016105999999999176,0.9035013540000001,0.03427782550999999,0.9041527857800846,4.222968,3.6725239000000003,0.0729903536,1.1320038108082218,2.765539520805181,0.9035013540000001,False,0.6142816196474464,0.3029773781410918,0.7834828138333987,0.15234949698393382,0.3113042415063546,0.6311333168494648,-0.10278803223893777,0.994553343291818,0.01727043066962456
5394,08062025071216436,1,1,Sea,0,0.0,0,-0.04007854999999997,2.3598818239999995,0.029057824509999997,2.360400997835097,3.62639,6.8296499,0.0744903536,1.844900658375178,4.4586609916158455,2.3598818239999995,False,1.6671289315676818,2.0004079802502788,1.2439798282070855,1.7065730609140206,0.33327904868259695,0.4625932327069351,-0.04880095692430409,0.9987060860870791,0.014304552278906008
5395,08062025071216639,1,1,Sea,0,0.0,0,-0.21574697999999995,3.177959294,0.028487823640000003,3.1854016371245626,3.5377739999999998,9.000576859999999,0.093,2.961306632428796,5.80813513455912,3.177959294,False,1.9760713008758062,2.280905543552823,1.8292841473127486,1.9040932191051683,0.30483424267701675,0.07480907179241969,-0.01939650070188778,0.9997749802000566,0.00858863938572585
5396,08062025071216848,0,1,Sea,0,0.0,0,-0.15996197000000006,3.628283794,0.030727821639999996,3.6319382319461404,3.6888769999999997,10.16169286,0.08699999,3.2612150764393344,6.5188851774368315,3.628283794,False,2.499945891278449,2.3476203492170535,2.2028448618472614,2.0388524462113766,0.1523255420613956,0.16399241563588474,-0.01289028809588902,0.9999071382482391,0.004422143487282434
5397,08062025071217049,0,1,Sea,0,0.0,0,-0.19978794999999996,3.682964894,0.033807824640000005,3.68853475033224,3.867244,10.31482286,0.0826,3.2949087810344615,6.617181575431759,3.682964894,False,2.587709742034064,2.4685186120979523,2.0399331682027233,2.0089720862007003,0.11919112993611147,0.030961082002022966,-0.009559660581177312,0.9999518787647703,0.0022029626367465207
5398,08062025071217249,0,1,Sea,0,0.0,0,-0.24212091,3.6782033940000005,0.03430782264,3.6863233403198166,4.172651999999999,10.34601286,0.0815,3.5183803670628344,6.653158441538129,3.6782033940000005,False,2.5848563709192818,2.4411698678643807,1.9483268156541396,1.9589216488167878,0.14368650305490105,0.010594833162648198,-0.007822141898970287,0.9999682109479813,0.0015463471815570528
5399,08062025071217450,0,1,Sea,0,0.0,0,-0.2623873800000001,3.7081715939999995,0.03379782464,3.7175968044803027,4.133949,10.37306286,0.0812,3.481995082367172,6.650350498742731,3.7081715939999995,False,2.494577322937896,2.362693793443831,1.9172928333871406,1.9734681292733744,0.13188352949406523,0.05617529588623382,-0.0062244983601673935,0.9999796062176614,0.0014292546782078534
5400,08062025071217653,0,1,Sea,0,0.0,0,-0.26844821999999996,3.719519894,0.03296782464,3.729340366089482,4.2053840000000005,10.37839286,0.08,3.4916101823326597,6.644210558815676,3.719519894,False,2.4497965428396298,2.3480280849037984,1.914018004468819,1.975816083492986,0.10176845793583134,0.06179807902416701,-0.006930268302356605,0.9999745218126891,0.0017108789382231883
844,08062025072225855,0,0,War,0,0.0,45,0.0,0.0,0.0,0.0,0.0,0.0,0.0,0.0,,3.7,False,0.0,0.0,0.0,0.0,0.0,0.0,,,
845,08062025072232610,1,0,War,0,0.0,0,0.007007488999999989,4.0460764137,0.020720515200000005,4.0461355377880865,3.267045,9.623805663,0.046600003,1.4651696219522725,5.581764029665709,7.7460764137,False,1.8666293414882875,1.9901616280835082,2.5882342587235283,2.488968265332378,0.12353228659522064,0.09926599339115016,0.027959277366717578,0.9996051677115495,0.002790608087129012
846,08062025072233013,0,0,War,0,0.0,0,0.0886473989,4.488435367,0.024816667500000004,4.489379274694216,3.896449,9.63771013,0.060199997,2.26068121644083,5.15422709488008,8.188435367,False,1.931985486794867,1.9450973060422962,2.6191437837800065,2.4998276335853213,0.013111819247429324,0.11931615019468511,0.026547348052664017,0.9996440217138574,0.002658601721922397
847,08062025072233320,0,0,War,0,0.0,0,-0.010142395000000044,4.41501359,0.024924118259999996,4.415095591233792,4.219472,9.634245700000001,0.060400006,2.455346614233712,5.2309565032636245,8.11501359,False,1.7499015923340946,1.0756532320023033,2.5234166556564457,2.4864617972156218,0.6742483603317913,0.03695485844082391,0.02957127021351363,0.999558853739772,0.0027636729893742553
848,08062025072233570,0,0,War,0,0.0,0,-0.13412743100000002,4.151638957,0.019101831900000008,4.153848947302809,4.663245,9.62112333,0.049,2.1984171078872867,5.4962611949148865,7.8516389570000005,False,1.7115288941895197,1.9804556991796098,2.4759253470923657,2.3952879304407224,0.26892680499009014,0.08063741665164326,0.037442866020465176,0.9992942965121361,0.0029901074376074764
849,08062025072233786,0,0,War,0,0.0,0,-0.05736554500000006,4.129451594,0.0187122397,4.12989242243147,4.449811,9.63510806,0.051200022,2.1951707266137412,5.520218653435357,7.829451594,False,1.4827814702515676,2.115592956351718,2.5108187143127414,2.398790806267477,0.6328114861001506,0.11202790804526419,0.03765713058851214,0.9992857816328014,0.00314120078331224
850,08062025072234016,0,0,War,0,0.0,0,-0.05326085050000001,4.1139537621,0.020037927400000002,4.114347310744101,5.103802,9.671971779,0.053399985,2.6360277233154066,5.5560535280614305,7.813953762100001,False,2.020921574225779,2.114366477688293,2.6205991306669167,2.440946527818122,0.093444903462514,0.1796526028487948,0.03504934797963496,0.9993796840691156,0.0034336971498653756
851,08062025072234193,0,0,War,0,0.0,0,-0.055886866999999917,4.0912297639999995,0.021146839599999998,4.091666104726489,5.086583,9.70690836,0.052199994,2.5773744451790983,5.580491303607491,7.791229764,False,2.0854763771558766,2.109524340473463,2.6533746149362405,2.465406031927946,0.024047963317586518,0.18796858300829467,0.042094129573072174,0.9991067052641343,0.003725017010935958
852,08062025072234416,0,0,War,0,0.0,0,-0.07356710000000004,4.04935594,0.020835156599999995,4.0500777462619455,5.134587,9.4773902,0.0656,3.1922589841739897,5.564377532342444,7.74935594,False,1.9511405693616743,2.151320633741284,2.3196703330404946,2.379850844138851,0.20018006437960967,0.060180511098356426,0.05674777741757397,0.9983779975095638,0.004589536682378388
853,08062025072234603,0,0,War,0,0.0,0,-0.06341506,4.073593914,0.020640542699999997,4.0741397715365135,4.696054999999999,9.63062196,0.053000005999999995,2.396974582999075,5.514997112721373,7.773593914,False,1.5208159330962443,2.1271610373119376,1.9893120249044818,2.5406618216824692,0.6063451042156933,0.5513497967779875,0.040212664034887526,0.9991815728640407,0.004373339703096413
854,08062025072234809,0,0,War,0,0.0,0,-0.2212637899999999,4.04749515,0.019983808619999998,4.053587794367559,4.638673,9.5922837,0.051800012799999996,2.3048657812520417,5.505752120630207,7.74749515,False,1.7409062629722485,2.092038947848725,2.372682806449897,2.5088239429083203,0.3511326848764764,0.13614113645842352,0.007911253560859442,0.9999606950625918,0.0040025488171761756
855,08062025072235005,0,0,War,0,0.0,0,-0.5190950900000001,4.0217773796,0.019131673699999997,4.055184215848019,4.709125,9.514036804,0.050499999999999996,2.262540822514143,5.4869361994699455,7.7217773796,False,2.0169984107986303,2.051632546933295,2.3339060115987964,2.399352285945382,0.03463413613466493,0.06544627434658556,-0.01183204807644858,0.9999234584169965,0.003616620758354435
856,08062025072235205,0,0,War,0,0.0,0,-0.58584864,4.070899065,0.0201393609,4.11288747965042,4.1629629,9.588347950000001,0.050200012,2.003780505755923,5.45093378768768,7.770899065,False,1.5535923208515163,2.070933747133068,2.4868847312465463,2.486102903219819,0.5173414262815517,0.0007818280267271049,-0.022381797131507918,0.9997432090965914,0.0035455637651807897
857,08062025072235400,0,0,War,0,0.0,0,-0.6993394600000001,4.034184968,0.022678652000000004,4.094415508666261,3.4666671,9.414001619999999,0.056999998,1.8602068873674205,5.47985160275188,7.734184968,False,1.1675337560276364,2.052227933972796,2.4771888462599088,2.1898565899369355,0.8846941779451594,0.2873322563229732,-0.021521681090178622,0.9997615970783104,0.0036832391286659343
858,08062025072235600,0,0,War,0,0.0,0,-0.673655614,3.9939927689999997,0.024876215200000003,4.050482557817115,3.0141677,9.46181591,0.0513,1.4630503448324537,5.557274817833772,7.693992768999999,False,1.2492897400607275,2.070212789782248,2.516364538822706,2.216081624834182,0.8209230497215207,0.3002829139885237,-0.013979651015458634,0.9998949870213544,0.0038189379481377694
859,08062025072235810,0,0,War,0,0.0,0,-0.7634474840000001,3.9573229090000006,0.0322062152,4.030421058303917,2.9700541,9.51306791,0.049199997999999995,1.3901127998953047,5.6442056610921885,7.657322909000001,False,1.44822124676791,2.175086605285888,2.4542648314513738,2.2136915646699156,0.7268653585179778,0.24057326678145818,0.0044482981614024746,0.9999835888606456,0.0036103535630733668
860,08062025072236012,0,0,War,0,0.0,0,-0.945010695,3.9357305887000003,0.031786216400000004,4.047719215069922,3.1066773000000003,9.625398203,0.051299998,1.5340241531609697,5.7033111729500074,7.6357305887,False,1.1568989571440542,2.2220268172505953,2.366507790238046,2.0825354934243694,1.065127860106541,0.28397229681367664,0.027457677721983258,0.9996149516619077,0.004003042352709838
861,08062025072236195,0,0,War,0,0.0,0,-1.111384454,4.036322169,0.0314462197,4.18665271085233,3.0860469999999998,9.8182434,0.050899995,1.5422474825250427,5.633448518081856,7.736322169,False,1.1060506135995767,1.9799658436774836,2.5622546528905277,2.114441431523268,0.873915230077907,0.44781322136725965,0.01834882639944762,0.9998248788698095,0.0036786088040852037
862,08062025072236390,0,0,War,0,0.0,0,-1.145941654,4.160799204,0.030926218800000006,4.31583001534914,3.0686185,9.70017405,0.050500008,1.5031899820530894,5.516810353654304,7.860799204,False,1.5193284823648245,2.095441609456167,2.23378483948195,2.1905071054625527,0.5761131270913424,0.043277734019397496,2.2821253696619018e-05,0.999991608630013,0.004096602098001139
863,08062025072236609,0,0,War,0,0.0,0,-0.9014909019999999,4.225402296,0.0323115916,4.320619683376746,3.1216555,9.9658575,0.049399990000000005,1.5368323984285692,5.481919696982986,7.925402296000001,False,1.5680110960002804,1.6714879657085895,2.561531759470386,2.660207546081566,0.10347686970830905,0.09867578661117982,0.0027588965190249197,0.9999887679674867,0.0038538849056044453
864,08062025072236812,0,0,War,0,0.0,0,-0.5385660800000001,4.22713471,0.033691589300000005,4.26143830205283,3.178344,9.9673155,0.050000003,1.5839779658152722,5.475626579226961,7.92713471,False,2.038809296404215,1.9374200169870468,2.7384273579836584,2.6662774280456283,0.10138927941716824,0.07214992993803016,-0.04274617630019539,0.9990807663095077,0.003222856205213428
865,08062025072236999,0,0,War,0,0.0,0,-0.10531860000000001,4.24798608,0.035161588300000005,4.2494369133652885,3.424049,10.0179815,0.051900003,1.7802769928813311,5.4967124802628184,7.947986080000001,False,2.049211717638751,2.1237492578152346,2.5255162866876746,2.753598591772891,0.0745375401764834,0.22808230508521632,-0.02701537969885042,0.9996293288324156,0.003372565459863169
866,08062025072237196,0,0,War,0,0.0,0,-0.05180971999999999,4.2431980199999995,0.0353515882,4.243661557995249,3.340794,10.0418065,0.050400004,1.690799522170222,5.523176685919307,7.94319802,False,1.9387748618424887,1.8013555994824817,2.584148730206466,2.730220603566768,0.137419262360007,0.14607187336030236,-0.010192991595291792,0.9999423390461094,0.00337957176778303
867,08062025072237394,0,0,War,0,0.0,0,-0.34368133,4.217700169999999,0.0350415875,4.231824605706516,3.2465640000000002,10.0097075,0.049200004,1.5988602061741,5.517158651520391,7.917700169999999,False,1.5751136729136601,1.9144425057857026,2.7242519718907867,2.6165879739168605,0.3393288328720425,0.10766399797392623,-0.0224218489604485,0.9997440788492427,0.0030062426838271734
868,08062025072237596,0,0,War,0,0.0,0,-0.6371220999999999,4.23193045,0.0338154257,4.279755061561454,3.199996,9.9885507,0.049200003,1.572595552351189,5.516307901208571,7.93193045,False,1.7453201756949928,2.190229664285004,2.707055158703243,2.630700973685185,0.4449094885900111,0.07635418501805802,-0.02391924543917679,0.9997091763579606,0.0030712217940597327
869,08062025072237812,0,0,War,0,0.0,0,-0.6962376400000001,4.228169287,0.0289705746,4.285207307129436,3.2662676,9.9414701,0.048899993999999995,1.587856237518529,5.563845363472189,7.928169287,False,1.392574608615998,1.8121211500649756,2.4313434869324864,2.4740461561596825,0.41954654144897763,0.04270266922719612,-0.02620458710263799,0.9996513213740957,0.003248890549807334
870,08062025072237992,0,0,War,0,0.0,0,-0.7636003,4.219246889000001,0.028210574100000007,4.287881244272901,3.3336326,9.915523100000001,0.049100009,1.622986610156061,5.553548871130212,7.919246889000001,False,1.4264547673820576,1.7895164378119721,2.3213296490571005,2.4660599798484264,0.36306167042991455,0.1447303307913259,-0.005983140388533562,0.9999755723590297,0.003613407854385824
871,08062025072238199,0,0,War,0,0.0,0,-0.5943201499999999,4.2347943,0.027343515399999997,4.276382451540431,3.2767799999999996,9.905045,0.046799985,1.5189708901688794,5.540762857996634,7.9347943,False,1.4593865192693123,1.6166424174315388,2.601107114773225,2.4563124351512555,0.15725589816222652,0.14479467962196946,-0.021722890519586962,0.9997578296349883,0.003521095143824334
872,08062025072238393,0,0,War,0,0.0,0,-0.16457539000000004,4.171304392,0.030493518400000003,4.1746610933555495,3.211713,9.919537,0.045499995,1.449570960834556,5.591820558341229,7.871304392,False,1.4974629537553976,1.6520497491813015,2.5137189924451304,2.294005356225448,0.15458679542590392,0.21971363621968232,-0.000895856457591206,0.9999963811678027,0.0025367484120602884
873,08062025072238609,0,0,War,0,0.0,0,0.4308607400000001,4.1159614100000015,0.028416199300000007,4.138548874456505,3.225453,9.9917512,0.046800001,1.5082668699660644,5.778527286806824,7.815961410000002,False,1.7081352930480096,1.4310587311910015,2.164872748110542,2.499208101554258,0.27707656185700813,0.33433535344371634,0.03431274497407904,0.9994087132430259,0.002204410638381136
874,08062025072238804,0,0,War,0,0.0,0,0.6053987599999999,3.9450973169999997,0.025371231900000003,3.9913586907991943,3.627005,10.027307930000001,0.044799985,1.6293349552030645,6.04287319002792,7.645097316999999,False,2.198888018703838,2.102549662714296,2.244734659518229,2.569323071393258,0.0963383559895421,0.32458841187502907,0.07583196861873073,0.997117906024023,0.0023225033209055054
875,08062025072239010,0,0,War,0,0.0,0,0.66644116,3.9629163610000004,0.021858156400000002,4.01862261017688,4.214569,10.03450253,0.044900010000000004,1.8988709607828778,6.084554392498626,7.662916361000001,False,2.1569194105577614,2.379139585096259,2.277631179705762,2.5721351127017686,0.22222017453849752,0.29450393299600686,0.10757684525792487,0.9941939261021812,0.0023790052297234833
876,08062025072239201,0,0,War,0,0.0,0,0.5767081500000002,4.020298017999999,0.02035654805,4.061502533897973,4.125681,10.043533420000001,0.0467999855,1.9392236213479048,6.047890210712686,7.720298017999999,False,2.148518396658128,2.2247120392653073,2.133842070483205,2.598465982346534,0.07619364260717942,0.46462391186332885,0.11587654266971927,0.9932595299061416,0.0028518607159255856
877,08062025072239399,0,0,War,0,0.0,0,0.3994861499999998,4.010617464000001,0.0206197112,4.030516939435138,3.7787669999999998,10.00043876,0.049499993,1.8705714700792455,6.0351195729224045,7.710617464000001,False,2.1536543343426513,2.2341635694975426,2.1101749537355547,2.551437602647468,0.08050923515489128,0.44126264891191314,0.09537616175547024,0.9954377730025785,0.0026510089515945088
878,08062025072239614,0,0,War,0,0.0,0,0.05386609000000009,3.964936885,0.021232316099999995,3.965359614074411,3.694156,9.968880650000001,0.046600004,1.7161197197244347,6.002702682343796,7.664936885,False,2.0817551686752216,2.295493109308978,2.155241187409321,2.400967523860282,0.21373794063375628,0.24572633645096076,0.04580481857776054,0.9989469881287808,0.002614097070835254
879,08062025072239796,0,0,War,0,0.0,0,-0.37778895000000007,3.9756437339999997,0.019410797769999998,3.993600426871175,3.528145,9.97162236,0.046899996000000006,1.6500042161696928,5.944194816729805,7.675643733999999,False,1.9616413436084585,2.3062411505931033,2.4230641667642008,2.3821613866209903,0.34459980698464476,0.04090278014321047,0.025993500124896395,0.9996578956913209,0.002903365849645149
880,08062025072240011,0,0,War,0,0.0,0,-0.810405117,4.014505878,0.017014720599999998,4.09552235970864,4.0517595,9.966773669999998,0.047200004,1.906076340895535,5.916075552245904,7.714505878,False,1.945183716048127,2.118520565511011,2.332210384366042,2.463618271499284,0.1733368494628842,0.1314078871332418,0.011646381810324952,0.9999274312377592,0.0030812414680329173
881,08062025072240203,0,0,War,0,0.0,0,-0.9429204740999999,4.033169813000001,0.01725472077,4.141962757722513,3.5516785,9.93844667,0.0454000023,1.6025368793858807,5.894301781362922,7.733169813000001,False,1.7825914121451945,2.0923029213622986,2.3409276683201345,2.456478045385811,0.3097115092171041,0.11555037706567628,0.00672970658250023,0.9999716044620686,0.0033913594426837374
882,08062025072240412,0,0,War,0,0.0,0,-1.07980965948,4.037241363,0.016944719500000004,4.179185787607838,3.7675135,9.907389669999999,0.046499992999999996,1.7356691701305071,5.857589496745027,7.737241363,False,1.7167910916625828,2.09649746941387,2.221021514433638,2.4414128389547303,0.379706377751287,0.22039132452109245,0.00034220829025664065,0.999995836859608,0.002865162637331479
883,08062025072240599,0,0,War,0,0.0,0,-1.1459220589999999,4.001617223,0.0166047204,4.162493661430921,3.9510495,9.872498669999999,0.043099988000000006,1.6811896351683433,5.850671375126883,7.701617223,False,1.8471704565870468,2.0876328400909174,2.3061162160560364,2.5046729473595266,0.2404623835038706,0.19855673130349016,0.025716972514119092,0.9996656225456877,0.0026982262786252927
884,08062025072240799,0,0,War,0,0.0,0,-1.1635318289999999,3.991416908,0.0162247213,4.15758084613464,4.1147545,9.85810967,0.041300016999999994,1.6752815460919233,5.840551657915222,7.691416908000001,False,1.8247400987398175,2.196483109849217,2.212247004935607,2.5712233850524107,0.37174301110939956,0.35897638011680355,-0.010138486831477757,0.9999441061141093,0.002999288652759024
885,08062025072241013,0,0,War,0,0.0,0,-1.197433203,4.074878289,0.0165947184,4.2472055201613665,4.813007499999999,9.84832567,0.040899998,1.9386625764669074,5.737179560761557,7.774878289,False,1.7999684637729072,2.1922852087389475,2.600877479247693,2.6838695795692176,0.3923167449660403,0.08299210032152438,-0.041176720386588664,0.9991467927144897,0.0031881509615062005
886,08062025072241206,0,0,War,0,0.0,0,-1.0491334,4.140917151,0.01579124395,4.27178242725762,4.9507307,9.840060489999999,0.042500004999999993,2.070408549779699,5.675595304002053,7.840917151,False,2.1001728835648272,2.1737317284843347,2.7245600635790725,2.688158863223078,0.07355884491950748,0.03640120035599459,-0.050196657718039564,0.9987325508471103,0.003686113449430805
887,08062025072241400,0,0,War,0,0.0,0,-0.6826085399999999,4.165904416000001,0.015963651399999997,4.2214889387863215,5.197266,9.67996224,0.044400011,2.233735188629596,5.594495904630008,7.865904416000001,False,2.067956008553615,2.1897341490923043,2.746156688255566,2.435576536530061,0.12177814053868952,0.3105801517255049,-0.022808410168489005,0.9997333537552853,0.0036052482293938764
888,08062025072241615,1,1,War,0,0.0,0,-0.16173759099999999,4.1630085900000005,0.01766989058,4.166186720946312,5.168785,9.6562566,0.043299996,2.1611510482565452,5.581645614579479,7.863008590000001,False,2.005041760987786,2.1818816163953536,2.6459544699037,2.488191096403894,0.17683985540756764,0.1577633734998063,0.02169278234735552,0.9997600278642778,0.0030512094075542907
889,08062025072241808,1,1,War,0,0.0,0,0.4031851499999998,4.0475101,0.014648183309999998,4.067568173252517,4.051786,9.5873125,0.043999999,1.7092124580197612,5.6687971065119624,7.7475101,False,1.9878215680855262,2.223803408405968,2.4094747148070823,2.5365283084260364,0.23598184032044167,0.12705359361895407,0.08592741489837145,0.9962956109604322,0.0033963141583858913
890,08062025072242006,1,1,War,0,0.0,0,0.5632219599999999,4.034778478999999,0.014511622839999998,4.073925249440058,3.6405208,9.57844201,0.042899986999999994,1.4959447418133227,5.670423342273897,7.734778478999999,False,1.8446552343591571,2.234454943828808,2.4087775368686395,2.5723985177197037,0.3897997094696508,0.16362098085106425,0.1136781699160428,0.99351108361149,0.0036056103037399824
891,08062025072242213,1,1,War,0,0.0,0,0.5436501,3.93509733,0.01622681787,3.972506732205916,3.7027729999999996,9.5303456,0.043700004,1.542116609451668,5.726173666719372,7.635097330000001,False,1.838032515976255,2.0456127499375345,2.4214834241436387,2.566776542106587,0.20758023396127956,0.14529311796294841,0.10481035053971728,0.9944867389001297,0.0033040235360023615
892,08062025072242410,1,1,War,0,0.0,0,0.41263777999999995,3.9201933249999987,0.018170017830000003,3.9418924125863475,3.618551,9.544120249999999,0.0440999985,1.5230325152729878,5.719798694882032,7.620193324999999,False,1.8482116804726376,1.9501697652671166,2.4672579015349028,2.5728893136283286,0.10195808479447899,0.10563141209342586,0.10275734351881415,0.9947001764399466,0.0035337435242485766
893,08062025072242590,1,1,War,0,0.0,0,0.20838725,3.8781647900000005,0.018470312770000004,3.8838033596993724,3.779404,9.4762,0.050500007,1.8086268540331174,5.707592944676907,7.578164790000001,False,1.777321046497227,2.1029972547338236,2.490274601219468,2.526992686899986,0.3256762082365965,0.036718085680518264,0.07834322009329346,0.9969205144133362,0.0034391579293110187
894,08062025072242821,1,1,War,0,0.0,0,-0.31022738,3.8019327399999994,0.0184414696,3.8146131749610697,3.6269340000000003,9.4812284,0.046399997,1.5955933363982988,5.669501200907002,7.501932739999999,False,1.798291246643046,2.0768603535156136,2.463291377743859,2.409454505747133,0.27856910687256753,0.053836871996726376,0.009364147993848458,0.9999517209886343,0.0029779899626790154
895,08062025072243001,1,1,War,0,0.0,0,-0.7685853899999999,3.826591732,0.017749973800000002,3.903055578223568,3.6614925,9.54496158,0.047599996000000006,1.6635629895315873,5.674778726585266,7.526591732,False,1.9290556253941973,1.9296283133576504,2.481732391023176,2.4709271655710974,0.0005726879634531112,0.010805225452078737,-0.06035233369104715,0.9981718786109245,0.0032398407958495364
896,08062025072243200,0,0,War,0,0.0,0,-0.9772646460000001,3.9379376820000003,0.0177544289,4.057427090581248,4.5942870000000005,9.62312428,0.0457,2.0204607413997686,5.603607427962604,7.6379376820000004,False,1.9651219776128401,1.967408327795265,2.4749459222140207,2.499766081581483,0.0022863501824248456,0.024820159367462402,-0.09085116189997017,0.9958589715687773,0.0033128729831976796
897,08062025072243415,0,0,War,0,0.0,0,-0.97518692,4.109455714999999,0.017038453399999997,4.223612921584968,6.5023729999999995,9.46342115,0.046899994,2.8859767875237767,5.425701525737709,7.8094557149999995,False,1.892421414244195,2.0389993879179293,2.394107691046704,2.3358557338912287,0.14657797367373426,0.058251957155475154,-0.09709371421787749,0.9952697330793512,0.0033119594704747925
898,08062025072243605,0,0,War,0,0.0,0,-0.7817028214999999,4.178578022999999,0.01883546094,4.251109075291819,6.99651,9.4433542,0.048100001,3.1779921787843226,5.310101279763274,7.878578022999999,False,1.9376835778539798,2.165315337235665,2.497197370310157,2.422802351727291,0.227631759381685,0.0743950185828659,-0.0677991042582524,0.9976910546200376,0.003980074488707932
899,08062025072243808,0,0,War,0,0.0,0,-0.78095395,4.193229856,0.019132924399999997,4.265375923182678,6.530918,9.50748774,0.05650001,3.508233810027139,5.299723546891176,7.8932298560000005,False,1.9549542673374734,2.1337209336602574,2.4005868314388654,2.5381141114093033,0.17876666632278404,0.1375272799704379,-0.021369693198314447,0.9997648870633951,0.003675160911672309
900,08062025072243992,0,0,War,0,0.0,0,-0.7735210699999999,4.1485358880000005,0.018984648099999994,4.220076453883434,6.143020999999999,9.41038382,0.049900005,2.8846287417145056,5.288426605300826,7.848535888000001,False,1.9633147466977878,2.0596516673306677,2.316811708460334,2.5108271702388363,0.09633692063287991,0.19401546177850237,-0.008745671942395417,0.9999561898316762,0.0033364111845940758
901,08062025072244204,0,0,War,0,0.0,0,-1.3798807300000002,3.8790765610999998,0.020458396300000004,4.117247180080388,4.7871714,9.181811489000001,0.05,2.197745268016611,5.313475258282704,7.5790765611,False,1.7631128877912494,1.967408162982242,2.057536832914544,2.547838125634573,0.20429527519099255,0.4903012927200292,-0.04280739404982391,0.9990787302255174,0.00303608722388262
902,08062025072244408,0,0,War,0,0.0,0,-1.8820532900000004,3.769391284,0.017356556099999997,4.213162290766242,5.2563674,9.17814086,0.0557,2.687172998787536,5.417369200282265,7.469391284,False,1.6842407693762196,1.791459135095158,2.2742542737623883,2.638799220722073,0.1072183657189385,0.36454494695968487,-0.12077455343061616,0.9926736058754814,0.003552385368263527
903,08062025072244603,0,0,War,0,0.0,0,-2.02976908,3.75256106,0.0174478962,4.266378025472447,3.2076508,9.3753774,0.049600009,1.4916179368000626,5.501259604178632,7.452561060000001,False,1.709246972003169,1.809579755723643,2.3467261627091385,2.2204202439213256,0.10033278372047394,0.12630591878781283,-0.19475096849976198,0.9808460908379478,0.0036064326308727994
904,08062025072244807,0,0,War,0,0.0,0,-1.9493742500000004,3.8412641899999995,0.015557103000000003,4.307622611997616,3.2225297,9.0753532,0.042799991,1.2517112124192167,5.453476145002395,7.54126419,False,1.837244263017631,1.7621912253200556,2.313515512463325,2.2353932540331463,0.07505303769757554,0.07812225843017861,-0.21561614018173286,0.9764713282593276,0.003664038836569197
905,08062025072244995,0,0,War,0,0.0,0,-1.5658239799999998,3.865495696,0.0165482663,4.170627717413184,3.1186602,9.162217940000001,0.046400013000000004,1.325826753160643,5.416632660106939,7.565495696,False,1.8346774700246362,1.7419705389903726,2.161257824786439,2.329190200907039,0.09270693103426364,0.16793237612059997,-0.22751502407995836,0.9737667064811102,0.003913459700507195
906,08062025072245203,0,0,War,0,0.0,0,-1.1024447452000001,3.9425590950000013,0.018441429899999997,4.093836430553019,3.5183439,9.19461055,0.046199977,1.4945601056503837,5.3518964340342645,7.642559095000001,False,1.8027063136049086,1.5903313371802894,2.626384470281084,2.5309096847982744,0.21237497642461922,0.09547478548280974,-0.21472858989802102,0.976666153067726,0.003854624793257925
907,08062025072245398,0,0,War,0,0.0,0,-0.8251541,3.91370475,0.0220157563,3.999806101856043,3.3987207,9.206635499999999,0.043300006999999995,1.3548911078326482,5.3856872116603425,7.61370475,False,1.847583846011055,1.735276808361548,2.589363450378683,2.542282214312435,0.112307037649507,0.04708123606624781,-0.16536113162272328,0.9862259583494214,0.0037490300369153054
908,08062025072245606,0,0,War,0,0.0,0,-0.68057717,3.9462260099999993,0.014393259299999999,4.004508980167107,3.8731430000000002,9.0927327,0.05060001,1.7820035249730708,5.310825855835639,7.6462260099999995,False,1.741189037493632,1.8349159811973657,2.742078393703769,2.5056523529572052,0.09372694370373358,0.2364260407465637,-0.10450977672666291,0.9945149801210211,0.004202485387026403
909,08062025072245799,0,0,War,0,0.0,0,-0.20412146550000002,3.956094040000001,0.0129555298,3.961377723943249,4.059826,8.9215231,0.048599986,1.7602833009540169,5.206647619515404,7.656094040000001,False,1.5562157090633082,1.717943388522975,2.0764343837672814,2.390875183079556,0.1617276794596667,0.3144407993122744,-0.06090822056777618,0.9981342025449096,0.004278127780270796
910,08062025072246008,0,0,War,0,0.0,0,0.19171561999999995,3.8115215299999994,0.015120674140000002,3.8163699882731454,3.981466,8.942855,0.043099983,1.53460390640959,5.288393792874549,7.51152153,False,1.6973449048808553,1.6339904760213262,2.1870572813957043,2.397015841442657,0.06335442885952913,0.20995856004695268,-0.011499683052619485,0.9999278449592612,0.003473062743010191
911,08062025072246203,0,0,War,0,0.0,0,0.5441838,3.7798074600000007,0.0176687518,3.8188208425696364,3.302687,9.3339469,0.045300005000000004,1.3964680145005355,5.390292440727453,7.479807460000001,False,1.6396609869790166,1.8200509569009322,2.427761859084021,2.5220183016969684,0.18038996992191558,0.0942564426129473,0.004717529893493955,0.9999826211367998,0.003535864262054121
912,08062025072246397,1,1,War,0,0.0,0,0.8454269700000001,3.7141944900000006,0.027618869999999997,3.80929787141014,3.2918277000000002,9.6403228,0.03650001,1.1583015968371433,5.555041884606188,7.414194490000001,False,1.9470534911435888,1.8140283153275203,2.9264673280006885,1.9915306588094823,0.13302517581606854,0.9349366691912062,0.01711469797545169,0.9998483323476965,0.003224812357181778
913,08062025072246599,1,1,War,0,0.0,0,1.2320022400000001,3.5978368100000004,0.0317588712,3.8030603277697153,3.4361022,9.8475528,0.055199978,1.8678125763880755,5.875437542717155,7.297836810000001,False,2.2932755280007324,1.8215077929940353,2.75109622250231,1.962344168513732,0.4717677350066971,0.788752053988578,-0.016276752100915184,0.9998636331867342,0.002789690246108633
914,08062025072246796,1,1,War,0,0.0,0,1.7369667709999999,3.4893150600000005,0.037008869,3.897915187364347,3.63422229,10.0518748,0.048,1.753475877813566,6.184933278810544,7.18931506,False,2.2706507150763593,1.9053901531077568,2.459785803662034,2.4230284312523778,0.36526056196860246,0.03675737240965615,-0.040943216610221975,0.999157931865319,0.002660865315424708
915,08062025072247012,0,1,War,0,0.0,0,2.3589287800000003,3.3712633800000007,0.039198868,4.114790191211917,3.9186542,10.1628924,0.05220001,2.078858141791312,6.3923032708200065,7.071263380000001,False,2.340657186704623,2.087255522445922,2.2632776246479085,2.3492763383320745,0.25340166425870114,0.085998713684166,-0.020797262224430107,0.999780248652541,0.0026321641726223
916,08062025072247206,0,1,War,0,0.0,0,2.9865109999999992,3.4114748750000006,0.038098872,4.534187942721931,3.8677729999999997,10.1311474,0.0769,3.013324836863721,6.322585768782512,7.111474875000001,False,2.2801331848999524,2.0602524030780796,1.4183167705852322,2.545810434661261,0.21988078182187287,1.127493664076029,0.013348973440789575,0.999907772363754,0.002500334904001913
917,08062025072247409,0,1,War,0,0.0,0,3.5830768000000006,3.4582732750000007,0.037038871,4.979906151449285,3.92949,10.1644754,0.0764,3.051508019181314,6.328813084260393,7.158273275000001,False,2.074992791478322,2.1393485437637314,1.6732209878084314,2.6161862472073656,0.06435575228540946,0.9429652593989342,0.06067920176053373,0.9981539107602387,0.0026086218096495013
918,08062025072247596,0,1,War,0,0.0,0,3.9987047000000002,3.4877460750000004,0.03586887099999999,5.306156663479398,4.416956,10.1533034,0.0766,3.4352567889297005,6.317742484045225,7.187746075000001,False,1.964974971198616,2.2569603227965707,1.9451685519793451,2.7700736617673467,0.2919853515979547,0.8249051097880016,0.1150716025001657,0.9933530383409588,0.002875328995015434
919,08062025072247816,0,1,War,0,0.0,0,4.2042953,3.542349875,0.034928871,5.497777881339327,4.589796,10.1488394,0.0766,3.5681124501795995,6.2891126265417965,7.242349875,False,1.937691634559535,2.0601798505497033,2.2121819964927663,2.861725965984437,0.12248821599016835,0.6495439694916709,0.14907592066590009,0.9888210735547764,0.00304209986585011
920,08062025072248003,0,1,War,0,0.0,0,4.2932021,3.5344620750000004,0.03439887,5.561042142738625,4.467892,10.1379914,0.0771,3.4922792468211306,6.309301705866301,7.234462075000001,False,1.9347615964394687,2.1452320650048566,2.3117694662856896,2.9003115441618963,0.21047046856538798,0.5885420778762067,0.16341936419556322,0.9865502885348892,0.003555221180829424
921,08062025072248200,0,1,War,0,0.0,0,4.2834601999999995,3.541693875,0.034428872000000006,5.5581302734304225,4.409204,10.1362134,0.0766,3.4234556623790344,6.299254609741909,7.241693875,False,1.8549265057338529,2.171356661169694,2.326735986057985,2.9213036867519544,0.3164301554358411,0.5945677006939696,0.1611693587196511,0.9869204032690398,0.003543362974922763
922,08062025072248413,0,1,War,0,0.0,0,4.1281137999999995,3.5488475960000008,0.036348870000000005,5.443984206969717,4.156396,10.1182604,0.050999989999999995,2.1448299291744677,6.229266425847358,7.248847596000001,False,1.886713865979683,2.154117311487468,2.332143803008196,2.929482939465523,0.26740344550778516,0.5973391364573271,0.12884936853076892,0.9916591381397702,0.0031613245815954255
923,08062025072248598,1,1,War,0,0.0,0,3.5752658999999993,3.5389876199999994,0.0345088727,5.030720673274465,3.7038629999999997,10.0207024,0.051399993000000005,1.9077266152561176,6.09696405965551,7.23898762,False,1.8195760534281051,2.1013384533339696,2.4351983701854274,2.7412057833597903,0.2817623999058645,0.30600741317436286,0.06649941964617342,0.9977821028831751,0.002949975042445598
924,08062025072248799,1,1,War,0,0.0,0,3.0953892,3.5888231053000004,0.030878874999999993,4.73941336934573,3.3383130000000003,9.9343004,0.05109999,1.694670061511566,5.946773153336231,7.2888231053000005,False,1.8705120739727936,2.0036799403811973,2.3127308932101256,2.611106931891446,0.13316786640840372,0.29837603868132057,0.029292265397832664,0.9995660935634392,0.003096415054366121
925,08062025072249002,1,1,War,0,0.0,0,2.6884169900000003,3.6377025830000007,0.0277288736,4.523409652564829,3.2829550999999997,9.8435174,0.050200004,1.622254576906793,5.805093149783064,7.3377025830000004,False,1.8440510731119164,1.8229824370862706,2.381698183076834,2.632383501425231,0.021068636025645793,0.25068531834839725,-0.003912633926891358,0.9999852118843491,0.0037772090712320464
926,08062025072249197,1,1,War,0,0.0,0,1.7123019211,3.7730683534000002,0.022239537299999997,4.143490951534788,3.4680583,9.423060316,0.045900005,1.4999994279985858,5.664376467796561,7.4730683534,False,1.9783050010193017,1.771198261180267,2.4720137906928685,2.4075562318153776,0.20710673983903471,0.06445755887749094,-0.04520587631928906,0.9989703160508163,0.003838801315179501
927,08062025072249409,1,1,War,0,0.0,0,0.92206957,3.8143834020000007,0.0191121591,3.9242958991389205,3.2655582,9.33201598,0.049299986000000004,1.5023796697474097,5.564985471496661,7.514383402000001,False,1.9326485133163993,1.7837994390140945,2.541633189696704,2.1136378172752774,0.14884907430230476,0.4279953724214267,-0.047601907706137696,0.9988602875625515,0.0034906035571586847
928,08062025072249593,1,1,War,0,0.0,0,0.6925464669999999,3.821942086,0.017242601400000005,3.8842192555255237,2.9245172999999998,9.26029304,0.043300003,1.1726457969428588,5.488441489640753,7.521942086,False,1.731073033611306,1.7967120580641187,2.561610503740228,2.3541765143690503,0.06563902445281267,0.20743398937117785,-0.018909125547857862,0.9998159314529466,0.003247796775106668
929,08062025072249804,1,1,War,0,0.0,0,0.693699547,3.8776662734000005,0.0145673143,3.939254624420433,2.7830472,9.253251266,0.039099994,1.006912235032036,5.384399494798924,7.5776662734,False,1.7720602405499901,1.882016919202641,2.5514917560944004,2.4429111240571157,0.10995667865265091,0.10858063203728463,0.021402769330208533,0.9997663831494529,0.003016718293007595
930,08062025072250003,1,1,War,0,0.0,0,0.6740943199999999,3.8739549112000007,0.013506404700000002,3.9321892412795685,2.6855860000000003,9.233906487999999,0.036899996000000004,0.9150627054180847,5.378764849523301,7.573954911200001,False,1.7500483291224727,1.9893995270761982,2.547938985417067,2.450160524756727,0.2393511979537255,0.09777846066034002,0.05294761253488415,0.9985936853291869,0.002683644448990923
931,08062025072250214,1,1,War,0,0.0,0,0.61277339,3.8734720063000005,0.013293328000000002,3.9216646113163676,2.9047115000000003,9.256952837,0.035199986,0.9464845866499388,5.397078228048972,7.573472006300001,False,1.7454100840039168,1.994591470716748,2.532237359070989,2.475566117134828,0.2491813867128312,0.05667124193616058,0.07901575289760154,0.9968704049044038,0.002430353833330679
932,08062025072250403,1,1,War,0,0.0,0,0.57055541,3.880884507,0.0135992404,3.9226245004961107,2.9967053,9.28988123,0.037099997999999995,1.0328281917312847,5.416090284252943,7.580884507,False,1.7493967201363017,2.0670820320398513,2.5490918472742177,2.474528117976486,0.31768531190354965,0.07456372929773147,0.09356384676082928,0.9956101281561909,0.0025058515776601713
933,08062025072250603,1,1,War,0,0.0,0,0.46738595000000005,3.8879729232000004,0.014405329399999996,3.9159916485238937,3.0044952,9.298077368,0.038600002,1.0783307683775045,5.429109500716502,7.587972923200001,False,1.7475747528647128,2.0199138271000576,2.558884343820504,2.4803920633605507,0.27233907423534487,0.07849228045995327,0.09779067992831006,0.995203321424913,0.002707756263093648
934,08062025072250793,1,1,War,0,0.0,0,0.30704209,3.887442399,0.015137995300000002,3.8995784912572473,3.163612,9.25429241,0.039099989,1.1447300072766948,5.4312552715363465,7.587442399,False,1.7261626080088197,2.0024155076437062,2.5471402471308737,2.5110391206748095,0.27625289963488653,0.036101126456064225,0.1080252555591686,0.9941441446218459,0.0028220339251899987
935,08062025072251003,1,1,War,0,0.0,0,-0.009163046000000086,3.82293828,0.0159098575,3.8229823669050615,3.571774,9.0419619,0.041700008999999996,1.3467370031188217,5.372296395011319,7.52293828,False,1.7738700382909682,1.9840076008586756,2.4457958045602437,2.407703338972385,0.21013756256770733,0.038092465587858726,0.08487936475725946,0.9963878304169821,0.0026047716489752135
936,08062025072251211,1,1,War,0,0.0,0,-0.28070411,3.7220380359999994,0.016043447429999996,3.7326424059916405,3.1701639999999998,8.988761539999999,0.044699999,1.2737643877737088,5.350352042123047,7.422038036,False,1.822798322297341,1.9923260483133778,2.29253669295425,2.237529885064303,0.16952772601603683,0.05500680788994705,0.03973695686389197,0.9992067816142307,0.0026041957162185395
937,08062025072251411,1,1,War,0,0.0,0,-0.7869764000000001,3.7271031072999996,0.016329878449999998,3.8093170111625607,3.3699573000000003,9.017311526999999,0.044199999,1.3431475720720656,5.2998152333402055,7.4271031073,False,1.7585357844039458,1.8801767284780149,2.3449659290050593,2.366039191036122,0.12164094407406911,0.021073262031062523,-0.003730197422991284,0.9999887428519191,0.0029325409842225637
938,08062025072251610,1,1,War,0,0.0,0,-0.9981119599999999,3.873927830000001,0.018599945900000005,4.0004862547859155,3.0307337000000003,9.2280865,0.043900008,1.2277898371196376,5.231126167133053,7.573927830000001,False,1.6213805716774208,2.0000161570324275,2.3389002079637433,2.4955428718814447,0.37863558535500674,0.15664266391770143,-0.04541658635643333,0.9989671141741818,0.0014277542631057243
939,08062025072251803,1,1,War,0,0.0,0,-1.068270102,4.123027153,0.020540960599999998,4.259222446205967,2.2744311799999997,9.19664457,0.043200006,0.9036203644746728,5.034221833848487,7.823027153,False,1.3657283906578939,1.9226480189159203,2.429893047873632,2.392474030251765,0.5569196282580264,0.037419017621866946,-0.08532269266362624,0.9963486665635337,0.003061495336714713
940,08062025072252006,1,1,War,0,0.0,0,-0.813532114,4.129477172,0.021908876100000002,4.208906771767508,2.00199516,9.20227628,0.042500001,0.7829738027984817,5.051335674784761,7.829477172,False,1.6181206422686787,1.3960712245246034,2.339588258421855,2.3254057794287255,0.22204941774407527,0.014182478993129521,-0.05958387972667743,0.9982195244101782,0.0027463362930370675
941,08062025072252211,1,1,War,0,0.0,0,-0.7592006640000001,4.171827586,0.0223817146,4.24040469727561,2.194759,9.14916384,0.04359999,0.875496941259618,5.019084056757597,7.871827586,False,1.5633333629272932,1.4977952517967867,2.196828768197132,2.2977112429663276,0.06553811113050645,0.10088247476919543,-0.03615231516051739,0.9993432393179231,0.002469845763400868
942,08062025072252406,1,1,War,0,0.0,0,-0.84898487,4.246959127999999,0.022565172799999998,4.331044485042254,2.5280117,9.16065452,0.046399997,1.0745423503337843,4.916471771703336,7.946959128,False,1.3126557751480052,1.6656807848517947,2.098334898808777,2.3962588561664266,0.35302500970378947,0.29792395735764954,-0.02764827993608669,0.9996156655367942,0.0020233215285701154
943,08062025072252603,1,1,War,0,0.0,0,-0.9089669859999999,4.2678498959999995,0.0221560852,4.363628605706095,2.9979996,9.12214674,0.045300007,1.2388733016154032,4.845428194627561,7.967849896,False,1.463198673151408,1.6142213721594028,2.1562450230219405,2.4420107426410973,0.1510226990079948,0.28576571961915676,-0.015594532126128163,0.999876662203531,0.0018630481725035325
944,08062025072334866,0,0,War,0,0.0,45,0.0,0.0,0.0,0.0,0.0,0.0,0.0,0.0,,3.7,False,0.0,0.0,0.0,0.0,0.0,0.0,,,
945,08062025072337997,0,0,War,0,0.0,0,-0.012770636600000046,3.7934800589999993,0.01652784015,3.793537559678279,2.796116,9.40261982,0.044200008,1.162054265177891,5.579152353222946,7.4934800589999995,False,1.7403159919040565,1.891152760312609,2.4984935149909955,2.454531841933407,0.15083676840855254,0.04396167305758869,-0.008402561086868602,0.9999601014557479,0.0030319076159597558
946,08062025072338374,0,0,War,0,0.0,0,0.21503652,3.927716883,0.01426258166,3.933624796440626,2.9918649999999998,9.37638167,0.042900007000000004,1.2034682397954914,5.463196911900703,7.627716883,False,1.7405170656870905,1.8782603943303495,2.4565256683904684,3.185457222753465,0.137743328643259,0.7289315543629966,0.011491535915123795,0.999929570799266,0.00296614960967448
947,08062025072338668,0,0,War,0,0.0,0,0.24953453999999997,3.9475245420999996,0.01282634479,3.95542437827542,3.2143800000000002,9.333797159,0.041299984,1.2390974386254525,5.39068232154055,7.647524542099999,False,1.0407896795231781,1.8724281823784323,2.352454803837375,3.294064155863446,0.8316385028552542,0.9416093520260707,0.026317292538896853,0.9996482773302524,0.003274407439664426
948,08062025072338913,0,0,War,0,0.0,0,0.22571380999999996,3.9319403869999996,0.0127682193,3.938434328304906,3.112096,9.35710192,0.044900001,1.3074969847316116,5.406921478733159,7.631940387,False,1.1589938032407254,1.8693392431993188,2.3916456220811493,3.2655647620996437,0.7103454399585933,0.8739191400184945,0.045618985929724465,0.9989532271060044,0.0033701894965903747
949,08062025072339122,0,0,War,0,0.0,0,0.1578522999999999,4.048080402,0.01741691393,4.051194347172525,3.9981500000000003,9.40607688,0.0440999987,1.658464517960767,5.312430380775185,7.748080402,False,1.5730157040894412,1.8839939647748343,2.5117197079664013,3.3122392894345434,0.310978260685393,0.8005195814681421,0.08136071050014947,0.9966788616250625,0.0034178321609349706
950,08062025072339332,0,0,War,0,0.0,0,-0.02896721010000003,4.0708609860000005,0.01688383239,4.070999058019303,4.677153000000001,9.35869024,0.0412000121,1.8034080062834892,5.312627678696409,7.770860986000001,False,1.6212939064281342,1.9615781767709386,2.670033035378083,3.3944507431911246,0.3402842703428044,0.7244177078130418,0.06691185962678747,0.9977536971744724,0.003219132795689285
951,08062025072339530,0,0,War,0,0.0,0,-0.27140985,4.0198808900000005,0.01580797099,4.0290638575742435,4.661251,9.1528021,0.045499993,1.9411893126903779,5.250775756436193,7.719880890000001,False,1.85526659727706,1.9550804570075888,2.4582458502597233,3.3301942354061165,0.09981385973052892,0.8719483851463932,0.0374439030461543,0.9992945333849591,0.002896492984139046
952,08062025072339732,0,0,War,0,0.0,0,-0.844321735,3.7550266090000006,0.018308215299999996,3.8488230950823037,3.784854,9.33581641,0.046299995000000004,1.6359965297533763,5.492344356467639,7.455026609000001,False,1.848060156213807,1.7339279786460824,2.492278167379245,2.8489109914232933,0.11413217756772465,0.3566328240440484,0.0011303300046578222,0.9999943364783084,0.003170073404246255
953,08062025072339929,0,0,War,0,0.0,0,-1.202052851,3.8409578300000007,0.0172825146,4.024697105838704,3.7980836,9.5673314,0.04890001,1.7769053107457813,5.541374677010529,7.540957830000001,False,1.70143763263894,1.8139007235450777,2.5231000268571777,2.680854696335316,0.11246309090613771,0.15775466947813843,-0.05888942071591271,0.998256510221623,0.003996989853742542
954,08062025072340136,0,0,War,0,0.0,0,-1.250459761,3.90612322,0.0168187954,4.101430371904667,3.1245338,9.413194899999999,0.051999984,1.529415502224426,5.542765253456568,7.606123220000001,False,1.7485685339923052,1.8078521963308285,2.458660981523075,2.3614695034460427,0.059283662338523335,0.09719147807703221,-0.09545084224503525,0.9954252453087576,0.004209241821645992
955,08062025072340317,0,0,War,0,0.0,0,-1.01294347,3.8658447720000004,0.0178454448,3.9963894623166403,2.9051382,9.39900438,0.051099999,1.395306253342795,5.564106914122329,7.565844772,False,1.7416395902318598,1.76591458057692,2.4320179980960277,2.346470165319618,0.02427499034506031,0.08554783277640965,-0.08723082480091103,0.9961796413923321,0.004111603093379653
956,08062025072340531,0,0,War,0,0.0,0,-0.8920038299999999,3.7776385169999998,0.020327452589999996,3.881576587314158,2.9107055,9.27461404,0.0479000071,1.2930927892966477,5.574761083910428,7.477638517,False,1.7977291930949997,1.6570394678802443,2.3430430984051833,2.463567839863145,0.14068972521475542,0.12052474145796177,-0.07100291718609679,0.997466339028456,0.004414550513186002
957,08062025072340730,0,0,War,0,0.0,0,-0.9584188819999999,3.7414989894999997,0.019391442020000003,3.862351287729699,3.0189693,9.327089075,0.0470000038,1.323435299063292,5.62003762791443,7.441498989499999,False,1.7813796055352717,1.8479377314787988,2.520923073574094,2.4323123508138873,0.06655812594352706,0.08861072276020687,-0.0883017627842189,0.9960867676772872,0.0037349628396672525
958,08062025072340930,0,0,War,0,0.0,0,-1.0710024360000001,3.718240953,0.01899245495,3.8694602615648233,3.2043348,9.38613691,0.0464000145,1.395541922522789,5.682857787310195,7.418240953,False,1.9657681101661004,1.7747006036064337,2.506336857274248,2.3683556325020256,0.19106750655966676,0.13798122477222252,-0.1491365017343745,0.9888095168680819,0.003747425989052584
959,08062025072341133,0,0,War,0,0.0,0,-0.9979580250000002,3.756395103,0.018574190969999998,3.886742773849907,3.2529833000000004,9.39212703,0.0452000043,1.38097007495456,5.694237367086309,7.456395103,False,2.00548911787424,1.6937490897793597,2.476071534799761,2.373498660888079,0.31174002809488033,0.10257287391168202,-0.18537315517768818,0.9826618365460854,0.003536712505040466
960,08062025072341326,0,0,War,0,0.0,0,-0.8075926320000001,3.7637295529999997,0.0180416049,3.849440414773767,3.2453247,9.42193531,0.047700007,1.4585345326262398,5.721508752715692,7.463729553,False,1.9554951461317924,1.7021714719713286,2.4047292758374104,2.3848732829692625,0.25332367416046386,0.019855992868147876,-0.2131957248128517,0.9770025446397135,0.0036892667357536464
962,08062025072341735,1,1,War,0,0.0,0,-0.19818745000000001,3.8132754269999998,0.0207729977,3.818478658436234,4.428599,9.52108198,0.05059999,2.133551317608087,5.770209002691053,7.513275427,False,2.0797984840195456,1.7526695281010505,2.48290317537199,2.679275564103581,0.3271289559184951,0.19637238873159069,-0.2023064178945628,0.9793154440740177,0.003657085831667574
963,08062025072341935,1,1,War,0,0.0,0,0.3921697129999999,3.7196488580000002,0.0220418278,3.7403302732229373,4.295338,9.514264500000001,0.051700003,2.112823084189128,5.7035345096359995,7.419648858,False,2.106231653711196,1.7536361128589364,2.5615638314704197,2.694001312366208,0.35259554085225964,0.13243748089578844,-0.08236251970447678,0.9965964001337149,0.0034685138676794646
964,08062025072342138,1,1,War,0,0.0,0,0.91387709,3.734510985,0.022654007675,3.8447700629265564,4.078812,9.49033998,0.050699997249999997,1.9625620420907308,5.773964068729398,7.434510985,False,2.067976025211279,1.803180165363683,2.5897249202093855,2.4028513028674077,0.2647958598475961,0.18687361734197783,0.00990988811242817,0.999944472214951,0.003584216003851193
965,08062025072342331,1,1,War,0,0.0,0,1.3193736,3.839105541,0.0241725687,4.059564307212218,3.3303,9.9701807,0.0486,1.6136994693612061,5.89987976877461,7.539105541,False,1.983663826561973,1.8948262395072009,2.619365654419516,2.441479988181761,0.08883758705477218,0.17788566623775504,0.07092217409664667,0.997476022610927,0.003410210798499398
966,08062025072342530,1,1,War,0,0.0,0,1.592949865,3.8181430150000004,0.024812571800000002,4.137187573595877,3.13739045,10.0087897,0.051299989000000004,1.6108956412127147,5.967973975286151,7.518143015000001,False,2.0378865993137905,1.9103262626143214,2.7897521294089156,2.306179522178103,0.1275603366994691,0.4835726072308124,0.07005769555299604,0.9975370595909336,0.0034254979897312492
967,08062025072342717,0,1,War,0,0.0,0,1.7818103899999997,3.794026126,0.027632567099999998,4.191687735202499,3.1534136,10.0640527,0.050200006,1.593153447312619,6.036267835883403,7.494026126,False,2.240984374622849,1.8976328946687762,2.8237672972996166,2.395925281924059,0.34335147995407267,0.42784201537555777,0.01775228607325763,0.9998371570525103,0.0032427945243098293
968,08062025072342931,0,1,War,0,0.0,0,2.1220493600000006,3.8180181090000005,0.029182566099999994,4.368204137754156,3.5334103000000003,10.1241047,0.051899996000000004,1.8565986182404484,6.062054909374155,7.518018109000001,False,2.310058713338735,2.0123584348880295,2.898404820786768,2.394796908805263,0.29770027845070546,0.5036079119815051,-0.021555764627278276,0.9997626740348572,0.003153508840231815
969,08062025072343155,1,1,War,0,0.0,0,2.45961418,3.823647211,0.028822565899999996,4.546516320101602,3.9169913,10.1335397,0.051300007999999994,2.0362505425951607,6.066179308559705,7.523647211,False,2.2134321690932413,2.038103226830771,3.017239325467368,2.508373288181509,0.1753289422624702,0.5088660372858591,-0.006182590933835733,0.9999761335227233,0.0030834970876554876
970,08062025072343329,1,1,War,0,0.0,0,2.9703773700000005,3.8205395340000003,0.026342567499999997,4.839458438909002,4.4655843,10.0396067,0.050399992,2.259568228246138,5.992045917257725,7.520539534000001,False,2.0461899517654762,1.9318257189231638,3.2422985200604493,2.5147411043115357,0.11436423284231245,0.7275574157489135,0.037621564120613675,0.9992875197636449,0.0030117698686169705
971,08062025072343518,1,1,War,0,0.0,0,3.43562777,3.8504455589999997,0.0231125683,5.160426665270171,5.1558813,10.0284827,0.049299984,2.5490885272303,5.989975387314755,7.550445559,False,1.9737644614431582,1.9788450582948627,3.4742369901089045,2.4569764391631446,0.0050805968517044775,1.01726055094576,0.09842176655671363,0.9951391926880105,0.0033381198465828646
972,08062025072343727,1,1,War,0,0.0,0,2.40101283,4.00617815,0.0199642584,4.670623571962902,3.5339587999999997,10.009791400000001,0.0484,1.7121108155630052,5.921251117049208,7.70617815,False,1.8727487377626526,1.8554447474748466,2.6969826041486433,2.5021756508840878,0.017303990287806048,0.19480695326455555,0.13313083238874784,0.9910930971893821,0.003264072768335821
973,08062025072343923,1,1,War,0,0.0,0,1.7043835599999997,4.0161745799999995,0.0195458566,4.362907702111824,3.5755447,9.6644165,0.047300005,1.634477838909191,5.886252379273824,7.71617458,False,1.898598268096755,1.9032124272027542,2.458752754671858,2.53305751930651,0.0046141591059991605,0.07430476463465219,0.13343406486287676,0.9910523960182153,0.0032401667741233063
974,08062025072344119,1,1,War,0,0.0,0,0.9364350699999997,3.942171965000001,0.019205558248,4.0519130414441875,3.966577,9.64035715,0.04829999,1.8469538925535296,5.836964180460378,7.642171965000001,False,1.872862199783647,1.8631153153967686,2.5155988822471063,2.5138144323818183,0.00974688438687843,0.0017844498652879182,0.10059988956014486,0.9949212915137171,0.003359451318852516
975,08062025072344335,1,1,War,0,0.0,0,0.0898034750000001,3.7984173649999997,0.019538362340000004,3.799529035348795,3.752599,9.54531696,0.04909999600000001,1.7587494284690635,5.795707260224263,7.498417365,False,1.921731156638982,2.018353566366904,2.4578129680756207,2.363041668848538,0.0966224097279218,0.09477129922708283,0.03855617085987047,0.9992505382374324,0.0034327133329814822
976,08062025072344533,1,1,War,0,0.0,0,-0.47255283,3.968852220000001,0.02066045643,3.9969389507221447,5.53904,9.697097800000002,0.050499996000000005,2.7124867213542063,5.67562242505647,7.6688522200000016,False,2.0545805215454567,2.1086974777570626,2.548493149578903,2.5545556181317073,0.05411695621160595,0.006062468552804123,-0.011396443214451785,0.9999270984379057,0.003989848569922543
977,08062025072344723,1,1,War,0,0.0,0,-0.7235092000000001,4.239557577,0.0225449334,4.300909471868104,8.061352,9.72928043,0.050799999,3.9843025576182662,5.472255201096435,7.939557577,False,2.1800626350045547,2.1845804348489897,2.5916335801866435,2.56723459574962,0.004517799844435011,0.024398984437023596,-0.06839299554369195,0.9976495119427302,0.004224864612340055
978,08062025072344934,1,1,War,0,0.0,0,-0.67618833,4.149142808,0.022525859030000005,4.203941497348809,6.123571,9.81139342,0.051700010000000005,3.106176110790498,5.640431731637293,7.849142808,False,2.0855898731315796,2.0412046802258708,2.541595358365342,2.6867620974503748,0.04438519290570886,0.14516673908503286,-0.08876165943404804,0.9960448529880166,0.004002330645322313
979,08062025072345119,1,1,War,0,0.0,0,-0.3603180899999999,4.0588186622,0.022868329439999998,4.074844907367105,4.3650269999999995,9.786036778,0.056000002,2.3921137119345577,5.760584836552666,7.7588186622,False,1.9868913321641424,2.0367355050180174,2.563048391426701,2.623112347382012,0.04984417285387499,0.06006395595531089,-0.09411218109301595,0.9955539504756558,0.0039024431104956333
980,08062025072345321,1,1,War,0,0.0,0,-0.0009606300000000401,3.9885026498,0.023718377319999998,3.9885732877426627,3.845455,9.769680402,0.056099992,2.1076131016993798,5.798964781200331,7.6885026498,False,1.938094246509699,1.9732635850521842,2.4567782558242617,2.6606939838010706,0.03516933854248516,0.2039157279768089,-0.047557431851384085,0.9988605710382237,0.003981243636659223
981,08062025072345533,1,1,War,0,0.0,0,0.8094955500000001,3.9415327999999996,0.02398230656,4.023871147287594,3.991466,9.8428619,0.0560000094,2.2000974918285596,5.9092898430804635,7.6415328,False,1.8295172057422575,1.9826542933383524,2.5414313270922766,2.561175750936864,0.1531370875960949,0.01974442384458719,0.13071832892003876,0.9914084097627084,0.0046993123039736195
982,08062025072345712,1,1,War,0,0.0,0,1.0630885700000001,4.008558043999999,0.0233343321,4.147196570074331,3.7101941,9.86076936,0.054499998,1.9939024992300998,5.987679205909057,7.708558043999999,False,1.8959582252847478,2.0403862439413274,2.5560377779353103,2.699039524468452,0.14442801865657962,0.1430017465331419,0.23393153471205913,0.97224043873515,0.004956445837871627
983,08062025072345929,1,1,War,0,0.0,0,0.997778246,4.033436376999999,0.022109067599999997,4.155076322568318,3.3555932,9.88665333,0.056200008999999995,1.864468270271961,6.000791007138788,7.733436376999999,False,1.8789503477098302,1.9519446811065109,2.507751372615905,2.7911917981878864,0.07299433339668071,0.28344042557198135,0.2597708626046076,0.9656589024441868,0.004688610876009303
984,08062025072346129,1,1,War,0,0.0,0,0.8633310500000002,4.0273410328,0.021115761600000005,4.118890890974975,3.3276972999999996,9.851599672,0.054799992,1.7965158990147685,5.985267986269145,7.7273410328,False,1.880524115512524,2.0297066702575526,2.4654063062091023,2.734836461222102,0.1491825547450285,0.2694301550129996,0.23813526965190093,0.9712214896819936,0.004517889740317094
985,08062025072346319,1,1,War,0,0.0,0,0.66691748,4.001065673400001,0.020476977700000003,4.056319114000411,3.3551483,9.821576166,0.0543,1.7893394605134751,5.939928824221498,7.701065673400001,False,1.8611962932139348,1.9955275050597523,2.472093091422752,2.674121983878289,0.13433121184581753,0.2020288924555369,0.1988672648994388,0.9800149432504113,0.004745730429512567
986,08062025072346530,1,1,War,0,0.0,0,0.43146147,3.9913174959999997,0.020418971400000006,4.0146221850086095,3.3234779999999997,9.80215644,0.053599997999999996,1.7461406035016471,5.87934124604956,7.691317496,False,1.8672751042154152,1.957534298588661,2.509513299321358,2.6667484479691304,0.09025919437324581,0.15723514864777233,0.1378548316255301,0.9904425889333708,0.004418531934786211
987,08062025072346727,1,1,War,0,0.0,0,0.2522816499999999,3.9856110147400003,0.021038065230000003,3.9936429224371275,3.3417069999999995,9.8431750526,0.051599996,1.6972790283637091,5.876813417288056,7.685611014740001,False,1.8069517978078438,1.958465444615758,2.4750190242067713,2.593727658560344,0.15151364680791435,0.1187086343535726,0.0799740593205027,0.9967899653456239,0.0037302576413161277
988,08062025072346919,1,1,War,0,0.0,0,0.10694478000000011,3.9589666797000005,0.021864544370000003,3.960471236512721,3.321734,9.841007603000001,0.050000013,1.6344609024169046,5.8857642653259035,7.658966679700001,False,1.9651148658915583,1.9813783119883992,2.485742235316567,2.524158610971629,0.01626344609684094,0.038416375655062396,0.037747523568681426,0.9992829439837506,0.0029533586981821606
989,08062025072347123,1,1,War,0,0.0,0,0.009690486800000009,3.958009441,0.0215558035,3.9580800008645713,3.2431229999999998,9.85139669,0.048800005,1.5591255696946438,5.883299155805392,7.658009441000001,False,1.9702340700589358,1.959210043169696,2.491835088603301,2.5244405270936543,0.011024026889239869,0.032605438490353134,0.029041375117865167,0.999574108149306,0.002863712412719946
990,08062025072347317,1,1,War,0,0.0,0,0.0004671350000000185,3.9282287279999997,0.021100053599999998,3.928285423688244,3.198935,9.73238402,0.051399987,1.6002493584435307,5.843464818168168,7.628228728,False,1.9285360982548396,1.9328316710890787,2.475307262365644,2.4461972888305796,0.004295572834239092,0.02910997353506417,0.032152521785219115,0.9994752012267583,0.003941760467382436
991,08062025072347524,1,1,War,0,0.0,0,0.020400285000000018,3.5893666800000004,0.020643408000000002,3.589484013812593,3.164816,9.051141900000001,0.055200006,1.5812151402983425,5.468476358060416,7.2893666800000005,False,1.9094782297007213,2.1392825207162325,2.1001182581908333,2.3180413767323698,0.22980429101551114,0.21792311854153645,0.023814553396912932,0.9996951871761656,0.006511511600006663
992,08062025072347719,1,1,War,0,0.0,0,-0.032036531999999986,2.967968989,0.02098341074,2.9682160572597396,3.227898,7.7063299,0.055499998599999996,1.3805761665456904,4.745085638641578,6.667968989,False,1.9141787436577078,1.8672464559382622,1.8103441697417135,1.6909362702854593,0.046932287719445576,0.11940789945625419,-0.005360115034178268,0.9999389415879856,0.009663449835314045
993,08062025072347918,1,1,War,0,0.0,0,-0.21059399,2.488799056,0.02202341271,2.497790143402365,3.130793,6.2727979,0.0581999989,1.1429799865810446,3.7937282862564614,6.188799056000001,False,1.8254977127523335,2.2985185244352504,1.9290165624849938,2.067253461840618,0.4730208116829169,0.13823689935562444,-0.08103459622503402,0.9965695795694676,0.016806763263057255
994,08062025072348142,1,1,War,0,0.0,0,-0.19443524,2.5164860079999998,0.0206334108,2.5240706465261376,3.095805,6.3946319,0.059799988,1.183832460310533,3.887077778106808,6.216486008,False,2.0090595870618175,2.2406980659264404,1.9729470490773644,2.1027356156827945,0.23163847886462285,0.12978856660543014,-0.027826646321725906,0.9994825310609187,0.016135298526682943
995,08062025072348335,1,1,War,0,0.0,0,0.010183921999999979,3.21775983,0.0208334108,3.2178433875554746,3.087859,7.8359518999999995,0.058900018,1.4251633653548084,4.636817724670013,6.91775983,False,1.8836101577919462,1.898028105540326,2.4603160131059343,2.5477425380554153,0.0144179477483799,0.087426524949481,0.09462491526607074,0.9954541692868012,0.010822303840378664
996,08062025072348510,1,1,War,0,0.0,0,0.32622013999999994,3.56242473,0.020003411999999998,3.5773858714358497,3.1102689999999997,8.9277329,0.055000006,1.5272209649591606,5.45310791556858,7.26242473,False,1.9913192713748846,2.0790432938570564,2.3754358981352035,2.2806969323026722,0.08772402248217182,0.09473896583253127,0.20423525027268138,0.9788989115038016,0.0066995225746168665
997,08062025072348726,1,1,War,0,0.0,0,0.5827856899999999,3.7752587699999998,0.0207104606,3.8200323119194883,3.2967326999999997,9.4937062,0.049499995,1.549261321358712,5.736955004650438,7.47525877,False,1.9374211647542825,2.1303381643825934,2.4041871797826913,2.575710274101775,0.19291699962831088,0.17152309431908375,0.24659019431874576,0.9691090389617127,0.004576753057464
998,08062025072348932,1,1,War,0,0.0,0,0.59694077,3.8818846039999997,0.0204068814,3.9275670334787285,3.3477189000000003,9.42761166,0.047499988,1.499146823730088,5.79977441798305,7.581884604,False,1.9344505494857214,1.9650842618908229,2.4009006343287203,2.454335341497401,0.030633712405101488,0.053434707168680706,0.2541343317681445,0.967162740462196,0.003460473726757539
999,08062025072349123,1,1,War,0,0.0,0,0.5562715299999998,3.918316058,0.0205268001,3.9576584105998265,3.4152009999999997,9.62798242,0.046399995,1.5257012123512856,5.876838524656936,7.618316058,False,1.9673518154012917,2.1151914085852845,2.435223687291613,2.5833298924446213,0.14783959318399287,0.1481062051530082,0.23434323791373823,0.9721495737426737,0.0029074242970270844
1000,08062025072349326,1,1,War,0,0.0,0,0.5313969500000002,3.9427333669999998,0.02069675545,3.978436561943726,3.581135,9.71188873,0.0460999895,1.6033384870460654,5.925405716165148,7.642733367,False,1.9264469068748715,2.1604347774512886,2.454699261528286,2.595567120987314,0.23398787057641712,0.14086785945902802,0.22169036968232103,0.9751129038674913,0.002864384964448807
1001,08062025072349535,1,1,War,0,0.0,0,0.4618462499999999,3.961540336,0.020161441500000005,3.988422028336196,3.7817749999999997,9.78121024,0.046899996,1.7348466271057887,5.943792038733969,7.661540336,False,1.8627448542259488,2.0099191585650895,2.4449939201178643,2.6283756653150303,0.1471743043391407,0.183381745197166,0.21866488627860342,0.9757960497857441,0.002781498032177738
1002,08062025072349735,1,1,War,0,0.0,0,0.43048309999999984,3.9905947770000005,0.019831265100000002,4.013795666533208,3.7888580000000003,9.86667223,0.046499997,1.7383289184083606,5.9685691581629685,7.690594777000001,False,1.7705557253901076,2.0369330753596198,2.466032594007095,2.647196315402821,0.2663773499695121,0.181163721395726,0.19625389875238014,0.9805496151598243,0.002619052197044596
1003,08062025072349927,1,1,War,0,0.0,0,0.40745102000000005,3.9834501510000004,0.0198216388,4.0042832487931825,3.717358,9.906612990000001,0.047200002,1.7382074304732902,6.012849916890333,7.683450151000001,False,1.697954562969575,2.245142083555515,2.5046509535227077,2.6216592864289265,0.54718752058594,0.11700833290621881,0.1622364531002917,0.9867477724780459,0.0028577604958406073
1004,08062025072350126,1,1,War,0,0.0,0,0.30435861999999997,3.971254920999999,0.019829456400000004,3.98295029148948,3.823452,9.88414819,0.047499981,1.795098674814457,5.987623284132832,7.671254920999999,False,1.8306222894297453,2.1407452982683393,2.515380601772147,2.6219216647976453,0.310123008838594,0.10654106302549815,0.12280866381146306,0.9924263381288786,0.002827628148749731
1005,08062025072350324,1,1,War,0,0.0,0,0.050189435200000056,3.9510883379999995,0.019574497099999998,3.9514555792798696,3.628944,9.92261682,0.048399989000000004,1.7428168493298946,5.960497758374781,7.651088337999999,False,1.7118103105014304,2.141484175852112,2.46594295967644,2.487654282839085,0.42967386535068175,0.021711323162644902,0.09191562302036553,0.9957630704494321,0.002725027320467573
1006,08062025072350524,1,1,War,0,0.0,0,-0.33087833,3.9679774349999994,0.018456564999999998,3.9817918125794027,3.5511649999999997,9.92468435,0.047599998,1.6776234544205613,5.914230197224572,7.667977434999999,False,1.8661313590098636,2.0509082257821776,2.513871843010755,2.438614322950961,0.18477686677231397,0.07525752005979403,0.043628373595880836,0.9990440351366956,0.0027533389125218425
1007,08062025072350716,1,1,War,0,0.0,0,-0.5412188400000001,4.000175943,0.0183580853,4.036664765251477,3.4700775999999998,9.95569317,0.046399994,1.6029818855002484,5.87414475849109,7.7001759430000005,False,1.8286403818851316,2.1008329219186113,2.5220501642740887,2.5564073089432444,0.2721925400334797,0.03435714466915574,0.011206899927462195,0.9999326442264926,0.003018675906820986
1008,08062025072350915,1,1,War,0,0.0,0,-0.69056957,4.006751277000001,0.018157497599999996,4.065866675319079,3.4078229,9.91120293,0.045800005,1.5469237623402916,5.865325083123787,7.706751277000001,False,1.7952795628074203,2.12375844677629,2.443063190098156,2.470022571216072,0.32847888396886993,0.02695938111791607,-0.016258325748652106,0.9998632084667941,0.003038288718816489
1009,08062025072351135,1,1,War,0,0.0,0,-0.8497781,3.9861654970000004,0.0208274943,4.075790962896857,3.3032953,9.937154929999998,0.050499986999999996,1.6576801106402181,5.9151485657360166,7.686165497000001,False,1.8208361644184243,2.1642693034822655,2.5985172106463734,2.63245392275733,0.3434331390638412,0.03393671211095661,-0.02836083725192321,0.9995935176687138,0.002909011010079589
1010,08062025072351319,1,1,War,0,0.0,0,-0.9439373899999998,3.943997896999999,0.0227974966,4.055447809259991,3.3649509999999996,9.98058193,0.049300009,1.6556998411521389,5.997280866907123,7.643997896999999,False,1.7990340905035687,2.190797947483887,2.212426216932626,2.5996270098741903,0.3917638569803181,0.3872007929415644,-0.00823447634253367,0.9999608234262146,0.0032473084441115457
1011,08062025072351522,1,1,War,0,0.0,0,-1.08789202,3.960907847,0.022427497600000002,4.107651763751944,3.4536289,9.998531929999999,0.049600009,1.7127487647995998,5.997045755769621,7.660907847000001,False,1.8276189441773683,2.181155268871662,2.3485233829426435,2.6808515500311154,0.3535363246942935,0.3323281670884719,-0.005736105750935583,0.9999783602336342,0.003221204008776224
1012,08062025072351736,1,1,War,0,0.0,0,-1.1487239800000002,3.994646754,0.02116749616,4.156587246090651,3.5770569,10.004721929999999,0.0484999834,1.7356911971241293,5.973991878394943,7.694646754000001,False,1.8678032033329954,1.9815160103648946,2.5856205065917734,2.7298430383428265,0.11371280703189912,0.14422253175105304,-0.029609032894393664,0.9995553133918768,0.0035327950868388833
1013,08062025072351930,1,1,War,0,0.0,0,-0.7185740500000001,4.018623466000001,0.021052586469999995,4.082416739900073,3.5371498999999997,9.87861504,0.0457999893,1.6003497389191303,5.939505200552763,7.718623466000001,False,2.0105310365619817,1.8984218802274302,2.5896455444922535,2.4740645905705736,0.11210915633455154,0.11558095392167989,-0.037140618860915124,0.9993048634221956,0.0032193743763807682
1014,08062025072352132,1,1,War,0,0.0,0,-0.15126820000000002,3.957389215,0.02033772808,3.9603314369523432,3.310034,9.85876975,0.046999988,1.5337441727272034,5.916474050261544,7.657389215,False,2.011068620682547,1.8837468828075068,2.5366827166312427,2.5637604738944586,0.1273217378750402,0.02707775726321593,0.00757942946416459,0.9999656134921767,0.003365127369417592
1015,08062025072352322,1,1,War,0,0.0,0,0.2745581899999999,3.9463692700000004,0.02046100309,3.955961484588021,3.354354,9.7202441,0.048100000500000004,1.5683072348052984,5.894888903724945,7.646369270000001,False,1.906164147690854,2.007623096899665,2.4560533255261805,2.464264282455173,0.10145894920881093,0.008210956928992541,0.06859815492665317,0.9976369771475639,0.0038412196669795596
1016,08062025072352523,1,1,War,0,0.0,0,0.26027308000000005,3.9222220549999998,0.02056332679,3.9309020307443148,3.825811,9.73439575,0.049400006999999996,1.8397530026256483,5.913210174981778,7.622222055,False,1.9330123321334505,2.0370048863991466,2.545055785690227,2.4207250688147472,0.10399255426569609,0.12433071687547992,0.09056128445622033,0.9958833530550265,0.003873095082330649
1017,08062025072352736,1,1,War,0,0.0,0,-0.11545075699999999,3.8653045290000003,0.020451545699999997,3.8670823943796835,4.385892,9.72818541,0.049699996999999996,2.1205383690422033,5.845586080943944,7.5653045290000005,False,2.0207580099460203,2.010595776516006,2.666447592493895,2.5150282207123102,0.010162233430014211,0.15141937178158482,0.0642427153806442,0.9979269373244201,0.0038342251921866352
1018,08062025072352934,1,1,War,0,0.0,0,-0.84093432,3.7411468469999996,0.018805973169999997,3.8345409015941887,3.96533,9.524675329999999,0.053500015,2.020614290734738,5.726987189971202,7.441146847,False,1.8970629039193716,1.9016110189300015,2.3820197132618866,2.561171934336625,0.004548115010629905,0.17915222107473827,-0.013665768132377767,0.9998971332845221,0.004355413958129453
1019,08062025072353148,1,1,War,0,0.0,0,-1.187921592,3.8883411599999995,0.019831027499999997,4.065802252316468,3.9966203,9.4418562,0.052399988,1.9773404890845154,5.698334139742517,7.58834116,False,1.9489760662142572,1.891885487574364,2.436170644385331,2.490159840350909,0.0570905786398932,0.05398919596557805,-0.06926311554699952,0.9975867387823497,0.004829019602245516
1020,08062025072353325,1,1,War,0,0.0,0,-1.1888584039999999,3.9205752319999996,0.0187036396,4.096906672193981,3.7998899,9.59396288,0.051200005,1.866547517892783,5.715471738201493,7.620575232,False,1.9446199302056435,1.806476964537605,2.54249190387404,2.4114654035735867,0.1381429656680384,0.13102650030045337,-0.09260497517487153,0.9956935448907854,0.004322410864621804
1021,08062025072353519,1,1,War,0,0.0,0,-0.8030566699999999,3.8949276530000008,0.019434069,3.976900692797531,3.3186079,9.5611754,0.049599985,1.5737972179531095,5.734110409714046,7.594927653000001,False,1.9507684202575153,1.8487357515984832,2.540044564767324,2.4628111487015905,0.10203266865903204,0.07723341606573353,-0.07623328523999613,0.9970832425659877,0.003673365706434567
1022,08062025072353723,1,1,War,0,0.0,0,-0.5735172399999999,3.881648120999999,0.019754087299999997,3.923837966048687,3.0997911,9.558370720000001,0.047499989,1.4073749172784609,5.717036546559149,7.581648120999999,False,1.820802181970354,1.8721938202926238,2.527758300475531,2.4529191154622447,0.051391638322269895,0.07483918501328635,-0.0569794404073541,0.9983701044963031,0.003236945922565977
1023,08062025072353938,1,1,War,0,0.0,0,-0.39968868,3.8492477289999996,0.019811850279999998,3.8699937505819455,3.2612170000000003,9.55590806,0.046599994,1.4522370784287015,5.728191724580681,7.549247728999999,False,1.8404302025309187,2.0160819427902728,2.5215868650988176,2.422813673726846,0.17565174025935404,0.0987731913719716,-0.046944555620245534,0.9988930674467243,0.0029746435906563696
1024,08062025072354119,1,1,War,0,0.0,0,-0.28769564999999997,3.8422728615000006,0.0195823431,3.8530783793493755,3.3072489999999997,9.551054315,0.045999984,1.4530343768791165,5.724849251485401,7.542272861500001,False,1.8369141111374807,1.993606240998207,2.526944577475394,2.407335607699815,0.15669212986072623,0.11960896977557889,-0.04218990850957201,0.9991051162281288,0.0029963889486066455
1025,08062025072618356,0,1,War,0,0.0,45,0.0,0.0,0.0,0.0,0.0,0.0,0.0,0.0,,3.7,False,0.0,0.0,0.0,0.0,0.0,0.0,,,
1026,08062025072623102,1,1,War,0,0.0,0,0.08821091500000008,3.62009096,0.0146725144,3.621195245616795,3.573649,10.083419500000002,0.04459999,1.6071428894228754,6.08915576173697,7.32009096,False,2.04203515421454,2.227955672607739,2.507990187499579,2.4964857826595153,0.1859205183931989,0.011504404840063653,0.018281980055952798,0.99983133694784,0.0017512459360824728
1027,08062025072623501,1,1,War,0,0.0,0,0.08010153300000009,3.6319637200000003,0.013222515299999998,3.6328709795279064,3.214161,10.1001755,0.043799990999999996,1.421904957941879,6.0944771171426,7.331963720000001,False,2.0145492471208044,2.1706047614837667,2.5091115582417016,2.4734572768589187,0.15605551436296228,0.035654281382782926,0.021463711889000474,0.9997681962472738,0.001691994213576043
1028,08062025072623808,0,1,War,0,0.0,0,0.13141050000000004,3.6578291700000003,0.012612516399999999,3.6602106540448025,3.124444,10.142677500000001,0.04259999,1.3500033898830275,6.1127083646893965,7.3578291700000005,False,1.9616999330050453,2.15704167002054,2.5803385101356238,2.4968571303668656,0.19534173701549462,0.08348137976875813,0.03256905822520254,0.999467603405086,0.0019406674153990941
1029,08062025072624049,0,1,War,0,0.0,0,0.067716548,3.8549399719999995,0.0146480534,3.8555625120162174,3.218014,10.159576399999999,0.04470001,1.4614068882269418,6.0864992543133045,7.554939972,False,2.0364602722601775,2.1615104352392107,2.5908014148016623,2.5623264108752735,0.12505016297903326,0.028475003926388798,0.0670191699870444,0.9977477413526503,0.002806328550350386
1030,08062025072624279,1,1,War,0,0.0,0,-0.5160804,3.900835346,0.012850325400000001,3.9348469483234014,3.7529589999999997,9.69781384,0.0659,2.3984633004829536,5.897277481044657,7.600835346,False,2.028391044958048,2.0662977171627515,2.600350058910105,2.101321898275545,0.03790667220470345,0.4990281606345599,0.034670143311981504,0.9993949371233948,0.002782231991133153
1031,08062025072624478,1,1,War,0,0.0,0,-0.8258388099999998,3.85391361,0.014978367899999998,3.94143174556536,3.2506439,9.848272099999999,0.04969999,1.5910569935497814,5.871101434961941,7.55391361,False,2.083601886185554,1.9020991799299032,2.4444274024818657,2.5449137871037615,0.1815027062556509,0.10048638462189574,-0.018515374252039304,0.9998244997489453,0.0028549287343370786
1032,08062025072624669,1,1,War,0,0.0,0,-1.359776438,4.000357004,0.013856392700000001,4.225167466552122,3.606957,9.85805556,0.049099998,1.745877230053703,5.8091982586407855,7.700357004,False,1.888629085338357,1.9444035028230156,2.538015136773057,2.7016748318085884,0.05577441748465861,0.16365969503553135,-0.09167607737715808,0.9957827226045369,0.0035023133830571805
1033,08062025072624867,1,1,War,0,0.0,0,-1.61243661,4.02574337,0.012663742900000002,4.336671750634522,3.2736964,9.609401100000001,0.05359999,1.686162517212698,5.760074667846082,7.72574337,False,1.9127894465962527,1.8497639877170922,2.524436327540667,2.1431187904071325,0.06302545887916056,0.38131753713353467,-0.12599772054506986,0.9920240989460573,0.003572328051829424
1034,08062025072625066,1,1,War,0,0.0,0,-1.1879163,3.9662179060000007,0.0157930297,4.140323542124193,2.8899153999999996,9.61764814,0.0484,1.34523877042386,5.765511042741593,7.666217906000001,False,1.793589118398358,2.0047738615070383,2.579782577911178,2.3472539809817214,0.21118474310868018,0.23252859692945638,-0.09965783007701233,0.9950162705826904,0.0033072919519750044
1035,08062025072625276,1,1,War,0,0.0,0,-0.76823355,3.9635383399999995,0.0188474056,4.0373474193699765,2.8725633,9.7297961,0.048299993000000006,1.3499584901922868,5.764731402304167,7.66353834,False,1.9064607404195344,1.8427778691549046,2.6310991834845927,2.4186576937710016,0.06368287126462979,0.21244148971359111,-0.09295105063307711,0.9956651366383025,0.003322328887613288
1036,08062025072625473,1,1,War,0,0.0,0,-0.59676598,3.8657464377000004,0.021159351899999998,3.9115946714413585,3.0423788000000003,9.696623283000001,0.054000008,1.5930434958268316,5.844723226043119,7.5657464377000005,False,2.150539229325519,1.8614380785576217,2.6311159753558675,2.249458602850785,0.28910115076789755,0.38165737250508247,-0.09839051437374881,0.9951415233080058,0.003557424558734657
1037,08062025072625678,1,1,War,0,0.0,0,-0.4047204,3.798325506,0.025169346199999998,3.8199095208780074,3.424659,9.72477934,0.058800008,1.9582785881094342,6.005885985877856,7.4983255060000005,False,2.2204985764048577,1.8402574961034663,2.349872621149191,2.266418657751051,0.38024108030139137,0.08345396339814037,-0.08075366506313034,0.9967288247678954,0.0032396690698110785
1038,08062025072625870,0,0,War,0,0.0,0,0.10206460799999999,3.607816818,0.03486934746,3.6094286594753644,3.793608,10.072827479999999,0.068200008,2.606083183411874,6.425521481133704,7.307816818,False,2.3430767088354147,2.0519691585667164,2.1986141063574367,2.3565650637357325,0.2911075502686984,0.1579509573782958,-0.044959379353066604,0.9989861261560502,0.0023181794397934526
1039,08062025072626073,0,0,War,0,0.0,0,0.50636691,3.519682285999999,0.042409347900000005,3.556173420224952,3.731656,10.12614234,0.076200008,2.8793910245757646,6.674762072324701,7.219682285999999,False,2.3700104986214723,2.2286976631907702,1.5423977551242383,2.5488852884529023,0.14131283543070206,1.006487533328664,-0.003891549656458994,0.999990217768601,0.0021024291610518718
1040,08062025072626273,0,0,War,0,0.0,0,0.7721562300000001,3.4110338859999993,0.0479993469,3.4976679877127985,3.8453668000000003,10.28318234,0.084400008,3.3373964288892113,6.947591635294147,7.1110338859999995,False,2.543097924374131,2.2872073542221747,1.3362127585810577,2.56947022577648,0.25589057015195626,1.2332574671954224,0.005056365526981962,0.9999847638204279,0.002214789981157227
1041,08062025072626476,0,0,War,0,0.0,0,0.8201604500000002,3.2633225259999996,0.05249934790000001,3.365218158451714,4.003593,10.40863234,0.089300008,3.721303465912009,7.222402346548377,6.963322526,False,2.719792074658862,2.4835061923270896,1.2292832982167006,2.531800071525261,0.2362858823317726,1.3025167733085603,-0.0016612195708352222,0.9999968933911358,0.001858374993027872
1042,08062025072626669,0,0,War,0,0.0,0,0.7756874099999999,3.0928314059999997,0.05650934889999999,3.1891206265184677,4.316928,10.54656234,0.094000008,4.279702889543405,7.52678390164084,6.7928314059999995,False,2.961287599354882,2.6256636831144236,1.009970059920278,2.565243513207155,0.3356239162404586,1.555273453286877,-0.007582362422398975,0.9999695253493031,0.0018590730983114774
1043,08062025072626861,0,0,War,0,0.0,0,0.8173817,2.924975102,0.058019346900000004,3.037590893360971,4.5777280000000005,10.62053364,0.096900008,4.711076276742119,7.738624597742145,6.6249751020000005,False,3.013240120599087,2.6219725604910518,0.7204705404556108,2.87262109179117,0.3912675601080351,2.152150551335559,-0.006916474147895395,0.9999742051093885,0.0019368792446178662
1044,08062025072627074,0,0,War,0,0.0,0,1.06890439,2.835220369,0.059589348900000005,3.0306075341845395,4.692178999999999,10.883605999999999,0.098200008,5.014861070758566,7.95602275560944,6.535220369,False,2.987861053612013,2.8431646889228914,0.9055176622220021,3.189173792818439,0.14469636468912173,2.283656130596437,0.011090656664142239,0.9999371125769815,0.0016637986558506108
1045,08062025072627262,0,0,War,0,0.0,0,1.6775359470000004,2.762548216,0.0603293489,3.2325592228976516,5.1111629,11.0552366,0.099800008,5.639210945073007,8.120509905766399,6.462548216,False,3.0029991319681284,2.9986804993238274,1.1168747602396294,3.591048339547005,0.00431863264430099,2.474173579307376,0.045655166128228175,0.998956027164587,0.001568947847658755
1046,08062025072627475,0,0,War,0,0.0,0,2.4415094600000002,2.7646738459999995,0.0608993489,3.688915646734466,6.3977289,11.1575091,0.102000008,7.281037850012212,8.317536544567776,6.464673846,False,2.9345059937222824,3.125944621237235,1.5109029159507932,3.591048339547005,0.19143862751495266,2.080145423596212,0.09613987225316967,0.9953662617173611,0.001769180021917096
1047,08062025072627668,0,0,War,0,0.0,0,2.66526946,2.758495645999999,0.061159347899999994,3.83623513216346,6.7789269,11.1643691,0.102500008,7.757450911845213,8.387608143861797,6.458495645999999,False,2.9394748748259443,3.240510538985794,1.5109029159507932,3.591048339547005,0.30103566415984995,2.080145423596212,0.11487071973815413,0.9933788693997122,0.0017718851508635907
1048,08062025072627863,0,0,War,0,0.0,0,2.76097716,2.7314286459999995,0.0615393479,3.8842611160388034,6.9180669,11.1594591,0.102900008,7.944074545179135,8.427961124867572,6.431428646,False,2.9396517879643502,3.3424801697141002,1.5109029159507932,3.591048339547005,0.40282838174975,2.080145423596212,0.09766990855764283,0.995217589357107,0.0015933601509178917
1049,08062025072628070,0,0,War,0,0.0,0,2.8111467599999997,2.7349180459999998,0.0617993479,3.922517301937089,7.0034849,11.1681091,0.103000008,8.056216020395935,8.42378853664959,6.434918046,False,2.9214832782355606,3.2936339056895805,1.5109029159507932,3.591048339547005,0.37215062745401983,2.080145423596212,0.0909219781518986,0.9958567892051159,0.0015650185375374282
1050,08062025072628286,0,0,War,0,0.0,0,2.82376996,2.7473690459999998,0.0616193489,3.9402424298609104,7.0452349,11.1825491,0.104700008,8.248652469692171,8.448585319605703,6.447369046,False,2.8711657085088276,3.3244716227833866,1.5109029159507932,3.591048339547005,0.453305914274559,2.080145423596212,0.11073993980647706,0.9938476308814861,0.001884760705023719
1051,08062025072628463,0,0,War,0,0.0,0,2.8145927100000003,2.8062300909999998,0.06085934789999999,3.9749922398724036,6.9084279,11.1687491,0.103000008,7.947325899993592,8.34529277339131,6.506230091,False,2.8183331812253853,3.273509478095031,2.641687148051679,3.591048339547005,0.45517629686964556,0.9493611914953259,0.12919076180339065,0.9916178088990582,0.001966758472904572
1052,08062025072628678,0,0,War,0,0.0,0,2.31681166,2.8843203059999993,0.059509346899999996,3.7000623316215027,6.2060189,10.976849099999999,0.100100008,6.819066095982767,7.981838562570891,6.5843203059999995,False,2.7760695154935306,3.0919663760062135,1.9522906700591538,3.591048339547005,0.31589686051268284,1.6387576694878512,0.09043105951952475,0.9959006488545848,0.0020300456134694765
1053,08062025072628872,0,0,War,0,0.0,0,1.35049134,2.8873673959999997,0.0553493479,3.18806852015633,4.4491609,10.5894607,0.095300008,4.489985018623304,7.55553891999858,6.587367395999999,False,2.646655556272587,2.8799660231846484,1.2311608453503546,3.515616647178769,0.23331046691206137,2.2844558018284142,0.028081227012503405,0.999603354968362,0.0021394918712613355
1054,08062025072629070,0,0,War,0,0.0,0,0.7461358650000001,3.079318356,0.053369347899999996,3.168874966598258,4.4431639999999994,10.34009234,0.093600008,4.300239525050896,7.329609000007193,6.779318356,False,2.6203841681925186,2.7582149948791157,1.0638985188971701,2.8364528804614295,0.13783082668659707,1.7725543615642594,-0.013749968168005751,0.9999022037199393,0.002553697591267475
1055,08062025072629260,0,0,War,0,0.0,0,0.4389366810000001,3.182244796,0.0525493479,3.212803882212715,4.76829,10.36132234,0.09200000800000001,4.545333047701389,7.2450984925348,6.882244796,False,2.6270178630508014,2.51115028848952,1.0795600619808183,2.3518294597173655,0.11586757456128138,1.2722693977365471,-0.0433774641514783,0.999055753161903,0.002449015698204074
1056,08062025072629475,0,0,War,0,0.0,0,0.3881457199999999,3.2011814959999993,0.0529093469,3.225061157447483,4.1888190000000005,10.38778234,0.091800008,3.9944515231899835,7.252388654144771,6.9011814959999995,False,2.601596453123351,2.4081973121116964,1.0311686077225588,2.0766470740243643,0.19339914101165467,1.0454784663018055,-0.033723347041691394,0.9994289738153498,0.0021123831808126073
1057,08062025072629674,0,0,War,0,0.0,0,0.41356760999999986,3.177316116,0.0534293479,3.204564020931936,4.119557,10.44174234,0.091300008,3.9273020501013525,7.330185985614032,6.877316116,False,2.657416371326293,2.6142082069844776,0.9855412584609536,2.0338978914413794,0.04320816434181518,1.048356632980426,-0.02873645187341522,0.9995852705917968,0.0018716702837907558
1058,08062025072629861,0,0,War,0,0.0,0,0.46856763599999995,3.1603967959999997,0.0539893479,3.195399566151369,4.168598,10.47306234,0.091599998,3.9990714966390044,7.379005767163362,6.860396796,False,2.6855728647013106,2.5713142829895377,0.9749826964801548,2.0332377290108545,0.11425858171177294,1.0582550325306999,-0.017832646612809356,0.9998393924577935,0.001784938209868345
1059,08062025072630073,0,0,War,0,0.0,0,0.5891674828,3.111228906,0.0547293479,3.166995252576234,4.223872,10.485292339999999,0.091800008,4.0656876586230375,7.442833326884073,6.811228906,False,2.730708336814461,2.676441507531969,0.9422001232361483,2.157726250262537,0.05426682928249216,1.2155261270263888,-0.0036491154780146453,0.9999920037389798,0.0016359750390761028
1060,08062025072630275,0,0,War,0,0.0,0,0.62304329,3.0578604459999994,0.055109347899999994,3.121174536717116,4.256559,10.48196234,0.092800008,4.140466414356422,7.495384804708918,6.757860446,False,2.753629707395495,2.7147185269093734,0.6382546089040406,2.1839148768615857,0.038911180486121744,1.545660267957545,0.005211338326388906,0.9999847466642741,0.0018298610973641494
1061,08062025072630472,0,0,War,0,0.0,0,0.4672025500000001,2.947162465,0.056339345900000004,2.9844964298400183,4.677844,10.63732521,0.093299998,4.642584380450592,7.641086031697803,6.647162465,False,2.7936961841159467,2.7477973414957297,0.34435700047970297,2.024021731597434,0.04589884262021693,1.679664731117731,-0.001633744642308463,0.9999972390362852,0.0016890228684810446
1062,08062025072630660,0,0,War,0,0.0,0,0.08252485499999994,2.795678736,0.0578993469,2.7974957159907814,4.92955,10.8722087,0.095600008,5.123691644322097,7.854630483371755,6.495678736,False,2.9022999756930714,2.855751573691241,0.6555104042663398,1.7840332888139312,0.046548402001830524,1.1285228845475914,-0.023486909478331423,0.9997229358552057,0.0015545443721678954
1063,08062025072630874,0,0,War,0,0.0,0,-0.7978246400000001,2.7340944359999995,0.060729347899999994,2.848768961297782,4.9329529999999995,11.1418587,0.100100008,5.501723196202207,8.21394551611281,6.434094436,False,3.094059951280033,2.836008088928168,0.6555104042663398,1.1125285824684512,0.25805186235186506,0.45701817820211144,-0.06930319497187648,0.9975945542406178,0.0014739457767792878
1064,08062025072631072,0,0,War,0,0.0,0,-1.2628518599999998,2.698642426,0.062349346900000005,2.980159929394978,5.6145919,11.2587987,0.102600008,6.485711760143884,8.399022538607934,6.398642426,False,3.2976547843523587,3.0214107001980053,0.6555104042663398,1.018665802326064,0.2762440841543534,0.3631553980597242,-0.09976345625186994,0.9950099110805595,0.001590486761434574
1065,08062025072631261,0,0,War,0,0.0,0,-1.44484871,2.673631026,0.0629193469,3.0397120755414977,6.0108659,11.3094587,0.103700008,7.049489175260916,8.503610361255015,6.373631026,False,3.4859913590199842,2.9532663248091953,0.6555104042663398,1.018665802326064,0.532725034210789,0.3631553980597242,-0.1164060290411947,0.9932006384344713,0.001458840710669522
1066,08062025072631473,0,0,War,0,0.0,0,-1.4673413499999999,2.6440957260000006,0.06327934689999999,3.0246218146101147,5.6398668999999995,11.342088700000001,0.105400008,6.742214076776737,8.56860536028824,6.344095726000001,False,3.5216189831658387,2.963083308191049,0.6555104042663398,1.018665802326064,0.5585356749747898,0.3631553980597242,-0.0985328065853141,0.9951326065383892,0.0015431884307334615
1067,08062025072631668,0,0,War,0,0.0,0,-1.4803095,2.630312726,0.06349935290000001,3.018922559484844,5.656177899999999,11.336038700000001,0.105700058,6.777345189670627,8.572304324055349,6.330312726000001,False,3.5661598984033227,2.943159099184418,0.6555104042663398,1.018665802326064,0.6230007992189046,0.3631553980597242,-0.09173239456455481,0.9957824837094975,0.0015533591978052477
1068,08062025072631880,0,0,War,0,0.0,0,-1.4909298199999999,2.645900726,0.0635193419,3.0377124759937315,5.753549899999999,11.3266287,0.105899958,6.9013227135555395,8.542142757142871,6.345900726,False,3.3744624993499337,2.937006144322644,0.6555104042663398,1.018665802326064,0.43745635502728986,0.3631553980597242,-0.08820967073586995,0.9961006983404337,0.001566127188191815
1069,08062025072632069,0,0,War,0,0.0,0,-1.38383179,2.6566007259999997,0.0628593459,2.9960756228382,5.5844629,11.253648700000001,0.10410000800000001,6.542225761227605,8.473073930759657,6.356600726,False,3.3245662658112263,3.008416788823027,0.6555104042663398,1.018665802326064,0.3161494769881994,0.3631553980597242,-0.11170412031594829,0.993740340735264,0.0015246966261768158
1070,08062025072632264,0,0,War,0,0.0,0,-0.9775600799999999,2.6374524259999994,0.06276934590000001,2.8134887595665994,5.458738,11.1806587,0.102700008,6.268016312909298,8.351527710516553,6.337452426,False,3.2681893291925417,3.2343551931716488,0.6555104042663398,1.235126239963897,0.03383413602089291,0.5796158356975571,-0.06377154292803289,0.9979634174661514,0.0014858370900108372
1071,08062025072632460,0,0,War,0,0.0,0,-0.0661745,2.6693205289999997,0.06110934889999999,2.6708398498438783,5.321231,10.9506887,0.099900008,5.821287769929945,8.060312131111003,6.3693205289999995,False,3.1936512216220483,2.9176161844745785,0.6555104042663398,2.2191459820762947,0.2760350371474698,1.5636355778099549,-0.0369909851806196,0.9993144458049431,0.0015183612635113555
1072,08062025072632663,0,0,War,0,0.0,0,0.4516654600000001,2.773383666,0.058879348899999996,2.8105382801733017,4.852387,10.851998700000001,0.099900008,5.260544353112881,7.858153986211979,6.473383666,False,2.9318320736517296,2.7308956980714223,0.6555104042663398,2.301000202935946,0.2009363755803073,1.6454897986696062,-0.015372947713944821,0.9998800400120357,0.0018915771499860795
1073,08062025072632878,0,0,War,0,0.0,0,0.41255574999999994,2.8441596559999995,0.057529349900000006,2.87450100396156,4.650899,10.7886787,0.096700008,4.85212161770697,7.722563925262472,6.544159656,False,2.9147097266789705,2.6056186940419734,0.6555104042663398,2.3797630181479477,0.3090910326369971,1.7242526138816079,-0.050028948209451314,0.9987463296206056,0.0016951136907988533
1074,08062025072633068,0,0,War,0,0.0,0,-0.04822269000000007,2.8567156759999994,0.057269348899999996,2.857696565357911,4.531145,10.7008887,0.095900008,4.649930379607275,7.6438679699589445,6.556715676,False,2.8979670139566807,2.646127336940534,0.6555104042663398,2.027837025724997,0.2518396770161466,1.3723266214586574,-0.1108946094874263,0.9938305328882752,0.0018048505861038677
1075,08062025072633293,0,0,War,0,0.0,0,-0.39285380999999997,2.8880555459999995,0.0565493469,2.9152009847431937,4.642374,10.6806583,0.09540000800000001,4.730276828333204,7.65131285223442,6.588055546,False,2.861237775750907,2.5903587852467465,0.774628603845004,1.73323933183039,0.27087899050416064,0.958610727985386,-0.12967081131314145,0.9915553639009486,0.001854996670917139
1076,08062025072633468,0,0,War,0,0.0,0,-0.63120726,2.8979089379999996,0.05609934590000001,2.9663860090398555,4.919407,10.496566779999998,0.094799998,4.895176508789979,7.628196244992449,6.597908938,False,2.890550771604782,2.604545914484519,0.8181491638003979,1.4473994487685868,0.2860048571202629,0.6292502849681889,-0.14603005801645919,0.9892781625290452,0.0019847667030479924
1077,08062025072633670,0,0,War,0,0.0,0,-0.6767354,2.9051332199999997,0.0557193489,2.9834333365105654,4.802808,10.38277234,0.095100008,4.742300940526787,7.606173415999865,6.60513322,False,2.8576729665463825,2.6384713813511413,0.8132754819886431,1.2362482024665862,0.21920158519524113,0.4229727204779431,-0.14454838943981269,0.9894955117508436,0.0020965054954486207
1078,08062025072633873,0,0,War,0,0.0,0,-0.63717667,2.9025989559999994,0.055909347899999996,2.9722383254623406,4.687597,10.38270234,0.095200008,4.6333771866108835,7.6145054974149815,6.602598956,False,2.855443854123208,2.716787485971069,0.8268793318170252,1.2133938439352796,0.1386563681521391,0.3865145121182544,-0.14527282156445212,0.9893894958678056,0.0020573723902902355
1079,08062025072634069,0,0,War,0,0.0,0,-0.675114,2.9048067229999996,0.0566093459,2.9827647626028475,4.728246,10.43213983,0.09490000800000001,4.681011547414151,7.660450246010578,6.604806722999999,False,2.8581132016786883,2.713268352138985,0.8495863873467319,1.0923529282365758,0.14484484953970345,0.24276654088984395,-0.14583400142508088,0.989307353617674,0.0018450220443488353
1080,08062025072634267,0,0,War,0,0.0,0,-0.8448190999999999,2.9021549519999996,0.056929348899999996,3.023154582205334,4.710718,10.57609334,0.095000008,4.732994758877667,7.7513647487112,6.602154951999999,False,2.80678466634172,2.7117089744146585,0.9727955431523222,0.9999517038638794,0.09507569192706145,0.027156160711557242,-0.13388520607857277,0.9909952298359047,0.0017905406392005575
1081,08062025072634473,0,0,War,0,0.0,0,-0.9730193899999999,2.810143296,0.058559348899999995,2.97440771830516,5.080661,10.8932011,0.096400008,5.335225858971868,8.009605712332563,6.510143296000001,False,3.0357952770860552,2.7276014297818514,1.06649815148724,0.8529896144217359,0.30819384730420385,0.2135085370655041,-0.12616961540801716,0.9920073806335816,0.0016077674873629319
1082,08062025072634676,0,0,War,0,0.0,0,-0.9365416400000001,2.777126062,0.0601193489,2.93140815032736,5.14134,11.1758694,0.097600008,5.607993431256764,8.16647714372591,6.477126062,False,3.07316985420022,2.7819814542796655,1.0828805001397754,0.9496396881783428,0.29118839992055445,0.13324081196143267,-0.1173276624306388,0.9930921386022452,0.0014912662341629087
1083,08062025072634874,0,0,War,0,0.0,0,-0.6084922300000001,2.7120591339999995,0.0619393459,2.7801733799987587,5.435722,11.338789400000001,0.100399998,6.188104379023646,8.36879689215352,6.412059134,False,3.176828435846828,3.0427674293984417,1.0828805001397754,1.6328181886400117,0.13406100644838626,0.5499376885002363,-0.07718923507961667,0.9970154238105179,0.0014375923472785127
1084,08062025072635073,0,0,War,0,0.0,0,-0.11719951000000002,2.6265571959999994,0.06325934689999999,2.6299315911205436,5.403049,11.3265294,0.100899998,6.1748572264318,8.42308159159458,6.3265571959999995,False,3.321697086553197,3.048862160671912,1.0828805001397754,2.4274269462444438,0.272834925881285,1.3445464461046683,-0.023217883110536554,0.9997296447331979,0.0012519366994935587
1085,08062025072635278,0,0,War,0,0.0,0,0.79446561,2.5896731959999997,0.0644093499,2.7095629595763344,5.571395,11.3587194,0.102700008,6.49925831710082,8.546193968296866,6.289673196,False,3.309927332331331,3.055036171197487,1.0828805001397754,2.4274269462444438,0.2548911611338438,1.3445464461046683,0.034903239873344774,0.9993900486486503,0.001137764647076157
1086,08062025072635466,0,0,War,0,0.0,0,1.5762924799999998,2.6493610960000002,0.0647393469,3.083505048242975,6.881018999999999,11.413779400000001,0.102700008,8.065897688493985,8.500827388687966,6.349361096000001,False,3.059112856659069,3.0130637503713724,1.0828805001397754,2.4274269462444438,0.04604910628769643,1.3445464461046683,-0.07657403821046371,0.9970633637364915,0.0010321659824977859
1087,08062025072635667,0,0,War,0,0.0,0,1.74481521,2.656923896,0.0651293479,3.179287111624403,7.284492,11.413779400000001,0.102700008,8.538846816823634,8.485505958705447,6.356923896,False,3.0672105654356305,3.0600217790234763,1.0828805001397754,2.4274269462444438,0.007188786412154258,1.3445464461046683,-0.11682527592738855,0.9931520704014393,0.0009055174345892059
1088,08062025072635859,0,0,War,0,0.0,0,1.7731942400000005,2.6401181959999995,0.0657193469,3.1809999896536363,7.2802299999999995,11.413779400000001,0.102700008,8.53385092072912,8.501320585350669,6.340118196,False,3.1699476828758244,3.0745047710720823,1.0828805001397754,2.4274269462444438,0.09544291180374209,1.3445464461046683,-0.12993989731599517,0.9915215581619732,0.0007891676383508988
1089,08062025072636079,0,0,War,0,0.0,0,1.7837039899999998,2.619069596,0.0660993479,3.1694628245850005,7.311592,11.413779400000001,0.102700008,8.57061330771084,8.522019104384245,6.319069596,False,3.276656182157353,3.1071862849081002,1.0828805001397754,2.4274269462444438,0.169469897249253,1.3445464461046683,-0.1316599039195214,0.9912946510115861,0.0007645755163735262
1090,08062025072636278,0,0,War,0,0.0,0,1.7630467399999996,2.618599496,0.0659493479,3.1574905295763775,7.289794,11.413779400000001,0.102700008,8.545061795963262,8.52316464828521,6.318599496,False,3.273315185836648,3.096694058569558,1.0828805001397754,2.4274269462444438,0.17662112726709012,1.3445464461046683,-0.12821078908607592,0.9917466709987663,0.0007308384161480196
1091,08062025072636463,0,0,War,0,0.0,0,1.72619925,2.6214061959999997,0.06571934889999999,3.1394033394814995,7.228225999999999,11.413779400000001,0.102700008,8.472892079692285,8.52168928484611,6.321406196,False,3.2156172469469997,3.088403923045365,1.0828805001397754,2.4274269462444438,0.12721332390163465,1.3445464461046683,-0.11985022762130089,0.9927917227858056,0.0007197965784846855
1092,08062025072636674,0,0,War,0,0.0,0,1.6965913000000001,2.623124496,0.0656093479,3.1246613812192203,7.166564999999999,11.413779400000001,0.102700008,8.40061334926439,8.521155952954814,6.323124496,False,3.179238152168731,3.08508669524618,1.0828805001397754,2.4274269462444438,0.094151456922551,1.3445464461046683,-0.11105678778813596,0.9938137928250234,0.000731489523258313
1093,08062025072636875,0,0,War,0,0.0,0,1.6867356800000004,2.620579696,0.06574934689999999,3.1171843342815473,7.143259,11.413779400000001,0.102700008,8.373294167101394,8.524114548928331,6.320579696,False,3.175587349967765,3.098793706112106,1.0828805001397754,2.4274269462444438,0.07679364385565934,1.3445464461046683,-0.1072322986781321,0.9942337562873602,0.0006870072269904939
1094,08062025072637069,0,0,War,0,0.0,0,1.6795546899999998,2.616715696,0.06581934789999999,3.110054208040712,7.133896,11.413779400000001,0.102700008,8.362318903109626,8.528285242906529,6.316715696,False,3.179231643693174,3.105667570816297,1.0828805001397754,2.4274269462444438,0.07356407287687716,1.3445464461046683,-0.10358165546181072,0.9946207161986067,0.0006867025275402519
1095,08062025072637264,0,0,War,0,0.0,0,1.67910609,2.595075096,0.06590934789999998,3.0916267655548433,7.135649,11.413779400000001,0.102700008,8.364373761357792,8.549924330491189,6.295075096,False,3.1832427581891776,3.310175430403048,1.0828805001397754,2.4274269462444438,0.1269326722138704,1.3445464461046683,-0.10262902502889737,0.9947194562377389,0.00069756986368453
1096,08062025072637480,0,0,War,0,0.0,0,1.6850484599999997,2.594602696,0.06588934590000001,3.094461644380484,7.142226,11.413779400000001,0.102700008,8.372083289422926,8.550139311313462,6.294602696,False,3.1808439741137278,3.3103093221788202,1.0828805001397754,2.4274269462444438,0.12946534806509247,1.3445464461046683,-0.1023909226229795,0.9947439697139815,0.0007305354778188936
1097,08062025072637663,0,0,War,0,0.0,0,1.6913398400000001,2.595110796,0.06583934890000001,3.098316529625493,7.149645,11.413779400000001,0.102700008,8.38077980587651,8.549364206153507,6.295110796,False,3.183229264927245,3.305665350557434,1.0828805001397754,2.4274269462444438,0.12243608563018915,1.3445464461046683,-0.10317287484285907,0.9946631464479494,0.0007635410432009697
1098,08062025072637862,0,0,War,0,0.0,0,1.7046850599999999,2.617179096,0.06568934889999999,3.1240826917489692,7.174009,11.413779400000001,0.102700008,8.40933917059887,8.526762408876923,6.317179096,False,3.1808589201244075,3.1147798778945837,1.0828805001397754,2.4274269462444438,0.06607904222982386,1.3445464461046683,-0.10530417629479437,0.9944397395818851,0.0007967403512161109
1099,08062025072638075,0,0,War,0,0.0,0,1.7235316700000003,2.649694196,0.06528934889999999,3.1615982428020266,7.221845,11.413779400000001,0.102700008,8.465412301893346,8.493526543562215,6.349694196,False,3.117038297132385,3.1382686815554846,1.0828805001397754,2.4274269462444438,0.021230384423099657,1.3445464461046683,-0.10120492149109202,0.9948650584942981,0.0010388710788620554
1100,08062025072638283,0,0,War,0,0.0,0,1.610676685,2.677089696,0.06491934390000001,3.124948502814785,7.058733999999999,11.4267194,0.107599958,8.678815998883724,8.522396350955294,6.3770896960000005,False,3.0505932725245537,3.3475078906471603,1.0828805001397754,2.4274269462444438,0.29691461812260656,1.3445464461046683,0.009067709596228667,0.9999572085486987,0.0018324066613171913
1101,08062025072638476,0,0,War,0,0.0,0,0.5766655700000001,2.5699420959999997,0.06238934889999999,2.634584974388274,5.342326,10.8598994,0.101100008,5.865531591551628,8.013896875336295,6.269942095999999,False,3.1428642282774484,2.9263033875811644,1.0828805001397754,2.4274269462444438,0.216560840696284,1.3445464461046683,-0.050202604968489085,0.9987378904253539,0.0015246911463736874
1102,08062025072638678,0,0,War,0,0.0,0,-0.51463712,2.611613286,0.0593793469,2.6624990568508906,5.227684999999999,10.6175265,0.098500008,5.467251220124193,7.803624875666987,6.311613286,False,2.9695249281273934,2.9065387173517925,1.6337931190112476,2.4274269462444438,0.06298621077560096,0.7936338272331962,-0.13286974283782002,0.9911317763942344,0.0018529057776454532
1103,08062025072638862,0,0,War,0,0.0,0,-1.34213123,2.824992292,0.056209347900000005,3.1281076035187905,5.0569298,10.5816256,0.096900008,5.185171543722434,7.759241370419177,6.524992292,False,2.8404726497914035,2.3920309046685335,1.8538062487006082,0.5975328320656428,0.44844174512286994,1.2562734166349654,-0.21868562152977625,0.9757928156061847,0.002231579595206156
1104,08062025072639062,0,0,War,0,0.0,0,-1.853547699,2.9874820589999995,0.05494934889999999,3.5162064154795583,4.9087945,10.38068234,0.094600008,4.820498208902072,7.709144647549119,6.687482059,False,2.8533619596900075,2.372262866872794,2.3274613718952715,0.6116779981535816,0.4810990928172134,1.7157833737416899,-0.2372756097474495,0.9714400124608962,0.0021417770542210275
1105,08062025072639279,0,0,War,0,0.0,0,-2.035595152,3.027358955999999,0.054799346900000004,3.6485000808195105,4.7492190800000005,10.41237234,0.095100008,4.7027560109368824,7.680645880697748,6.727358956,False,2.974344843363829,2.5308872495519448,2.4662708136382387,1.09030504576248,0.4434575938118841,1.3759657678757586,-0.219888304543901,0.9755222936607019,0.0023212272124881884
1106,08062025072639478,0,0,War,0,0.0,0,-2.050269367,3.049299106,0.0546493459,3.6748899393203978,4.75695083,10.42374234,0.094299998,4.675887068703431,7.635637091730554,6.7492991060000005,False,2.8270150356480244,2.5249663804405245,2.467448991068999,1.1364911422674588,0.3020486552074999,1.33095784880154,-0.1981498888602614,0.9801691100007937,0.0022665711808919258
1107,08062025072639673,0,0,War,0,0.0,0,-1.7947454600000001,3.0853404259999992,0.054469348900000006,3.569790430889474,4.8558063,10.42630234,0.092900008,4.703351321275746,7.51779971673831,6.785340425999999,False,2.8005464872017387,2.3413687816654623,2.272009991230078,0.777355388657251,0.45917770553627646,1.4946546025728273,-0.14519166678603693,0.9894013452808291,0.0020875469762513844
1108,08062025072639873,0,0,War,0,0.0,0,-1.28337559,3.0229199959999997,0.055159346899999996,3.284530523647926,4.9220882999999995,10.40088234,0.093500008,4.786645138801513,7.484379829339754,6.722919996,False,2.819088734808644,2.6362966196080815,1.900017637064093,0.9386947859218754,0.1827921152005625,0.9613228511422177,-0.08885912716336425,0.9960420013440779,0.0020945353300445718
1109,08062025072640065,0,0,War,0,0.0,0,0.06004954999999991,2.8043878209999997,0.0548593479,2.805567063372455,5.061919,10.30597895,0.093200008,4.862060874912636,7.468504965350747,6.504387821,False,2.8514181476016462,2.8060460699263294,0.7992099027961507,2.224215862499917,0.04537207767531681,1.4250059597037663,0.007821288805623274,0.9999677190073725,0.0018407565323879903
1110,08062025072640262,0,0,War,0,0.0,0,1.09440316,2.9736248059999992,0.0550093489,3.169099050509927,4.5342499,10.33235234,0.094100008,4.4085352726066995,7.461524301520325,6.673624805999999,False,2.7858313031549056,2.585523499001701,0.5838826665814973,3.0965068431083766,0.20030780415320448,2.512624176526879,0.05392021477006254,0.9985429451700993,0.0021440825949779
1111,08062025072640476,0,0,War,0,0.0,0,1.6904408902000003,3.0186381859999996,0.0544993489,3.460164314056207,5.2721689000000005,10.42596234,0.094700008,5.205416477563346,7.554280014715416,6.718638186,False,2.731345140299391,2.622920417249636,1.1205337967379343,3.337691076736407,0.10842472304975503,2.2171572799984727,0.09779325877990654,0.995204050159828,0.002318853742880157
1112,08062025072640667,0,0,War,0,0.0,0,1.9375476500000002,2.9568286399999995,0.0563793479,3.535548773983241,5.3552819000000005,10.48823816,0.097100008,5.4538619787082085,7.611169140982465,6.65682864,False,2.5795189929667117,2.8465074858496338,1.588175115810791,3.5651377872779957,0.26698849288292203,1.9769626714672046,0.1066949863045661,0.9942887122783223,0.002477202733767557
1113,08062025072640864,0,0,War,0,0.0,0,1.8905124337000003,2.7571574659999993,0.05978934789999999,3.3435803146352177,5.3728189,10.660179699999999,0.100600008,5.761887084139087,7.8016856814503965,6.457157466,False,2.687755830327102,3.272124019021284,1.5398177978534018,3.5952976341393357,0.5843681886941821,2.055479836285934,0.08654592068940689,0.9962448544766771,0.002448170902402117
1114,08062025072641060,0,0,War,0,0.0,0,1.5051429500000004,2.543704795999999,0.06372934189999999,2.9563407818022447,5.2062612,10.884118200000001,0.10559995800000001,5.983880996906663,8.152746797840143,6.243704795999999,False,2.9644971768289405,3.486072051005257,1.5398177978534018,3.3411377733197027,0.5215748741763164,1.801319975466301,0.049617071665749836,0.9987662584072363,0.0020266392193816337
1115,08062025072641266,0,0,War,0,0.0,0,1.0411503500000001,2.4336243459999993,0.0669393409,2.6478297498346026,5.636622,11.1439182,0.110399958,6.934668977761884,8.496638415358055,6.1336243459999995,False,3.375589737218521,3.707563419290525,1.5398177978534018,3.3411377733197027,0.33197368207200384,1.801319975466301,0.0335563305501946,0.9994351767840001,0.0018166140869104637
1116,08062025072641459,0,0,War,0,0.0,0,0.7382237900000002,2.378369106,0.0691093429,2.491262746033279,6.026314,11.2586282,0.114399958,7.761811638519622,8.656727261471973,6.078369106,False,3.788943063562002,3.4149381750241106,1.5398177978534018,3.3411377733197027,0.3740048885378915,1.801319975466301,0.005915554719412959,0.9999807795082687,0.0018565630602386523
1117,08062025072641671,0,0,War,0,0.0,0,0.77464904,2.223076896,0.07271934390000001,2.3553004317239794,6.089101,11.0827682,0.120499958,8.131830604659292,8.643061317967542,5.9230768959999995,False,3.751134052677937,3.748271849711144,1.5398177978534018,3.3411377733197027,0.0028622029667930704,1.801319975466301,0.045545863853643336,0.9989584844154222,0.002742389517922977
1118,08062025072641866,0,0,War,0,0.0,0,0.81109183,1.7125475639999994,0.0740893429,1.8963592345297962,6.753305,9.6839452,0.120300058,7.867459648448847,7.767931071522273,5.412547564,False,2.928565326141472,3.61946867848233,1.5398177978534018,3.3411377733197027,0.6909033523408579,1.801319975466301,0.06874660883020595,0.9976269007032701,0.0038040462055793814
1119,08062025072642045,0,0,War,0,0.0,0,0.88291032,1.2759060184000002,0.0803993352,1.5536829966413501,7.494797,6.170214199999999,0.114699958,5.304242537552725,4.825692667846495,4.9759060184,False,4.090522741521275,2.777728883768625,1.8286888175393456,3.3411377733197027,1.3127938577526495,1.512448955780357,-0.2631871669644892,0.9647352207941591,0.004297546329133497
1120,08062025072642259,0,0,War,0,0.0,0,0.705454545,1.1167938,0.07834934419999999,1.323266083037031,7.6950579999999995,6.7577381999999995,0.120899958,6.286941372346035,5.471063799269616,4.8167938,False,4.05959611091545,2.864404182495718,1.8286888175393456,3.3411377733197027,1.195191928419732,1.512448955780357,-0.10111420365793482,0.9948533575624701,0.006535653395147768
1121,08062025072642475,0,0,War,0,0.0,0,0.6020165599999999,1.488291596,0.0814593342,1.6075047235908106,7.765499999999999,5.9862172,0.121799958,5.661989152981153,5.676690991383462,5.188291596,False,5.203497849950054,3.276140301038868,1.8286888175393456,3.3411377733197027,1.927357548911186,1.512448955780357,-0.2656455810045817,0.9640658701205795,0.0030697494015192728
1122,08062025072642673,0,0,War,0,0.0,0,0.45023180000000024,1.4396701360000002,0.07591933619999999,1.5103385447741668,7.718898,4.6396022,0.121499958,4.351231357168757,4.171949491816656,5.139670136,False,1.4705057646735016,2.929804921825861,1.8286888175393456,3.3411377733197027,1.4592991571523592,1.512448955780357,-0.361531208160177,0.9323341521901791,0.0069436435725724
1123,08062025072642876,0,0,War,0,0.0,0,1.3000214800000003,1.731465694,0.0843393242,2.1668277318621354,5.94432,8.1957402,0.121299958,5.9095037732207425,6.698717333082623,5.431465694,False,5.476728381213094,1.8308180512453152,3.7427582260130237,3.3411377733197027,3.645910329967778,0.4016204526933209,0.26798612571571334,0.9633926258694321,0.007621341370293863
1124,08062025072643079,0,0,War,0,0.0,0,1.2845449800000002,1.771395301,0.08366932419999999,2.1897254791092347,5.345779,7.8327192,0.121299958,5.079070120403346,6.373876207933516,5.471395301,False,3.6876667226258393,1.9746267149946441,3.5926122522253197,3.3411377733197027,1.7130400076311951,0.2514744789056169,0.16954874670982134,0.9854964523418349,0.007068586194318844
,12/18/2024 12:15:35.999,0,0,PhantomLimb,0,0.0,0,-0.7472404800000001,1.458732548,-4.213620400000001,4.5211575792977365,0.9898634,2.40077052,2.621831,6.230610610459196,2.0402002463333284,,,1.0809720562069354,0.6400345525272914,1.5525511936139045,0.6239589296610475,0.440937503679644,0.928592263952857,0.02471896036464277,-0.24284639872238617,-0.9697497613436465
,12/18/2024 12:15:59.279,0,0,PhantomLimb,0,0.0,0,-0.75878207,1.4956667650000002,-4.012815799999999,4.349190723158584,1.0016331,2.40262535,2.868206,6.902478503262613,2.1944382971185226,,,1.1078037192848065,0.6395483821493805,1.5088429994467822,0.6050831417079888,0.468255337135426,0.9037598577387934,0.011451098407679727,-0.25272929457840476,-0.9674692635981565
,12/18/2024 12:16:00.638,0,0,PhantomLimb,0,0.0,0,-0.61607202,1.9257623799999997,-6.1291761000000005,6.454061135661899,0.9059739,2.2765752,1.3680370000000002,2.8216005439747653,1.5666960647441435,,,1.1715704635484843,0.6137645639813039,1.6497123752782,0.7108591048391306,0.5578058995671804,0.9388532704390693,-0.006823622012820218,-0.9921452788470534,0.12490469904742899
,12/18/2024 12:16:00.766,0,0,PhantomLimb,0,0.0,0,-0.6185047100000001,1.9217183899999999,-6.138700399999999,6.462135269995247,0.9580128000000001,2.2891201,1.2849789999999999,2.817967115016917,1.574959544344231,,,1.1509330622576799,0.5925923125053514,1.6535087579583059,0.7149282664984579,0.5583407497523285,0.938580491459848,-0.009800872033917864,-0.9922729681127488,0.12368629536084756
,12/18/2024 12:16:00.906,0,0,PhantomLimb,0,0.0,0,-0.6348355999999999,1.9143762300000002,-6.160542300000001,6.482293885586003,1.0096551999999999,2.3244507000000003,1.022456,2.399595582143208,1.5542778571448728,,,1.1278080754361708,0.5933193769650963,1.6174260278784596,0.7021692757768884,0.5344886984710745,0.9152567521015712,-0.015281339514001391,-0.9928167014921643,0.11866540313367152
,12/18/2024 12:16:01.129,0,0,PhantomLimb,0,0.0,0,-0.6737150300000001,1.90334528,-6.188744699999999,6.5097754307137405,1.0371002,2.3791792,0.6881340000000007,1.6979343281472565,1.5008390071511122,,,1.1316457701513138,0.627014258394847,1.5402000593237235,0.6961421909248428,0.5046315117564668,0.8440578683988808,-0.02498056156801152,-0.9938082230202295,0.10826443276127534
,12/18/2024 12:16:01.332,0,0,PhantomLimb,0,0.0,0,-0.7011699700000001,1.8993068999999998,-6.2005545,6.522720455046932,1.0390834,2.404303,0.6694740000000001,1.6725277043103666,1.4761540098662405,,,1.1364967820427343,0.6496232515053707,1.5021020935835088,0.6909906928680661,0.4868735305373636,0.8111114007154426,-0.0280623046437234,-0.9941302880923328,0.10448673291637606
,12/18/2024 12:16:01.504,0,0,PhantomLimb,0,0.0,0,-0.73577375,1.8961133499999998,-6.208799399999999,6.53343698497794,1.0380392,2.4259355,0.6638080000000004,1.6716120232259746,1.4625437350005654,,,1.1444351247844675,0.6768650479267193,1.4780559406586242,0.6836670649176322,0.4675700768577482,0.794388875740992,-0.02956413264226464,-0.9945319458722648,0.1001607243416165
,12/18/2024 12:16:01.766,0,0,PhantomLimb,0,0.0,0,-0.7516674200000001,1.8948956699999997,-6.2155074,6.541266372035996,1.0196507,2.4338923,0.6071289999999996,1.5067241742420794,1.4660643999904068,,,1.126069820972927,0.6719881606510713,1.480836545559992,0.6548297159498873,0.4540816603218557,0.8260068296101046,-0.02172983584300531,-0.9951132697742456,0.09631923252105662
,12/18/2024 12:16:01.934,0,0,PhantomLimb,0,0.0,0,-0.75701112,1.8959375299999999,-6.2166274999999995,6.543248614199402,1.0167314,2.4361837,0.5632639999999993,1.3951736465469387,1.4699013539714916,,,1.115823728986801,0.6604079155597773,1.4848740599737542,0.6391478238044779,0.45541581342702364,0.8457262361692763,-0.011798963571613749,-0.9955185628029456,0.09382737113120879
,12/18/2024 12:16:02.159,0,0,PhantomLimb,0,0.0,0,-0.7638388700000001,1.8976937499999997,-6.212649600000001,6.5407726180086785,1.0126106,2.4357445,0.5291819999999996,1.3052066059313339,1.472813999791289,,,1.1088043029239378,0.6518761484682806,1.4882087740573935,0.6259655888074758,0.45692815445565726,0.8622431852499177,0.0037256924952284716,-0.9959365479880213,0.08998061789704773
,12/18/2024 12:16:02.307,0,0,PhantomLimb,0,0.0,0,-0.76696656,1.8989272200000002,-6.2089966,6.5380273072102355,1.0108988,2.4332928,0.5407540000000006,1.3301535954768298,1.473613688630359,,,1.1076677264056627,0.6500594803239238,1.4887185857167904,0.6230772988906272,0.4576082460817389,0.8656412868261631,0.011287073141010313,-0.9960968708468777,0.08754213767648278
,12/18/2024 12:16:02.527,0,0,PhantomLimb,0,0.0,0,-0.77018203,1.90139292,-6.2023338,6.532795723285972,1.0087035,2.4285458,0.5848559999999994,1.432711594995259,1.4763825620522137,,,1.1073094545264028,0.6472508475640336,1.4917822078591094,0.6222803601287766,0.4600586069623692,0.8695018477303328,0.022079859033896282,-0.9963381792512425,0.08259971181161849
,12/18/2024 12:16:02.709,0,0,PhantomLimb,0,0.0,0,-0.7697305900000001,1.90286121,-6.198569000000001,6.52959597628103,1.0077665,2.4264619,0.6043950000000002,1.477931334144653,1.479297228363692,,,1.1070319131756592,0.6445121394371404,1.4963180092740516,0.6218864731513623,0.4625197737385188,0.8744315361226893,0.026796328840101077,-0.9964854714734925,0.07936410966516601
,12/18/2024 12:16:02.913,0,0,PhantomLimb,0,0.0,0,-0.7672893199999999,1.9048721599999996,-6.195993800000001,6.527450498944253,1.0085690999999999,2.4249414,0.6178220000000003,1.5110202182549253,1.4834673369365494,,,1.1061531066369428,0.6441420936952964,1.5019347734899176,0.6207429384098059,0.46201101294164637,0.8811918350801117,0.030007783935267745,-0.9966303640076407,0.07633773929906476
,12/18/2024 12:16:03.102,0,0,PhantomLimb,0,0.0,0,-0.76421602,1.9104055299999998,-6.200271600000001,6.532766896809175,1.0133087,2.4241207000000005,0.6413669999999998,1.5754427359100414,1.4920571753506133,,,1.0972648429568364,0.6516470840238909,1.506057348657789,0.6194240556292676,0.4456177589329454,0.8866332930285215,0.03157122385300886,-0.9967438100763785,0.0741959223869335
,12/18/2024 12:16:03.309,0,0,PhantomLimb,0,0.0,0,-0.7606751300000001,1.9175733000000001,-6.204013299999999,6.538003903398215,1.0191785999999998,2.423806,0.7163009999999996,1.7694720609710755,1.5023692604539352,,,1.086668361889698,0.6650465228554767,1.5107634936949097,0.6179208849988889,0.42162183903422124,0.8928426086960208,0.03252225724090651,-0.9969326425124607,0.071187141234063
,12/18/2024 12:16:03.545,0,0,PhantomLimb,0,0.0,0,-0.7577704000000001,1.9250773000000003,-6.2062796,6.542021481428169,1.0200462,2.424609,0.7821530000000001,1.9344311216229266,1.5128410868176112,,,1.0701877982583243,0.6770951276293754,1.5156885372619302,0.6154418952895877,0.3930926706289489,0.9002466419723425,0.03219357620861096,-0.9972459839434014,0.06681333070322168
,12/18/2024 12:16:03.732,0,0,PhantomLimb,0,0.0,0,-0.7568822900000001,1.9284815300000002,-6.207034599999999,6.543637393534572,1.0192278000000001,2.4254407000000002,0.8077949999999996,1.9969311079620173,1.5172626798101603,,,1.0639020945385387,0.6818019921469062,1.5173484838266191,0.6146842735104665,0.3821001023916325,0.9026642103161526,0.03148107439729017,-0.997405074277447,0.06474611772448338
,12/18/2024 12:16:03.922,0,0,PhantomLimb,0,0.0,0,-0.7558158899999999,1.93720881,-6.211448799999999,6.550277232922248,1.0162378,2.4275849,0.8804160000000003,2.1719893869903593,1.5283889812700233,,,1.0593732341768174,0.6890079941704885,1.5197217444326643,0.614041020149542,0.37036524000632887,0.9056807242831223,0.029900168852533267,-0.9976763239334837,0.06122036070753265
,12/18/2024 12:16:04.116,0,0,PhantomLimb,0,0.0,0,-0.7556768199999999,1.95055185,-6.2177656,6.560206477876066,1.0093634999999999,2.4303855,0.9723939999999995,2.385420965130993,1.544336149741009,,,1.061173415419181,0.6960816370708611,1.521648370055204,0.6139184621195636,0.36509177834831985,0.9077299079356403,0.02788074650175323,-0.9979991417871968,0.05674836532027777
,12/18/2024 12:16:04.340,0,0,PhantomLimb,0,0.0,0,-0.76087613,1.9799978299999998,-6.227581099999999,6.578912543048865,0.9761939,2.4335447,1.073448,2.550095404346295,1.5764087890697447,,,1.0670045695801913,0.6910490297967576,1.5223997937023965,0.6145770275970296,0.37595553978343366,0.9078227661053669,0.02539929558115879,-0.9983738463382699,0.05103468165580599
,12/18/2024 12:16:04.492,0,0,PhantomLimb,0,0.0,0,-0.7654179,1.9951308200000004,-6.2408112000000004,6.596524538315592,0.9554889999999999,2.4355288,1.138324,2.649017659686418,1.5955612882418637,,,1.0956487976999016,0.6996794983651012,1.5223156119577996,0.6155570092435305,0.3959692993348004,0.9067586027142691,0.024002257518815975,-0.9986115969588959,0.04689104448830549
,12/18/2024 12:16:04.725,0,0,PhantomLimb,0,0.0,0,-0.76789798,2.0132081899999994,-6.2392433,6.600820515706062,0.9566190999999999,2.4374281,1.1173070000000003,2.605213866465634,1.6108873535995247,,,1.099783440053218,0.7277157086012367,1.5207569859612187,0.6174709643980111,0.37206773145198135,0.9032860215632076,0.02206124705937909,-0.9989795768946442,0.039409469998752486
,12/18/2024 12:16:04.903,0,0,PhantomLimb,0,0.0,0,-0.76806038,2.02098446,-6.2362189,6.6003576496735725,0.9759219000000001,2.4376784,1.0767990000000003,2.5616873076362876,1.6159577433993193,,,1.0881578768118578,0.754190918489271,1.5188001259090709,0.6182856047171404,0.3339669583225868,0.9005145211919304,0.02130540187904481,-0.9991450133497453,0.03543052566798507
,12/18/2024 12:16:05.104,0,0,PhantomLimb,0,0.0,0,-0.76936403,2.0345836200000003,-6.242126300000001,6.610264159818565,0.9997811000000001,2.4384677999999997,1.0555079999999997,2.5732588609473557,1.628803770573541,,,1.0939634649965417,0.8356006432364443,1.5158329109694118,0.6192423348785514,0.2583628217600974,0.8965905760908603,0.02086952903424219,-0.9993619927002371,0.02898396632796082
,12/18/2024 12:16:05.422,0,0,PhantomLimb,0,0.0,0,-0.7725430999999999,2.04785711,-6.249024,6.621241766988361,1.0080183999999999,2.4415729,1.0474009999999998,2.577811398637668,1.6423120466305754,,,1.108632913189032,0.9130369573099658,1.5146702707144053,0.6200790918220755,0.1955959558790662,0.8945911788923298,0.02235073239253068,-0.9995009135533581,0.022324170029815297
,12/18/2024 12:16:05.538,0,0,PhantomLimb,0,0.0,0,-0.7743936,2.0533226900000003,-6.250846599999999,6.624870016364196,1.0073387,2.4431821,1.0438929999999997,2.569137464247058,1.6465200731099134,,,1.1179286479126518,0.9363468032772685,1.5138558635978692,0.62043176338753,0.1815818446353833,0.8934241002103391,0.023954813661015036,-0.9995452226570435,0.018317062153831803
,12/18/2024 12:16:05.739,0,0,PhantomLimb,0,0.0,0,-0.77539342,2.05438133,-6.2511724,6.625622535230454,1.002937,2.4436537,1.0432620000000004,2.5568585491325875,1.6463675024438662,,,1.1183812378369415,0.9392783952523815,1.5131481755648155,0.6204749889846972,0.17910284258456,0.8926731865801183,0.024866526209352282,-0.9995621159453623,0.016038461307426415
,12/18/2024 12:16:05.901,0,0,PhantomLimb,0,0.0,0,-0.7759912799999998,2.05356942,-6.250115199999999,6.624443360967486,0.9969765,2.4437918,1.0415789999999996,2.53770619564229,1.6434575895187193,,,1.1152268231451439,0.9296808823199553,1.5121400748724736,0.6203090012002084,0.1855459408251886,0.8918310736722652,0.025734625417589963,-0.9995757339887208,0.013641153746151652
,12/18/2024 12:16:06.129,0,0,PhantomLimb,0,0.0,0,-0.77597092,2.05262752,-6.2490702,6.6231630637539824,0.9950325,2.4436868,1.0393910000000002,2.5273288846522752,1.641119860260528,,,1.1127989394162812,0.9214139730735856,1.5115624804942334,0.6200743992701603,0.19138496634269553,0.8914880812240731,0.026207390152127714,-0.9995787058876854,0.012473308996181667
,12/18/2024 12:16:06.342,0,1,PhantomLimb,0,0.0,0,-0.77588587,2.0516677700000003,-6.2478727,6.621725817121072,0.9933295999999999,2.4433763,1.0362479999999996,2.515054726171381,1.6384379744962496,,,1.1105619222556165,0.9122390964141139,1.5108919422706244,0.6196415528761849,0.19832282584150251,0.8912503893944395,0.02684633549788488,-0.9995770494037406,0.011180186744734083
,12/18/2024 12:16:06.548,0,1,PhantomLimb,0,0.0,0,-0.7758050200000001,2.05109245,-6.2471868,6.62089092053316,0.9923006,2.4429705,1.0342330000000004,2.5071473996266525,1.6367542326845002,,,1.1096488791287136,0.9065952057198186,1.510512553531913,0.6191565100988279,0.20305367340889502,0.8913560434330852,0.027315614010218467,-0.9995718454693998,0.01048727686976257
,12/18/2024 12:16:06.691,0,1,PhantomLimb,0,0.0,0,-0.7757351400000001,2.05068965,-6.2469067,6.620493664867661,0.9916362000000001,2.4425355,1.0332599999999994,2.502665887819019,1.6356790289814584,,,1.1094789365363542,0.9031132511472135,1.5103369356189165,0.618774444441559,0.20636568538914069,0.8915624911773574,0.027644455474927155,-0.9995657098486593,0.010206653528006548
,12/18/2024 12:16:06.924,0,1,PhantomLimb,0,0.0,0,-0.77563749,2.05011191,-6.2471119999999996,6.620497013061885,0.9908385,2.4416019,1.0334329999999996,2.5001153865716184,1.6345365180019,,,1.1102205760930077,0.8992610508226243,1.510508714570922,0.6181377587496901,0.21095952527038342,0.8923709558212318,0.028174247877639783,-0.9995470654461982,0.010577131672756545
,12/18/2024 12:16:07.088,0,1,PhantomLimb,0,0.0,0,-0.77549479,2.04962984,-6.248018,6.6211859646637,0.9902261000000001,2.4405526,1.0363740000000004,2.5046038881110246,1.634084836125702,,,1.1119598112128022,0.8967774500065722,1.5111855357523278,0.6175152083234551,0.21518236120623002,0.8936703274288728,0.028471424878187532,-0.999526843019072,0.011639074264431415
,12/18/2024 12:16:07.346,0,1,PhantomLimb,0,0.0,0,-0.7752458,2.04894199,-6.2500802,6.622889991177178,0.9893454,2.4388951,1.0423409999999995,2.5150746556848347,1.6339611206699771,,,1.114017138310542,0.8937608562061162,1.5124004370320214,0.6165796234520241,0.22025628210442572,0.8958208135799973,0.02856407731332633,-0.9994966541989886,0.013803323232669251
,12/18/2024 12:16:07.507,0,0,PhantomLimb,0,0.0,0,-0.7749012599999999,2.0481847600000003,-6.2539113,6.626231155197768,0.9874976999999999,2.4359264,1.0520559999999994,2.5306909530886537,1.634042261301248,,,1.116174274677037,0.8911144333915594,1.5134921444450908,0.615878552467936,0.2250598412854775,0.8976135919771548,0.028512537184041304,-0.9994321145885128,0.017957827052921486
,12/18/2024 12:16:07.695,0,0,PhantomLimb,0,0.0,0,-0.7745425499999999,2.04743432,-6.2582788,6.630079712567852,0.9856362000000001,2.4329957999999996,1.060429,2.5429604219309216,1.6342443378664269,,,1.1178617627167544,0.8908475288749526,1.5141393269190424,0.6154339193041687,0.22701423384180186,0.8987054076148737,0.028553867532693934,-0.9993304217985164,0.02287760295407944
,12/18/2024 12:16:07.923,0,0,PhantomLimb,0,0.0,0,-0.7736760500000001,2.04602335,-6.2643342,6.635259538886062,0.9853797,2.4295725,1.0681839999999996,2.5572874232798664,1.6337275816169248,,,1.1182592480178106,0.8927995946052225,1.5141236581302533,0.61525159100212,0.2254596534125881,0.8988720671281333,0.028296620592227276,-0.9992135812689551,0.027776253720193624
,12/18/2024 12:16:08.131,0,0,PhantomLimb,0,0.0,0,-0.7686633099999999,2.04452793,-6.267366699999999,6.637079409872925,0.9888333999999999,2.4277987,1.0722699999999996,2.574186196814832,1.63488114536912,,,1.1179970333554061,0.8984547382571029,1.5161339945742855,0.6184547067965123,0.21954229509830325,0.8976792877777733,0.025532441944711774,-0.9991389446590164,0.032702655458032706
,12/18/2024 12:16:08.335,0,0,PhantomLimb,0,0.0,0,-0.74174726,2.04346845,-6.2538757,6.620945066598378,0.9884797,2.4262485000000003,1.082852,2.5970011247124702,1.635788171759007,,,1.1123679857188629,0.9147597830629415,1.5156863860341458,0.6198275640734688,0.19760820265592138,0.895858821960677,-0.006932788187761103,-0.9990594828189004,0.04280287651052343
,12/18/2024 12:16:08.500,0,0,PhantomLimb,0,0.0,0,-0.7460742600000001,2.0480083299999996,-6.2261776,6.596684957455956,0.9839310000000001,2.4138146999999996,1.117063,2.6530549103492564,1.6283939512600074,,,1.1120713738998227,0.8945849353667654,1.5046964049338791,0.6101078851145588,0.21748643853305727,0.8945885198193203,-0.0011636208956485358,-0.9994203485956358,0.03402370937139396
,12/18/2024 12:16:08.714,0,0,PhantomLimb,0,0.0,0,-0.7804396499999999,2.05548185,-6.177527199999999,6.557128486594675,1.0048617000000002,2.4040305,1.1315159999999995,2.7334237665959145,1.6223143405454705,,,1.1364739402795865,0.879058506589271,1.4981315441671805,0.6267974676958739,0.2574154336903155,0.8713340764713067,0.053378515055690134,-0.9985699766601723,0.002955646012698796
,12/18/2024 12:16:08.951,0,0,PhantomLimb,0,0.0,0,-0.79322869,2.06119024,-6.15475,6.5390109743454605,1.0137316,2.4071486,1.1253089999999997,2.7459819495341597,1.624281233491136,,,1.1456147629256745,0.8823613527361902,1.5002186652515692,0.645294157208641,0.26325341018948434,0.8549245080429282,0.06875715489254788,-0.9973301367503034,-0.024597804387864106
,12/18/2024 12:16:09.144,0,0,PhantomLimb,0,0.0,0,-0.7503389500000001,2.0752498499999996,-6.1374983,6.522158834489927,0.9784146,2.4418145,1.0822690000000001,2.5856563975611313,1.6285212060951844,,,1.117653486394817,0.925637692522836,1.495509148358344,0.6212287235545779,0.1920157938719811,0.8742804248037661,-0.008130000813129194,-0.9978379374619755,-0.06521774028904337
,12/18/2024 12:16:09.283,0,0,PhantomLimb,0,0.0,0,-0.7042009700000001,2.08447871,-6.124094100000001,6.5073403971397585,0.9605459999999999,2.4611938999999996,1.0514030000000005,2.4856112718709555,1.6389367895637585,,,1.105559182990508,0.9450108355905552,1.5065027006100786,0.589071901323633,0.16054834739995283,0.9174307992864457,-0.0635599911312474,-0.9941906505169266,-0.08686240816444273
,12/18/2024 12:16:09.528,0,0,PhantomLimb,0,0.0,0,-0.6810331100000001,2.0931097800000003,-6.110511799999999,6.494864825844118,0.9556107,2.4669122,1.024267,2.414614906797646,1.6472974837331622,,,1.1155621735426007,0.9515853480598627,1.5144163307763325,0.5858088348227687,0.16397682548273795,0.9286074959535638,-0.08612148933062694,-0.9908087819237075,-0.10431225593540758
,12/18/2024 12:16:09.748,0,0,PhantomLimb,0,0.0,0,-0.69230475,2.1026786800000004,-6.10049,6.489724319129365,0.9753485000000001,2.4596312,1.0204360000000001,2.4480235164569066,1.6532970899022166,,,1.1416146338488484,0.957483924409705,1.5213870140263228,0.631404751243994,0.18413070943914345,0.8899822627823288,-0.06394681627548919,-0.9897276416776419,-0.12786711847633822
,12/18/2024 12:16:09.925,0,0,PhantomLimb,0,0.0,0,-0.7095984399999999,2.10800146,-6.0938932999999995,6.487120752167131,0.9842474000000001,2.4405084,0.9744729999999997,2.3407465584407374,1.6392837265780635,,,1.1130298310916915,0.9609864424062443,1.5059640126941847,0.6361960033369904,0.1520433886854472,0.8697680093571942,-0.04549075260344005,-0.9900196584241366,-0.1333854091020775
,12/18/2024 12:16:10.099,0,0,PhantomLimb,0,0.0,0,-0.72803492,2.1107295600000002,-6.0961025,6.492124445102962,0.9878812,2.4244174000000003,1.0054879999999997,2.4081803300137055,1.6271735256838924,,,1.127291716168446,0.9605513740487801,1.4920968303493476,0.6340316317022441,0.16674034211966582,0.8580651986471035,-0.02450608330090992,-0.9903018308991024,-0.13675428914346496
,12/18/2024 12:16:10.375,0,0,PhantomLimb,0,0.0,0,-0.7374292000000001,2.11145845,-6.0971503,6.494405314721212,0.9879621000000001,2.4165695,1.0093199999999998,2.4097303830230583,1.6210664105448558,,,1.1276268951874109,0.9580664540098248,1.4856814275295527,0.6320256027577126,0.16956044117758606,0.8536558247718401,-0.014034340841309861,-0.9905216506472444,-0.13663783105790403
,12/18/2024 12:16:10.511,0,0,PhantomLimb,0,0.0,0,-0.74312931,2.11158995,-6.0975522,6.495475049605449,0.9874107000000001,2.4110455,1.0008600000000003,2.382739520114254,1.616939935862107,,,1.1246314952828949,0.9555680088566433,1.481954257328103,0.6304180082994852,0.16906348642625157,0.8515362490286178,-0.007085358406227049,-0.9908445714866048,-0.13482148512674838
,12/18/2024 12:16:10.684,0,0,PhantomLimb,0,0.0,0,-0.7457641299999999,2.1109736000000003,-6.101292,6.499087454924393,0.9870303,2.407781,1.0238839999999998,2.4333143899055223,1.614968544651704,,,1.137463187304345,0.9541418265362652,1.4798907603373974,0.6290182817650376,0.1833213607680798,0.8508724785723598,-0.003111305159060535,-0.9911508113368717,-0.1327041407284198
,12/18/2024 12:16:10.935,0,0,PhantomLimb,0,0.0,0,-0.74862971,2.11061014,-6.1060226,6.5037399700077385,0.9862176,2.4048646,1.0419429999999998,2.471196837462446,1.6135041931589345,,,1.148557666448581,0.9534449815927294,1.4778214576419069,0.6261484033243319,0.19511268485585165,0.851673054317575,0.0007644502724908994,-0.9916121019507141,-0.12924726256546934
,12/18/2024 12:16:11.139,0,0,PhantomLimb,0,0.0,0,-0.74990778,2.11043733,-6.108740699999999,6.506383046070877,0.9855512,2.4042917,1.0471009999999996,2.481160865688614,1.6133738464600065,,,1.1517349112152673,0.9535398414582583,1.4772812227424879,0.6239299591920234,0.19819506975700896,0.8533512635504644,0.002231723565997649,-0.9918667587833043,-0.12726096114137808
,12/18/2024 12:16:11.326,0,0,PhantomLimb,0,0.0,0,-0.7504606699999999,2.11034587,-6.110144,6.507734675674701,0.9851184999999999,2.4041993,1.0488229999999996,2.484054636760948,1.6133837350360125,,,1.1527808142519937,0.9536501744611803,1.477064700266884,0.6226356469581227,0.19913063979081347,0.8544290533087613,0.0027927039799593204,-0.9919814186740803,-0.1263529414372264
,12/18/2024 12:16:11.531,0,0,PhantomLimb,0,0.0,0,-0.7510069899999999,2.1102416699999997,-6.1119705,6.509478842250238,0.9843055,2.4043693,1.049951,2.484849657259833,1.6135533063170036,,,1.1539079855656815,0.9538579110615006,1.4769084387651286,0.6207405506229557,0.20005007450418089,0.8561678881421728,0.003216251649624218,-0.9921208145266703,-0.12524354317992753
,12/18/2024 12:16:11.714,0,0,PhantomLimb,0,0.0,0,-0.7511618099999999,2.11023003,-6.112855100000001,6.510323518682639,0.9837446999999999,2.4046577,1.0496189999999999,2.482946449182659,1.6137308075735368,,,1.1543129257403686,0.9541015690389782,1.4768600012616802,0.6196813872780189,0.20021135670139034,0.8571786139836612,0.0031400914447258952,-0.9921829230484813,-0.12475250312795427
,12/18/2024 12:16:11.950,0,0,PhantomLimb,0,0.0,0,-0.75095022,2.10984501,-6.1140326,6.511279968869616,0.9849018,2.4041229,1.0463490000000002,2.477571291241356,1.6131213917874971,,,1.1533800475188953,0.9553404982125482,1.4757351040653943,0.6185670004570564,0.19803954930634715,0.857168103608338,0.0006052142402580546,-0.9925195639510511,-0.12208418771543861
,12/18/2024 12:16:12.124,0,0,PhantomLimb,0,0.0,0,-0.7506379799999999,2.10852609,-6.1156793,6.512363084908401,0.9898212000000001,2.4020951,1.0418239999999992,2.4770872644215816,1.6106517871369161,,,1.150721684327974,0.9575234723102095,1.4719997587550142,0.6179891614648998,0.19319821201776444,0.8540105972901144,-0.00551604189556769,-0.993409980192015,-0.11448224550866767
,12/18/2024 12:16:12.363,0,0,PhantomLimb,0,0.0,1,-0.76005086,2.0377251499999995,-6.311074400000001,6.675302328663821,0.9949036,2.4073054999999997,1.0416479999999995,2.4947854054045857,1.6146371073218826,,,1.1483969180393379,0.9596412365285266,1.4745587438240262,0.6172758367004576,0.18875568151081124,0.8572829071235686,-0.0031855906730491198,-0.9962302797782945,0.08668957068139738
,12/18/2024 12:16:12.510,0,0,PhantomLimb,0,0.0,1,-0.7594014399999999,2.03559795,-6.3134356,6.676812011466673,0.9962439999999999,2.4129245,1.04474,2.511410321574559,1.6196468296560214,,,1.1473892238827286,0.9596716283924206,1.4794256865339674,0.616865488620015,0.18771759549030798,0.8625601979139524,-0.0062257505615782496,-0.9957150663151817,0.09226454759493784
,12/18/2024 12:16:12.771,0,0,PhantomLimb,0,0.0,0,-0.75781087,2.0316663,-6.3196644,6.681324973227482,0.9969001,2.419493,1.053579,2.541224976611816,1.6259113632181992,,,1.1460202681423217,0.9576535943559966,1.4861272620528196,0.6163654484180308,0.1883666737863251,0.8697618136347889,-0.010013948686773248,-0.994861323324349,0.10075052449006844
,12/18/2024 12:16:12.913,0,0,PhantomLimb,0,0.0,0,-0.75442684,2.0174912799999998,-6.3135469,6.670854921244206,0.9980975999999999,2.4212422,1.0521340000000006,2.542624931566199,1.6128628147954762,,,1.1255446957754323,0.8798615689012449,1.4881492650818633,0.6163502700600041,0.24568312687418736,0.8717989950218592,-0.011123639047018866,-0.9945232257249565,0.10392217351450275
,12/18/2024 12:16:13.139,0,0,PhantomLimb,0,0.0,0,-0.75339122,1.98421542,-6.2807878,6.629706219129751,0.9831704,2.4284808,1.1232540000000002,2.681892976641944,1.602950387658715,,,1.0563074335640361,0.7791850321293656,1.4988068211176113,0.632772697595187,0.2771224014346705,0.8660341235224244,-0.009579799494055163,-0.9935525603659838,0.11296697407584168
,12/18/2024 12:16:13.301,0,0,PhantomLimb,0,0.0,0,-0.7521353700000002,1.9306453399999999,-6.2222994,6.558209272881517,0.9892366,2.3953946,1.0519720000000001,2.4927654851337295,1.5673591813164471,,,0.9311410229215604,0.7503795778385831,1.5083764226149916,0.6447285948267301,0.1807614450829773,0.8636478277882615,0.0018626621684943122,-0.9902372357933624,0.13937986704674
,12/18/2024 12:16:13.521,0,0,PhantomLimb,0,0.0,0,-0.7595846799999999,1.85044341,-6.1455174999999995,6.462855022550744,0.9741936,2.3356949,0.9109400000000001,2.0727702049324472,1.5324053369180466,,,0.9200850230673305,0.7085758339974347,1.518375627968343,0.643913264482104,0.2115091890698958,0.874462363486239,0.01726085249143257,-0.9839884114515899,0.17739467043923698
,12/18/2024 12:16:13.706,0,0,PhantomLimb,0,0.0,0,-0.78578144,1.7322479400000002,-6.0817152,6.372236277084658,0.9681652999999999,2.3031666,0.798521,1.7805788435834522,1.4866794603753177,,,0.9186496716427922,0.7019215327951479,1.4628629178220767,0.6413965359181557,0.2167281388476443,0.821466381903921,0.02468220457343325,-0.9842739245252213,0.17491606637788906
,12/18/2024 12:16:13.944,0,0,PhantomLimb,0,0.0,0,-0.8073676299999999,1.6491824100000003,-6.0111319,6.285328299351024,0.9665424,1.9136369000000002,0.726464,1.3436759522893642,1.1257890221180147,,,0.9163438487249693,0.7069730550018438,1.0758320582670418,0.664879750435889,0.2093707937231255,0.4109523078311528,0.03901710217663828,-0.9979335262788129,-0.051052354171689344
,12/18/2024 12:16:14.253,0,0,PhantomLimb,0,0.0,0,-0.8080976600000002,1.6218013,-5.9122366,6.183672282645541,0.9840281,1.8145610000000003,0.5633609999999996,1.00592557843514,1.042791712900235,,,0.8833644240431068,0.6957917283439707,1.0062046683065826,0.6850448886841212,0.18757269569913604,0.32115977962246145,0.08073595627028075,-0.8944704767031602,-0.43977752520057756
,12/18/2024 12:16:14.643,0,0,PhantomLimb,0,0.0,0,-0.8035741799999998,1.63079435,-5.8304154,6.107287893272409,0.9828909000000001,1.8110865,0.582128,1.036246308914694,1.039467098848263,,,0.9140556013982083,0.6724200633552587,1.0203391318152066,0.6831957284594586,0.24163553804294957,0.337143403355748,0.10311669152720306,-0.7531386944879732,-0.649729986066085
,12/18/2024 12:16:14.836,0,0,PhantomLimb,0,0.0,0,-0.8065078499999998,1.6414766799999998,-5.810376999999999,6.091418675909942,0.9856087,1.8020551999999999,0.5945829999999992,1.0560515208101302,1.0472584215844802,,,0.9210913049598067,0.6659923974118699,1.0278945259277967,0.7072744135705815,0.25509890754793685,0.3206201123572152,0.10533209508199132,-0.7225216094279064,-0.6832771572761278
,12/18/2024 12:16:15.312,0,0,PhantomLimb,0,0.0,0,-0.7953227700000001,1.6371576399999999,-5.6782898,5.962868311431579,1.2357472999999999,1.8328715999999998,0.7084449999999993,1.604603930638519,1.0736155180788785,,,1.3176315252426567,0.6903470645003426,1.0643779732986072,0.6825624224677477,0.6272844607423141,0.3818155508308595,0.11551552464467248,-0.7259812570364003,-0.677943491743902
,12/18/2024 12:16:15.471,0,0,PhantomLimb,0,0.0,0,-0.79773209,1.6345520200000003,-5.6625855000000005,5.947521444964457,1.2435977,1.8507597999999996,0.707065,1.6273812498274338,1.0911485665941145,,,1.3223948360211069,0.6955100322371276,1.0817922325640401,0.6920915197374479,0.6268848037839793,0.38970071282659224,0.12664181377121583,-0.7552156644566752,-0.6431260771917116
,12/18/2024 12:16:15.608,0,0,PhantomLimb,0,0.0,0,-0.7946981500000001,1.62734907,-5.664578500000001,5.947037895280771,1.2653713,1.8856673000000002,0.7365529999999998,1.7574664884309792,1.1308786187594972,,,1.3446088490693826,0.6973945852829659,1.133267173007751,0.7064337795538659,0.6472142637864167,0.42683339345388516,0.15349095213444292,-0.8065247271815613,-0.5709276592157452
,12/18/2024 12:16:15.755,0,0,PhantomLimb,0,0.0,0,-0.79523447,1.6233101599999997,-5.6728347,5.953871620329036,1.2616398,1.8943574,0.722391,1.7265120997992678,1.1415857511812293,,,1.3450760005773057,0.6941847218656502,1.1483259532893957,0.7109020047811372,0.6508912787116555,0.4374239485082585,0.1651129863397121,-0.8219927916870502,-0.5450372025435621
,12/18/2024 12:16:15.882,0,0,PhantomLimb,0,0.0,0,-0.80054619,1.6184886900000002,-5.708619199999999,5.987379477917703,1.2374177000000002,1.8692711000000002,0.6891369999999997,1.594021531542203,1.1177891434062155,,,1.3194328120352665,0.6775963187382366,1.1202114976681234,0.7115446682526405,0.64183649329703,0.40866682941548294,0.18941129222846673,-0.8488217570806332,-0.4935838197134188
,12/18/2024 12:16:16.112,0,0,PhantomLimb,0,0.0,0,-0.8012216200000001,1.6140069400000001,-5.7468992,6.022775514800815,1.1820728,1.8605346000000003,0.6343259999999997,1.3950651438455524,1.096332584294651,,,1.2637163410452679,0.6539258585399802,1.0956783050499812,0.6573740215777091,0.6097904825052877,0.4383042834722721,0.20378157427951146,-0.8707661065360871,-0.4474812372515162
,12/18/2024 12:16:16.327,0,0,PhantomLimb,0,0.0,0,-0.7412408800000001,1.6673480799999996,-5.789864200000001,6.070586060382022,1.1008654,1.8759772,0.5958379999999996,1.2305236786993634,1.1302743143738283,,,1.1892607255102474,0.6200543540789306,1.168674615290214,0.37418415299603497,0.5692063714313168,0.7944904622941791,0.18667279759568225,-0.9150717514320155,-0.35748700167830616
,12/18/2024 12:16:16.475,0,0,PhantomLimb,0,0.0,0,-0.72913359,1.6368154800000003,-5.731806399999999,6.005364711215703,1.0820998,1.8440082,0.6642789999999996,1.3255029173861228,1.1235661113814175,,,1.165409280211051,0.6400349127953959,1.1662809719164806,0.3956658563725705,0.525374367415655,0.77061511554391,0.13576511704771604,-0.864923309332772,-0.4831930276461631
,12/18/2024 12:16:16.701,0,0,PhantomLimb,0,0.0,0,-0.71676951,1.6292510200000003,-5.6742666,5.946891529573432,1.0937722,1.8995748,0.7109129999999997,1.4770654387476563,1.1403716192957318,,,1.1797345092527556,0.6555953061859199,1.1744884353501872,0.3668104616332664,0.5241392030668357,0.8076779737169208,0.04272604919453602,-0.7822731521629064,-0.6214685833775802
,12/18/2024 12:16:16.939,0,0,PhantomLimb,0,0.0,0,-0.7656457799999998,1.6195843699999997,-5.636243199999999,5.914093709227673,1.1723455999999999,1.9674183,0.7338359999999993,1.6925884684787986,1.1764366742736638,,,1.2257921106584755,0.6583720803778134,1.2003728393202588,0.7298812483699043,0.5674200302806621,0.47049159095035453,0.013513238556408695,-0.7276915849323277,-0.6857713537341689
,12/18/2024 12:16:17.119,0,0,PhantomLimb,0,0.0,0,-0.77235568,1.6423337200000003,-5.6424843000000005,5.927176597674798,1.1052541,1.9710208,0.739198,1.6103271870711582,1.1797293317711581,,,1.1829592233319834,0.6586353120869243,1.1881999389401598,0.7386601630127076,0.5243239112450592,0.4495397759274522,0.01207758470431303,-0.7033907463630706,-0.7107007737990108
,12/18/2024 12:16:17.300,0,0,PhantomLimb,0,0.0,0,-0.7650185700000001,1.6800701399999998,-5.6850742,5.977286821566295,1.0326587,2.0396776,0.9415369999999994,1.9831507386935612,1.42432578094294,,,1.0605648579958749,0.6637653848041791,1.4894684441346748,0.6636929708091611,0.39679947319169573,0.8257754733255137,0.01345644350164532,-0.684892177381564,-0.7285201640928185
,12/18/2024 12:16:17.521,0,0,PhantomLimb,0,0.0,0,-0.76129318,1.69864408,-5.7346299,6.029173998684029,1.0272918999999998,1.9037032,1.3248559999999996,2.590966397629064,1.5182943373787094,,,1.0513378157424424,0.6718795452787722,1.6334357080467077,0.6456956227287668,0.3794582704636702,0.9877400853179409,0.030732173920225966,-0.6778947696767234,-0.7345163134546973
,12/18/2024 12:16:17.705,0,0,PhantomLimb,0,0.0,0,-0.77915914,1.6953172900000002,-5.7585861000000005,6.0533051757144785,1.0252986000000002,1.9176731000000002,1.2077979999999995,2.374757384098666,1.4373243250562995,,,1.0463768472926998,0.6890278148081178,1.5066079916282036,0.6424416445590134,0.35734903248458194,0.8641663470691902,0.044427121152317346,-0.6782065673989903,-0.7335271520829998
,12/18/2024 12:16:17.915,0,0,PhantomLimb,0,0.0,0,-0.7833852899999999,1.67689688,-5.755811400000001,6.046076457597281,1.0235076,1.9572842000000001,0.7325949999999999,1.467604086648027,1.2510397733829575,,,1.0290578018798606,0.6896686573623598,1.2520221397017264,0.6307842843658674,0.3393891445175008,0.621237855335859,0.053489464820331775,-0.699638847132678,-0.7124916566080557
,12/18/2024 12:16:18.103,0,0,PhantomLimb,0,0.0,0,-0.78095686,1.6611906399999998,-5.7889455,6.073000737821041,1.0244601000000002,1.9282586,0.6063359999999998,1.1977706853615961,1.1667865478921837,,,1.003128433276936,0.687553852338855,1.1496988306437474,0.6188153379490847,0.3155745809380809,0.5308834926946627,0.04056079744501818,-0.7620847855389017,-0.6462055411095996
,12/18/2024 12:16:18.337,0,0,PhantomLimb,0,0.0,0,-0.76988802,1.6420284299999999,-5.8334671,6.108872509313826,1.0327038000000002,1.8667276999999998,0.5508199999999999,1.061858011112664,1.1234139732752564,,,0.9527675280111934,0.6800578460556426,1.1029392094686725,0.62166574279866,0.2727096819555508,0.4812734666700125,0.017939471699409213,-0.8134117047163851,-0.5814117078160107
,12/18/2024 12:16:18.501,0,0,PhantomLimb,0,0.0,0,-0.7530837699999999,1.6226923899999999,-5.885390500000001,6.151267112936291,1.0394544,1.7778921,0.5277539999999998,0.975309323194633,1.072845478848097,,,0.9313336933978927,0.6762282214749988,1.0567182129606265,0.6390360438169042,0.2551054719228939,0.41768216914372236,0.011132202334758994,-0.8671218165243431,-0.49797171544044694
,12/18/2024 12:16:18.726,0,0,PhantomLimb,0,0.0,0,-0.7408558299999999,1.6174097399999998,-5.9311633,6.192219288684692,1.0347992,1.7208835999999998,0.4801269999999995,0.8549952644946134,1.0434698544232364,,,0.9075083578033922,0.6731072765355015,1.0216127344993162,0.6438309726304026,0.23440108126789072,0.37778176186891366,0.011865860028251048,-0.8853586896552688,-0.46475713229351884
,12/18/2024 12:16:18.911,0,0,PhantomLimb,0,0.0,0,-0.72500816,1.6151384199999999,-5.987815500000001,6.244056646913682,1.0250887,1.6785587999999998,0.44575999999999993,0.7670065983438797,1.0225582708631353,,,0.9038937637519356,0.6626080047188986,0.992807174597711,0.6380948040678909,0.24128575903303706,0.3547123705298201,0.015075077452823034,-0.8933232203994573,-0.44916184826288813
,12/18/2024 12:16:19.102,0,0,PhantomLimb,0,0.0,0,-0.70516507,1.6205427900000005,-6.027316399999999,6.281079500840444,1.0404939999999998,1.6815430999999998,0.42614600000000014,0.745600172464055,1.0230417137632062,,,0.9125486046373692,0.6515991327515791,0.989730834466831,0.5954312536860659,0.2609494718857901,0.3942995807807651,0.012190075622929852,-0.8681925962916957,-0.49607763283642625
,12/18/2024 12:16:19.333,0,0,PhantomLimb,0,0.0,0,-0.69608715,1.62360817,-6.0438957,6.296770286628246,1.0340557000000001,1.6956433,0.4656260000000003,0.8164237949841192,1.0247185710563038,,,0.9214476550420212,0.6463080295198954,0.9841233574779635,0.5918103938418539,0.2751396255221258,0.3923129636361097,-0.00014070403499428518,-0.8484803547472631,-0.5292268585496516
,12/18/2024 12:16:19.519,0,0,PhantomLimb,0,0.0,0,-0.6928261900000001,1.6250911399999999,-6.048028199999999,6.300759831230805,1.0201552,1.7030346,0.48347799999999985,0.8399751461246908,1.0239269729340468,,,0.9291877199688984,0.6462201490700828,0.9791376547287516,0.5940478640286571,0.2829675708988155,0.3850897907000945,-0.00789048305725959,-0.8403312299813868,-0.5420158338970298
,12/18/2024 12:16:19.726,0,0,PhantomLimb,0,0.0,0,-0.68958973,1.62813892,-6.047770899999999,6.300944627389375,0.9993623,1.7198938000000004,0.49182099999999984,0.8453404710048334,1.0302734036591599,,,0.9426674118994728,0.6454244876390187,0.9819178117204312,0.5978887550991405,0.29724292426045407,0.3840290566212907,-0.019213457226029147,-0.82852757237587,-0.5596185351419044
,12/18/2024 12:16:19.927,0,0,PhantomLimb,0,0.0,0,-0.68549333,1.62558908,-6.040849799999999,6.293195314675191,0.9993717,1.7291792,0.4942190000000002,0.8540562741277876,1.0306608391679153,,,0.9717932508635774,0.6448647109076134,0.9861265933417727,0.590693256396321,0.32692853995596394,0.3954333369454517,-0.022976015115184087,-0.8244838038319071,-0.5654189242926843
,12/18/2024 12:16:20.092,0,0,PhantomLimb,0,0.0,0,-0.68573288,1.62866586,-6.037999300000001,6.291281078845797,0.9998844,1.7390453999999997,0.49487900000000007,0.8605175611757926,1.0362984557217625,,,0.9680292528747052,0.6446909026138029,0.9899240936821367,0.5831161747022975,0.3233383502609023,0.40680791897983926,-0.026158187197346094,-0.8209869993372485,-0.5703473469402389
,12/18/2024 12:16:20.347,0,0,PhantomLimb,0,0.0,0,-0.6870071199999999,1.62992332,-6.035153299999999,6.289014562434357,1.0007248,1.7468438000000002,0.4964689999999994,0.8678823800924831,1.0393825111456199,,,0.9666280214874229,0.6450219479836635,0.9917868892873306,0.5807720359202909,0.32160607350375936,0.4110148533670397,-0.028377859155058468,-0.818383785998057,-0.5739709713263049
,12/18/2024 12:16:20.533,0,0,PhantomLimb,0,0.0,0,-0.6901845899999999,1.6292615000000001,-6.032426399999999,6.286574271817098,1.001749,1.752476,0.4949810000000001,0.8689594795788502,1.0405511498561437,,,0.965679992441409,0.6457809534695181,0.9923704190992848,0.5882915368346637,0.31989903897189087,0.4040788822646211,-0.029884102261539498,-0.8162629801541604,-0.5769070008778457
,12/18/2024 12:16:20.749,0,0,PhantomLimb,0,0.0,0,-0.6940880700000001,1.6281819800000001,-6.0305012,6.28487704988049,1.0025998999999999,1.7555582,0.49343300000000045,0.8685025135837473,1.0412988463253159,,,0.9631571867177288,0.6465659033526977,0.9924534921126734,0.6042738934963598,0.31659128336503106,0.38817959861631357,-0.030714013148557463,-0.8148338666277828,-0.5788803150848428
,12/18/2024 12:16:20.909,0,0,PhantomLimb,0,0.0,0,-0.6939501100000001,1.6289048799999999,-6.0284949,6.283124113256306,1.0035707,1.7575222,0.4950979999999996,0.8732527555200545,1.041695620440211,,,0.9634102201217767,0.6476279361334022,0.9918290121300394,0.5892741751047303,0.3157822839883745,0.40255483702530903,-0.031347449875131835,-0.8132847397986909,-0.5810208855083454
,12/18/2024 12:16:21.106,0,0,PhantomLimb,0,0.0,0,-0.6948017099999999,1.6292722999999998,-6.0274081,6.282270771600968,1.0042974,1.757962,0.49613899999999944,0.8759416731023637,1.041608211969919,,,0.9620527910603451,0.6486359622008712,0.9906683530020326,0.5854092889249453,0.313416828859474,0.40525906407708734,-0.031655610078456506,-0.8121871916650062,-0.5825374563458311
,12/18/2024 12:16:21.314,0,0,PhantomLimb,0,0.0,0,-0.69820063,1.62765612,-6.026003300000001,6.2808808567203975,1.0052006,1.7580258,0.4963519999999999,0.8771376634751573,1.0405732390609095,,,0.9608917127684107,0.6498354107202838,0.9892731981438696,0.5974260748501774,0.31105630204812684,0.3918471232936922,-0.031986119049342544,-0.8110155110609699,-0.5841495775969329
,12/18/2024 12:16:21.526,0,0,PhantomLimb,0,0.0,0,-0.699676,1.6277124399999998,-6.024868499999999,6.279970918292456,1.0059151000000002,1.7567636000000002,0.4960659999999999,0.876625528287835,1.0380008572388857,,,0.9601051671969273,0.6508957065855021,0.9850894431352516,0.5952255088548292,0.3092094606114252,0.38986393428042243,-0.032232055364170425,-0.810193735417424,-0.585275324695448
,12/18/2024 12:16:21.717,0,0,PhantomLimb,0,0.0,0,-0.7105417399999999,1.6329369799999998,-6.0225787,6.2803508614270465,1.0062798,1.7660102000000002,0.5211430000000004,0.926123428990806,1.044474737333363,,,0.9057727847897673,0.6538935256816357,0.9808936297613163,0.5888663023193297,0.2518792591081316,0.39202732744198665,-0.030461949692643875,-0.8145249451777443,-0.5793282172517712
,12/18/2024 12:16:21.923,0,0,PhantomLimb,0,0.0,0,-0.72201267,1.64299499,-6.0233129000000005,6.284984735392126,1.007524,1.7521830999999999,0.5504410000000002,0.9717301157422294,1.030518183211859,,,0.8601516127466655,0.6599893064021265,0.9516328016298197,0.5746899163371149,0.20016230634453902,0.3769428852927048,-0.028858172112059863,-0.8307966323340836,-0.5558274566848027
,12/18/2024 12:16:22.153,0,0,PhantomLimb,0,0.0,0,-0.72616053,1.640643,-6.0942699000000005,6.352884713484489,1.0088686,1.7437770000000001,1.1360989999999997,1.9986729187019086,1.2786088652556002,,,0.9238918889103045,0.6664237816479542,1.2836680800037406,0.5683918794177125,0.25746810726235025,0.715276200586028,-0.03292152384429804,-0.8416767944307815,-0.5389771302982098
,12/18/2024 12:16:22.271,0,0,PhantomLimb,0,0.0,0,-0.7301706400000001,1.63339472,-6.143928600000001,6.3991394825194945,1.0108148000000001,1.7556158000000002,1.4409640000000001,2.557138221351669,1.4844363047660727,,,0.9399374256716452,0.6734905122353916,1.532881788199338,0.5804032624204397,0.2664469134362536,0.9524785257788982,-0.03580630408057116,-0.8569317093530237,-0.5141847470446731
,12/18/2024 12:16:22.492,0,0,PhantomLimb,0,0.0,0,-0.7299257299999999,1.6156351899999997,-6.1981188000000005,6.446684830003388,1.0141014,1.7497451,1.5061,2.672452388958584,1.53628889902264,,,0.9533413295799409,0.670665406542495,1.6113145523269656,0.5958185117815744,0.28267592303744593,1.0154960405453912,-0.038654014718721756,-0.895382953778756,-0.4436160876575093
,12/18/2024 12:16:22.699,0,0,PhantomLimb,0,0.0,0,-0.7250683099999999,1.5985259500000002,-6.224699500000001,6.467448734415289,1.021177,1.7298675,1.466965,2.5913949987060407,1.5372847010885902,,,0.9586687138987898,0.6745855195756948,1.612767461632027,0.5967336445425546,0.28408319432309503,1.0160338170894725,-0.05181146249753902,-0.9188079876083728,-0.3912894762971761
,12/18/2024 12:16:22.946,0,0,PhantomLimb,0,0.0,0,-0.72238338,1.5896493599999997,-6.2375134,6.477298530300128,1.0262769999999999,1.7132333999999998,1.441668,2.5348156934273898,1.520919008012811,,,0.9641470202637976,0.678578335746795,1.5896260990634616,0.5990020534372151,0.28556868451700257,0.9906240456262465,-0.06363367149581042,-0.9246716221733648,-0.37541063783441375
,12/18/2024 12:16:23.165,0,0,PhantomLimb,0,0.0,0,-0.7207364199999999,1.59098312,-6.238284600000002,6.478185164522278,1.0301121999999998,1.6785907999999998,1.3673189999999993,2.3642816848595083,1.447723639727356,,,0.9692647785493083,0.6805488217919122,1.501064495069362,0.5971552838550457,0.28871595675739603,0.9039092112143162,-0.07375597597382615,-0.9235501176433678,-0.3763179987843657
,12/18/2024 12:16:23.340,0,0,PhantomLimb,0,0.0,0,-0.72979132,1.59372015,-6.2168931,6.4592800763003755,1.0392272,1.6620325,1.1394659999999996,1.9681191541741538,1.2788379751711496,,,0.9819487189555473,0.6830428543477781,1.281523567638336,0.6227111981861577,0.29890586460776913,0.6588123694521784,-0.0792844364486165,-0.9217041704574563,-0.37970435907210454
,12/18/2024 12:16:23.526,0,0,PhantomLimb,0,0.0,0,-0.75448493,1.5738460799999998,-6.176104099999999,6.417982615056329,1.0855977,1.6626612,1.166519,2.1055448348123313,1.2514206626913758,,,1.055249755551756,0.6879476570424888,1.2226075213880576,0.6796050717155957,0.3673020985092671,0.5430024496724619,-0.07989122804059491,-0.9247117834353568,-0.3721901520163687
,12/18/2024 12:16:23.693,0,0,PhantomLimb,0,0.0,0,-0.70553202,1.5961368,-6.1959596999999995,6.43702918430417,1.1762299,1.312977,1.629009,2.5157809092818857,1.495230620525388,,,1.0945834280547149,0.6894449013068411,1.5990519701613952,0.686524066361122,0.40513852674787376,0.9125279038002733,-0.05498512325517247,-0.9345007014994012,-0.35168888967060125
,12/18/2024 12:16:23.925,0,0,PhantomLimb,0,0.0,0,-0.7041214984999999,1.6080871,-6.2132174,6.456454264183946,1.3113282149999999,1.1958969999999998,1.8074019999999997,2.834392177167565,1.6198830534351534,,,1.1020067354089809,0.6821947848042815,1.7648759813917654,0.70335074698717,0.41981195060469934,1.0615252344045953,0.04862074082586495,-0.9532349989252353,-0.29829358086548036
,12/18/2024 12:16:24.140,0,0,PhantomLimb,0,0.0,0,-0.76473363,1.63094619,-6.2221215999999995,6.477623036632732,0.9981204000000001,1.5755621,1.6031069999999996,2.521047147855436,1.4551844462196846,,,1.0295511020125472,0.677485706647572,1.512609164191074,0.6932725760973165,0.35206539536497516,0.8193365880937574,0.1351384059199168,-0.9676690305437259,-0.21296539289750685
,12/18/2024 12:16:24.309,0,0,PhantomLimb,0,0.0,0,-0.78902491,1.6537326799999998,-6.2178637000000005,6.482223467088912,0.9650947000000001,1.9054482000000001,1.421342,2.613759756442151,1.4652327868008221,,,0.9599840741243365,0.6805600945795749,1.473098037483955,0.714081638266242,0.2794239795447616,0.759016399217713,0.1420756615509585,-0.9732688932103775,-0.18044990413936093
,12/18/2024 12:16:24.527,0,0,PhantomLimb,0,0.0,0,-0.75031704,1.6597723000000002,-6.210150499999999,6.471768613061803,1.0890173,1.4368139999999998,1.6907449999999997,2.6455345747715646,1.5464286700790495,,,0.9823462548754183,0.6544614682103447,1.6747546762529755,0.7253221653767106,0.3278847866650736,0.9494325108762649,0.1434619790837676,-0.95908727235695,-0.24407020416321623
,12/18/2024 12:16:24.671,0,0,PhantomLimb,0,0.0,0,-0.7486737800000001,1.6527486000000002,-6.207370899999999,6.467112481921761,1.1640957,1.39735,1.6993650000000002,2.76427059267624,1.5723136992361681,,,0.9818989366487979,0.6542965496054827,1.7128496677267857,0.7290016805228643,0.32760238704331524,0.9838479872039214,0.14009609584981114,-0.9560244453798291,-0.2576632371213066
,12/18/2024 12:16:24.879,0,0,PhantomLimb,0,0.0,0,-0.742032475,1.6497249,-6.240739199999999,6.49761727112726,1.2139875500000001,1.37724,1.6392260000000007,2.7407075389005393,1.5766146882973986,,,0.9972205138563941,0.6623096186582601,1.759325454848995,0.6183042643476109,0.334910895198134,1.141021190501384,0.12628534854659124,-0.9527815456624937,-0.2761509315346503
,12/18/2024 12:16:25.102,0,0,PhantomLimb,0,0.0,0,-0.7723633500000002,1.6222764700000003,-6.2312435,6.485115391867065,1.0043114,1.7195023,1.374529,2.3736957957232985,1.4363880323659155,,,0.9912451503341642,0.6662722987924757,1.5199615135267501,0.6167378392624859,0.3249728515416884,0.9032236742642642,0.0958634597855998,-0.9512003665343873,-0.29330540360310764
,12/18/2024 12:16:25.306,0,0,PhantomLimb,0,0.0,0,-0.77443273,1.6152388800000002,-6.232331200000001,6.484650713743367,0.9859924999999998,1.8060972,1.2675989999999997,2.257338136005545,1.42421559712637,,,0.9666256336860146,0.6674980495430753,1.4748198086020305,0.5780095239270805,0.2991275841429393,0.89681028467495,0.05366106241079105,-0.9485584599917245,-0.31202137484325154
,12/18/2024 12:16:25.502,0,0,PhantomLimb,0,0.0,0,-0.7707476200000001,1.60934133,-6.235577599999999,6.485866126879554,0.9753182999999999,1.8471377,1.2420689999999999,2.237645930932846,1.4212690408111721,,,0.9461388981719119,0.6656565857176582,1.4521022108722583,0.5581652760381641,0.2804823124542537,0.8939369348340942,0.011712786274380065,-0.9438676913175668,-0.3301160279727977
,12/18/2024 12:16:25.790,0,0,PhantomLimb,0,0.0,0,-0.7583219,1.61149821,-6.2366342,6.4859528775240465,0.9775353999999999,1.8700859,1.242241,2.270909925132806,1.4214273321716178,,,0.925024912511009,0.6621937963464246,1.4440673371522743,0.5414637958785886,0.26283111616458443,0.9026035412736857,-0.021647813523434447,-0.9389705679899919,-0.3433156632287648
,12/18/2024 12:16:25.873,0,0,PhantomLimb,0,0.0,0,-0.7487302199999999,1.61252541,-6.2347068000000005,6.483240240975431,0.9805131,1.8676928999999998,1.2493779999999992,2.2879826270787844,1.4202137942837545,,,0.9241108863983206,0.660881694984541,1.4439672451731758,0.5343155983063662,0.26322919141377965,0.9096516468668095,-0.029371597394873206,-0.9366655270915268,-0.3489914033680854
,12/18/2024 12:16:26.105,0,0,PhantomLimb,0,0.0,0,-0.7367054799999999,1.6161064299999999,-6.236984499999999,6.484944919626505,0.9840925,1.8485847,1.2832859999999995,2.334526093794054,1.4220466406913326,,,0.9143641611393353,0.6592284282630793,1.45061536627767,0.5302630909391679,0.255135732876256,0.9203522753385021,-0.026986607589323024,-0.9315605742477929,-0.3625832587392066
,12/18/2024 12:16:26.297,0,0,PhantomLimb,0,0.0,0,-0.7333951300000001,1.6196181499999998,-6.246329300000001,6.494433084770035,0.9885671999999999,1.8374195000000002,1.2997310000000004,2.360847830439579,1.4239253130072107,,,0.8968955655686787,0.6585662142110237,1.4579174414182754,0.5315587382884044,0.23832935135765498,0.926358703129871,-0.005966409853733475,-0.9336123965632767,-0.35823497168315704
,12/18/2024 12:16:26.490,0,0,PhantomLimb,0,0.0,0,-0.681036848,1.6573582999999998,-6.2696593,6.520680597988921,1.2315985200000001,1.444506,1.513185,2.692033970987755,1.5172655449784407,,,0.8774453253501098,0.6590090478469092,1.6847437811146317,0.5324865310462699,0.2184362775032006,1.1522572500683619,0.007519546062125616,-0.938649936825762,-0.34478943215245494
,12/18/2024 12:16:26.702,0,0,PhantomLimb,0,0.0,0,-0.6628570500000002,1.6649540000000003,-6.278415099999998,6.529161313580688,1.3884507,1.310847,1.5742029999999998,2.865122557711577,1.5900692807388856,,,0.9023213151084264,0.659074966098129,1.7997207098303027,0.5329935936195576,0.2432463490102974,1.2667271162107452,0.007682107559305271,-0.9442198772024145,-0.3292260753939522
,12/18/2024 12:16:26.892,0,0,PhantomLimb,0,0.0,0,-0.65728975,1.6663335,-6.2831873,6.533539606948029,1.4300766,1.264894,1.5936899999999996,2.882818367996984,1.6158194065120834,,,0.9104453702825885,0.6584754354569425,1.8385627305318708,0.5324297745771174,0.251969934825646,1.3061329559547534,-0.0006904942669763174,-0.9479455672825206,-0.3184316640773773
,12/18/2024 12:16:27.116,0,0,PhantomLimb,0,0.0,0,-0.6557936,1.6635262000000002,-6.2856236,6.535017115873864,1.4174002,1.264086,1.592149,2.852678438400416,1.6129934974343947,,,0.9168511918278834,0.6576676137169064,1.8355840907137024,0.5203765533947889,0.25918357811097703,1.3152075373189134,-0.012755753610686375,-0.9510374916490614,-0.30881220867654324
,12/18/2024 12:16:27.321,0,0,PhantomLimb,0,0.0,0,-0.6579640800000001,1.6591580000000001,-6.2871206,6.535564814037009,1.3857903,1.279599,1.5847880000000005,2.8102346428651725,1.6009816793930984,,,0.9213970003005272,0.6570638072249909,1.8182670388358362,0.5198051687689241,0.26433319307553627,1.298461870066912,-0.023133474667567898,-0.9530585454803336,-0.3019010619999803
,12/18/2024 12:16:27.537,0,0,PhantomLimb,0,0.0,0,-0.6602921199999999,1.655188,-6.2883426,6.53596860871079,1.3563655,1.294482,1.5788509999999993,2.772131942226957,1.5903332573887095,,,0.9251355358309179,0.6562568754878229,1.8027304402220676,0.5204866902055802,0.26887866034309504,1.2822437500164874,-0.03175840023703854,-0.954397101302394,-0.29684604939256315
,12/18/2024 12:16:27.708,0,0,PhantomLimb,0,0.0,0,-0.66000109,1.6533868000000003,-6.2887559,6.535880974971946,1.3403752,1.303784,1.5746830000000003,2.751852613679458,1.5836929590534254,,,0.9277252499926042,0.6556507826166991,1.7935923429046414,0.5115745199129451,0.2720744673759051,1.2820178229916963,-0.038979347301736286,-0.9547514128766743,-0.29483953278677666
,12/18/2024 12:16:27.914,0,0,PhantomLimb,0,0.0,0,-0.71004457,1.6211988599999998,-6.2558774999999995,6.50141925505947,0.9949192999999998,1.6209664,1.2472860000000008,2.0115364937425855,1.3169678032892604,,,0.9302386664053265,0.6555913686607613,1.3844822979064635,0.510274867797582,0.2746472977445652,0.8742074301088815,-0.04501042181653319,-0.9542740354151495,-0.29552517195728584
,12/18/2024 12:16:28.101,0,0,PhantomLimb,0,0.0,0,-0.72017889,1.6143646500000002,-6.2447237,6.490100534361,0.994011,1.6914595000000001,1.1572450000000005,1.9457099825465758,1.2736175809097383,,,0.9390352463977113,0.6589690570374985,1.301048091733542,0.5057974618896379,0.28006618936021277,0.7952506298439042,-0.05553054357962964,-0.9512408295315322,-0.3034093653167502
,12/18/2024 12:16:28.306,0,0,PhantomLimb,0,0.0,0,-0.7296910700000001,1.6128008600000001,-6.237180499999999,6.483517275463583,0.9935143000000001,1.7074583999999997,1.1218390000000005,1.9030701082975794,1.2450714507422633,,,0.9490189488694575,0.6714835417638246,1.2496719288655727,0.4930176427788464,0.27753540710563285,0.7566542860867262,-0.07429081080151033,-0.9450780493499061,-0.3182897360384563
,12/18/2024 12:16:28.531,0,0,PhantomLimb,0,0.0,0,-0.7436976000000001,1.6071508300000001,-6.2343367999999995,6.480970239589879,0.9933567999999999,1.7432937000000002,1.078506,1.8676624846945025,1.2328816153461053,,,0.9469541700731666,0.6799455953568934,1.218322690557986,0.4935714809898258,0.26700857471627326,0.7247512095681603,-0.08403607668981322,-0.9436368016379568,-0.32013672767908274
,12/18/2024 12:16:28.749,0,0,PhantomLimb,0,0.0,0,-0.75743783,1.6018411700000001,-6.2349046999999995,6.4817932563685,0.9906059,1.7564053000000002,1.050065,1.827013819474277,1.2269645440406274,,,0.9421340971513611,0.6854455253052866,1.204096214915756,0.509435829375879,0.2566885718460745,0.694660385539877,-0.08582824320545065,-0.9465932725391416,-0.310796861393265
,12/18/2024 12:16:28.891,0,0,PhantomLimb,0,0.0,0,-0.76669641,1.5981065700000001,-6.237823799999999,6.484767825761419,0.9869554,1.7526133000000002,1.0367620000000004,1.7933402727108432,1.2247035856599797,,,0.9387222700966937,0.6896645936278302,1.2000749188758097,0.5155062650180308,0.24905767646886356,0.684568653857779,-0.0810715579207376,-0.9512947233894647,-0.29743192792245116
,12/18/2024 12:16:29.101,0,0,PhantomLimb,0,0.0,0,-0.7790717199999999,1.5918373799999999,-6.2418701,6.488593170675984,0.9833439999999999,1.7426461999999998,1.0338159999999998,1.771568481973134,1.2198254171281626,,,0.9328777562258841,0.6952150481171706,1.1970947932480906,0.5383761541478227,0.23766270810871348,0.658718639100268,-0.0747404517087541,-0.9563303170204819,-0.28257068076124986
,12/18/2024 12:16:29.294,0,0,PhantomLimb,0,0.0,0,-0.7871262400000001,1.58926801,-6.2442154,6.491191453570219,0.9808348,1.7330049,1.0382509999999998,1.7648102397112966,1.217050244645011,,,0.9290676109913425,0.7000957663255507,1.19411831884889,0.5448882829662333,0.2289718446657918,0.6492300358826567,-0.07172256546804584,-0.9591665425827415,-0.2735971805274171
,12/18/2024 12:16:29.539,0,0,PhantomLimb,0,0.0,0,-0.7939185799999999,1.58960308,-6.2469978,6.494776838107645,0.978296,1.7218892000000001,1.0432519999999998,1.757376059789572,1.2158500494343423,,,0.9206235270548762,0.7053848763131016,1.1912109413025047,0.5331209358979349,0.2152386507417745,0.6580900054045699,-0.07024718020584397,-0.9613308717481341,-0.26628610308669903
,12/18/2024 12:16:29.709,0,0,PhantomLimb,0,0.0,0,-0.79844315,1.59046019,-6.2488095999999995,6.4972837783806945,0.9765696999999999,1.7130581,1.0468570000000001,1.7513086769843735,1.215881574844486,,,0.9159435902542031,0.7096130639988527,1.1893737587810866,0.5182998664491915,0.20633052625535042,0.6710738923318952,-0.06962026299741503,-0.9626433411027532,-0.2616692890094275
,12/18/2024 12:16:29.926,0,0,PhantomLimb,0,0.0,0,-0.8031553600000001,1.58972277,-6.249840999999999,6.49867598384734,0.9753920999999999,1.7063723,1.0494650000000005,1.746710719730095,1.2150847556495703,,,0.914197016143129,0.7125807636305095,1.1884829551813227,0.518640998730374,0.2016162525126195,0.6698419564509488,-0.06925806584238454,-0.9634876682628433,-0.25864035536087804
,12/18/2024 12:16:30.092,0,0,PhantomLimb,0,0.0,0,-0.80596815,1.59000905,-6.250587200000001,6.499811826714692,0.9745775,1.7012435000000001,1.0512300000000003,1.7429326511509722,1.215292321180531,,,0.9126559279681692,0.7146947666759564,1.1880008202388963,0.5147540681929673,0.19796116129221275,0.673246752045929,-0.0692779494121393,-0.9639954952633069,-0.25673576072939425
,12/18/2024 12:16:30.336,0,0,PhantomLimb,0,0.0,0,-0.80334266,1.5930387099999999,-6.2514918,6.501098483056658,0.9740432,1.6980969,1.0531940000000004,1.7420036643497898,1.2194415512075385,,,0.9122106779943764,0.7158753473861496,1.1889553021357913,0.4838381114524669,0.19633533060822683,0.7051171906833243,-0.07026786409269192,-0.96415812923293,-0.25585450769901946
,12/18/2024 12:16:30.487,0,0,PhantomLimb,0,0.0,0,-0.8043862799999999,1.5930601899999999,-6.2519792,6.501701467588904,0.9739335999999998,1.6960611,1.059762,1.7505688060070173,1.226763376412706,,,0.9177360182158918,0.7160706868696414,1.1956432245244484,0.4816442932447656,0.20166533134625042,0.7139989312796828,-0.072749695438562,-0.9640540859300715,-0.2555527366613997
,12/18/2024 12:16:30.729,0,0,PhantomLimb,0,0.0,0,-0.80614776,1.58943123,-6.253869,6.502848861461669,0.9759815000000001,1.6966347000000002,1.0710350000000002,1.7735098050423532,1.2366860147369187,,,0.9222732379411432,0.7120470989742254,1.2114276562700639,0.5139396360507817,0.21022613896691789,0.6974880202192821,-0.07654885492279774,-0.9636544945673006,-0.25594977614807346
,12/18/2024 12:16:30.897,0,0,PhantomLimb,0,0.0,0,-0.8044443100000003,1.5874727599999998,-6.2555247000000005,6.503751969743579,0.9778115000000001,1.6988564,1.0782540000000003,1.7911538430770426,1.244216937735864,,,0.9232491921046885,0.7071616423573115,1.2237716495696616,0.5360966681597265,0.21608754974737698,0.6876749814099351,-0.07958184713361667,-0.9632401681141449,-0.25658353052804317
,12/18/2024 12:16:31.129,0,0,PhantomLimb,0,0.0,0,-0.8021039,1.5859493900000001,-6.2569726,6.50448401114088,0.9788916000000001,1.7007070999999998,1.0830250000000001,1.8030285696704962,1.2486551737835512,,,0.923418440384558,0.7028080284913443,1.2321816239544479,0.5524188916263092,0.22061041189321373,0.6797627323281387,-0.08228816619261578,-0.9628106853122723,-0.25734071180668044
,12/18/2024 12:16:31.329,0,0,PhantomLimb,0,0.0,0,-0.7993052300000001,1.58494691,-6.2581196,6.504998576950502,0.9796910000000001,1.7022039000000002,1.0868019999999996,1.812387793660939,1.252125758148034,,,0.9233939355277846,0.6987246922851661,1.2388083392580347,0.5643374525667157,0.2246692432426185,0.6744708866913189,-0.0853001156379054,-0.9622977772941228,-0.25827674708914644
,12/18/2024 12:16:31.527,0,0,PhantomLimb,0,0.0,0,-0.7968282200000001,1.58427717,-6.259000600000001,6.505379149163556,0.9801936999999998,1.7033523000000002,1.0894300000000001,1.818928880080952,1.254781445914135,,,0.9232568178262265,0.6954252020236541,1.24383354696354,0.5729144977245383,0.22783161580257238,0.6709190492390017,-0.08803711330254861,-0.9618135673227347,-0.25916042984080256
,12/18/2024 12:16:31.774,0,0,PhantomLimb,0,0.0,0,-0.79346963,1.58351973,-6.2600715000000005,6.505814628018835,0.9808307999999999,1.7048947,1.0925989999999999,1.8270585056345792,1.2581459330230538,,,0.9232119276586714,0.6911505093262972,1.2500495125902213,0.5834327793345947,0.23206141833237426,0.6666167332556266,-0.0920876845160943,-0.9610445262479531,-0.26060175925981655
,12/18/2024 12:16:31.921,0,1,PhantomLimb,0,0.0,0,-0.7910808100000002,1.5829935899999998,-6.266049300000001,6.5111482385184445,0.9810619,1.7096911000000001,1.1519250000000003,1.9321385459639888,1.2956579704424627,,,0.9231616611230342,0.6892497026574332,1.2998241807567288,0.5876989130181286,0.23391195846560098,0.7121252677386002,-0.09456898527041176,-0.9605809371626072,-0.261421059183708
,12/18/2024 12:16:32.139,1,1,PhantomLimb,0,0.0,0,-0.7314006199999998,1.6120835899999997,-6.3020320000000005,6.545942842487068,0.9799344,1.5060970999999999,1.5334339999999997,2.2631589871997426,1.4861733464833795,,,0.8985027100850893,0.6855430518128602,1.635677637735923,0.5847247248602456,0.21295965827222907,1.0509529128756774,-0.09112475645198395,-0.9614409242538393,-0.25947567888241413
,12/18/2024 12:16:32.331,1,1,PhantomLimb,0,0.0,0,-0.69773374,1.636786,-6.3050863,6.551336812603828,1.0894168999999998,1.3980460000000001,1.6547149999999995,2.5202218540118735,1.584425127216701,,,0.9025350446453588,0.6854537458416067,1.785840191895669,0.50325768546823,0.21708129880375215,1.282582506427439,-0.07182909395482037,-0.9648879692392534,-0.2526495360751318
,12/18/2024 12:16:32.484,1,1,PhantomLimb,0,0.0,0,-0.694320654,1.6415272,-6.304672000000001,6.551761728458602,1.1255616599999998,1.366383,1.6829730000000005,2.5883254940437603,1.602711779945736,,,0.9039104962995007,0.6860355538650238,1.8126839519596405,0.5012503374795972,0.21787494243447691,1.3114336144800434,-0.06462671526342158,-0.9659452817958681,-0.25054560513120416
,12/18/2024 12:16:32.719,1,1,PhantomLimb,0,0.0,0,-0.695886488,1.6361814,-6.3076099,6.553418209489224,1.19393212,1.370502,1.678395,2.746334842379613,1.6206456050768272,,,0.9075775676643622,0.6878298377254072,1.834794887122835,0.55450233012395,0.21974772993895497,1.280292556998885,-0.0432620775467149,-0.9687792982470099,-0.2441210026490406
,12/18/2024 12:16:32.919,1,1,PhantomLimb,0,0.0,0,-0.6978000999999999,1.6288487,-6.3147652999999995,6.558683851287221,1.2009081,1.3982599999999998,1.6482959999999993,2.7677885781260185,1.613743293221205,,,0.9100346208138235,0.688761982429119,1.8248925218110787,0.5693175059325067,0.22127263838470446,1.2555750158785721,-0.03163924448501622,-0.9729920736868775,-0.2286599719035396
,12/18/2024 12:16:33.137,1,1,PhantomLimb,0,0.0,0,-0.6946497976000001,1.6275435999999999,-6.3228886,6.56584775632337,1.216147024,1.370084,1.6393190000000004,2.7314719716797717,1.6065767593581866,,,0.9134127705223143,0.6911534656836786,1.8224459839816092,0.5567651503647568,0.22225930483863565,1.2656808336168524,-0.03497266306372195,-0.9820939990364973,-0.18511696274175407
,12/18/2024 12:16:33.291,0,0,PhantomLimb,0,0.0,0,-0.6946477405,1.6262371999999998,-6.325414799999999,6.567956707082091,1.2142815949999999,1.349261,1.6311980000000004,2.6725267452099946,1.5948813322467879,,,0.9140061917645853,0.6924513675640261,1.812032996897487,0.5599019070031463,0.22155482420055916,1.2521310898943407,-0.0413723796515884,-0.9848134302874506,-0.16861445290196686
,12/18/2024 12:16:33.504,0,0,PhantomLimb,0,0.0,0,-0.694576356,1.6249329,-6.3273002,6.5694422186922905,1.20515624,1.32969,1.6228900000000008,2.600655584580486,1.5802205626516517,,,0.9145095686284537,0.6938274505315858,1.7976864565660824,0.5584606733830417,0.22068211809686789,1.2392257831830407,-0.04913551136575348,-0.9862879803778638,-0.15754910753470028
,12/18/2024 12:16:33.725,0,0,PhantomLimb,0,0.0,0,-0.6934265049999999,1.6249314,-6.328195200000001,6.570182407045144,1.19321735,1.318292,1.6174030000000004,2.5441892924823133,1.5688815084940477,,,0.9150984253817511,0.6945599136728594,1.7855374148831389,0.5452609761665417,0.22053851170889172,1.2402764387165972,-0.05591347585515742,-0.9867255072508702,-0.152467886973972
,12/18/2024 12:16:33.893,0,0,PhantomLimb,0,0.0,0,-0.6910477329999998,1.6249426,-6.32821,6.569948799395563,1.18328567,1.3122389999999997,1.6120619999999999,2.5031350808794564,1.5599508651524363,,,0.9163949306335996,0.6940818533189078,1.7752595687289505,0.5298435580522707,0.22231307731469174,1.2454160106766798,-0.06575822529129018,-0.9860328318695925,-0.1530199669382136
,12/18/2024 12:16:34.121,0,0,PhantomLimb,0,0.0,0,-0.75177245,1.58738375,-6.2865423,6.527293702295949,0.9761628,1.6855845000000003,1.1961370000000002,1.9681296631165608,1.2886638452155614,,,0.9160663898566576,0.6931680468948348,1.322881923588576,0.5210106792909815,0.22289834296182276,0.8018712442975945,-0.08050839780881874,-0.9843469670519217,-0.1567783350400811
,12/18/2024 12:16:34.277,0,0,PhantomLimb,0,0.0,0,-0.7594909299999999,1.57872252,-6.275824399999999,6.515762669675958,0.9850588,1.7446228000000001,1.0922799999999997,1.8771443933598484,1.2668943864310143,,,0.9289682134986159,0.6903359043187309,1.2575049918476826,0.5084456224792283,0.23863230917988498,0.7490593693684543,-0.1486499048149832,-0.974180941562675,-0.16992556868981393
,12/18/2024 12:16:34.475,0,0,PhantomLimb,0,0.0,0,-0.76085933,1.57401562,-6.270443500000001,6.509600124335157,0.9884299999999999,1.7730377999999998,1.0221369999999999,1.791319370966501,1.2583335800690094,,,0.9351730864521763,0.6894219671111735,1.2255657836990228,0.5019755554119743,0.2457511193410028,0.7235902282870486,-0.19909733195383578,-0.9642519890650696,-0.17486667490668723
,12/18/2024 12:16:34.696,0,0,PhantomLimb,0,0.0,0,-0.7580180500000001,1.5728402399999997,-6.263559000000001,6.5023525843474586,0.9907679999999999,1.7761176,0.9388709999999998,1.6521505289532556,1.2272454253935134,,,0.9351915032695765,0.687593211826942,1.1753026335719665,0.4993410526946991,0.24759829144263445,0.6759615808772674,-0.23689238767760856,-0.9550037068528918,-0.17846544919854287
,12/18/2024 12:16:34.884,0,0,PhantomLimb,0,0.0,0,-0.75312141,1.5724181099999999,-6.2611253,6.4993369348847,0.9912988,1.7697909000000003,0.907279,1.591722652301897,1.2064076634349579,,,0.9374583614037532,0.6852308212356548,1.151124287253475,0.5018570659633677,0.25222754016809834,0.6492672212901074,-0.2505063916711782,-0.951219121231226,-0.18007979102603425
,12/18/2024 12:16:35.135,0,0,PhantomLimb,0,0.0,0,-0.7483131999999999,1.5712421399999998,-6.260483499999999,6.497878743219072,0.9916577999999999,1.7652736,0.8923250000000005,1.5620571503238165,1.1921215986011193,,,0.9373219558617467,0.6827585339841679,1.1386043524273086,0.509031683566367,0.25456342187757885,0.6295726688609417,-0.2522893282808253,-0.9499146471829646,-0.18442412505654893
,12/18/2024 12:16:35.303,0,0,PhantomLimb,0,0.0,0,-0.6946647800000001,1.5930556700000003,-6.3057007,6.540813928118739,0.9897115000000001,1.5121503,1.3225559999999996,1.9793274454991816,1.3417973510567016,,,0.9364217777507953,0.6805570731056728,1.462502642550122,0.5604727178453917,0.25586470464512245,0.9020299247047303,-0.21367112797637414,-0.9570905152799827,-0.19576106515444117
,12/18/2024 12:16:35.536,0,0,PhantomLimb,0,0.0,0,-0.6649537367,1.610977,-6.334844,6.570209956372498,1.187458133,1.317832,1.5967510000000003,2.4987082584340112,1.5768936675589837,,,0.9364576652236023,0.6798445594625363,1.7903668342346701,0.5831387130603145,0.256613105761066,1.2072281211743556,-0.165875517499463,-0.9635086882790389,-0.21008645911883866
,12/18/2024 12:16:35.750,0,0,PhantomLimb,0,0.0,0,-0.6585107960000001,1.6168116000000001,-6.3418948,6.577791869055311,1.27398994,1.251926,1.6663480000000002,2.657726961467427,1.6389854605493501,,,0.9369147413336233,0.6789076299848823,1.8720128374827274,0.5869719861818022,0.258007111348741,1.2850408513009253,-0.130364023501128,-0.9658390113541718,-0.22396478634596415
,12/18/2024 12:16:36.005,0,0,PhantomLimb,0,0.0,0,-0.6618394459999999,1.6174830000000004,-6.342104399999999,6.57849305905767,1.2926216400000001,1.233916,1.674506,2.6708145035906226,1.6369289398202966,,,0.936608114310297,0.6765471901791035,1.8676092597094185,0.6012007676662514,0.2600609241311935,1.266408492043167,-0.0909402363728825,-0.9658336358748298,-0.24268345889501983
,12/18/2024 12:16:36.173,0,0,PhantomLimb,0,0.0,0,-0.6641909750000001,1.6167697,-6.3413948,6.577870622289296,1.2875238500000001,1.237546,1.6679129999999995,2.6576025209182914,1.6274534520152522,,,0.9360813521314322,0.675750758701017,1.8543250023003846,0.6051675487767745,0.2603305934304152,1.24915745352361,-0.08100487417373736,-0.9654486835863706,-0.2476833658553618
,12/18/2024 12:16:36.281,0,0,PhantomLimb,0,0.0,0,-0.6656713579999999,1.6163227,-6.3410231,6.5775520812936525,1.28285012,1.239991,1.6641200000000005,2.6471532983521815,1.6214111756563012,,,0.9359208878250393,0.6754334258964685,1.8458932635160015,0.6067677888856985,0.26048746192857086,1.239125474630303,-0.07577236156791528,-0.9651789297936031,-0.2503760825336476
,12/18/2024 12:16:36.482,0,0,PhantomLimb,0,0.0,0,-0.669002137,1.6154438,-6.3403704,6.577044878930443,1.27020483,1.2446679999999999,1.656478,2.6188640636736595,1.6079032989324615,,,0.9355753211767615,0.6750580192925717,1.8272659260628275,0.6092815063251468,0.26051730188418976,1.2179844197376806,-0.0661735839340008,-0.96454276101656,-0.25549622102857195
,12/18/2024 12:16:36.740,0,0,PhantomLimb,0,0.0,0,-0.671153742,1.6149849,-6.340013,6.576806855366638,1.26095158,1.247401,1.6517530000000002,2.5980625472369194,1.5989167475101205,,,0.9352615517774476,0.6749538488948411,1.8150417313992575,0.610545768950404,0.2603077028826065,1.2044959624488536,-0.06215627012539442,-0.9640551587666149,-0.2583297291052195
,12/18/2024 12:16:36.926,0,0,PhantomLimb,0,0.0,0,-0.673264844,1.6146010999999998,-6.339907999999999,6.576827176591426,1.24966716,1.2495470000000002,1.6473250000000004,2.572327393530432,1.5895925728981612,,,0.9348183301867588,0.675102254233305,1.8026547660567414,0.6108839065436248,0.2597160759534537,1.1917708595131167,-0.062170377781510654,-0.9636736770372935,-0.2597458148111851
,12/18/2024 12:16:37.095,0,0,PhantomLimb,0,0.0,0,-0.674919958,1.6142785,-6.340098299999999,6.577101069539061,1.23845172,1.250616,1.643808,2.545975094723689,1.5819427819166023,,,0.9343698783258372,0.6755057507272902,1.7927113399956416,0.6094007852612269,0.25886412759854693,1.1833105547344147,-0.06575236100428201,-0.9636395978699638,-0.258989097143832
,12/18/2024 12:16:37.294,0,0,PhantomLimb,0,0.0,0,-0.676182235,1.6139804000000002,-6.3403728,6.577422169018314,1.22964635,1.2511160000000001,1.641317,2.525051678039087,1.576737756111051,,,0.9340077487446238,0.6759167810740387,1.7859984339284853,0.6085654430619685,0.25809096767058504,1.1774329908665169,-0.06942455769048217,-0.9637855020112384,-0.2574834691828317
,12/18/2024 12:16:37.539,0,0,PhantomLimb,0,0.0,0,-0.6772060051999998,1.6137222999999998,-6.3406073,6.577690215251059,1.222277748,1.251392,1.6387929999999997,2.5066135316704345,1.5722834005994761,,,0.9337381742175962,0.6762398356104438,1.7803421256400631,0.6078564325883539,0.25749833860715243,1.1724856930517094,-0.07305345102467267,-0.9639609858146557,-0.25581714391459925
,12/18/2024 12:16:37.711,0,0,PhantomLimb,0,0.0,0,-0.6780893266,1.6134774999999997,-6.3408241,6.577930148990327,1.2157934339999998,1.2514029999999998,1.6364049999999999,2.4897043791834355,1.5684440982872228,,,0.9335691703063892,0.676514797588205,1.7755267904368603,0.6073086556326116,0.2570543727181842,1.1682181348042486,-0.07657236651438987,-0.9641612847658252,-0.25402694669089604
,12/18/2024 12:16:37.906,0,0,PhantomLimb,0,0.0,0,-0.6786958585,1.6133064000000001,-6.3409666,6.578088098447874,1.211321915,1.251258,1.634818,2.477854793960597,1.5659001956383336,,,0.9335035995479019,0.6767043576289427,1.7723615624741085,0.6068532896836024,0.2567992419189592,1.1655082727905062,-0.07890156841546284,-0.964311886336529,-0.2527392497647824
,12/18/2024 12:16:38.097,0,0,PhantomLimb,0,0.0,0,-0.679729053,1.6130031000000002,-6.341225099999998,6.57836958181675,1.20375787,1.250742,1.632015,2.457146322028017,1.5616224856621725,,,0.9333139409447605,0.6770268217453722,1.7671143995212346,0.6060825863694154,0.2562871191993883,1.1610318131518191,-0.08268860671097598,-0.9646111423079349,-0.2503755947682972
,12/18/2024 12:16:38.307,1,0,PhantomLimb,0,0.0,0,-0.6692943440000001,1.6203646999999997,-6.3428488,6.580673793737075,1.19167246,1.2469239999999997,1.6333209999999996,2.426992491429748,1.5536174926418487,,,0.9333148326439743,0.6770444754142818,1.762872650367445,0.52174445151458,0.2562703572296925,1.241128198852865,-0.08569574893498984,-0.9648008810442796,-0.2486272280959043
,12/18/2024 12:16:38.521,0,0,PhantomLimb,0,0.0,0,-0.7190063800000001,1.58460387,-6.2797922,6.516420004456474,0.9782402,1.7012692999999999,1.028981,1.7124816501237643,1.2019873376169714,,,0.9410835809523029,0.6780519213413969,1.2046599479589,0.48295978480180934,0.263031659610906,0.7217001631570906,-0.09843917830633932,-0.9656763135392878,-0.24037259753046686
,12/18/2024 12:16:38.695,0,0,PhantomLimb,0,0.0,0,-0.7195015899999999,1.58776603,-6.2689810999999995,6.506827762911179,0.9748451000000001,1.7252757,0.9464709999999998,1.5918473917910307,1.1687140534618414,,,0.9454139415457125,0.6800347029547538,1.150641849638757,0.4841470832619877,0.2653792385909587,0.6664947663767693,-0.10436020326786552,-0.9657839023945962,-0.23742451821443192
,12/18/2024 12:16:38.882,0,0,PhantomLimb,0,0.0,0,-0.7195015899999999,1.58776603,-6.2689810999999995,6.506827762911179,0.9748451000000001,1.7252757,0.9464709999999998,1.5918473917910307,1.1687140534618414,,,0.9454139415457125,0.6800347029547538,1.150641849638757,0.4841470832619877,0.2653792385909587,0.6664947663767693,-0.10436020326786552,-0.9657839023945962,-0.23742451821443192
,12/18/2024 12:16:39.074,0,0,PhantomLimb,0,0.0,0,-0.7195015899999999,1.58776603,-6.2689810999999995,6.506827762911179,0.9748451000000001,1.7252757,0.9464709999999998,1.5918473917910307,1.1687140534618414,,,0.9454139415457125,0.6800347029547538,1.150641849638757,0.4841470832619877,0.2653792385909587,0.6664947663767693,-0.10436020326786552,-0.9657839023945962,-0.23742451821443192
,12/18/2024 12:16:39.276,0,0,PhantomLimb,0,0.0,0,-0.7195015899999999,1.58776603,-6.2689810999999995,6.506827762911179,0.9748451000000001,1.7252757,0.9464709999999998,1.5918473917910307,1.1687140534618414,,,0.9454139415457125,0.6800347029547538,1.150641849638757,0.4841470832619877,0.2653792385909587,0.6664947663767693,-0.10436020326786552,-0.9657839023945962,-0.23742451821443192
,12/18/2024 12:16:39.485,0,0,PhantomLimb,0,0.0,0,-0.6763866886999998,1.6261880999999998,-6.4056142000000005,6.643333498212611,1.176042313,1.1855470000000001,1.7997519999999998,2.509310410038239,1.6582373939666273,,,0.8965604653088436,0.6982547811011678,1.8994902218134226,0.5992655890538767,0.1983056842076758,1.300224632759546,-0.10325647282959535,-0.9724046856571954,-0.2092061856894339
,12/18/2024 12:16:39.707,0,0,PhantomLimb,0,0.0,0,-0.672546607,1.630059,-6.405134600000001,6.6434298766665245,1.22139893,1.12585,1.86564,2.5654639243306505,1.7233402842775314,,,0.9043184153082866,0.6960468916883474,1.9792648601680898,0.6148484627369577,0.20827152361993917,1.364416397431132,-0.10320026809838517,-0.9741600425069995,-0.2009027532095627
,12/18/2024 12:16:39.885,0,0,PhantomLimb,0,0.0,0,-0.672546607,1.630059,-6.405134600000001,6.6434298766665245,1.22139893,1.12585,1.86564,2.5654639243306505,1.7233402842775314,,,0.9043184153082866,0.6960468916883474,1.9792648601680898,0.6148484627369577,0.20827152361993917,1.364416397431132,-0.10320026809838517,-0.9741600425069995,-0.2009027532095627
,12/18/2024 12:16:40.086,0,0,PhantomLimb,0,0.0,0,-0.672546607,1.630059,-6.405134600000001,6.6434298766665245,1.22139893,1.12585,1.86564,2.5654639243306505,1.7233402842775314,,,0.9043184153082866,0.6960468916883474,1.9792648601680898,0.6148484627369577,0.20827152361993917,1.364416397431132,-0.10320026809838517,-0.9741600425069995,-0.2009027532095627
,12/18/2024 12:16:40.290,0,0,PhantomLimb,0,0.0,0,-0.672546607,1.630059,-6.405134600000001,6.6434298766665245,1.22139893,1.12585,1.86564,2.5654639243306505,1.7233402842775314,,,0.9043184153082866,0.6960468916883474,1.9792648601680898,0.6148484627369577,0.20827152361993917,1.364416397431132,-0.10320026809838517,-0.9741600425069995,-0.2009027532095627
,12/18/2024 12:16:40.471,0,0,PhantomLimb,0,0.0,0,-0.672546607,1.630059,-6.405134600000001,6.6434298766665245,1.22139893,1.12585,1.86564,2.5654639243306505,1.7233402842775314,,,0.9043184153082866,0.6960468916883474,1.9792648601680898,0.6148484627369577,0.20827152361993917,1.364416397431132,-0.10320026809838517,-0.9741600425069995,-0.2009027532095627
,12/18/2024 12:18:05.306,0,0,PhantomLimb,0,0.0,0,-0.64076902,1.7570255700000001,-2.5527628000000004,3.164541310156881,1.0629896,2.0335283000000004,4.3990599999999995,9.50909358823684,3.750577590702763,,,0.9414649450216188,0.6347273888418554,1.429250541422997,0.7873646761292762,0.3067375561797634,0.6418858652937208,-0.030344205451000975,-0.15129040324199627,-0.9880235033046642
,12/18/2024 12:18:07.776,0,0,PhantomLimb,0,0.0,0,-0.7521817100000001,1.98758639,-6.545034800000001,6.8814066524063815,1.0946154000000001,2.0301671,0.6826379999999999,1.5169937783490226,1.3549606194783534,,,0.9868743842744321,0.698159214292335,1.4319484640985691,0.7917942818461182,0.2887151699820971,0.6401541822524509,0.00016179141807358397,-0.9868300471932506,0.16176041475003622
,12/18/2024 12:18:07.886,1,1,PhantomLimb,0,0.0,0,-0.75165264,1.9950307299999999,-6.5474725,6.885820607822973,1.0962618,2.0261847,0.7012239999999998,1.5575790046050195,1.3588912007527634,,,1.0002101879720282,0.7014937166910621,1.4318744479060481,0.794669381010518,0.2987164712809661,0.6372050668955301,0.003624945904243265,-0.987304343139254,0.15879859503647292
,12/18/2024 12:18:08.051,0,1,PhantomLimb,0,0.0,0,-0.75978093,2.0113613800000003,-6.554789100000001,6.898412991987795,1.0212359,2.0159882,0.7302220000000004,1.503380705880245,1.3689270296867995,,,1.0236060474007616,0.6803131672567865,1.4301112944289651,0.7995412953170398,0.3432928801439751,0.6305699991119254,0.007844099895521026,-0.9878087934657893,0.1554742989966211
,12/18/2024 12:18:08.258,0,1,PhantomLimb,0,0.0,0,-0.7619922600000001,2.0235427899999996,-6.5635744,6.910561954833793,1.0063688,2.0057251,0.7461580000000003,1.5061192977321916,1.3724846443996064,,,1.0547702085536024,0.7051051874167145,1.4275311035454954,0.8041490760866421,0.3496650211368879,0.6233820274588533,0.012754354786154424,-0.988287479831426,0.1520696670688727
,12/18/2024 12:18:08.459,0,1,PhantomLimb,0,0.0,0,-0.76367556,2.03088553,-6.568427899999999,6.917509774073549,1.0065062,2.0011837000000003,0.7554090000000002,1.5215476794034184,1.3748831933114034,,,1.0746687425495773,0.731308837982073,1.425192627762244,0.8061935286238904,0.3433599045675043,0.6189990991383536,0.01591537381906287,-0.9884942043483411,0.15041911064070052
,12/18/2024 12:18:08.652,0,1,PhantomLimb,0,0.0,0,-0.76186973,2.0311363000000004,-6.5645004,6.91365501426475,1.0155666,2.001805,0.7499310000000001,1.524584448610208,1.3758662418773624,,,1.0797361760239812,0.7228968344773964,1.425140438959505,0.8076855142686972,0.3568393415465848,0.6174549246908079,0.017892099378635607,-0.9885761648070588,0.14965640365581387
,12/18/2024 12:18:08.848,0,1,PhantomLimb,0,0.0,0,-0.7632748800000001,2.03208976,-6.5723297,6.921524038868749,1.0139133,2.0128214,0.75237,1.5354565495279886,1.3841992330541704,,,1.08831731838456,0.7602114982626609,1.430301366869741,0.808023018286144,0.32810582012189915,0.6222783485835971,0.019689263415586678,-0.9886067058250512,0.14922839576934588
,12/18/2024 12:18:09.066,0,1,PhantomLimb,0,0.0,0,-0.76231746,2.03155672,-6.574018300000001,6.922865535681949,1.0152682999999998,2.0179848000000002,0.7527189999999999,1.5421676743080979,1.3901568370613417,,,1.091818628009726,0.7813233783171282,1.4382696505081687,0.8130177783082299,0.3104952496925978,0.6252518721999388,0.02105426328320132,-0.9885974822733163,0.14910310540180438
,12/18/2024 12:18:09.268,0,1,PhantomLimb,0,0.0,0,-0.76096206,2.03092179,-6.573906199999999,6.922423657957859,1.0159233,2.0205811000000002,0.7513949999999996,1.5424301580817683,1.3945450601175755,,,1.0913870822733058,0.7942693549066082,1.445365528072276,0.8177043172102554,0.2971177273666976,0.6276612108620205,0.022089901235875106,-0.9885741292283243,0.14910810602998575
,12/18/2024 12:18:09.431,0,1,PhantomLimb,0,0.0,0,-0.7604969400000001,2.03057405,-6.573656699999999,6.922033586868648,1.0163441999999998,2.0226675,0.7521899999999997,1.54629682739204,1.3968452725539047,,,1.0903115140151463,0.800440881500695,1.4490328321046597,0.8196825780506073,0.2898706325144512,0.6293502540540524,0.023571311766525396,-0.988734816292575,0.14781020368192863
,12/18/2024 12:18:09.667,0,1,PhantomLimb,0,0.0,0,-0.7602334799999999,2.03028704,-6.5734548,6.921728715902402,1.016834,2.0242676,0.752955,1.5498404974607003,1.3985908242890577,,,1.0891390451330125,0.8062732852274161,1.452004023092006,0.8213494191638782,0.28286575990559637,0.6306546039281278,0.024674293527140845,-0.9888159482125213,0.14708568862914229
,12/18/2024 12:18:09.882,0,1,PhantomLimb,0,0.0,0,-0.7595490899999999,2.03018272,-6.5730685,6.921256114492417,1.0180184,2.0250258,0.754378,1.5551604498679417,1.400351776238705,,,1.0871305942355773,0.8123944065103174,1.4555139305306322,0.8250048963043553,0.27473618772526,0.6305090342262769,0.0256950006970348,-0.988871803029231,0.1465343786041262
,12/18/2024 12:18:10.049,0,1,PhantomLimb,0,0.0,0,-0.76099295,2.02905508,-6.574664799999999,6.922600091005007,1.0183541,2.0315502,0.749225,1.5500247576008324,1.4025607114112466,,,1.0864038862117529,0.8119668485855566,1.45485621425301,0.8211152340419949,0.2744370376261963,0.633740980211015,0.026004372683755723,-0.9888733028919082,0.14646966726586366
,12/18/2024 12:18:10.248,0,1,PhantomLimb,0,0.0,0,-0.7604181000000001,2.02916899,-6.5744951,6.922409139649956,1.0190120999999999,2.0313501,0.7490889999999997,1.5505920054554003,1.403472739258842,,,1.0853529705852791,0.8130559967751544,1.4561988310848415,0.8221077342551218,0.27229697381012474,0.6340910968297196,0.02634650256851489,-0.9888695704160981,0.1464337205273735
,12/18/2024 12:18:10.461,0,1,PhantomLimb,0,0.0,1,-0.78440245,2.03456873,-6.579867499999999,6.931768420700164,1.0316871,2.0271337,0.7526669999999998,1.5741034438235555,1.4101525964207626,,,1.0840203137027646,0.8115855882240882,1.4694330415372387,0.8304721436658788,0.2724347254786764,0.6389608978713599,0.06375171448648036,-0.9862924416749738,0.15219375281151543
,12/18/2024 12:18:10.654,0,1,PhantomLimb,0,0.0,1,-0.7828480899999999,2.03441946,-6.579396099999999,6.931101406842822,1.0391217,2.0273084,0.7544599999999999,1.5893606391478137,1.4112694338187426,,,1.0830181410185333,0.8113484738840706,1.4731190254361526,0.8354552064532302,0.2716696671344627,0.6376638189829223,0.06477620223341997,-0.9866114948217961,0.14967231510775825
,12/18/2024 12:18:10.865,0,1,PhantomLimb,0,0.0,1,-0.7773559499999999,2.0285566200000003,-6.5684743,6.91839424023427,1.048216,2.0258308,0.7447249999999999,1.5814296873294262,1.4086205191686827,,,1.0634140068375249,0.7663603430691078,1.475882359569383,0.8379449261462772,0.297053663768417,0.6379374334231058,0.06531563621451877,-0.986822984818891,0.14803467262444794
,12/18/2024 12:18:11.055,1,1,PhantomLimb,0,0.0,0,-0.75530255,2.0110624400000003,-6.547661799999998,6.8910615384565,1.0999867,1.8857436,0.8715359999999999,1.8078209191238854,1.3360737895500556,,,0.9931888742571828,0.7179030589591885,1.4583603178040772,0.8391925978470319,0.27528581529799434,0.6191677199570452,0.06204226014765172,-0.98893300312791,0.134767478570255
,12/18/2024 12:18:11.260,1,1,PhantomLimb,0,0.0,0,-0.7110178460000001,2.0535892999999996,-6.591600700000001,6.940603372808842,1.35928754,1.231098,1.4077000000000002,2.355667945210264,1.414539079001869,,,0.9937765764824861,0.633242848798279,1.7056507750609597,0.77080245674048,0.3605337276842071,0.9348483183204798,0.060101374952013877,-0.9907246072894534,0.12187115015472584
,12/18/2024 12:18:11.443,1,1,PhantomLimb,0,0.0,0,-0.70541137,2.0469028,-6.5754987,6.922759524010263,1.5052322,1.2552299999999998,1.3743109999999996,2.596640539516923,1.4873467713957478,,,1.004565494556572,0.6074341229607042,1.7674035732334057,0.7982226966970367,0.39713137159586787,0.969180876536369,0.07059689414954722,-0.9899633903997433,0.1224277917986064
,12/18/2024 12:18:11.641,1,1,PhantomLimb,0,0.0,0,-0.730108128,1.9888465000000004,-6.5229439,6.858379210985721,1.40130362,1.822535,0.880674,2.2491752512854295,1.4092438190139407,,,1.0014878415049533,0.585999004355946,1.5802640288793635,0.825973379231589,0.4154888371490073,0.7542906496477745,0.0813011805085957,-0.9888908963697459,0.12443839088058446
,12/18/2024 12:18:11.864,1,1,PhantomLimb,0,0.0,0,-0.7592581700000001,1.9741001900000004,-6.489834099999999,6.8257960103121,1.2129192,1.9874261000000002,0.5200290000000001,1.2535752901719655,1.3141419014862106,,,0.9872775593429896,0.5773703763701511,1.4133857213741972,0.845576569289624,0.40990718297283846,0.5678091520845732,0.09091527724034752,-0.9875898594826452,0.1280651467471133
,12/18/2024 12:18:12.049,1,1,PhantomLimb,0,0.0,0,-0.77090231,1.97251294,-6.4776636,6.815073248674275,1.1461466,2.0140346,0.42829799999999985,0.9886740699978732,1.2815353552857134,,,0.9767754512482638,0.5724730098652772,1.356271800357749,0.8518060987466572,0.40430244138298665,0.5044657016110917,0.09621832395820694,-0.9867306128003387,0.1307850599164197
,12/18/2024 12:18:12.277,1,1,PhantomLimb,0,0.0,0,-0.76955351,1.9785660799999998,-6.484350399999999,6.8230298583298055,1.174907,1.9640102,0.43489500000000003,1.0035329688624937,1.260710643761826,,,0.9676970012483299,0.5688981495855039,1.3432970218633442,0.8493935181082792,0.398798851662826,0.493903503755065,0.09826028409172936,-0.9863655396844648,0.13201491844934532
,12/18/2024 12:18:12.524,1,1,PhantomLimb,0,0.0,0,-0.7677572099999999,1.9799679800000003,-6.503549100000001,6.841481947023107,1.1758544,1.9628701999999998,0.596158,1.3759622103648175,1.3034858633910897,,,0.9521454719773444,0.5641592099572957,1.4063646955702953,0.8337093576092092,0.3879862620200487,0.5726553379610861,0.09504854220025345,-0.986619418525229,0.1324684778147067
,12/18/2024 12:18:12.665,0,1,PhantomLimb,0,0.0,0,-0.78486101,1.97516602,-6.5225071,6.860057323458112,1.0445541,2.0290208,0.6976950000000004,1.4787101292377807,1.3429972069803922,,,0.929701591475055,0.5636886290297508,1.4444815991624573,0.7976858220684383,0.36601296244530424,0.646795777094019,0.092494667063298,-0.9868089053319957,0.13286429513724898
,12/18/2024 12:18:12.864,1,1,PhantomLimb,0,0.0,0,-0.8066312799999998,2.0205726,-6.6141706,6.96280262391873,1.0205073,1.5873469999999998,1.5691510000000006,2.541866451357206,1.5042213931635575,,,0.9212647881986156,0.5711601438904854,1.694228713430557,0.7676244984660731,0.35010464430813015,0.9266042149644839,0.08991110035085986,-0.9870508256056248,0.1328407381225806
,12/18/2024 12:18:13.049,1,1,PhantomLimb,0,0.0,0,-0.8155609499999998,2.0285563,-6.632374199999999,6.983449566959027,1.0253872,1.4812319999999999,1.7225340000000005,2.6162472240801873,1.5641279402745591,,,0.9236551377809848,0.5749404047260548,1.7710679646200598,0.7761612971233554,0.34871473305493006,0.9949066674967044,0.08744431356987267,-0.9874035058893378,0.13186284003364337
,12/18/2024 12:18:13.270,1,1,PhantomLimb,0,0.0,0,-0.81563042,1.9849924400000003,-6.576559999999999,6.9178457197661265,1.0172721,1.9218396,1.168565,2.2845840792222787,1.4162396802128918,,,0.930124465774065,0.5790052122580589,1.5520083659438695,0.7570659067473914,0.35111925351600615,0.7949424591964781,0.08518322918791513,-0.9877951731315657,0.13040135506619185
,12/18/2024 12:18:13.425,0,1,PhantomLimb,0,0.0,0,-0.81865208,1.9695109300000002,-6.5453282,6.8840747945670255,1.0131014,2.0782337,0.8582420000000006,1.8069954637915633,1.3756938538064543,,,0.9364313841951742,0.581850864147515,1.478005924404764,0.7475566669996395,0.3545805200476593,0.7304492574051246,0.08404253180499971,-0.9880558495228159,0.12916071798945744
,12/18/2024 12:18:13.659,0,1,PhantomLimb,0,0.0,0,-0.8186520899999999,1.96164847,-6.5238327,6.861388275116341,0.9997764,2.1401173,0.6311930000000006,1.3505250140085223,1.346574421321755,,,0.9404969923520274,0.5844217391653052,1.4316093220238022,0.7392675466917844,0.3560752531867223,0.6923417753320178,0.08367923019585476,-0.9881292841431265,0.12883440632308513
,12/18/2024 12:18:13.874,0,1,PhantomLimb,0,0.0,0,-0.8174517800000001,1.9607101299999996,-6.5130204,6.85069677896533,1.0006971,2.1454417,0.5322990000000001,1.1428125711505608,1.330050914361148,,,0.9432277311403859,0.5871311559979506,1.4085374534853166,0.7329068256137062,0.3560965751424353,0.6756306278716103,0.08404818347403256,-0.9879647612594431,0.1298519671175108
,12/18/2024 12:18:14.072,0,1,PhantomLimb,0,0.0,0,-0.8152207499999999,1.9626093900000001,-6.5140156000000005,6.851920878555888,1.0031369,2.1198061,0.5466060000000006,1.162333455152452,1.3154741261719756,,,0.9459047674095103,0.589189914315079,1.395858139165374,0.7308697254526623,0.3567148530944313,0.6649884137127117,0.08400985359857199,-0.9876917940723655,0.13193659242400707
,12/18/2024 12:18:14.236,0,1,PhantomLimb,0,0.0,0,-0.8124377299999999,1.9629971799999997,-6.5185531999999995,6.856015520332909,1.007255,2.1049292,0.5958030000000001,1.2632217954713312,1.31904577855822,,,0.9493910123749063,0.5915380877651413,1.4047075223989087,0.7303271668239928,0.35785292460976503,0.6743803555749159,0.08302888648070321,-0.9873635877026273,0.13497907129911207
,12/18/2024 12:18:14.483,0,1,PhantomLimb,0,0.0,0,-0.8077481000000001,1.9608997600000002,-6.521883300000001,6.858027897336126,1.0045106000000001,2.1008784,0.6217240000000004,1.3120581170773653,1.3262100796382734,,,0.9521756221900508,0.5924159759360056,1.4175141983729547,0.7329140280858322,0.3597596462540452,0.6846001702871225,0.0818741670225695,-0.9870832634109329,0.13770712352083717
,12/18/2024 12:18:14.662,0,1,PhantomLimb,0,0.0,0,-0.7856141400000001,1.9697507800000005,-6.526872299999999,6.86273777240438,1.0243704,2.0108062,0.6666750000000006,1.373224066030583,1.3177931734402575,,,0.9642074816580922,0.5929609149284969,1.4341546553143008,0.7423682326858353,0.37124656672959533,0.6917864226284655,0.07978135931551363,-0.9868579569753437,0.1405215551444671
,12/18/2024 12:18:14.855,0,1,PhantomLimb,0,0.0,0,-0.73436521,2.0003234999999995,-6.5658507,6.902969055486276,1.5293333,1.7074429999999998,1.0608659999999999,2.7701857460301063,1.4829947640367371,,,1.0024380302584346,0.5985228772876523,1.6979806305623744,0.7622045276393994,0.4039151529707823,0.935776102922975,0.07756875691142852,-0.9867950387881087,0.14219226200602733
,12/18/2024 12:18:15.066,1,1,PhantomLimb,0,0.0,0,-0.7265854500000002,2.0158528999999996,-6.586886799999999,6.926663485878634,1.6883717999999999,1.550359,1.281199,3.3536439731256915,1.5966472753626935,,,1.0022451122855578,0.6127004329199139,1.8457646747066645,0.7788555812219876,0.38954467936564385,1.0669090934846768,0.07730720135190916,-0.9862510205049131,0.14605656839784
,12/18/2024 12:18:15.278,1,1,PhantomLimb,0,0.0,0,-0.77105438,1.9759042199999999,-6.5415528,6.876818696077339,1.2920029,1.9387138000000002,0.8266790000000004,2.0706852770400577,1.3965390472193746,,,0.9962121122311451,0.625678462655732,1.5495849164369921,0.7762617582331618,0.3705336495754131,0.7733231582038304,0.0783287717182742,-0.9855768749280854,0.15000942346431365
,12/18/2024 12:18:15.463,0,1,PhantomLimb,0,0.0,0,-0.80524962,1.9628276800000002,-6.510066300000001,6.847049195257767,1.1103964,2.0641222,0.5083260000000003,1.1650800708987343,1.2918840586557876,,,0.9916046900535768,0.6301868215161599,1.375549231357075,0.7790086089930008,0.36141786853741686,0.5965406223640741,0.07928900350849549,-0.9851082947286497,0.15256114046323097
,12/18/2024 12:18:15.642,0,1,PhantomLimb,0,0.0,0,-0.8291360799999999,1.9618466700000003,-6.4938541,6.834211737123359,1.1074686,2.0671152999999998,0.4603999999999999,1.0539777382865385,1.2277552591444412,,,0.9759694930229582,0.6318003892684461,1.2697568063595879,0.7754495027708059,0.34416910375451215,0.49430730358878194,0.08023380672340766,-0.9846847860140088,0.1547850394941856
,12/18/2024 12:18:15.862,0,1,PhantomLimb,0,0.0,0,-0.8304989899999999,1.9634620299999999,-6.5081173,6.848394155289402,1.0925014000000002,2.0518697,0.4850190000000003,1.0872527938756549,1.2335818829429923,,,0.9640788766843719,0.6258486822042849,1.2831880286460475,0.7709849220821964,0.33823019448008695,0.5122031065638512,0.08075742967304299,-0.9844625726722412,0.15592203359421514
,12/18/2024 12:18:16.033,0,1,PhantomLimb,0,0.0,0,-0.82055714,1.9636322099999997,-6.5212278999999995,6.859706903351838,1.0754497,2.0543729,0.617235,1.3637034046777248,1.2755456636970262,,,0.9593636107313848,0.6147566024246426,1.3452104461657364,0.7673714477838227,0.3446070083067422,0.5778389983819137,0.08093441674017186,-0.984354599856749,0.15651083645482125
,12/18/2024 12:18:16.249,0,1,PhantomLimb,0,0.0,0,-0.8033012399999999,1.9638477699999999,-6.535896800000001,6.871676500401467,1.0613069,2.0724453,0.7173310000000006,1.5777698908431923,1.339997724737635,,,0.95558575479117,0.5911657446167615,1.428973615225225,0.770912050263193,0.3644200101744085,0.658061564962032,0.08104865881260882,-0.984291153462783,0.15685037494243184
,12/18/2024 12:18:16.441,0,1,PhantomLimb,0,0.0,0,-0.7957258300000001,1.9648278600000002,-6.5427943,6.877636612098218,1.0485737,2.0789064,0.7669810000000004,1.671931585794949,1.371028673787051,,,0.951268285760647,0.5776935733331643,1.4677892563615254,0.7699320674669684,0.37357471242748275,0.697857188894557,0.08078400903058286,-0.9844958783267019,0.15569781450836892
,12/18/2024 12:18:16.697,0,1,PhantomLimb,0,0.0,0,-0.7930714,1.96506942,-6.5453244,6.879806070824413,1.0401089,2.0882997999999997,0.7857450000000004,1.7066846622707,1.387732889234401,,,0.9503455350734069,0.5709236092707676,1.4867635335207312,0.7657905740457047,0.37942192580263934,0.7209729594750265,0.08021376363552114,-0.9849901665215303,0.1528401909816682
,12/18/2024 12:18:16.859,1,1,PhantomLimb,0,0.0,0,-0.7870743699999998,2.0050882,-6.6091677,6.951328106226423,1.0340449,1.7000929999999999,1.433135,2.5194119133067616,1.4811592988421851,,,0.9511864541657223,0.5675063347463621,1.6448775484723501,0.7626126142070035,0.3836801194193602,0.8822649342653466,0.0792351046669576,-0.9859922522912792,0.14676878622509248
,12/18/2024 12:18:17.090,1,1,PhantomLimb,0,0.0,0,-0.7892375200000001,2.0240929000000003,-6.624179500000001,6.971341476288938,1.0329499,1.507505,1.6044680000000007,2.498440889856251,1.5128750720953648,,,0.9582573051072504,0.5679298869172495,1.6991758876905034,0.7637622308180997,0.39032741819000083,0.9354136568724037,0.07949084834189489,-0.9867556795616044,0.1414016756718328
,12/18/2024 12:18:17.303,1,1,PhantomLimb,0,0.0,0,-0.79384596,1.97711179,-6.5641267,6.9012261064261775,1.0319124,1.9771041,1.037083,2.115854908099092,1.415886137495165,,,0.9610203267744601,0.5707343446897251,1.539352666199276,0.7642027818996017,0.3902859820847351,0.7751498842996744,0.08153506854304816,-0.9875801427810352,0.13430373852678315
,12/18/2024 12:18:17.527,0,1,PhantomLimb,0,0.0,0,-0.7992396800000001,1.9649843899999997,-6.5403994999999995,6.875810740460388,1.0308899,2.1005040999999998,0.8014010000000003,1.7353444785135719,1.3993369497183785,,,0.9617613479243643,0.5711679948956261,1.4993480146128084,0.7627172937163286,0.3905933530287382,0.7366307208964799,0.0829156740076678,-0.9878273344662484,0.13161363259617354
,12/18/2024 12:18:17.649,0,1,PhantomLimb,0,0.0,0,-0.8046187199999999,1.9623175999999998,-6.5187218,6.855059121090017,1.0295881,2.128657,0.5912060000000006,1.2957106682861195,1.3503721724172901,,,0.9626168118308759,0.5712514604832184,1.4308425937575944,0.7625895283354538,0.3913653513476575,0.6682530654221406,0.08458771430780004,-0.9880072225059274,0.12917680466827244
,12/18/2024 12:18:17.891,0,1,PhantomLimb,0,0.0,0,-0.80797377,1.9631197299999996,-6.5104220999999995,6.847792097274251,1.029476,2.1199657,0.5101200000000006,1.1133133370334098,1.3203095500626143,,,0.9668219602418068,0.5718819925187713,1.3928327916712222,0.7615726542476693,0.3949399677230355,0.6312601374235529,0.08611962324810604,-0.9880502694506982,0.12782830488591765
,12/18/2024 12:18:18.066,0,1,PhantomLimb,0,0.0,0,-0.80841209,1.9656458300000001,-6.5144541,6.852401466439439,1.0302958,2.0913587,0.555561,1.1970773339670508,1.3065324235376155,,,0.968613382112435,0.5729078139751981,1.3812795224681136,0.7618587987881743,0.3957055681372369,0.6194207236799393,0.08684153912215395,-0.9879879345696605,0.12782170483791755
,12/18/2024 12:18:18.275,0,1,PhantomLimb,0,0.0,0,-0.8093739600000001,1.9664768000000001,-6.518264100000001,6.8563754338143665,1.0315835,2.077538,0.5992790000000001,1.2843471388764542,1.3050446406887932,,,0.9697730530847719,0.5741968095959868,1.3820162018565088,0.7625570607490039,0.39557624348878506,0.6194591411075049,0.08646106238781048,-0.9878475521976812,0.12915764904882915
,12/18/2024 12:18:18.433,0,1,PhantomLimb,0,0.0,0,-0.80956394,1.9663642999999997,-6.5191923,6.8572480323845735,1.0329164,2.073502,0.6122260000000006,1.3112376198484734,1.3055866459711873,,,0.9704630695419018,0.5753039519648375,1.383574555435319,0.7633041125196498,0.39515911757706423,0.6202704429156691,0.08513096902146605,-0.987697979464328,0.13116943041558907
,12/18/2024 12:18:18.625,0,1,PhantomLimb,0,0.0,0,-0.8085703499999999,1.9660085999999999,-6.5194282,6.857253085684407,1.0343428,2.071939,0.6176560000000002,1.323695600629705,1.3080283520478455,,,0.9709772104136944,0.5762216119248305,1.3875729719934335,0.7643173525624616,0.394755598488864,0.623255619430972,0.08335953077698761,-0.9875313436094086,0.13354038347120523
,12/18/2024 12:18:18.864,0,1,PhantomLimb,0,0.0,0,-0.80622995,1.9654866500000001,-6.5196696,6.857057400720034,1.0362986,2.0706374999999997,0.6241260000000004,1.3392487858726179,1.3132867498650496,,,0.9715553134773953,0.5771476183694776,1.3956525786523881,0.7660162374088423,0.39440769510791773,0.6296363412435458,0.08114159460538,-0.9873300482831925,0.13636501524219916
,12/18/2024 12:18:19.066,0,1,PhantomLimb,0,0.0,0,-0.7513328699999999,1.9912409,-6.547674000000001,6.884880261388084,1.3968209,1.8053229999999998,0.8924320000000003,2.25045728467621,1.3946270837754806,,,1.00605871418625,0.5809675617348097,1.5646820148876766,0.7712574798473986,0.42509115245144036,0.793424535040278,0.0788217369903726,-0.9871511621242363,0.13899538443628387
,12/18/2024 12:18:19.250,1,1,PhantomLimb,0,0.0,0,-0.7198818599999999,2.011573,-6.570274,6.908918602919133,1.7238381999999999,1.5962319999999999,1.119681,3.0809654064043333,1.5609443444276294,,,1.0167407153202828,0.5920206732953167,1.7944621160046286,0.7752079087913707,0.42472004202496605,1.0192542072132578,0.07814455482922325,-0.9869378979138764,0.14087943147202628
,12/18/2024 12:18:19.458,1,1,PhantomLimb,0,0.0,0,-0.756669541,1.9878648,-6.563267599999999,6.8993214772589,1.41711119,1.8234299999999999,1.0418690000000002,2.6921926811828407,1.4753275720096288,,,1.0051629666248354,0.6130969631176132,1.6622228472706817,0.7664787838147641,0.3920660035072222,0.8957440634559176,0.07858080460128802,-0.9862490783228692,0.1453884887310727
,12/18/2024 12:18:19.633,0,1,PhantomLimb,0,0.0,0,-0.79435598,1.96580695,-6.5266827,6.8624329107182795,1.0861684999999999,2.0391505,0.6718869999999999,1.4881363394879115,1.3405124867586458,,,1.0041122246181249,0.6201690337103347,1.4504176246762515,0.7698449744489081,0.38394319090779017,0.6805726502273434,0.07884211614741765,-0.9858531154127658,0.14791063366891946
,12/18/2024 12:18:19.833,0,1,PhantomLimb,0,0.0,0,-0.8208400900000001,1.95811718,-6.501880399999999,6.839769738804554,1.0945027,2.1130292,0.4591250000000002,1.0618258090622605,1.288208968896544,,,0.9965285501176372,0.6250607270230948,1.3494941422077384,0.7728933685262739,0.3714678230945424,0.5766007736814646,0.07886609298845355,-0.9854366495776047,0.1506477648224554
,12/18/2024 12:18:20.051,0,1,PhantomLimb,0,0.0,0,-0.8278722600000001,1.95810201,-6.4953277,6.834384968000474,1.0846196000000001,2.0993909000000004,0.45709900000000037,1.0408329438294526,1.2552114154305145,,,0.990197067589927,0.62744178540926,1.3034657944593329,0.7658325400971221,0.362755282180667,0.5376332543622108,0.0785896463276458,-0.9851833025694057,0.15243860347213387
,12/18/2024 12:18:20.269,0,1,PhantomLimb,0,0.0,0,-0.8169390599999999,1.9609200400000002,-6.5167699,6.854260482398761,1.0798128,2.0808446000000003,0.5279870000000004,1.186345940700145,1.2800897051568683,,,0.9824904122770663,0.6153490830172822,1.3493371073282467,0.769521148168418,0.36714132925978415,0.5798159591598288,0.0784483693642435,-0.9850213812595408,0.15355367727813513
,12/18/2024 12:18:20.462,0,1,PhantomLimb,0,0.0,0,-0.79957932,1.9620070699999999,-6.5376181,6.872353981944561,1.0701161000000001,2.0794702999999997,0.708431,1.5764535438043688,1.3496877046090827,,,0.9771455747230501,0.5960558979401596,1.44356956717799,0.7774490990848277,0.3810896767828905,0.6661204680931623,0.0781545735516422,-0.9848605879632378,0.15473036195157855
,12/18/2024 12:18:20.655,0,1,PhantomLimb,0,0.0,0,-0.7955092400000001,1.9621905800000004,-6.5426391,6.876710930089684,1.0643354,2.0812252,0.7471490000000003,1.6550259299585686,1.3703950805095402,,,0.9702283307728188,0.5885245788923008,1.469085833466949,0.7769598102397831,0.38170375188051797,0.6921260232271659,0.07793206050884346,-0.9848086416993077,0.1551725915850174
,12/18/2024 12:18:20.850,0,1,PhantomLimb,0,0.0,0,-0.7925987299999999,1.96286477,-6.5443568,6.878201565657334,1.0594961,2.0821842999999998,0.7597620000000003,1.6760852267091466,1.3813641948625517,,,0.9644269397482838,0.5827410553302729,1.4827484485063205,0.7771281296662989,0.3816858844180109,0.7056203188400216,0.07774044248303898,-0.9847949606959571,0.1553554279399006
,12/18/2024 12:18:21.055,0,1,PhantomLimb,0,0.0,0,-0.7915363899999999,1.96299123,-6.545542899999999,6.879243874256207,1.0535512999999999,2.0888877,0.7617750000000001,1.6764765993102506,1.3902960296160682,,,0.9571372741693012,0.5766057017271771,1.491901797986144,0.7750026441969343,0.3805315724421241,0.7168991537892097,0.07752405560812405,-0.9848792901009739,0.15492838581832005
,12/18/2024 12:18:21.266,0,1,PhantomLimb,0,0.0,0,-0.7919415599999999,1.96306438,-6.546870700000001,6.880574769377811,1.0499188,2.0943932000000003,0.767506,1.6877017890281547,1.3966033995355513,,,0.9534843912680532,0.5734573102326362,1.4977346367396094,0.7724615485485087,0.38002708103541694,0.7252730881911007,0.0776170386681828,-0.9849789758372675,0.1542465962896734
,12/18/2024 12:18:21.454,0,1,PhantomLimb,0,0.0,0,-0.7916221800000001,1.9631255899999995,-6.5449111,6.878690941224501,1.0465143,2.0921450999999998,0.765625,1.6763051324440865,1.39394201647878,,,0.9610777319809308,0.5719013353037045,1.4957749789583659,0.7701093221151719,0.38917639667722637,0.725665656843194,0.07770797430991014,-0.985375628281715,0.15164544805916766
,12/18/2024 12:18:21.662,0,1,PhantomLimb,0,0.0,0,-0.79512784,1.96479091,-6.541631499999999,6.876450703942691,1.0438312,2.0893439000000003,0.756011,1.6488012870102124,1.3857084005239098,,,0.9558309159440495,0.5732257336067879,1.486568249699276,0.7679948015046001,0.3826051823372616,0.718573448194676,0.07822934928689035,-0.9859731934349248,0.1474348355643465
,12/18/2024 12:18:21.867,0,1,PhantomLimb,0,0.0,0,-0.79690098,1.9656474700000004,-6.5387733,6.874181945296128,1.0419513,2.0876983000000005,0.7467220000000001,1.6243294005682762,1.3804333021782067,,,0.954648368073402,0.5740223763678555,1.481010598918556,0.7669004291124697,0.38062599170554656,0.7141101698060863,0.0788354816830093,-0.9864262369148903,0.14404251439674565
,12/18/2024 12:18:22.049,0,1,PhantomLimb,0,0.0,0,-0.7978798300000001,1.9654187099999998,-6.538117199999999,6.8736060004683655,1.0407716000000002,2.0909309,0.7439140000000002,1.6188918831132837,1.3799810530481125,,,0.9586610353670374,0.573714234159734,1.4794995091879448,0.7649662894819682,0.3849468012073034,0.7145332197059766,0.0792561131723383,-0.9866478700490771,0.14228298932912944
,12/18/2024 12:18:22.259,0,1,PhantomLimb,0,0.0,0,-0.7988491099999999,1.9647439399999995,-6.5382001,6.873604527317128,1.039666,2.0971005999999996,0.740164,1.6137678689832573,1.3817883256774925,,,0.9620168152111481,0.5735073572185104,1.4793341270212081,0.7622334823433368,0.3885094579926377,0.7171006446778714,0.07979865994240734,-0.9868245052566927,0.14074647312199165
,12/18/2024 12:18:22.491,0,1,PhantomLimb,0,0.0,0,-0.79937009,1.9644296200000002,-6.5377844,6.8731798415000975,1.039207,2.0999078,0.7388979999999998,1.6124519477334074,1.3827519635192382,,,0.9640288337705517,0.5737273689696527,1.479741307611165,0.7613251781973919,0.390301464800899,0.7184161294137731,0.08015708333262224,-0.9869015112581241,0.14000088952588113
,12/18/2024 12:18:22.644,0,1,PhantomLimb,0,0.0,0,-0.80070389,1.9648261299999998,-6.5377603,6.873425505586571,1.0389291,2.1018227,0.7379340000000001,1.6113857168055203,1.3837445631014818,,,0.9588788224890564,0.5738343357893549,1.4797264676900421,0.7603215190855839,0.3850444866997015,0.7194049486044582,0.08059568462521581,-0.98695615168657,0.1393624420991149
,12/18/2024 12:18:22.854,0,1,PhantomLimb,0,0.0,0,-0.8018891399999999,1.96527405,-6.5381709,6.874082266169074,1.0388101,2.1040425000000003,0.7374100000000006,1.6117574793200888,1.3855067512322279,,,0.9530173001163672,0.5739991586330855,1.4805308530234316,0.7593599848042364,0.3790181414832817,0.7211708682191952,0.0809896966003895,-0.9869742460655924,0.13900541949086848
,12/18/2024 12:18:23.045,0,1,PhantomLimb,0,0.0,0,-0.8030627599999999,1.9657111699999998,-6.539034699999999,6.8751658167760334,1.0386605,2.1058673,0.738245,1.6147493967604918,1.3873241813477666,,,0.9466015303149262,0.5739347812904877,1.481107163045868,0.7581260966495548,0.3726667490244385,0.7229810663963133,0.08147502518312255,-0.9869672687571966,0.1387711449594949
,12/18/2024 12:18:23.250,0,1,PhantomLimb,0,0.0,0,-0.7704864,1.9866885200000002,-6.5543843,6.892063125086075,1.2611965,1.8786288,0.9040119999999998,2.1418937727335248,1.3819143189149183,,,0.9728193151196629,0.5771693920932138,1.5277325398520285,0.763568876621487,0.3956499230264491,0.7641636632305415,0.08173494658240356,-0.9869719875381382,0.13858461069754072
,12/18/2024 12:18:23.468,1,1,PhantomLimb,0,0.0,0,-0.7195667400000001,2.0172981,-6.582385199999999,6.922070704547655,1.7533728,1.5566980000000001,1.2048500000000004,3.288604256082701,1.600867445515819,,,1.0154525486595818,0.5894445433802573,1.8415933988821342,0.7707893392748825,0.4260080052793245,1.070804059607252,0.08324614031359845,-0.9866573332608446,0.13991921542621485
,12/18/2024 12:18:23.653,0,1,PhantomLimb,0,0.0,0,-0.74197233,1.9988561,-6.5620902999999995,6.899780993071223,1.5693492,1.7324190000000002,1.0069,2.7375298872796323,1.4815833724798484,,,1.014764350125629,0.6027958672103186,1.6839147670562933,0.7686678802347343,0.4119684829153103,0.915246886821559,0.08734429241573916,-0.985650535156511,0.1444437507408234
,12/18/2024 12:18:23.894,0,1,PhantomLimb,0,0.0,0,-0.7969681599999999,1.9670156200000002,-6.5142926,6.851300371155284,1.080504,2.0461327999999996,0.5355740000000004,1.184076281671603,1.3060164525089515,,,1.0114886078920713,0.611248504006644,1.4025941526985202,0.7732667168068529,0.4002401038854273,0.6293274358916673,0.09040137550173903,-0.9849723724707281,0.14716323174209944
,12/18/2024 12:18:24.063,0,1,PhantomLimb,0,0.0,0,-0.8140152199999999,1.9622971599999999,-6.5053365,6.8434372869756,1.0859788,2.0927664,0.455311,1.0347852840898124,1.2896990601072251,,,1.0030785707711836,0.6151069384755469,1.361878636393537,0.7759409018612501,0.3879716322956367,0.5859377345322868,0.09216680265277409,-0.9845828230982349,0.1486672288995616
,12/18/2024 12:18:24.266,0,1,PhantomLimb,0,0.0,0,-0.8212348899999998,1.96337123,-6.510144199999999,6.849177383900833,1.0813476999999998,2.0832786999999997,0.5002370000000003,1.1269082167774722,1.2784822121584207,,,0.9886354671379135,0.6150780591056391,1.345770476618777,0.775245635336446,0.37355740803227444,0.570524841282331,0.09349674365771485,-0.9842899867725159,0.14977176257480665
,12/18/2024 12:18:24.447,0,1,PhantomLimb,0,0.0,0,-0.81437454,1.96406791,-6.5206102999999995,6.858507660632746,1.0698616,2.0800549,0.6065300000000002,1.3497541897791185,1.3084789906420853,,,0.9817617904708302,0.6073773998520278,1.3892639098426367,0.774544083264626,0.37438439061880247,0.6147198265780107,0.09400952345999292,-0.9841625047218434,0.15028763687826283
,12/18/2024 12:18:24.661,0,1,PhantomLimb,0,0.0,0,-0.7993298300000001,1.96539811,-6.5351414000000005,6.8709381474376094,1.051524,2.0719039,0.729692,1.5897483476204526,1.3585404009495294,,,0.9698472348771016,0.5897459365561497,1.4589643188588848,0.7753605249592025,0.38010129832095185,0.6836037938996823,0.09290760160518134,-0.9840534135913351,0.15168077255609422
,12/18/2024 12:18:24.885,0,1,PhantomLimb,0,0.0,0,-0.79216291,1.96460044,-6.5412295,6.875671628030101,1.0419874,2.0682365999999996,0.7690260000000002,1.6573098431235012,1.3777552729601463,,,0.9655907892650023,0.5823515560241598,1.4871047918877676,0.7808264499248535,0.3832392332408425,0.7062783419629141,0.09105942443302564,-0.9840708870868644,0.15268487289184174
,12/18/2024 12:18:25.036,0,1,PhantomLimb,0,0.0,0,-0.78862036,1.96496332,-6.5432486,6.877289085283089,1.0392854999999999,2.0663778,0.7855100000000004,1.6869270945809738,1.388491801656946,,,0.9629186338380259,0.5786867272057394,1.5013677701334205,0.7817203817733612,0.38423190663228646,0.7196473883600593,0.08977951576845881,-0.9841046786486992,0.1532240843017883
,12/18/2024 12:18:25.245,0,1,PhantomLimb,0,0.0,0,-0.78565565,1.9650847300000003,-6.5437394000000015,6.877451427059916,1.0375855999999999,2.0643727,0.7943120000000006,1.701387221499783,1.3950495219466608,,,0.9633331270582414,0.5757675421342279,1.5102559783039862,0.7823188352828082,0.3875655849240135,0.727937143021178,0.08866615876779264,-0.9841531165764887,0.15356091762603155
,12/18/2024 12:18:25.453,0,1,PhantomLimb,0,0.0,0,-0.78395441,1.9655327,-6.543729999999999,6.8773763620022805,1.0440224,2.062011,0.7958430000000005,1.7132794083942673,1.3972379992350508,,,0.9620808592625103,0.5736972126063102,1.5132256224916663,0.7827518702647793,0.38838364665620007,0.7304737522268869,0.08780528750707126,-0.9842181578576055,0.15363869704336305
,12/18/2024 12:18:25.640,0,1,PhantomLimb,0,0.0,0,-0.78348323,1.9660818299999998,-6.5439737000000004,6.877711503126536,1.0501929,2.0598897,0.7942580000000001,1.718203667588898,1.397074557096609,,,0.9591666576168293,0.5723881956828688,1.513099390248142,0.7825701991100604,0.3867784619339605,0.7305291911380816,0.0869590464814134,-0.9843417191483271,0.15332809324829946
,12/18/2024 12:18:25.879,0,1,PhantomLimb,0,0.0,0,-0.7832260800000002,1.96674877,-6.5431332,6.877073206650553,1.0540605,2.0581723000000003,0.7906620000000002,1.7152922857009185,1.3960790006071222,,,0.9576992451245274,0.5716119397890583,1.51129834829654,0.7820209945512271,0.3860873053354691,0.729277353745313,0.08620283366591863,-0.9845201099546346,0.1526080750251447
,12/18/2024 12:18:26.051,0,1,PhantomLimb,0,0.0,0,-0.78336904,1.96713728,-6.5423679,6.876472487412912,1.0547034,2.0575332,0.7874870000000005,1.7089155074172424,1.3950226582619485,,,0.9571958494693548,0.57141772494528,1.5094594504922116,0.781263836287339,0.3857781245240748,0.7281956142048727,0.0858693967170438,-0.9846680640438668,0.15183955466068225
,12/18/2024 12:18:26.226,0,1,PhantomLimb,0,0.0,0,-0.78350003,1.9663657900000004,-6.542687500000001,6.876570834343859,1.0519392,2.0572501,0.7834690000000002,1.6955068489498808,1.392130348680092,,,0.9571367280221776,0.5713430615066223,1.507175182522858,0.7846302220533504,0.38579366651555536,0.7225449604695077,0.08569162420069731,-0.9848694519149341,0.1506290417768884
,12/18/2024 12:18:26.459,0,1,PhantomLimb,0,0.0,0,-0.78409771,1.9669550500000004,-6.5413977,6.875580357839842,1.0517653999999999,2.0571595,0.7796989999999999,1.686995105412915,1.3911380411201202,,,0.9573865453295026,0.5712599255846676,1.5048783000422794,0.7830104116066464,0.386126619744835,0.721867888435633,0.08569634152796525,-0.985100183007944,0.14910991411183064
,12/18/2024 12:18:26.678,0,1,PhantomLimb,0,0.0,0,-0.78480881,1.9675697800000003,-6.5398073,6.874324347058128,1.0501561000000001,2.0575862000000003,0.7758940000000001,1.6765414351936012,1.3902269437914299,,,0.9579411163876463,0.5712123807339612,1.5026085223660355,0.7803441622339212,0.38672873565368515,0.7222643601321143,0.08589046503331055,-0.9854407322239119,0.1467289722255356
,12/18/2024 12:18:26.847,0,1,PhantomLimb,0,0.0,0,-0.7853577500000001,1.9679256000000003,-6.538817399999999,6.873547188545604,1.0484653000000002,2.058088,0.7737920000000003,1.6697145722748266,1.3897157411854137,,,0.95832826171372,0.5712093747228243,1.5013199661274208,0.7787729444131264,0.3871188869908957,0.7225470217142944,0.08601748788080844,-0.9856724915131464,0.14508870132764043
,12/18/2024 12:18:27.070,0,1,PhantomLimb,0,0.0,0,-0.7864475,1.96862341,-6.538462700000001,6.873534191371101,1.0451397,2.0589019,0.7720500000000001,1.661328160087377,1.3893188133997845,,,0.956620612220273,0.5712932426838341,1.5000503052228513,0.7770987753215225,0.38532736953643887,0.7229515299013288,0.08618205050297502,-0.9858973781943835,0.14345387356409484
,12/18/2024 12:18:27.278,0,1,PhantomLimb,0,0.0,0,-0.78750131,1.96809961,-6.538653699999999,6.87368653610692,1.0441404,2.0597959,0.7706540000000004,1.657457976846332,1.388032862854621,,,0.9576977861493465,0.5713913231058816,1.4991803768849865,0.7804772344433629,0.38630646304346494,0.7187031424416236,0.08641874353180452,-0.9860999143268452,0.14191109798381762
,12/18/2024 12:18:27.534,1,1,PhantomLimb,0,0.0,0,-0.78342063,1.9963456999999998,-6.5922802,6.932337432116971,1.0919199,1.7775869999999998,1.3130190000000006,2.5485470577861142,1.4760450766723183,,,0.9584869923516385,0.571575679651514,1.6430661975730776,0.7795082872182949,0.38691131270012447,0.8635579103547827,0.086618296516174,-0.9862290362866849,0.14088846188979695
,12/18/2024 12:18:27.658,1,1,PhantomLimb,0,0.0,0,-0.7868339299999999,2.020509,-6.619402899999999,6.96549057891895,1.0683846,1.5306350000000002,1.5837530000000006,2.5899221489630966,1.5302122033146954,,,0.9594113525275849,0.5717447205886557,1.7282623076759067,0.7788334569916024,0.38766663193892925,0.9494288506843043,0.08685151491544296,-0.986257599294652,0.14054452031453366
,12/18/2024 12:18:27.935,1,1,PhantomLimb,0,0.0,0,-0.7929511399999999,1.97174994,-6.5616512999999985,6.897234019453666,1.0358611,2.0102976000000004,1.0035880000000006,2.0898606952941106,1.4338623000743316,,,0.9670597051888782,0.5726237631888498,1.560319812425812,0.7776403341095163,0.3944359420000284,0.7826794783162957,0.08733439872290558,-0.9862410490610789,0.14036130501890834
,12/18/2024 12:18:28.091,0,1,PhantomLimb,0,0.0,0,-0.79650606,1.9602725199999997,-6.5334862000000005,6.8675710540098756,1.0358319,2.1245868,0.7193680000000002,1.5831237911243512,1.401725196882208,,,0.9680725794811875,0.5728999787808425,1.501334144940536,0.777126154812904,0.395172600700345,0.7242079901276319,0.08749828930939066,-0.9862429602467973,0.1402457583371579
,12/18/2024 12:18:28.232,0,1,PhantomLimb,0,0.0,0,-0.7985253799999998,1.9581426499999999,-6.515462699999999,6.850052526466088,1.035539,2.1423185,0.5402560000000003,1.1985332771880464,1.3638652831202402,,,0.971267601678631,0.572888064485411,1.4484039002880031,0.7765037472942421,0.39837953719322006,0.671900152993761,0.08778063326698156,-0.9862278686605267,0.14017543115882486
,12/18/2024 12:18:28.472,0,1,PhantomLimb,0,0.0,0,-0.79795939,1.9623204200000004,-6.516489999999999,6.852158969181768,1.0352668999999999,2.1009778,0.5488330000000001,1.1937517157589224,1.3341399459335688,,,0.9708147691790852,0.5729467809384132,1.418802362989941,0.7756982145712917,0.39786798824067193,0.6431041484186492,0.08822289338060024,-0.986197662853655,0.14011028108437967
,12/18/2024 12:18:28.631,0,1,PhantomLimb,0,0.0,0,-0.7965544999999998,1.96524429,-6.531005499999999,6.866637971516926,1.0352262,2.0771811000000002,0.6895370000000005,1.482747471723279,1.3572870376188053,,,0.968298904218713,0.5731104891315109,1.4538043231109232,0.7752647245536264,0.39518841508720215,0.6785395985572968,0.08847801520947997,-0.9861823772387798,0.1400569871454476
,12/18/2024 12:18:28.822,0,1,PhantomLimb,0,0.0,0,-0.7951845299999999,1.9664601300000002,-6.5400775,6.875456172912251,1.0353622,2.0645107,0.7754150000000006,1.6574622329947593,1.379466010448997,,,0.9690829395525234,0.5733468017282735,1.4849826950735456,0.7749079530137498,0.39573613782425,0.7100747420597958,0.08863439671299715,-0.9861735028928051,0.1400205910266684
,12/18/2024 12:18:29.056,0,1,PhantomLimb,0,0.0,0,-0.7934893800000001,1.9663041299999997,-6.5448606,6.879765810059249,1.0333023,2.0609737,0.8157490000000003,1.7372263015658236,1.3951201535588205,,,0.9671873084765745,0.5738062108552067,1.5068463304437683,0.7768185356503796,0.39338109762136786,0.7300277947933886,0.08883359774261441,-0.9861512019322383,0.14005141498644463
,12/18/2024 12:18:29.223,0,1,PhantomLimb,0,0.0,0,-0.79060872,1.9650896599999998,-6.542342,6.876690945865093,1.0402908,2.0652714000000003,0.8048109999999999,1.7291226204669332,1.4002538339030515,,,0.9751273161821282,0.5737399632168654,1.5141600268624746,0.7767575689907434,0.40138735296526284,0.7374024578717312,0.08892023939965006,-0.9861394581722931,0.14007912071670442
,12/18/2024 12:18:29.464,0,1,PhantomLimb,0,0.0,0,-0.7888502700000001,1.9645725000000005,-6.5382936,6.872489582097327,1.0608509,2.06981,0.7704360000000001,1.6916923982967096,1.3979367801406828,,,0.9770276389319802,0.5733243408489124,1.5115412861462336,0.7768456614891018,0.4037032980830678,0.7346956246571318,0.08897875510450155,-0.9861315525293713,0.14009761684648644
,12/18/2024 12:18:29.642,0,1,PhantomLimb,0,0.0,0,-0.7885723,1.9644830199999999,-6.536927,6.871131959984805,1.0677258,2.0715248,0.759239,1.6793003650869363,1.397808422373596,,,0.977764445466642,0.5728014075145417,1.5112616712581077,0.7769685568686867,0.4049630379521003,0.734293114389421,0.08900271501649053,-0.9861332966343153,0.1400701181152882
,12/18/2024 12:18:29.864,0,1,PhantomLimb,0,0.0,0,-0.78834516,1.9647757599999998,-6.5365435000000005,6.870824754406946,1.0754222000000002,2.0706004,0.7569350000000004,1.6855198755526464,1.3990430216193797,,,0.9782793851992588,0.5721108676262319,1.513003663132449,0.7771802498254895,0.40616851757302697,0.7358234133069596,0.08900030956798761,-0.9861498341392126,0.13995516969374772
,12/18/2024 12:18:30.060,0,1,PhantomLimb,0,0.0,0,-0.78818301,1.9654239700000005,-6.5365413000000006,6.87098944881368,1.0824063,2.0669073,0.7568950000000001,1.6933508371425257,1.3987544614654135,,,0.9771702302934939,0.5717857748176672,1.5131687727094356,0.7774332239179388,0.4053844554758267,0.7357355487914968,0.0889882546593241,-0.986172396040356,0.1398037761317998
,12/18/2024 12:18:30.270,0,1,PhantomLimb,0,0.0,0,-0.78856448,1.96573292,-6.5362138000000005,6.870810046217247,1.0847044,2.0667558,0.754353,1.691122971074907,1.3989571158493073,,,0.9761878231513084,0.5715831421231822,1.5130836879758667,0.7777929530696521,0.4046046810281262,0.7352907349062145,0.08893459198059285,-0.9862084999603647,0.1395830682968843
,12/18/2024 12:18:30.446,0,1,PhantomLimb,0,0.0,0,-0.7892529,1.9657084400000002,-6.535891000000001,6.87057501051598,1.0814436,2.0688216,0.751639,1.6816523665937744,1.3989004680296917,,,0.9756627584494808,0.5715665441116723,1.512239095784939,0.778051357081427,0.4040962143378085,0.734187738703512,0.08882549855263282,-0.9862443999503435,0.13939876030102621
,12/18/2024 12:18:30.680,0,1,PhantomLimb,0,0.0,0,-0.79010051,1.96574563,-6.5355664,6.870374288681464,1.0781009,2.0707457000000002,0.7492280000000004,1.6726311331270551,1.398949255754524,,,0.9750401897228852,0.5715916453298543,1.5114886764596354,0.7784009805392139,0.4034485443930309,0.7330876959204214,0.08854319391158398,-0.9863364926639699,0.13892597327812414
,12/18/2024 12:18:30.859,0,1,PhantomLimb,0,0.0,0,-0.79054649,1.9657875200000003,-6.5354209999999995,6.87029926377884,1.0765972,2.0715728,0.7484090000000005,1.669138780140684,1.3990649289867787,,,0.9748979997445066,0.5715681680282413,1.5112847070456974,0.7785840836861746,0.40332983171626535,0.7327006233595228,0.08827855569027691,-0.9864251507975405,0.1384641414926199
,12/18/2024 12:18:31.072,0,1,PhantomLimb,0,0.0,0,-0.7910771499999999,1.9658367899999998,-6.535341,6.870298343481935,1.0743074,2.0724421,0.7478990000000003,1.665152162879658,1.399031439125195,,,0.974963642628919,0.5714430463749123,1.5108836737887599,0.7788495628059374,0.4035205962540067,0.7320341109828225,0.08787383026215687,-0.9865531033563574,0.13780843302569748
,12/18/2024 12:18:31.245,0,1,PhantomLimb,0,0.0,0,-0.7915352099999999,1.9658862400000001,-6.5353224,6.87034755811035,1.0718828999999999,2.0729296,0.7478509999999998,1.6616783990447113,1.3987463439300414,,,0.9750630324481643,0.5713660157549535,1.5102829182351396,0.7791276255514815,0.4036970166932108,0.7311552926836581,0.08750450409863927,-0.9866661377797303,0.13723299283073842
,12/18/2024 12:18:31.465,0,1,PhantomLimb,0,0.0,0,-0.7920493200000001,1.9659467499999994,-6.5353696,6.870469020216319,1.0689557,2.0732385,0.7482040000000003,1.6581697886246245,1.3982971689198838,,,0.9751583178436001,0.571305846683928,1.5095183051312295,0.7794715338909111,0.40385247115967204,0.7300467712403185,0.08709599080380942,-0.9867923482928084,0.13658385606164336
,12/18/2024 12:18:31.663,0,1,PhantomLimb,0,0.0,0,-0.7925050299999999,1.965988,-6.5353826999999995,6.870545835243266,1.0660089,2.073296,0.7487700000000004,1.6548955043051494,1.3977309229809276,,,0.9752560069353531,0.5712762885110497,1.5086720624690972,0.7796000405521025,0.40397971842430336,0.7290720219169947,0.08673037052710686,-0.9869041044315808,0.13600783611369635
,12/18/2024 12:18:31.861,1,1,PhantomLimb,0,0.0,0,-0.7602297599000001,1.9970392000000001,-6.5638537,6.9029189658562515,1.393108001,1.76224,1.029108,2.5264505113385427,1.4227263834617745,,,0.9882607649842676,0.5733020688057908,1.5981216840399286,0.7865580609643511,0.4149586961784768,0.8115636230755775,0.08762271207685399,-0.9866925899148844,0.1369671250167511
,12/18/2024 12:18:32.035,1,1,PhantomLimb,0,0.0,0,-0.71853323,2.0302759,-6.590930800000001,6.933879076182659,1.8156126,1.422244,1.262347,3.2596881265750492,1.610292677258441,,,1.0264073507477867,0.5883163558232001,1.8676078386789983,0.7972828758929669,0.4380909949245866,1.0703249627860314,0.09604664304344368,-0.9844638855482108,0.14698945680355605
,09/18/2024 05:35:49.881,0,0,PianoTiles,0,0.0,0,5.813405000000001,0.94052346,-1.7073279,6.131494975204155,1.100479,1.8223261,2.927809,5.8715206996667595,2.4211040177044314,,,1.1083073410541362,0.6710504390123294,1.3159841315408933,0.6223851387155782,0.4372569020418068,0.6935989928253151,-0.0018290531920164312,-0.1354852464039875,-0.99077767565245
,09/18/2024 05:35:51.961,0,0,PianoTiles,0,0.0,0,5.8731697,0.91659924,-1.8261214000000003,6.218439985985603,1.111739,1.9032584000000001,2.809096,5.943840921267173,2.307692803893548,,,1.1990844993931824,0.5519219879993997,1.53836829193839,0.7287761922034022,0.6471625113937827,0.8095920997349879,-0.010414600654336826,-0.12981972517563023,-0.9914829171743377
,09/18/2024 05:35:52.444,0,0,PianoTiles,0,0.0,0,5.7991541,1.03270023,-1.44579983,6.065228370722481,1.0513959999999996,2.1364303000000002,3.1605333,7.099298215305303,2.6733552430510485,,,1.1569569271144708,0.6040718719364861,1.2742239157812882,0.7419581398566971,0.5528850551779847,0.5322657759245911,0.008342771144882053,-0.24352530826348087,-0.9698586610454127
,09/18/2024 05:35:52.944,1,0,PianoTiles,0,0.0,0,5.7856141,1.1526642544999999,-1.20438787,6.021006189925733,1.1178500000000007,2.022790455,3.3986612999999997,7.684972417687593,2.9094314858758907,,,1.1696493871913456,0.6092357833139896,1.0961108771596817,0.7541379084746775,0.560413603877356,0.34197296868500415,0.002727703350035947,-0.2544751656746349,-0.9670754622516804
,09/18/2024 05:35:53.432,1,0,PianoTiles,0,0.0,0,5.8397431,1.2011826229999998,-1.14790181,6.071500451551992,0.8686829999999999,1.9780017699999999,3.4507730999999997,5.9293133490218315,2.9660195505129705,,,0.8708358212849823,0.5778675300724295,1.094344856362912,0.5481250615603066,0.29296829121255274,0.5462197948026053,-0.009268080958968007,-0.24840506604761436,-0.9686119067186911
,09/18/2024 05:35:53.933,1,0,PianoTiles,0,0.0,0,5.8555484,1.2180386300000001,-1.09545005,6.080384525748338,0.8420460000000007,1.9021507,3.4922833,5.593584533209461,3.018829515679896,,,0.8263043684515048,0.5489694274425587,1.0355934007597478,0.5334751874006979,0.27733494100894607,0.5021182133590499,-0.01664328771067772,-0.24711237730084812,-0.9688438852358532
,09/18/2024 05:35:54.437,1,0,PianoTiles,0,0.0,1,5.7913684000000005,1.26235391,-4.2290302,7.281358511371549,0.8523139999999998,1.8879119000000002,0.4146780000000003,0.6672557752163994,1.0493951180800472,,,0.8474637772607156,0.5403626384392243,1.0272480625536413,0.5578800449998192,0.30710113882149137,0.46936801755382207,0.006846519351058732,-0.9890896834774479,0.14715543894555044
,09/18/2024 05:35:54.947,1,0,PianoTiles,0,0.0,1,5.7890675,1.260252,-4.2424979,7.286997053283654,0.8653940000000002,1.898994,0.46149799999999974,0.7584156665369866,1.0576148536920518,,,0.8710627802609863,0.5430407504027672,1.0326786124530711,0.5687929104885188,0.32802202985821904,0.46388570196455237,0.01776001816574807,-0.9802226935781045,0.19709909373012752
,09/18/2024 05:35:55.446,1,0,PianoTiles,0,0.0,1,5.850737,1.2705876799999998,-4.303199,7.373129466470651,0.9418769999999999,1.8989702,0.8547789999999997,1.5288546037864468,1.2908793528253883,,,0.950627519949849,0.5617665069234725,1.3836227265190608,0.5325583568173536,0.38886101302637643,0.8510643697017072,-0.0017825272201273655,-0.9704661443652498,0.24123077174679733
,09/18/2024 05:35:55.938,1,0,PianoTiles,0,0.0,0,5.7771993,1.29285236,-4.357141199999999,7.350658365984335,0.8938999999999995,1.8433584,1.4841030000000002,2.4454723826014364,1.555529900489229,,,0.9067990379020033,0.5882204385712896,1.6794264395378444,0.5397760129544478,0.31857859933071375,1.1396504265833967,-0.018719105358777063,-0.9674189378904212,0.2524880070528824
,09/18/2024 05:35:56.418,1,0,PianoTiles,0,0.0,0,5.7998255,1.2990066900000001,-4.343689100000001,7.3615914861240315,0.9034750000000003,1.8000431000000001,1.330183,2.163268551688404,1.4378436077521928,,,0.9686677877234283,0.5955396815410374,1.5761165705987004,0.6043408923562924,0.3731281061823909,0.971775678242408,-0.021493640088243213,-0.9689767855657737,0.24621537821667008
,09/18/2024 05:35:56.947,1,0,PianoTiles,0,0.0,0,5.8181023000000005,1.25779707,-4.3207185,7.355336579573237,0.9878390000000001,2.0235822999999997,0.9579040000000001,1.9148247265349103,1.4469793676202702,,,0.9189778850576332,0.6102968542652007,1.5756066691812682,0.6348143518903778,0.3086810307924325,0.9407923172908904,-0.02166308273430145,-0.9726984380860098,0.23105942826788964
,09/18/2024 05:35:57.410,0,0,PianoTiles,0,0.0,0,5.8011803,1.2663872699999998,-4.3273790000000005,7.347355891772709,0.8887410000000004,1.9221223000000003,0.9883600000000001,1.6883846450862183,1.3219206504228738,,,0.8739157003676039,0.6130553766145442,1.3965654654297055,0.6224220078788986,0.2608603237530597,0.7741434575508069,-0.02631622632584794,-0.9736341911970051,0.22659196359121075
,09/18/2024 05:35:57.948,1,0,PianoTiles,0,0.0,0,5.8014639,1.2987238600000002,-4.3559277000000005,7.370059238239799,0.8758090000000003,1.7357783999999998,1.149858,1.7480260265654894,1.2563031631813106,,,0.8379511498524248,0.592269114545913,1.3074394506562668,0.6168354202905344,0.24568203530651178,0.6906040303657324,-0.03394773572022378,-0.9744758614037257,0.22191067297662084
,09/18/2024 05:35:58.423,1,0,PianoTiles,0,0.0,0,5.8089927,1.28720291,-4.3487623,7.369736838047004,0.8994589999999993,1.7878999000000002,1.2237469999999995,1.9679597510406093,1.3441823011956138,,,0.9051347003507267,0.5881699500425024,1.3958230648286367,0.5568057797347292,0.31696475030822435,0.8390172850939075,-0.039413888914783785,-0.9758446756929905,0.21488069778892477
,09/18/2024 05:35:58.918,1,0,PianoTiles,0,0.0,0,5.8179826,1.2872745799999996,-4.4204239,7.419308918889154,0.8441320000000001,1.7076411999999999,1.2523740000000005,1.8052652874543356,1.2643678796353766,,,0.7709437624210992,0.5902882402877427,1.3775705505126918,0.8202943288710463,0.18065552213335645,0.5572762216416456,-0.036705100167629595,-0.9781652047203768,0.20456189258028448
,09/18/2024 05:35:59.453,1,0,PianoTiles,0,0.0,0,5.820522400000001,1.3061634599999998,-4.354414899999999,7.385490715889023,0.8571599999999995,1.6838944000000002,0.7578060000000004,1.0937921151359946,1.0120258766383148,,,0.7626280332724461,0.5831011193926832,1.0398395257242146,0.8160702345840101,0.17952691387976294,0.2237692911402045,-0.028200083318416967,-0.9834004420615005,0.17924376099066833
,09/18/2024 05:35:59.947,0,0,PianoTiles,0,0.0,0,5.8185486,1.29037451,-4.3322703,7.368116458015698,0.8735930000000005,1.7275159,0.6914950000000006,1.0435667733312595,1.0317145527876874,,,0.8331962968100618,0.5744699943861306,1.069595596927273,0.7760062438801636,0.25872630242393124,0.2935893530471094,-0.027323407568931177,-0.9844617777897416,0.17346019563543522
,09/18/2024 05:36:00.437,1,0,PianoTiles,0,0.0,0,5.8087157,1.28974711,-4.375994400000001,7.386064762782087,0.8885370000000004,1.7141459,1.3981890000000003,2.1295565761650233,1.4375055660293805,,,0.8515168079826729,0.575119316803914,1.5600093110627933,0.6446003452093402,0.2763974911787589,0.9154089658534531,-0.025820522428557504,-0.9845203699468771,0.17335784314873234
,09/18/2024 05:36:00.946,1,0,PianoTiles,0,0.0,0,5.8062451,1.2253863891,-4.3273235,7.344370812909557,0.9008149999999997,2.109777109,1.0353380000000003,1.9676794021462272,1.4846763147550548,,,0.8414799402683341,0.5925577887244419,1.5548440131342751,0.5511827157839766,0.2489221515438922,1.0036612973502985,-0.030369592825254994,-0.9816053335569268,0.18849046916017445
,09/18/2024 05:36:01.427,0,0,PianoTiles,0,0.0,0,5.8099063,1.20353523,-4.317228599999999,7.337708841953924,0.8938439999999996,2.2046067000000003,0.7187919999999997,1.4164331652703,1.4094732064342959,,,0.9404216201534286,0.5924998432354219,1.4610145339633995,0.5769003823347668,0.34792177691800663,0.8841141516286327,-0.02803368354263301,-0.976435782624002,0.2139796135113911
,09/18/2024 05:36:01.926,1,0,PianoTiles,0,0.0,0,5.800800100000001,1.23780459,-4.3497708,7.355402641305079,0.887829,1.9493101,0.9978239999999996,1.7268881335888815,1.3262349517792713,,,0.9133421585506716,0.5984063763839751,1.385269958688273,0.604176770088854,0.3149357821666965,0.7810931885994191,-0.013930911220071639,-0.9701739138093843,0.24200931113566676
,09/18/2024 05:36:02.424,0,0,PianoTiles,0,0.0,0,5.8074875,1.2647625,-4.416429699999999,7.404821843846386,0.857596,1.6943479999999997,1.2923369999999998,1.877851042355852,1.3077096032762745,,,0.9148382367096383,0.5991070975660361,1.4262725471202897,0.7262321079420816,0.3157311391436022,0.7000404391782081,-0.014538069163423064,-0.9633346336094647,0.2679086191848217
,09/18/2024 05:36:02.970,0,1,PianoTiles,0,0.0,0,5.8219896,1.1857727700000003,-4.2902021999999995,7.328537021907337,0.8872410000000004,2.2436002999999998,0.6276640000000002,1.2494368547666177,1.4214077279516972,,,1.0424375404162112,0.6000171835989372,1.4720430378922655,0.5728858981071189,0.442420356817274,0.8991571397851467,-0.01501899875894765,-0.9597975313233139,0.28029114959618495
,09/18/2024 05:36:03.497,0,1,PianoTiles,0,0.0,0,5.8170636,1.1717171199999998,-4.2431395,7.29488743931024,0.9032309999999999,2.2910315000000003,0.4368509999999999,0.9039891737330866,1.3901164218060564,,,1.0470738763469796,0.6014081728111123,1.431839896858322,0.5709575223175537,0.4456657035358673,0.8608823745407682,-0.012816828807697299,-0.9601697803779715,0.2791231300846134
,09/18/2024 05:36:03.970,0,1,PianoTiles,0,0.0,0,5.8076338,1.1614416699999999,-4.2195064,7.271986755169167,0.9273339999999992,2.2328569,0.4159379999999997,0.861242936674441,1.3516914014794668,,,1.0449912323305681,0.6072044496699608,1.3975563294023643,0.5895886093285724,0.43778678266060733,0.8079677200737919,-0.003486009184715074,-0.9847242532659689,0.17408616478555655
,09/18/2024 05:36:04.475,0,1,PianoTiles,0,0.0,0,5.8562232000000005,1.20389864,-4.3165076,7.374073498716286,1.1714060000000002,1.9412571,1.1409210000000005,2.594454598707704,1.5166789921648773,,,1.0446391412986837,0.6084127475069869,1.6540384678153075,0.5810361741552758,0.4362263937916968,1.0730022936600316,-0.007868226910443669,-0.9750434320657352,0.221874731753658
,09/18/2024 05:36:04.940,0,1,PianoTiles,0,0.0,0,5.821420600000001,1.1820924229999998,-4.295654799999999,7.330684174030512,0.9318620000000006,2.18800337,0.8398760000000003,1.7124376192226007,1.4668367563193967,,,1.0526498490330776,0.6135941444399552,1.5414081671826765,0.5835428445701311,0.4390557045931224,0.9578653226125454,-0.0004428016925176915,-0.961496122180119,0.2748181416123297
,09/18/2024 05:36:05.432,0,1,PianoTiles,0,0.0,0,5.799078100000001,1.1651151,-4.2413165,7.278431538409897,0.9306520000000003,2.2749814,0.4427569999999994,0.9374122000281104,1.363014622070251,,,1.0439936496436941,0.6150861210212759,1.3903669361641766,0.551623005423994,0.4289075286224182,0.8387439307401826,1.4113143253035677e-05,-0.9591151023300448,0.2830162897842575
,09/18/2024 05:36:05.974,0,1,PianoTiles,0,0.0,0,5.7916656,1.1622035499999999,-4.230425,7.2657142246637365,1.0196579999999997,2.2487804999999996,0.4159639999999998,0.9538000557277286,1.350962268994757,,,1.0712749895339662,0.6160033490444673,1.3810137620607734,0.6574457385381702,0.45527164048949886,0.7235680235226032,0.0006635087528378766,-0.9710134904966174,0.23902376666287892
,09/18/2024 05:36:06.468,0,1,PianoTiles,0,0.0,0,5.831787799999999,1.18402034,-4.2802331,7.330214764936847,1.3870770000000006,1.9051795,1.316122,3.478024356504265,1.6048007237607531,,,1.1327403343158573,0.62289120216134,1.720773428401383,0.7502923817448836,0.5098491321545173,0.9704810466564994,0.0027181920758852112,-0.9744150910655607,0.2247394974977334
,09/18/2024 05:36:06.951,0,1,PianoTiles,0,0.0,0,5.7666417,1.15588244,-4.1716429,7.2106050506458645,1.1393750000000002,2.2361946,0.36152599999999957,0.9211191608583434,1.3237137320723018,,,1.1692715709885366,0.6252976438792971,1.3348812900909803,0.7215637324443352,0.5439739271092395,0.6133175576466451,0.008523394188263207,-0.9719405990197728,0.23507195436418343
,09/18/2024 05:36:07.454,0,1,PianoTiles,0,0.0,0,5.766671799999999,1.162698348,-4.1561157,7.202754251614007,1.111592,2.1876805200000002,0.3305430000000005,0.8038171661473595,1.2656817515097054,,,1.1574734324704825,0.6265538159376255,1.2735964306049192,0.6997778398563358,0.530919616532857,0.5738185907485834,0.01257906052622282,-0.9723831333510465,0.23305108712614628
,09/18/2024 05:36:07.965,0,1,PianoTiles,0,0.0,0,5.775993499999999,1.1644236819999996,-4.1561601,7.210523573228,1.0987739999999997,2.1936601799999997,0.3193570000000001,0.7697579200546741,1.2726924356788478,,,1.1281241947188263,0.6276076549724362,1.2882798515939589,0.7016574801696337,0.5005165397463901,0.5866223714243252,0.012905988197764279,-0.9759570340098889,0.21758056722800312
,09/18/2024 05:36:08.427,0,0,PianoTiles,0,0.0,0,5.851578099999999,1.1820720699999998,-4.235418300000001,7.319633106587282,1.462047,1.9691503,1.0823019999999999,3.1159369474017327,1.5761622674018991,,,1.1287355767406286,0.6299279267225734,1.6853381065482052,0.7085833407475788,0.49880765001805527,0.9767547658006264,0.009609592721411922,-0.9817474624306358,0.18994624433964458
,09/18/2024 05:36:08.929,0,0,PianoTiles,0,0.0,0,5.820373100000001,1.1723310889999998,-4.2365982,7.293823929440769,1.195507,2.04737751,1.0985900000000002,2.688968366988093,1.5274818090456073,,,1.1166865104531354,0.6363837112253893,1.59672236254409,0.7152519141312097,0.4803027992277461,0.8814704484128804,0.011717084366376345,-0.9815044966797256,0.19108017409304867
,09/18/2024 05:36:09.460,0,0,PianoTiles,0,0.0,0,5.7739667,1.1541267699999997,-4.1656021,7.212693041400273,1.1079670000000004,2.2425108000000002,0.3350939999999998,0.832583922815679,1.3388734360643517,,,1.1089663152404583,0.638008827329215,1.359108271581937,0.7013113604671258,0.47095748791124326,0.6577969111148111,0.019398515494096002,-0.9853529495224803,0.16942037204531724
,09/18/2024 05:36:09.955,0,1,PianoTiles,0,0.0,0,5.7857392,1.165489333,-4.2107027,7.25004556561824,1.1171920000000002,2.17528657,0.8376429999999999,2.035650701657112,1.4104278901133152,,,1.1208901600723422,0.6263290947672796,1.4287189260453175,0.7079950329756628,0.4945610653050626,0.7207238930696547,0.018665689660430883,-0.9911384309452675,0.13151502854371266
,09/18/2024 05:36:10.468,0,1,PianoTiles,0,0.0,0,5.8105,1.1900525000000002,-4.2975352,7.324407416166532,1.114935,1.9204427999999998,1.6729309999999997,3.5820278177000815,1.7457728286826806,,,1.1237909410815696,0.6120180025170832,1.8277282904313865,0.7053005095326675,0.5117729385644865,1.122427780898719,0.012551631727393103,-0.9921247757845568,0.124622974669291
,09/18/2024 05:36:10.968,0,1,PianoTiles,0,0.0,0,5.7938372000000005,1.1537091300000002,-4.1778738,7.23562186307961,1.1144920000000003,2.2706419,0.40314600000000045,1.0202061990490985,1.3732402570990268,,,1.1331327797186879,0.6027710000033182,1.4127442190299027,0.7035913817556612,0.5303617797153697,0.7091528372742415,0.010508696045230647,-0.990182137501746,0.13938759586097443
,09/18/2024 05:36:11.508,0,1,PianoTiles,0,0.0,0,5.8062082,1.1525823899999998,-4.206445100000001,7.261864788523631,1.121651,2.2698155,0.6985139999999999,1.7783753097068191,1.4651138438333864,,,1.1344575901288685,0.5987087536607425,1.5154493248037857,0.7133746535966642,0.535748836468126,0.8020746712071215,0.010255909976032327,-0.9891816159659277,0.14633710037307562
,09/18/2024 05:36:11.959,0,1,PianoTiles,0,0.0,0,5.8463419000000005,1.18364468,-4.2579318,7.32875920969158,1.3517640000000002,1.9643040000000003,1.2710359999999996,3.374950664312937,1.6233280529721377,,,1.1340032533485078,0.5986972527897549,1.7238788558379037,0.7169344756186861,0.5353060005587529,1.0069443802192177,0.00839326366492557,-0.9895153113353407,0.14418391643305759
,09/18/2024 05:36:12.463,0,1,PianoTiles,0,0.0,0,5.819319800000001,1.15460627,-4.1647339,7.248627941286859,1.1304669999999994,2.2466953999999997,0.34529799999999966,0.8769930428919775,1.4093231800966441,,,1.1367258666578317,0.5999137102192281,1.4818014009931153,0.7191032858449538,0.5368121564386036,0.7626981151481615,0.008754944477374392,-0.9893721101566826,0.14514192568417708
,09/18/2024 05:36:12.969,0,1,PianoTiles,0,0.0,0,5.812911300000001,1.1545898599999997,-4.1570745,7.239080323151054,1.1351039999999992,2.2161389,0.26722799999999935,0.6722248956691007,1.358150699329289,,,1.1441516979503241,0.6045108976561128,1.4245739376461333,0.7194588809335525,0.5396408002942114,0.7051150567125808,0.009692125605610972,-0.9891291336574763,0.14672975039594174
,09/18/2024 05:36:13.435,0,1,PianoTiles,0,0.0,0,5.8152791,1.15350931,-4.158238200000001,7.241477726755274,1.137003,2.2092334,0.3031790000000001,0.7615568470561874,1.3593737080334436,,,1.1471766902131033,0.6078725464420972,1.4265355343243153,0.7190575679558906,0.5393041437710061,0.7074779663684247,0.008469185510879558,-0.9895675040225926,0.1438208186573776
,09/18/2024 05:36:13.964,0,1,PianoTiles,0,0.0,0,5.8174342999999995,1.15065151,-4.1470102,7.236313587123337,1.1532149999999994,2.2036102,0.31533999999999995,0.8013534664443042,1.3584771370148538,,,1.1735761826467384,0.5951944995360762,1.426923528180904,0.7188807483317379,0.5783816831106622,0.7080427798491662,0.007419907628800058,-0.9901903973413269,0.13952749544016443
,09/18/2024 05:36:14.433,0,1,PianoTiles,0,0.0,0,5.818512700000001,1.1448618,-4.1761281,7.252988659081865,1.131818,2.2610386,0.579027,1.4817788390682358,1.465345862310144,,,1.152658796476893,0.5850768276500105,1.5307847894484583,0.7170840096669289,0.5675819688268826,0.8137007797815294,0.008191498973521906,-0.9905920050703505,0.1366029971679592
,09/18/2024 05:36:14.947,0,1,PianoTiles,0,0.0,0,5.824192000000001,1.18719387,-4.2830829,7.326352493983755,1.1626399999999997,1.8392121,1.5922239999999999,3.404718745571378,1.7169489326603193,,,1.1336337159789134,0.5766124491493401,1.8030827139731027,0.7145258056736923,0.5570212668295733,1.0885569082994104,0.015279019549192691,-0.9892255214238548,0.14560020372691124
,09/18/2024 05:36:15.454,0,1,PianoTiles,0,0.0,0,5.801749,1.1549354400000003,-4.169306300000001,7.237215096484882,1.1837559999999998,2.2204004000000004,0.42472500000000046,1.116352412377148,1.344860870660187,,,1.1918023587277382,0.6658473026370235,1.3673300700611248,0.7009208266516553,0.5259550560907147,0.6664092434094695,0.027858368446964685,-0.9835022111252171,0.17873811014800953
,09/18/2024 05:36:15.951,0,1,PianoTiles,0,0.0,0,5.836462000000001,1.1796382800000003,-4.1563038,7.261590488796501,1.385732,2.1921725,0.478796,1.454469052375945,1.3367782494859979,,,1.3353544437144766,0.8419789262944765,1.3430971927099131,0.7224603630445687,0.4933755174200002,0.6206368296653444,0.029366479538710754,-0.9844017981318925,0.17346673950414546
,09/18/2024 05:36:16.459,0,1,PianoTiles,0,0.0,0,5.8478696,1.2285514700000002,-4.1929213,7.2998292172513874,1.5257179999999995,1.9076442999999998,1.390927,4.048330930846426,1.5741142760379254,,,1.3609892754353354,0.8110047886473917,1.583182939585786,0.9062674216995777,0.5499844867879438,0.6769155178862082,0.015988030001475334,-0.9908421145155842,0.13407567638821585
,09/18/2024 05:36:16.943,1,1,PianoTiles,0,0.0,0,5.8341525,1.220673774,-4.169572099999999,7.274112409970446,1.5423089999999995,2.00454126,1.148066,3.549386133096128,1.5474651990499206,,,1.3920855121022553,0.76166817201259,1.573796494143899,0.9573075363732387,0.6304173400896653,0.6164889577706604,0.009911882824374305,-0.9920003976225409,0.12584500663751721
,09/18/2024 05:36:17.450,0,1,PianoTiles,0,0.0,0,5.818540500000001,1.1940441700000002,-4.1539498,7.248203499555686,1.369834,2.1924913,0.6229629999999999,1.8709753824800208,1.440843673776732,,,1.358060737263986,0.7298718813456235,1.4714268361486036,0.8337923640625403,0.6281888559183624,0.6376344720860633,0.002902975982241946,-0.9857999009535572,0.16789916024329446
,09/18/2024 05:36:17.933,0,1,PianoTiles,0,0.0,0,5.835433200000001,1.30570416,-4.247418999999999,7.334692368918041,1.250896,1.9692824,1.0797890000000003,2.6599171046551793,1.4683482487275674,,,1.2537182215813092,0.8336536365595725,1.4439073628286405,0.7960477756020679,0.4200645850217367,0.6478595872265727,-0.002712114138719903,-0.9855252285314076,0.16950713366998943
,09/18/2024 05:36:18.466,0,0,PianoTiles,0,0.0,0,5.825805000000001,1.3015739800000001,-4.2331451,7.318033626671311,1.202058,2.2157472,0.9249139999999998,2.463468341885574,1.5815664929545776,,,1.176905100333923,0.7960858892085702,1.524022350268998,0.8453088483915213,0.3808192111253529,0.6787135018774767,-0.00849208378588225,-0.9859177041853847,0.16701546361577976
,09/18/2024 05:36:18.953,0,0,PianoTiles,0,0.0,0,5.8079912,1.2883389900000002,-4.2033492,7.28427921139575,1.165667,2.2753931,0.619176,1.642271865258047,1.4981808658962403,,,1.1455550174627145,0.7630939029903195,1.421307008631214,0.8164714239714699,0.38246111447239495,0.6048355846597442,-0.007378330046407955,-0.9847757638522782,0.1736728394853046
,09/18/2024 05:36:19.436,0,0,PianoTiles,0,0.0,0,5.848733,1.3276573200000001,-4.2708765,7.3627941532335965,1.0934439999999999,1.9070208000000002,1.1587269999999998,2.4162012382619,1.4615956360197389,,,1.1236564741441213,0.7426662306507545,1.4558857595878325,0.7820456446646833,0.38099024349336674,0.6738401149231492,-0.0060510266483676965,-0.984813382118843,0.17351077049032607
,09/18/2024 05:36:19.972,0,1,PianoTiles,0,0.0,0,5.869976200000001,1.3448420520000002,-4.3135099000000015,7.4075359189673895,1.219411,2.1709514800000003,0.859407,2.2750927807590204,1.5870089108283858,,,1.1632047204452016,0.7285050200712414,1.5635701826211417,1.0534845934440615,0.4346997003739602,0.5100855891770801,0.0061458128784672005,-0.9842836441663145,0.17648778091058528
,09/18/2024 05:36:20.474,0,1,PianoTiles,0,0.0,0,5.8559062,1.3452867520000003,-4.3133135,7.396357699407689,1.099126,2.1166394800000004,0.7930139999999999,1.844910184028714,1.5023807385811125,,,1.183528670417831,0.728074755905601,1.4440547441902996,1.0139198251212964,0.45545391451222994,0.43013491906900314,0.016498236559784673,-0.9831547884824183,0.18202876166833756
,09/18/2024 05:36:20.930,0,1,PianoTiles,0,0.0,0,5.8903558,1.3772394499999998,-4.3604284,7.4569709523878736,1.4870530000000004,1.8478345,1.2519529999999999,3.4401513036757563,1.6120831675519418,,,1.2022174930074006,0.727009854651916,1.673512338899911,1.0157278089079769,0.4752076383554845,0.657784529991934,0.019732215752427205,-0.9826837569516266,0.18423700357131287
,09/18/2024 05:36:21.431,0,1,PianoTiles,0,0.0,0,5.8488434,1.34077357,-4.263721199999999,7.361111421182506,1.1070349999999998,2.1961003,0.7585119999999996,1.84406395473931,1.536576547403356,,,1.2060789229026427,0.7250935037945104,1.4485884784285326,1.014121756503626,0.4809854191081323,0.43446672192490654,0.02064019897666074,-0.9822790387661754,0.1862843852468643
,09/18/2024 05:36:22.066,0,0,PianoTiles,0,0.0,0,5.7929769,1.22212061,-4.1283693,7.217727705206319,1.3102680000000007,1.8387167,0.826181,1.9904448927496534,1.1295338082937383,,,1.2372862773832909,0.6884965166702007,1.0830291471682054,0.9199134046475467,0.5487897607130902,0.16311574252065875,0.005141093419121845,-0.9817478313247647,0.19011776573370853
,09/18/2024 05:36:22.632,1,0,PianoTiles,0,0.0,0,5.8065492999999995,1.1927087950000002,-4.1439049,7.232600974977456,1.2072730000000007,2.05780705,1.2103130000000002,3.00682281453711,1.4606097776768083,,,1.1958992445457104,0.6718467478830273,1.4365258065803772,0.8536741441235057,0.524052496662683,0.5828516624568715,0.002520973824845973,-0.9816587572033502,0.19062982216051194
,09/18/2024 05:36:23.141,1,0,PianoTiles,0,0.0,0,5.8003821,1.180224866,-4.1277491,7.216347820946268,1.1928,2.14280054,0.9961440000000001,2.5460768084532646,1.3933464522957717,,,1.1857044709395337,0.6644539526505959,1.376192744506514,0.8257249930242154,0.5212505182889378,0.5504677514822987,0.002002343332717331,-0.9813306567637231,0.1923177909525216
,09/18/2024 05:36:23.650,0,1,PianoTiles,0,0.0,0,5.7786919999999995,1.19806152,-4.0665931,7.166994633564079,1.1613940000000005,1.9078976,0.5282599999999995,1.1705295091488888,0.9868952172428157,,,1.1537173767370419,0.6515603534293659,0.9890498265292603,0.8043964464839718,0.502157023307676,0.18465338004528853,0.004662840052711692,-0.9803459904089428,0.1972308216576505
,09/18/2024 05:36:24.157,1,1,PianoTiles,0,0.0,0,5.782994,1.20157665,-4.0787941000000005,7.17797794368693,1.1421700000000001,1.8932243999999998,0.49599300000000035,1.0725273833334181,0.9776759130215453,,,1.1395575219364753,0.6435296267841911,0.9799381499549651,0.7737317548537156,0.4960278951522842,0.2062063951012495,0.008510732806057462,-0.9799969543993803,0.19883042220707275
,09/18/2024 05:36:24.657,1,1,PianoTiles,0,0.0,0,5.7939834,1.1966706999999999,-4.0970999,7.1964221662082934,1.152787,1.9352379000000002,0.44804600000000017,0.9995534798625102,1.0332926647908276,,,1.1599313287199369,0.6428089334973499,1.0394707078273107,0.7634692967554164,0.517122395222587,0.27600141107189424,0.011231940267729914,-0.9803259482737648,0.19706567092968236
,09/18/2024 05:36:25.130,0,1,PianoTiles,0,0.0,0,5.864966099999999,1.1660293800000001,-4.1492151999999995,7.278285419319816,1.4841440000000006,2.2680771,0.8458190000000001,2.8471561808025023,1.6539139262640494,,,1.1482382978693926,0.6482612628547229,1.753691492103218,0.7626934709424296,0.4999770350146697,0.9909980211607885,0.015090744859452616,-0.9795414824028958,0.2006757426086281
,09/18/2024 05:36:25.651,0,1,PianoTiles,0,0.0,0,5.828514199999999,1.1561783399999999,-4.1398853,7.242028474857226,1.2161219999999995,2.3429252000000003,0.704733,2.007983671923472,1.554546368566593,,,1.1632822156987526,0.661578079973936,1.6208050227689448,0.7573091991449462,0.5017041357248165,0.8634958236239986,0.022844126768820208,-0.9772192883788994,0.21099907178091445
,09/18/2024 05:36:26.140,0,0,PianoTiles,0,0.0,0,5.8102024000000005,1.16478584,-4.1620843,7.241417244043928,1.1605229999999995,2.2478675999999997,0.9292359999999995,2.4240998588351848,1.4948792191170237,,,1.1556905257541912,0.6658208886915465,1.520879473913814,0.748850798242213,0.48986963706264464,0.772028675671601,0.022171845508826792,-0.9768544149013455,0.21275305251507587
,09/18/2024 05:36:26.659,0,0,PianoTiles,0,0.0,0,5.8161195,1.1568861299999997,-4.2235353,7.280376500320071,1.1305989999999992,2.3063519,1.4298970000000004,3.7285410084643473,1.7844434375808274,,,1.1444079870374022,0.6611461925512386,1.8157436187254001,0.7322007745762356,0.4832617944861636,1.0835428441491646,0.01643934594800289,-0.9763778956513328,0.21544361858332434
,09/18/2024 05:36:27.149,0,0,PianoTiles,0,0.0,0,5.866399599999999,1.183375437,-4.1575375,7.286984270305607,1.446199,2.06492033,1.0850349999999995,3.240224522213422,1.5272834873490804,,,1.1879144141645894,0.6542530711116301,1.593648187579206,0.7389240923191577,0.5336613430529593,0.8547240952600482,0.009352628509679094,-0.9754033509144152,0.220229042964115
,09/18/2024 05:36:27.640,0,0,PianoTiles,0,0.0,0,5.872591399999999,1.1726086580000001,-4.1419774,7.281367838413416,1.7240919999999997,2.13903042,0.6807220000000003,2.5104246128570584,1.617469164362125,,,1.139283835822312,0.6636291342918879,1.742419392988868,0.780717143802415,0.4756547015304242,0.9617022491864531,0.0038311889566578308,-0.974370323150002,0.22491730781720418
,09/18/2024 05:36:28.136,0,0,PianoTiles,0,0.0,0,5.815734000000001,1.1679898889999998,-4.185296999999999,7.259729562302664,1.1446290000000001,2.15894691,1.0044090000000003,2.482088733653219,1.5129321073863509,,,1.1321513637365987,0.6591103933962803,1.5567535525106115,0.7417010650019314,0.47304097034031845,0.8150524875086801,0.002005643963205348,-0.9739083735318302,0.2269327154838585
,09/18/2024 05:36:28.644,0,1,PianoTiles,0,0.0,0,5.762925000000001,1.1898331500000001,-4.1263599,7.187061534785405,1.1316629999999996,1.9453160999999999,0.5388289999999998,1.1862009281050683,1.0674960818130774,,,1.1403280365991186,0.6572033157600472,1.0248746574465628,0.7228952346914175,0.48312472083907143,0.30197942275514533,0.003104708485069711,-0.9732910780976346,0.22955356255298448
,09/18/2024 05:36:29.118,1,1,PianoTiles,0,0.0,0,5.7703361,1.20071708,-4.0955479,7.1771869708376235,1.1328519999999997,1.8458302000000002,0.5310659999999996,1.1104868517714677,0.9521559243989918,,,1.1419624921914024,0.652993732461499,0.9420084758779188,0.7383835881403379,0.4889687597299034,0.20362488773758092,0.006398569647000524,-0.9719219897177613,0.23521629239816802
,09/18/2024 05:36:29.644,1,1,PianoTiles,0,0.0,0,5.778146500000001,1.1978506500000001,-4.0982038,7.1845039871589,1.1173469999999996,1.8742384,0.5210239999999997,1.0911152546781044,0.981428977923208,,,1.1324154377709614,0.6526690079619222,0.9773098365122291,0.7371914046162029,0.47974642980903925,0.24011843189602622,0.007443926950472109,-0.972906065230912,0.23108088667923254
,09/18/2024 05:36:30.142,1,1,PianoTiles,0,0.0,0,5.7811895,1.1966239699999999,-4.1000061,7.187775106423825,1.1252629999999995,1.8814110999999998,0.48932699999999985,1.0359455299364853,0.9885839168655964,,,1.1370221625342225,0.652368986770524,0.9860098631328238,0.7416114102978993,0.4846531757636985,0.24439845283492445,0.007198166472430954,-0.9742036638308467,0.22555577531508653
,09/18/2024 05:36:30.658,0,1,PianoTiles,0,0.0,0,5.8566745,1.1715195809999999,-4.1774971,7.288660806219828,1.4218520000000003,2.14069589,1.0539439999999995,3.2079449299950213,1.614905781597684,,,1.1304934246655305,0.6526783302408627,1.6959046559048572,0.7536481649092561,0.47781509442466774,0.942256490995601,0.0076793369030685,-0.9742488666193866,0.22534456655435425
,09/18/2024 05:36:31.141,0,1,PianoTiles,0,0.0,0,5.7772554,1.184073469,-4.153070100000001,7.212953707901699,1.08202,1.9913723099999998,0.512623,1.104551170442952,1.1468651458788564,,,1.1400562893668897,0.6584741398536468,1.1307143830171864,0.6960360719086325,0.48158214951324296,0.4346783111085539,0.017705285367091917,-0.9414100943165516,0.33679898632414423
,09/18/2024 05:36:31.724,1,1,PianoTiles,0,0.0,0,5.7603984,1.2005873,-4.193273400000001,7.225450947781142,0.9907840000000006,1.885331,0.4945019999999998,0.9237078738213071,1.0517654052358874,,,1.0774547039360864,0.6245572489307922,1.0032792070475698,0.6596108081960151,0.4528974550052942,0.34366839885155465,0.003919137321290158,-0.8971011779500527,0.4418077827328135
,09/18/2024 05:36:32.141,0,0,PianoTiles,0,0.0,0,5.7476921,1.25783581,-4.2136657,7.236925730769748,0.9724490000000001,1.8992049,0.5605100000000007,1.0351946560000156,1.0858608757805688,,,0.7989891771300783,0.556404955691446,1.0886386268946229,0.6644029084644346,0.24258422143863234,0.42423571843018826,-0.02572281720149066,-0.8654450976122637,0.5003430020437158
,09/18/2024 05:36:32.660,1,0,PianoTiles,0,0.0,0,5.7629996,1.24680377,-4.1714624,7.222726810914291,1.0440820000000004,1.9093203,0.5147250000000003,1.0260975741809673,1.0788677270612579,,,0.9484488970028909,0.5923219974397375,1.0986310321819104,0.6867450843318796,0.35612689956315347,0.41188594785003074,-0.04160638422631385,-0.9029230035614272,0.42778377532489853
,09/18/2024 05:36:33.154,0,0,PianoTiles,0,0.0,0,5.8677472999999996,1.238924951,-4.1726183,7.30589740472466,1.3239960000000002,2.09188249,1.058433,2.931482659958699,1.5904361747499765,,,1.1665937131795285,0.633122121013,1.740822910238632,0.699876537954374,0.5334715921665285,1.040946372284258,-0.04651211519952896,-0.9660017611458179,0.25431716537198934
,09/18/2024 05:36:33.649,0,0,PianoTiles,0,0.0,0,5.8057809,1.2231678499999998,-4.0970639,7.210351173747479,1.0810700000000004,2.2717325,0.4242079999999997,1.041813213586185,1.3915576051386955,,,1.068775837910832,0.6264432735379958,1.4462766316898887,0.726934783036278,0.4423325643728363,0.7193418486536107,-0.019492595142594826,-0.968540499177163,0.24809139482912113
,09/18/2024 05:36:34.125,0,0,PianoTiles,0,0.0,0,5.7979637,1.2310619820000002,-4.0862359,7.199251384726906,1.0893579999999998,2.1740221799999997,0.41106799999999977,0.9735275981926093,1.299780313165633,,,1.100226425800617,0.6142109813695945,1.3443935647940124,0.7409209411921082,0.4860154444310224,0.6034726236019042,0.004242430497282781,-0.9673121790412884,0.25355305176998
,09/18/2024 05:36:34.660,0,0,PianoTiles,0,0.0,0,5.8156526,1.2547594800000001,-4.1983090999999995,7.281623158038284,1.0773810000000008,1.9274631999999998,1.380452,2.866663505961203,1.5886973598206406,,,1.0842155592473297,0.6140012739082882,1.7047744160545226,0.7268479126323479,0.4702142853390415,0.9779265034221747,-0.004515672546779613,-0.9756782172159677,0.21916118532194756
,09/18/2024 05:36:35.160,0,0,PianoTiles,0,0.0,0,5.7947493,1.21876057,-4.1436387,7.227325816162912,1.082192,2.2863173000000003,0.8406080000000005,2.0798611393273907,1.5121336966561445,,,1.0617654869772328,0.6253448669382355,1.5728458029983394,0.7097896740119571,0.4364206200389973,0.8630561289863823,-0.022984929591369028,-0.9710796745370489,0.23764670987139547
,09/18/2024 05:36:35.654,0,0,PianoTiles,0,0.0,0,5.7898679,1.225128093,-4.0831729,7.189979838289022,1.0836039999999993,2.21632607,0.39677000000000007,0.9528906859654489,1.30759920199088,,,1.0749154530501455,0.6253634978874285,1.343683016289253,0.7166510854655841,0.44955195516271695,0.6270319308236689,-0.01861690781804596,-0.9696862218871473,0.24364326755632862
,09/18/2024 05:36:36.140,0,0,PianoTiles,0,0.0,0,5.800755199999999,1.2216510649999999,-4.0531466,7.181169095351692,1.0959659999999998,2.20739035,0.4263399999999997,1.0314122894343614,1.3016160784897837,,,1.1489898831665146,0.6097466835793365,1.3440995271113751,0.7190182763219578,0.5392431995871781,0.6250812507894173,0.0040633012453566665,-0.9850228329601816,0.17237606600130925
,09/18/2024 05:36:36.623,0,0,PianoTiles,0,0.0,0,5.8604741,1.216720741,-4.1043492,7.257496014045826,1.3952709999999993,2.21041459,0.87906,2.711133010622542,1.6150670605392523,,,1.177301359172323,0.5984432093925033,1.7477483007537347,0.7284195267419722,0.5788581497798196,1.0193287740117625,0.009242073216007328,-0.9889080696282253,0.14824106687030802
,09/18/2024 05:36:37.171,0,0,PianoTiles,0,0.0,0,5.810060000000001,1.20068603,-4.084013400000001,7.202611304076927,1.14668,2.3407595,0.6083559999999997,1.6328896192525109,1.4714100805248274,,,1.1842538357642085,0.5941135530283751,1.5401198856865816,0.7340320111071451,0.5901402827358334,0.8060878745794365,0.007635472428825761,-0.9858038861119467,0.1677271525048124
,09/18/2024 05:36:37.648,0,0,PianoTiles,0,0.0,0,5.7957404,1.2131183,-4.0715217,7.186066500357336,1.0846150000000003,2.272224,0.4962789999999999,1.2230737561621794,1.3755398136148371,,,1.1018008747246482,0.5925231415852048,1.417647828331494,0.7266399493807096,0.5092777331394434,0.6910078789507843,0.006529414781821017,-0.9840202478690157,0.17793683858720213
,09/18/2024 05:36:38.146,0,0,PianoTiles,0,0.0,0,5.805942400000001,1.216904999,-4.073519999999999,7.196067684444675,1.0633149999999993,2.26073301,0.5069009999999996,1.2185247762470381,1.3836341426655636,,,1.0852848697383555,0.5899387907071374,1.4323568641624334,0.7214519044607198,0.4953460790312181,0.7109049597017135,0.00878280874640497,-0.9838855718540708,0.17858343643213956
,09/18/2024 05:36:38.641,0,0,PianoTiles,0,0.0,0,5.8714777,1.229388577,-4.1135996,7.273743762600902,1.5097110000000002,2.10139423,0.8693880000000003,2.7581316776333193,1.5769433524085579,,,1.1550729221832707,0.5878072298458058,1.708425126403845,0.7247263203506544,0.5672656923374649,0.9836988060531906,0.009879303941189087,-0.9838673794932772,0.1786263668181976
,09/18/2024 05:36:39.125,0,0,PianoTiles,0,0.0,0,5.7945501,1.20694072,-4.0716594,7.184144140578786,1.126175,2.2912208,0.46214500000000047,1.1924799457710251,1.3775554252262523,,,1.1494586678980674,0.5889715089255166,1.4094388924873757,0.7338360692831881,0.5604871589725507,0.6756028232041876,0.011255926926514188,-0.9839194263776537,0.1782578652000912
,09/18/2024 05:36:39.631,0,0,PianoTiles,0,0.0,0,5.794709899999999,1.217840654,-4.0599796,7.179500890459539,1.0875759999999994,2.20634746,0.41310999999999964,0.9912865879097904,1.3015314953838217,,,1.0967698044074696,0.5916043737008705,1.3312667895114834,0.7335567424739545,0.5051654307065991,0.5977100470375288,0.013872120901915601,-0.9851380965715679,0.17120308100332365
,09/18/2024 05:36:40.170,0,0,PianoTiles,0,0.0,0,5.7958509,1.2194185929999999,-4.0597159,7.180540547110482,1.076828,2.18848807,0.4183619999999997,0.9859224450765204,1.297900611761489,,,1.0836278028354565,0.5941559587355828,1.3277862160944678,0.7332897118990559,0.48947184409987365,0.5944965041954119,0.013348791446806707,-0.9878157818427423,0.1550541547631707
,09/18/2024 05:36:40.661,0,0,PianoTiles,0,0.0,0,5.8284902,1.2425086699999999,-4.1698676,7.273439462046203,1.1330739999999997,1.9365322999999999,1.4673290000000003,3.2196637668760895,1.6258539929872182,,,1.154921383333515,0.5943788852945568,1.70923016516012,0.7286752922790785,0.5605424980389582,0.9805548728810416,0.006349628897272813,-0.9875992693904253,0.1568673494146091
,09/18/2024 05:36:41.140,0,0,PianoTiles,0,0.0,0,5.817822499999999,1.20746771,-4.108845699999999,7.224102013302924,1.0910970000000004,2.2987979000000003,0.8222210000000003,2.062304161407358,1.51248606484301,,,1.1212674905418425,0.5924196841572703,1.5671491444597765,0.718278700503503,0.5288478063845722,0.8488704439562735,0.007631812945638326,-0.9833239785617417,0.18170225264610781
,09/18/2024 05:36:41.669,0,0,PianoTiles,0,0.0,0,5.8149878,1.2110514279999998,-4.060723100000001,7.195151198569999,1.1203500000000002,2.2111297199999997,0.4101459999999997,1.0160297414593624,1.3131043920742993,,,1.157418921385857,0.5881835220609295,1.3754828975960982,0.7220201000366958,0.5692353993249275,0.6534627975594024,0.0154606860126898,-0.9795559452382604,0.20057696113062262
,09/18/2024 05:36:42.147,0,0,PianoTiles,0,0.0,0,5.8134276,1.2078738779999998,-4.070030000000001,7.198614030943492,1.1022319999999999,2.18319822,0.3630339999999994,0.8736017286669886,1.301058353902959,,,1.1365295914554978,0.5841931028230308,1.363823622192169,0.7312965149383663,0.552336488632467,0.6325271072538026,0.015043868837044727,-0.9830292478993508,0.1828310142860086
,09/18/2024 05:36:42.647,0,0,PianoTiles,0,0.0,0,5.8581205999999995,1.2119675479999998,-4.1477841,7.279461191720325,1.4454320000000003,2.11476152,1.065773,3.2577951947375428,1.64301482751564,,,1.1345460858114138,0.5867788799147426,1.7702470700707826,0.7339002638512948,0.5477672058966712,1.0363468062194878,0.012404219001589278,-0.9839623896057186,0.17794423618753324
,09/18/2024 05:36:43.159,0,0,PianoTiles,0,0.0,0,5.7945329999999995,1.1926910899999998,-4.083770799999999,7.188623558873216,1.0991300000000006,2.2792165,0.4220799999999998,1.0573759201727215,1.3685704673767471,,,1.132577021348023,0.5958017583794132,1.4198123114768548,0.7231364029075015,0.5367752629686099,0.6966759085693534,0.010141177187833165,-0.9825495540404153,0.18572433976252536
,09/18/2024 05:36:43.620,0,0,PianoTiles,0,0.0,0,5.790893799999999,1.197399634,-4.0790552,7.183794833584044,1.1181550000000007,2.2412338600000004,0.39394700000000027,0.9872496371280749,1.3187397387521724,,,1.1486944775862038,0.6027413937145842,1.3657990375396152,0.7202025714068236,0.5459530838716196,0.6455964661327915,0.012363841977461506,-0.980684627802565,0.19520449841973686
,09/18/2024 05:36:44.126,0,0,PianoTiles,0,0.0,0,5.798669200000001,1.2037878560000002,-4.086684199999999,7.1954608916879925,1.1393830000000005,2.23208144,0.43097299999999983,1.0960486577260267,1.334137125120044,,,1.1576466605290234,0.6045491764232249,1.3782020330132274,0.7159926074932625,0.5530974841057985,0.6622094255199649,0.01949714934357889,-0.9798723539685897,0.1986706598759082
,09/18/2024 05:36:44.652,0,0,PianoTiles,0,0.0,0,5.844710100000001,1.2222676199999998,-4.182867,7.2904698495797575,1.3099570000000007,2.0103568000000003,1.2428860000000004,3.2731166197536568,1.6060240062270008,,,1.1943834903719164,0.6017994414171549,1.7071907890568183,0.7186918758703209,0.5925840489547615,0.9884989131864974,0.02449943691627644,-0.9793116411778031,0.20086932828190385
,09/18/2024 05:36:45.141,0,0,PianoTiles,0,0.0,0,5.8086624,1.196604865,-4.100554700000001,7.210199090719169,1.1723720000000002,2.23790635,0.3895139999999997,1.0219518117619832,1.3364438350577648,,,1.2018966573000365,0.5993205232436147,1.3843854061061618,0.7233530091027478,0.6025761340564217,0.661032397003414,0.02705238862912885,-0.9780924867377472,0.20640556110877517
,09/18/2024 05:36:45.640,0,0,PianoTiles,0,0.0,0,5.808729900000001,1.2073478249999998,-4.0826383,7.201872486396377,1.1217820000000005,2.18443275,0.47600700000000007,1.1664348466417729,1.3029279282712376,,,1.1453985533538102,0.5969147313385722,1.3491489452951675,0.7292805419185402,0.548483822015238,0.6198684033766273,0.029170006685210657,-0.9774018982260847,0.20936723729855897
,09/18/2024 05:36:46.144,0,0,PianoTiles,0,0.0,0,5.8102941,1.208769457,-4.0900189,7.207558236395187,1.1039259999999995,2.17845843,0.40716799999999953,0.9791807745833775,1.3093107564427382,,,1.1184099870892603,0.5943307718678211,1.3584173384380314,0.734447646637253,0.5240792152214392,0.6239696918007783,0.029096708765464878,-0.9785364034975863,0.2040095305838103
,09/18/2024 05:36:46.638,0,0,PianoTiles,0,0.0,0,5.8272171,1.218193329,-4.171595099999999,7.269295687733202,1.1629709999999998,2.08305571,1.2232120000000006,2.9632719034029327,1.5693430172054958,,,1.1497483737105267,0.5934529792881653,1.6344665714927988,0.7356389410634813,0.5562953944223614,0.8988276304293176,0.02764027723618158,-0.9792954972903467,0.20054013079969674
,09/18/2024 05:36:47.147,0,0,PianoTiles,0,0.0,0,5.8160625,1.19873198,-4.1013624,7.2169740819760975,1.114135,2.2973162,0.5875260000000004,1.5037847734161105,1.4465263803561696,,,1.1365843015328865,0.5931708376125717,1.4978886278552355,0.7295083057244796,0.5434134639203148,0.7683803221307559,0.024366625233876196,-0.9785630495079755,0.2045009186100726
,09/18/2024 05:36:47.657,0,0,PianoTiles,0,0.0,0,5.8136277,1.2071581789999999,-4.0766488,7.20239983213063,1.1274290000000002,2.18542921,0.4500430000000004,1.1088682693600502,1.3034871953242162,,,1.1542973856216607,0.5930030733748352,1.3597796119328545,0.7286319877256282,0.5612943122468256,0.6311476242072263,0.023094469268867532,-0.9777230754555518,0.2086246227340549
,09/18/2024 05:36:48.156,0,0,PianoTiles,0,0.0,0,5.8176987,1.2032879690000002,-4.0808478,7.207415546996487,1.145035,2.18659741,0.3959160000000006,0.9912669905148139,1.3077739098792238,,,1.1758110831114026,0.5934960320718242,1.3716801663753866,0.7349245397181944,0.5823150510395784,0.6367556266571922,0.020593124828969467,-0.977909123182565,0.2080136293757824
,09/18/2024 05:36:48.662,0,0,PianoTiles,0,0.0,0,5.852262399999999,1.212858823,-4.1547968,7.278896768897944,1.4072060000000004,2.08103097,0.9777,2.863135071511934,1.562861223122779,,,1.1567807585702832,0.5969488718835136,1.6690468235252123,0.7332918115054885,0.5598318866867695,0.9357550120197238,0.018331344063825097,-0.9783367403560924,0.20620665434032254
,09/18/2024 05:36:49.158,0,0,PianoTiles,0,0.0,0,5.7943565,1.1964453659999998,-4.094970999999999,7.195473316867774,1.1102319999999999,2.24256614,0.40422599999999953,1.006429238784877,1.3265127019608767,,,1.1522383411619486,0.6002204984595244,1.3598625047014055,0.7180453990758523,0.5520178427024242,0.6418171056255532,0.017621678872332267,-0.9785717022577439,0.20515091999331062
,09/18/2024 05:36:49.654,0,0,PianoTiles,0,0.0,0,5.8000515,1.19937723,-4.0894122,7.19738808763315,1.1299589999999995,2.2122544,0.3835010000000003,0.9586592208867115,1.3010957105969903,,,1.1667237289112147,0.6021597208864107,1.3422853853403756,0.7166353719723858,0.564564008024804,0.6256500133679898,0.01716803108944051,-0.9787478963940712,0.20434728775467564
,09/18/2024 05:36:50.160,0,0,PianoTiles,0,0.0,0,5.8000248999999995,1.2003816610000002,-4.092564299999999,7.1993254907886755,1.1150789999999997,2.21458839,0.3866800000000006,0.954883448715452,1.3122649499342791,,,1.1453824445743,0.6030528149059577,1.3540804545820875,0.7165145207125952,0.5423296296683422,0.6375659338694922,0.016575463338271295,-0.9789777303446333,0.2032925416841257
,09/18/2024 05:36:50.653,0,0,PianoTiles,0,0.0,0,5.815182600000001,1.22140739,-4.1940433,7.2731137682538884,1.134334,1.9920609999999999,1.3781289999999995,3.1141064522967565,1.5872982343781274,,,1.1701296140467556,0.6025093701918673,1.654251966051423,0.7158294191788994,0.5676202438548883,0.9384225468725236,0.01574505343239838,-0.9791368855657048,0.20259085027982562
,09/18/2024 05:36:51.161,0,0,PianoTiles,0,0.0,0,5.8060886,1.2107798759999997,-4.1657015,7.2477390768624375,1.1206710000000006,2.1296542400000003,1.16649,2.783993731218948,1.5195463195862664,,,1.13942159780873,0.600373961716362,1.5620689131875132,0.7269091980770364,0.539047636092368,0.8351597151104768,0.014813518280977439,-0.9788054749395653,0.20425572673604894
,09/18/2024 05:36:51.705,0,0,PianoTiles,0,0.0,0,5.7906648,1.1975369500000002,-4.0912538,7.190566822482688,1.1342189999999999,2.2539474999999998,0.40778700000000034,1.0424952643100867,1.3243778051837714,,,1.153395870408768,0.5954926239988204,1.3527849612522493,0.7353399355345803,0.5579032464099475,0.617445025717669,0.01623439165821463,-0.977566476051654,0.21000054625509595
,09/18/2024 05:36:52.146,0,0,PianoTiles,0,0.0,0,5.806533,1.2037898059999999,-4.089037,7.203135356529649,1.1441299999999996,2.17600894,0.39470800000000006,0.9826796838305804,1.2752260658266314,,,1.1732389755156454,0.5929844186022086,1.3218373882893326,0.7337837230219806,0.5802545569134367,0.588053665267352,0.018489460923014494,-0.9769105563518531,0.21284713933499125
,09/18/2024 05:36:52.668,0,0,PianoTiles,0,0.0,0,5.837396,1.19381968,-4.1358552,7.2529784036999825,1.2289029999999999,2.2533168,0.7712759999999999,2.1357463686337073,1.5360320967538506,,,1.1784968939255465,0.5929181295541565,1.6228201121998214,0.7306500421207129,0.58557876437139,0.8921700700791084,0.019242786633193183,-0.9769668780846088,0.21252160899118605
,09/18/2024 05:36:53.131,0,0,PianoTiles,0,0.0,0,5.8426830999999995,1.208872237,-4.1652465,7.276509898170774,1.2799589999999998,2.0962009299999997,1.0686089999999995,2.8671327091097876,1.5636696081411192,,,1.1821658495161709,0.5939257994648823,1.6562295380856793,0.7278707006227135,0.5882400500512885,0.9283588374629658,0.01924834028576988,-0.9770342372472025,0.21221121705277585
,09/18/2024 05:36:53.688,0,0,PianoTiles,0,0.0,0,5.8141579000000005,1.204337463,-4.1053652000000005,7.218648366300212,1.1158099999999997,2.17828037,0.5323250000000002,1.2938409422350265,1.3379158247653893,,,1.1520612876101681,0.5941030967264855,1.388644460024637,0.7274608250428332,0.5579581908836826,0.6611836349818039,0.01930481900641296,-0.9770398932961709,0.2121800435265688
,09/18/2024 05:36:54.228,0,0,PianoTiles,0,0.0,0,5.8063593,1.203940849,-4.0869639,7.201843917254145,1.1036679999999999,2.19248151,0.4269369999999997,1.0330900631012552,1.3050344621112806,,,1.1374028356989445,0.5944788966094595,1.3521130908373162,0.7268366401234874,0.542923939089485,0.6252764507138289,0.019427269117031014,-0.9771760947713294,0.21154068408253868
,09/18/2024 05:36:54.647,0,0,PianoTiles,0,0.0,0,5.805925,1.1987949149999997,-4.077770199999999,7.195421054939238,1.1332269999999998,2.20600655,0.43524200000000013,1.088064167613712,1.299004045614911,,,1.1812067675372888,0.596157202245347,1.3499382331582073,0.724718844289287,0.5850495652919419,0.6252193888689203,0.01964639330373616,-0.978251566953601,0.20648944520962592
,09/18/2024 05:36:55.118,0,0,PianoTiles,0,0.0,0,5.8307212999999996,1.19374722,-4.0998760999999995,7.227124417005883,1.1633569999999995,2.2637356,0.5562429999999998,1.4648841053990214,1.4533900104840316,,,1.1785842005501517,0.5975532668222977,1.5326091916427877,0.7236916423373978,0.581030933727854,0.80891754930539,0.01905524866450561,-0.9789031513152481,0.20343430842267074
,09/18/2024 05:36:55.647,0,0,PianoTiles,0,0.0,0,5.8338097,1.206679154,-4.164094500000001,7.268362484180498,1.1982879999999998,2.0925709599999998,1.098696,2.7549831540857737,1.5440628219450487,,,1.1881634252224107,0.600025495803303,1.6255643604453567,0.7223582682706691,0.5881379294191077,0.9032060921746876,0.018017218512888213,-0.9793067272668214,0.20157805874401646
,09/18/2024 05:36:56.152,0,0,PianoTiles,0,0.0,0,5.7941764,1.1881041700000001,-4.104214300000001,7.1992115327591835,1.1391520000000002,2.2687245999999996,0.5007999999999999,1.2942786205020311,1.3635677116811558,,,1.1923820932151277,0.6001221726748649,1.39670797585249,0.7204032531193899,0.5922599205402628,0.6763047227331002,0.016293044579201627,-0.9791813637924497,0.20233238371525894
,09/18/2024 05:36:56.637,0,0,PianoTiles,0,0.0,0,5.8239189,1.202681385,-4.145414400000001,7.249064382065461,1.1282059999999996,2.18938415,0.9561679999999995,2.3618079484483303,1.5093282582763978,,,1.1480477855533717,0.601017471699451,1.573347129107471,0.7186520242913118,0.5470303138539208,0.8546951048161592,0.01525368800981485,-0.9788548572632073,0.20398650301999174
,09/18/2024 05:36:57.157,0,0,PianoTiles,0,0.0,0,5.815143399999999,1.208486219,-4.1722986,7.2584025316620755,1.226165,2.13513751,1.0045169999999999,2.6298565304564647,1.4944070109411478,,,1.183972391474687,0.60250225168127,1.5621814139945978,0.7778281869674047,0.5814701397934169,0.784353227027193,0.013949223723302675,-0.9783058345584829,0.2066957020026001
,09/18/2024 05:36:57.626,0,0,PianoTiles,0,0.0,0,5.814498199999999,1.2918297630000002,-4.1951425,7.28535751008021,1.0990829999999994,2.24506237,0.8138810000000003,2.0082594125563693,1.40204394199787,,,1.3146154474465144,0.6010423679067896,1.3501256043883019,0.9830154604704854,0.7135730795397248,0.3671101439178165,0.01053909846089532,-0.9778261890438256,0.20915274663188216
,09/18/2024 05:36:58.158,0,0,PianoTiles,0,0.0,0,5.8309532,1.3287957169999998,-4.2100843,7.31372156232477,1.0419239999999999,2.24171183,0.7127319999999995,1.6647233975509224,1.4013597491452339,,,1.390870627474748,0.6013939341446664,1.322668777419271,1.1072890758758527,0.7894766933300816,0.21537970154341823,0.006768000938145598,-0.9776108500847124,0.2103121964127313
,09/18/2024 05:36:58.643,0,0,PianoTiles,0,0.0,0,5.8838254,1.333499899,-4.281857499999999,7.398102930388602,1.2276979999999993,2.0505300099999997,1.1970629999999995,3.0135242140740317,1.6151893824488837,,,1.31529984228312,0.6016717994106087,1.6911450038860236,1.037046724628162,0.7136280428725112,0.6540982792578616,0.005441998084277929,-0.9761828417585378,0.2168811751007367
,09/18/2024 05:36:59.149,0,0,PianoTiles,0,0.0,0,5.8373338,1.2975373500000003,-4.1928609,7.303297309709928,0.986472,2.2315294999999997,0.6870259999999999,1.5123787553263794,1.4242968445464146,,,1.2717087149980533,0.6011249456369286,1.3725952110685256,0.9459221026178636,0.6705837693611246,0.426673108450662,0.005920273315135159,-0.9755650091909513,0.21963119816213056
,09/18/2024 05:36:59.658,0,0,PianoTiles,0,0.0,0,5.8368511,1.302743251,-4.1564432,7.282993259397093,0.9934160000000007,2.13702549,0.6977950000000002,1.4813876034539362,1.3412031223474719,,,1.2157712343660714,0.6001309952343733,1.2907751476619,0.9093092783673772,0.6156402391316981,0.38146586929452286,0.007557571777172786,-0.9756038272685639,0.21940842127813415
,09/18/2024 05:37:00.145,0,0,PianoTiles,0,0.0,0,5.838013200000001,1.2962818948,-4.1628486,7.286429395848318,1.0028899999999998,2.134800052,0.816951,1.749067275419195,1.3332525293808741,,,1.2095339375395797,0.5997543730778458,1.2956453630361213,0.8930387678869267,0.6097795644617339,0.4026065951491946,0.011829713908839173,-0.9763288065824867,0.21596786637380164
,09/18/2024 05:37:00.632,0,0,PianoTiles,0,0.0,0,5.8337431,1.2266897110000001,-4.178139399999999,7.279709819058946,1.3729319999999996,2.09192589,1.1953249999999995,3.4330594586300296,1.5811499927072599,,,1.2037454958395484,0.5973834483487138,1.6558922437942971,0.7674000651837339,0.6063620474908346,0.8884921786105632,0.015497370144377366,-0.9773328073735383,0.21114074725160545
,09/18/2024 05:37:01.125,0,0,PianoTiles,0,0.0,0,5.8251227,1.233460447,-4.131079300000001,7.247019754854903,1.1398459999999995,2.1262835300000003,1.2500220000000004,3.0295980406575587,1.5656899989064943,,,1.2252829651007149,0.5955893821896088,1.5930369454205449,0.7051559693762792,0.6296935829111061,0.8878809760442656,0.01619279423173535,-0.9772312046055026,0.21155842256985885
,09/18/2024 05:37:01.635,0,0,PianoTiles,0,0.0,0,5.797521,1.225540263,-4.0481112,7.176378123346104,1.1116740000000007,2.21333937,0.627068,1.542908232719469,1.3165108511142394,,,1.2051366714335763,0.5923676894007635,1.3281751661762604,0.6992608711160664,0.6127689820328128,0.628914295060194,0.019894258587185444,-0.9772505001351748,0.2111532108702516
,09/18/2024 05:37:02.119,0,0,PianoTiles,0,0.0,0,5.8021618,1.228113666,-4.0500875999999995,7.181681857174471,1.1235840000000001,2.18216934,0.613391,1.50394306422031,1.3007824351576478,,,1.1866817560757394,0.5904690464037892,1.3233138389194288,0.7134077275170212,0.5962127096719503,0.6099061114024076,0.032847991699363845,-0.9792467185475734,0.1999921839850944
,09/18/2024 05:37:02.620,0,0,PianoTiles,0,0.0,0,5.8079681,1.2137283120000002,-4.0696408,7.19497088993365,1.1407280000000002,2.19319188,0.4801739999999999,1.2013163050638658,1.3134151870281778,,,1.2298666851886835,0.5902399547794104,1.3559639041292122,0.7135471755294108,0.6396267304092731,0.6424167285998014,0.03613207047952246,-0.9801167480886124,0.1951041608963438
,09/18/2024 05:37:03.140,0,0,PianoTiles,0,0.0,0,5.856958199999999,1.2206413990000002,-4.1520842,7.282425968411182,1.3864310000000009,2.06756511,1.1994729999999998,3.4383329709635806,1.6479411658503702,,,1.1953184010814903,0.5861311702434876,1.7604441492082938,0.7146454049862774,0.6091872308380027,1.0457987442220165,0.009886457979542422,-0.983060281234648,0.18301568623337683
,09/18/2024 05:37:03.643,0,0,PianoTiles,0,0.0,0,5.833729799999999,1.2004394499999997,-4.0773849,7.2179308583050545,1.1518639999999998,2.2677689,0.4970290000000004,1.2983199467254427,1.458042904013724,,,1.177850217768948,0.5893591004447118,1.5544813533512105,0.7112149536708289,0.5884911173242362,0.8432663996803816,0.0016086603777227787,-0.9844363071305942,0.17573437175142426
,09/18/2024 05:37:04.128,0,0,PianoTiles,0,0.0,0,5.814786300000001,1.2034576600000002,-4.0579708,7.1921608065819145,1.091234,2.2487209999999997,0.4467299999999996,1.0962221750169943,1.3742453011057838,,,1.1548235045188333,0.5952921938040175,1.448469942404053,0.7140723573700354,0.5595313107148158,0.7343975850340176,-0.008891800344225636,-0.9865957505750226,0.16294097346568923
,09/18/2024 05:37:04.628,0,0,PianoTiles,0,0.0,0,5.861387499999999,1.2130369780999999,-4.1233866,7.26840004323192,1.2114669999999998,2.135597819,1.2463520000000003,3.224569725217742,1.5983379862001494,,,1.1899944330304908,0.6039531461148289,1.7557996484551315,0.6250454200688139,0.5860412869156619,1.1307542283863175,-0.05285780117269253,-0.9904512135132517,0.1273281057163548
,09/18/2024 05:37:05.148,1,0,PianoTiles,0,0.0,0,5.830649800000001,1.2215505089999998,-4.1075008,7.236036591828351,1.1325629999999993,2.09146241,1.5079889999999998,3.5719930598745413,1.5929393983774727,,,1.2020196021876057,0.6138412860031494,1.7100588343588674,0.856781277926286,0.5881783161844564,0.8532775564325814,-0.06487549412929809,-0.9906147402570888,0.12030630343776579
,09/18/2024 05:37:05.629,0,0,PianoTiles,0,0.0,0,5.7772055,1.1906823599999998,-4.054306200000001,7.157599222854257,1.13361,2.3782370999999998,0.949452,2.5597162866237553,1.5043136332202203,,,1.1898440517256412,0.6133338074531677,1.5437099132849441,0.8657119751083501,0.5765102442724735,0.677997938176594,-0.06521733851777647,-0.9901600934025601,0.12381311800326776
,09/18/2024 05:37:06.168,0,0,PianoTiles,0,0.0,0,5.8105203,1.23715509,-4.146279,7.244606850565874,1.1257409999999997,1.9293958000000002,1.8099189999999998,3.931143990694377,1.6213656007400066,,,1.176204920475293,0.6035447211681999,1.710491883544859,0.8797000541303832,0.572660199307093,0.8307918294144758,-0.058907582415063595,-0.9866864130460269,0.15159095963934605
,09/18/2024 05:37:06.651,0,0,PianoTiles,0,0.0,0,5.764854099999999,1.2017810100000001,-4.0683386,7.157457604103106,1.1254279999999994,2.2663276000000003,0.8437069999999998,2.1519494038099056,1.3851659921591932,,,1.1644589483137187,0.5904359539204906,1.3778266231164062,0.8660742831685974,0.574022994393228,0.5117523399478089,-0.05493280753211224,-0.9816576837598581,0.1825666414542108
,09/18/2024 05:37:07.156,0,0,PianoTiles,0,0.0,0,5.796153,1.1793835700000002,-4.1086215,7.201882103648823,1.0489860000000002,2.4057980000000003,0.8679480000000002,2.1903955995608224,1.5384627879793957,,,1.1489566011212482,0.5809822304649249,1.5815323576440035,0.7059134988268747,0.5679743706563233,0.8756188588171288,-0.0471386029253032,-0.978106587586003,0.20269547462909807
,09/18/2024 05:37:07.625,0,0,PianoTiles,0,0.0,0,5.8017378,1.1939253399999998,-4.134730500000001,7.223684345614307,1.1483720000000002,2.2594206,0.48184199999999944,1.2502139247270456,1.400649493319686,,,1.1996504512169366,0.5789541169669663,1.474911185625277,0.7464581416543066,0.6206963342499703,0.7284530439709704,0.008578082316601619,-0.9558717155601328,0.2936591219354475
,09/18/2024 05:37:08.123,0,0,PianoTiles,0,0.0,0,5.8347811,1.1547531599999998,-4.2567626,7.314243171935559,0.9905489999999997,2.1536923999999997,0.7338439999999999,1.5655371834905696,1.3987275256268763,,,1.1662774844752855,0.6014339270959029,1.515645636325642,0.5264580987704527,0.5648435573793825,0.9891875375551894,0.062170297100643326,-0.8190984052324093,0.5702741943172087
,09/18/2024 05:37:08.647,0,1,PianoTiles,0,0.0,0,5.832362900000001,1.120966781,-4.507244200000001,7.45575440849788,1.245311,1.99669719,1.2784320000000005,3.178832641129575,1.3856498751316433,,,1.423078378105015,0.6047436919141858,1.494646761270869,1.1598566547785119,0.8183346861908292,0.3347901064923571,0.07421059909947678,-0.7049072348082053,0.7054066751146791
,09/18/2024 05:37:09.161,0,1,PianoTiles,0,0.0,0,5.7391892,1.11015327,-4.6159263,7.448322533518539,1.0819279999999996,2.2730675000000002,1.202058,2.9562156788479794,1.5305323401799202,,,1.305996290494517,0.5895891439375388,1.5639111072146172,1.16557307364961,0.7164071465569782,0.3983380335650073,0.04730953349544853,-0.7638976377800328,0.6436009687955175
,09/18/2024 05:37:09.658,0,1,PianoTiles,0,0.0,0,5.677632399999999,1.05312889,-4.6509974,7.414604975539097,1.2209520000000005,2.3739238,1.2888920000000006,3.735785165491612,1.6616992385970626,,,1.2533893713562003,0.5961265260613722,1.687118975485499,0.9805275234938593,0.6572628452948281,0.7065914519916396,0.08174131895118429,-0.7498109421060224,0.6565835117288584
,09/18/2024 05:37:10.155,0,1,PianoTiles,0,0.0,0,5.680285199999999,0.99752176,-4.6750649,7.424077143606775,1.2012340000000004,2.2223224,1.056133,2.8193779098757674,1.4589655253010732,,,1.271470607397733,0.5865287353077344,1.5241603003628754,0.9356697322057609,0.6849418720899987,0.5884905681571145,0.16741068508640017,-0.5604945996117098,0.8110607044636124
,09/18/2024 05:37:10.626,0,1,PianoTiles,0,0.0,0,5.674215299999998,0.9117214100000002,-4.8421469,7.514941237387427,1.2354310000000002,1.7862744,1.2631820000000005,2.7876137453362886,1.264614925886785,,,1.3171571252902068,0.6596960011793314,1.3802712715125967,0.9678072116374264,0.6574611241108754,0.4124640598751702,0.1730339260023472,-0.30740454416950524,0.9357145433710823
,09/18/2024 05:37:11.141,0,1,PianoTiles,0,0.0,0,5.6100684,0.8290161599999999,-5.0689884,7.606232881364748,1.0520380000000005,1.939365,1.462231,2.983368964113067,1.1633997168473376,,,1.2167758257744115,0.6422884980176435,1.175793784473519,0.7936715750369044,0.5744873277567679,0.38212220943661446,0.1330100945917489,-0.2798527367802788,0.950784287024813
,09/18/2024 05:37:59.572,0,0,PianoTiles,0,0.0,0,5.8208174,0.88919274,-1.9374803999999997,6.198903873540518,0.8956250000000008,2.0997347,2.592583,4.8755464918232745,2.1995449487035876,,,0.8511740483846065,0.5829141012034365,1.2714913802169325,0.5019794319984532,0.2682599471811701,0.7695119482184793,-0.010292403928112176,-0.20906969396325722,-0.9778465776835805
,09/18/2024 05:38:01.552,0,0,PianoTiles,0,0.0,0,5.8270912,0.9623141799999999,-1.9630075999999999,6.223699805726837,0.9046279999999998,2.0695235000000003,2.5803719999999997,4.830840613668209,2.1648922233329655,,,0.8050030349937566,0.6069081744804647,1.2880937766020766,0.8883426903134006,0.19809486051329184,0.39975108628867595,-0.015024515701657264,-0.20771085790695068,-0.9780748761907184
,09/18/2024 05:38:02.072,0,0,PianoTiles,0,0.0,0,5.826714699999999,0.95884872,-1.9625962000000001,6.222682613414905,0.8968319999999999,2.0694884,2.581883,4.7919320423131735,2.165689466328838,,,0.7998164464038984,0.610921970456326,1.2857298870353797,0.8714466553121253,0.18889447594757236,0.41428323172325443,-0.015170147181274204,-0.20785109981173455,-0.978042834921636
,09/18/2024 05:38:02.586,0,0,PianoTiles,0,0.0,0,5.8393104000000005,0.95911428,-1.9658949999999997,6.235558459406269,0.9124799999999995,2.0787058,2.582365,4.8981717471434445,2.1627033282413377,,,0.8514943240688625,0.6323167160705544,1.2530256265773219,0.8631842785176813,0.2191776079983081,0.38984134805964055,-0.014699695670211507,-0.20739293388731644,-0.9781472741467997
,09/18/2024 05:38:03.071,0,0,PianoTiles,0,0.0,0,5.8499412,0.88576975,-2.0356012,6.25700186502401,0.9456189999999998,2.09931,2.553471,5.06901637507435,2.1038505203246363,,,0.9023494633156269,0.6300425562824785,1.466277728371474,0.5923467063170351,0.2723069070331484,0.873931022054439,-0.017748540363247176,-0.20426940054134818,-0.9787538001547951
,09/18/2024 05:38:03.576,0,0,PianoTiles,0,0.0,0,5.8504072,0.8533890599999999,-1.9845836000000001,6.236514199368786,0.8959140000000003,2.0656759,2.552307,4.7234727845748665,2.1593556071343696,,,0.8912424073515803,0.5787334209578363,1.2916431384694653,0.509202698488539,0.312508986393744,0.7824404399809263,-0.022530503191882587,-0.20175867784738533,-0.9791760885250393
,09/18/2024 05:38:04.102,0,0,PianoTiles,0,0.0,1,5.7867818,1.2779886500000002,-4.27649,7.308109557911681,0.8824479999999992,2.0612615,0.5916329999999999,1.076154447301631,1.248240367751445,,,0.8606684699819084,0.5630093147089128,1.2592720619787647,0.5063641017538667,0.2976591552729956,0.752907960224898,0.01030330878339377,-0.9963669067512981,0.08453891978824922
,09/18/2024 05:38:04.571,1,0,PianoTiles,0,0.0,1,5.7825533,1.2818387100000002,-4.2730003,7.303394054109051,0.8755600000000001,2.0573648999999996,0.5675249999999998,1.0223091223817657,1.2398308464920416,,,0.864169290391645,0.5596478231495233,1.2451821319798202,0.5203469721407054,0.3045214672421217,0.7248351598391148,0.014163465637339102,-0.9965995435268319,0.08117109142576633
,09/18/2024 05:38:05.057,1,0,PianoTiles,0,0.0,1,5.7793964,1.28251678,-4.276849500000001,7.3032673294194,0.8735200000000001,2.0563751999999997,0.592022,1.0634401581717916,1.2388699556681197,,,0.8893438435048617,0.5661620869848133,1.2472217952365332,0.5150944534995502,0.32318175652004844,0.732127341736983,0.021186853838211377,-0.9938657417576717,0.10854494269615411
,09/18/2024 05:38:05.581,0,0,PianoTiles,0,0.0,0,5.8089597,1.2814337379999998,-4.2732703999999995,7.32440612832364,0.900982,2.11342962,0.5262720000000005,1.0021071682129599,1.323875280614987,,,0.8732972986331748,0.5782326549149573,1.3751161137975454,0.494382945649422,0.2950646437182175,0.8807331681481234,0.008152104587688008,-0.9861963969728685,0.16537898835258288
,09/18/2024 05:38:06.087,0,0,PianoTiles,0,0.0,0,5.770677,1.28380723,-4.2648007,7.2895403869413995,0.8733220000000008,2.0682887,0.4220929999999994,0.7624189983821481,1.1948616665082594,,,0.8617352728553012,0.5842147547743043,1.193457357060691,0.4965588109066236,0.27752051808099687,0.6968985461540673,0.0018975865499851422,-0.982555956545657,0.18595749896665706
,09/18/2024 05:38:06.555,0,0,PianoTiles,0,0.0,0,5.752014000000001,1.2861686600000002,-4.232449300000001,7.2562746609560405,0.8665989999999999,2.0476824000000002,0.3791329999999995,0.6727789092359104,1.142214608523378,,,0.8681672007292144,0.584584977803912,1.1197458682327701,0.5109677656662899,0.28358222292530233,0.6087781025664802,0.0017087152284869017,-0.9863394929371704,0.16471637734212538
,09/18/2024 05:38:07.078,0,0,PianoTiles,0,0.0,0,5.8164714,1.375260472,-3.9319958999999995,7.154248574831631,0.858587,2.27111328,0.49911700000000003,0.9732523644854596,1.4082149487691429,,,0.864186294182568,0.5729950042836319,1.4763571031293201,0.5231162678506563,0.29119128989893606,0.9532408352786638,-0.016369567338832096,-0.9733606195556356,-0.22869442836109644
,09/18/2024 05:38:07.565,1,0,PianoTiles,0,0.0,0,5.9033299,1.459606015,-3.7270396999999997,7.1323613588091765,0.995323,2.37038385,0.6802090000000005,1.6048154372098444,1.5933101713876394,,,0.7996235091616554,0.5582022884447899,1.734284260058345,0.5014627318445507,0.24142122071686545,1.2328215282137944,-0.049339350770441034,-0.9219388346429765,-0.38418018382355656
,09/18/2024 05:38:08.066,0,0,PianoTiles,0,0.0,0,5.9582391,1.54395521,-3.6052446000000002,7.133175974913567,1.1302259999999995,2.1673199,1.2184109999999997,2.984572434675064,1.6797946697270834,,,0.8127189572207598,0.577103747593099,1.8952383046136994,0.4980126514919072,0.2356152096276608,1.3972256531217921,-0.08968658649325227,-0.8787518389613558,-0.46877662241756873
,09/18/2024 05:38:08.555,1,0,PianoTiles,0,0.0,0,5.949002600000001,1.56445777,-3.4337313000000003,7.044761932778129,0.8681100000000006,2.3114393,0.8996679999999997,1.8052590279052205,1.3854872955758397,,,0.8320024199327793,0.5703970144679935,1.4654557888059574,0.4825127386567117,0.26160540546478583,0.9829430501492458,-0.10729117900350633,-0.8675861524293209,-0.4855747841691583
,09/18/2024 05:38:09.091,1,0,PianoTiles,0,0.0,0,5.9628146,1.56818906,-3.4087704000000003,7.045146593350134,1.3661660000000007,1.9664724000000002,0.978694,2.6292885729429725,1.3835003421780034,,,0.9308459879244259,0.5816310491110325,1.5201244088840098,0.5179332328978319,0.3492149388133934,1.002191175986178,0.05608510412181507,-0.894837931058567,-0.4428538565198101
,09/18/2024 05:38:09.570,1,0,PianoTiles,0,0.0,0,5.881244100000001,1.5953196200000002,-3.3664639000000003,6.961835680605007,1.1401890000000003,2.0440638,1.0516169999999998,2.450918624081224,1.3400732046517594,,,0.8398633379199265,0.6136090395145756,1.4780073603573967,0.5358357494195403,0.22625429840535094,0.9421716109378564,0.00931355346327559,-0.8922760041401011,-0.45139427351004474
,09/18/2024 05:38:10.213,1,0,PianoTiles,0,0.0,0,5.899275899999999,1.64010414,-3.4083756000000003,7.007740146797775,0.8766369999999997,1.8747656,1.2462600000000004,2.0482144656555854,1.3525384653537353,,,0.8107056929774209,0.6207042737262248,1.5825487447453743,0.502743519670816,0.19000141925119607,1.0798052250745585,-0.08114104438759796,-0.8649405567235195,-0.4952716065458405
,09/18/2024 05:38:10.669,1,0,PianoTiles,0,0.0,0,5.9096011000000015,1.62350936,-3.3904081999999995,7.003858619772109,0.866358,2.0848124,1.1442829999999997,2.066796975891695,1.412619018042709,,,0.8530420242948168,0.6088795637546068,1.607224245946209,0.5037595621037884,0.24416246054020996,1.1034646838424207,-0.10133557771073477,-0.8581777023260535,-0.5032515592826385
,09/18/2024 05:38:11.180,1,0,PianoTiles,0,0.0,0,5.9112409,1.6090384400000002,-3.3272907000000003,6.9715591571424635,0.8694060000000006,2.2887246,1.056279,2.1018165927854917,1.3534135818314303,,,0.8243794113446796,0.5960537136718468,1.4402193349288714,0.5225135346553235,0.22832569767283284,0.917705800273548,-0.09661114801644066,-0.8580688190665477,-0.5043651334347821
,09/18/2024 05:38:11.549,1,0,PianoTiles,0,0.0,0,5.8848519,1.5829853699999998,-3.3825586000000003,6.969865655018152,1.3080670000000003,2.1410983000000003,1.0368939999999998,2.9040290568924076,1.417805470581468,,,0.9776885705893269,0.5784453815823931,1.5567523973177269,0.6131694288171905,0.3992431890069338,0.9435829685005364,0.032510769047525825,-0.8933738286143403,-0.4481364214643725
,09/18/2024 05:38:12.086,1,0,PianoTiles,0,0.0,0,5.8041206,1.57339897,-3.4034222,6.909897461583222,0.9767320000000002,2.1991103,0.9981239999999998,2.143911863470312,1.361809238996906,,,0.8697631651438228,0.5888170031962385,1.479485589507005,0.6140325409658677,0.28094616194758426,0.8654530485411372,0.030376564520738232,-0.8924882987739413,-0.45004655412469674
,09/18/2024 05:38:12.582,1,0,PianoTiles,0,0.0,0,5.819270400000001,1.63014264,-3.470605999999999,6.9689582451251875,1.0909810000000002,1.8053206,1.3936129999999998,2.7448190162977406,1.5026391533429901,,,0.8342094302835471,0.5893098736870097,1.7734241117252691,0.5845044283570483,0.2448995565965374,1.188919683368221,0.01330511835736093,-0.8623619004596256,-0.506117502622819
,09/18/2024 05:38:13.048,1,0,PianoTiles,0,0.0,0,5.8128042,1.5899593,-3.3501843,6.894954538440455,0.9999919999999998,2.279635,1.019987,2.3251794631604814,1.435090633326836,,,0.8226123993072311,0.595180729461228,1.5478915233016168,0.5759522266273475,0.22743166984600305,0.9719392966742694,0.010192677028037453,-0.8520884787526629,-0.5232985130037872
,09/18/2024 05:38:13.557,1,0,PianoTiles,0,0.0,0,5.8390387,1.6339580999999999,-3.4343303000000005,6.968415646483165,1.2901949999999998,1.848499,1.226473,2.9250450982470646,1.5215816071148431,,,0.8231406892597402,0.5880595048198777,1.7797027358623683,0.586104822388453,0.23508118443986248,1.1935979134739152,0.01565911345984371,-0.8512919240545221,-0.5244586277345444
,09/18/2024 05:38:14.080,1,0,PianoTiles,0,0.0,0,5.7820072,1.58360246,-3.3781185000000002,6.881212728306846,0.8780030000000005,2.2999533999999997,0.9921759999999997,2.0035664655930896,1.4216097060282298,,,0.8330389689888467,0.5816713591066693,1.5307593246096396,0.5898758577887381,0.2513676098821773,0.9408834668209015,0.024187942031219486,-0.8505300723948997,-0.5253699072198758
,09/18/2024 05:38:14.584,1,0,PianoTiles,0,0.0,0,5.7805143,1.5747932299999996,-3.2845735000000005,6.832477030086569,1.176844,2.2535067,1.0920779999999999,2.896219074044872,1.317646683650038,,,1.1891374866805773,0.6440631929973955,1.3852994868745494,0.6939580128336297,0.5450742936831818,0.6913414740409197,0.03266368272002004,-0.8614070356237304,-0.5068638898255655
,09/18/2024 05:38:15.082,1,0,PianoTiles,0,0.0,0,5.7934584,1.5874305000000002,-3.3090369,6.858120808969642,1.1762389999999998,2.0331520000000003,1.3096840000000003,3.132073499314277,1.4665305872932282,,,1.1926541732346385,0.672681269913174,1.5933214361634627,0.7268727863897501,0.5199729033214645,0.8664486497737126,0.030779917735943133,-0.8652262162619707,-0.5004360012600632
,09/18/2024 05:38:15.587,1,0,PianoTiles,0,0.0,0,5.8105368,1.59608706,-3.3261660999999996,6.882820114752593,1.1328320000000005,1.9904574000000002,1.4191659999999997,3.200011900946301,1.5075552514335193,,,1.1739887551522799,0.6555782426301227,1.6474899165344712,0.6887060276736369,0.5184105125221572,0.9587838888608343,0.01935812403183908,-0.868224445640946,-0.4957938836103566
,09/18/2024 05:38:16.067,1,0,PianoTiles,0,0.0,0,5.790608000000001,1.56544381,-3.2778264,6.835634662594855,1.0942050000000005,2.2694219,1.204774,2.991710205967289,1.3812876571947221,,,1.1492289125905248,0.6366095721947639,1.4659922421066933,0.674787919300576,0.512619340395761,0.7912043228061173,0.011862366097387085,-0.8684310811452977,-0.49566797513192323
,09/18/2024 05:38:16.554,1,0,PianoTiles,0,0.0,0,5.8052081,1.5951235499999998,-3.2754364000000002,6.853710223996574,1.1131150000000005,1.9546905,1.2116539999999998,2.636311097700587,1.1322244421510126,,,1.1414943103327324,0.6274489054425064,1.223125834143916,0.7029703679900026,0.514045404890226,0.5201554661539134,0.004133660844687826,-0.8649084251122311,-0.5019126707086614
,09/18/2024 05:38:17.078,1,0,PianoTiles,0,0.0,0,5.8322602,1.5687639400000002,-3.2818885,6.873650519656976,1.274585,2.1695206000000002,1.211427,3.349884476097419,1.4242251306435443,,,1.1348780640817768,0.6341143949304411,1.5760413352516993,0.7041249299513548,0.5007636691513357,0.8719164053003445,0.0011852212188808327,-0.8632537467902335,-0.5047688222377503
,09/18/2024 05:38:17.596,1,0,PianoTiles,0,0.0,0,5.7199302,1.56689313,-3.2617746000000003,6.768451012965847,1.133063,1.9774377000000003,1.17299,2.6281562252929658,1.0238810162943979,,,1.139701458799628,0.6391131283286239,1.0576639015765312,0.7080655230563054,0.500588330471004,0.3495983785202258,0.02141828674900325,-0.8708818308998717,-0.49102555290048283
,09/18/2024 05:38:18.092,1,0,PianoTiles,0,0.0,0,5.7064694000000005,1.56180005,-3.2689288,6.759357063270575,1.152399,1.9589195000000001,1.1607719999999997,2.6203927292472433,1.0213563936250178,,,1.150963641405757,0.6402391779241564,1.052250579055317,0.7111031855602954,0.5107244634816005,0.34114739349502154,0.04012766832307005,-0.8563678731276932,-0.514804658205134
,09/18/2024 05:38:18.568,1,0,PianoTiles,0,0.0,0,5.724963499999999,1.5732890200000003,-3.2872385,6.7864852738856705,1.050942,1.9229488,1.122379,2.268224316019786,1.0421084714192344,,,1.1615736283288287,0.6389055913865522,1.058905631140018,0.6229680709314082,0.5226680369422765,0.43593756020860985,0.03299348176857936,-0.8885478575472768,-0.4575960391097485
,09/18/2024 05:38:19.092,1,0,PianoTiles,0,0.0,0,5.7484584000000005,1.6062141300000001,-3.3495079000000003,6.844260440698077,0.9840730000000004,1.8841907,1.022773,1.8964064630684845,1.047312269735421,,,1.1027046426695595,0.5577407285576336,1.130650903804481,0.578998379605677,0.5449639141119259,0.551652524198804,0.019371012026460816,-0.9552615724494803,-0.2951272472924469
,09/18/2024 05:38:19.592,1,0,PianoTiles,0,0.0,0,5.734888100000001,1.6389188800000003,-3.3246488999999997,6.828490823235636,1.0425689999999994,1.9289061999999997,1.073477,2.158781363508257,1.0815465731415668,,,1.2112354280675572,0.5810870694732416,1.1254528870040896,0.7202467445445347,0.6301483585943156,0.4052061424595549,0.03322179043585363,-0.919212465172878,-0.3923579443710002
,09/18/2024 05:38:20.093,1,0,PianoTiles,0,0.0,0,5.7856583,1.66554757,-3.3052464,6.8682271684187,0.949071,2.0200713,1.1067909999999999,2.1219298423223147,1.1209934444237337,,,1.1279764888232378,0.5756565891796951,1.1502654485322463,0.5968013688028873,0.5523198996435427,0.5534640797293591,0.032287166356814626,-0.8842594592762325,-0.4658784686687638
,09/18/2024 05:38:20.582,1,0,PianoTiles,0,0.0,0,5.7769262999999995,1.66022679,-3.2938608,6.854104568770601,0.9503680000000001,2.0354921,1.0747689999999999,2.0791046860253024,1.1247558933459219,,,1.1250706329657707,0.5717266822949583,1.1630627425110864,0.5451532845906735,0.5533439506708124,0.617909457920413,0.022730765618449583,-0.8728372079239692,-0.48748181582279443
,09/18/2024 05:38:21.212,1,0,PianoTiles,0,0.0,0,5.7613232000000005,1.6535034800000001,-3.2945319999999993,6.839653490656844,0.9555720000000001,2.0394992000000003,1.08242,2.109515705663285,1.1267316442566535,,,1.132482264444349,0.5715928181328027,1.1692026675490605,0.6157183013343035,0.5608894463115464,0.553484366214757,0.01963354631462624,-0.876855665823784,-0.48035264667933286
,09/18/2024 05:38:21.673,1,0,PianoTiles,0,0.0,0,5.7296254,1.6393858599999998,-3.281577300000001,6.803303814924656,1.116599,2.0594843999999997,1.0845319999999998,2.494009549060137,1.1344438409197157,,,1.1314419158304145,0.5707601629546337,1.1853442996409778,0.8120113714019037,0.5606817528757808,0.37333292823907405,0.021003326642758478,-0.8805183960473626,-0.4735464227423931
,09/18/2024 05:38:22.127,1,0,PianoTiles,0,0.0,0,5.7250187,1.6152257499999998,-3.2417057,6.774470398800576,1.0874900000000007,2.0744335,1.0859169999999998,2.4497480541576775,1.1193929258661333,,,1.1171419314711095,0.5726915154566203,1.1893397616943822,0.7530183745859068,0.5444504160144892,0.43632138710847534,0.02603522523654297,-0.8833001591998265,-0.46808438961841425
,09/18/2024 05:38:22.591,0,0,PianoTiles,0,0.0,0,5.709880200000001,1.6011982500000002,-3.2952241,6.78417788706752,1.0590989999999998,2.2283705,1.1104379999999998,2.6207058231353066,1.366013957303846,,,1.127160908204769,0.5888719622226884,1.466742872557167,0.7120667971342288,0.5382889459820807,0.7546760754229381,0.029060198005341868,-0.8833139506191734,-0.46788029402127945
,09/18/2024 05:38:23.082,0,0,PianoTiles,0,0.0,0,5.755184399999999,1.6053154299999999,-3.3503081999999997,6.85009125069051,1.1308569999999998,2.0762036999999998,1.2276150000000006,2.8823043532843506,1.5076709108285264,,,1.1061274271624408,0.6174572483273639,1.6713159884059297,0.690883729911915,0.4886701788350769,0.9804322584940146,0.03235189557678526,-0.8878572325152209,-0.45898027138756403
,09/18/2024 05:38:23.595,1,0,PianoTiles,0,0.0,0,5.7187772,1.5608920400000001,-3.2931481,6.781269868712555,1.110341,2.1979286,1.063892,2.5963754863644843,1.3409348658242353,,,1.1023839203589647,0.6020479753267175,1.4465028937077726,0.7120659562400099,0.5003359450322472,0.7344369374677627,0.07116474708175988,-0.9018194798637621,-0.4262126282866836
,09/18/2024 05:38:24.112,1,0,PianoTiles,0,0.0,0,5.699894199999999,1.5529915400000003,-3.3209938,6.777136300395886,1.1076920000000001,2.1503356,1.0457809999999998,2.4909557421516446,1.2817291165389124,,,1.1048662288431117,0.6132271660991544,1.391156449211504,0.7524893814832211,0.4916390627439573,0.638667067728283,0.09124674304430401,-0.904196756782256,-0.4172556253764071
,09/18/2024 05:38:24.653,1,0,PianoTiles,0,0.0,0,5.705731800000001,1.6928565099999997,-3.4904376,6.899586449670327,1.3725750000000003,2.2524559,0.9407319999999997,2.908427876054832,1.5794756292092342,,,1.3773284521496678,0.6448716180457936,1.718361730973956,1.2769033583043785,0.7324568341038742,0.44145837266957755,0.07948092132313395,-0.8955659512042867,-0.4377720984589892
,09/18/2024 05:38:25.161,1,0,PianoTiles,0,0.0,0,5.6618233,1.7106544500000003,-3.456968,6.850781669324435,1.2168920000000005,2.5117405,0.944639,2.8873050872887616,1.4611895630960048,,,1.5516632128003813,0.6486634099091765,1.3960810711023377,1.323469186702131,0.9029998028912049,0.0726118844002066,0.06761658000904278,-0.8820515196029837,-0.46627579271708725
,09/18/2024 05:38:25.592,1,0,PianoTiles,0,0.0,0,5.686756000000001,1.7079599699999999,-3.4586180000000004,6.871561651661318,1.1140979999999994,2.4562753,0.9493039999999997,2.597800203366599,1.450924863374514,,,1.5424509085462004,0.6333946230952704,1.4046756921171129,1.3003486075606807,0.90905628545093,0.10432708455643214,0.07021731256872925,-0.883582245974456,-0.4629815802106617
,09/18/2024 05:38:26.091,1,0,PianoTiles,0,0.0,0,5.6820757,1.7114531899999998,-3.5408239999999997,6.910317712020748,1.0478560000000003,2.3907450999999997,1.1675689999999999,2.924943183393016,1.6015110168971034,,,1.5094364555886415,0.6299093459705133,1.67878374847656,1.276203195110794,0.8795271096181282,0.40258055336576604,0.073669946004141,-0.8920604135293694,-0.44587101012462965
,09/18/2024 05:38:26.586,1,0,PianoTiles,0,0.0,0,5.7044105,1.6985618799999997,-3.5007242999999995,6.905105519636168,1.0272389999999998,2.4354222,1.0040779999999998,2.5119628452989162,1.5074816165014107,,,1.4759191623022583,0.6251771921711476,1.4960334080721729,1.2474662535094887,0.8507419701311106,0.2485671545626842,0.07076538667271397,-0.8986322203970482,-0.4329577260118273
,09/18/2024 05:38:27.090,1,0,PianoTiles,0,0.0,0,5.707192399999999,1.7027742399999997,-3.4652658,6.890540781947014,1.0628349999999998,2.4081296,1.0129009999999998,2.592463815922489,1.4582089941426175,,,1.4893520960115507,0.6206560277802831,1.4075564499558657,1.2388591404526184,0.8686960682312677,0.16869730950324735,0.07181280561710918,-0.8964281116245655,-0.43733232402672345
,09/18/2024 05:38:27.611,1,0,PianoTiles,0,0.0,0,5.7915436,1.7814573000000002,-3.4116652000000003,6.953777881074092,1.1193490000000006,2.111106,1.1797640000000005,2.787858296996884,1.461872430520834,,,1.5203330631966805,0.5939902403819441,1.5935612798694,1.2312212958111959,0.9263428228147363,0.3623399840582042,0.04108076663423204,-0.8654848374176,-0.4992478010096534
,09/18/2024 05:38:28.126,1,0,PianoTiles,0,0.0,0,5.7912577999999995,1.8112454100000002,-3.3741748,6.942933992359566,1.1695459999999995,2.2444769,1.2537909999999997,3.2912251725642756,1.5363009566768995,,,1.6155016157986346,0.6019700686205257,1.6427538679357325,1.2841189225994607,1.013531547178109,0.3586349453362718,0.023080350173166037,-0.8550346929972686,-0.5180569188872499
,09/18/2024 05:38:28.636,1,0,PianoTiles,0,0.0,0,5.7624416,1.7998572,-3.2693962000000005,6.865433026865592,1.19027,2.4537389999999997,1.195296,3.4909957449665296,1.4425936284483722,,,1.673430343272465,0.5996470360945676,1.345045237957445,1.2850903485261258,1.0737833071778975,0.0599548894313191,0.018282232904046104,-0.8560840943467003,-0.5165131008664079
,09/18/2024 05:38:29.127,1,0,PianoTiles,0,0.0,0,5.7847347,1.8120640300000002,-3.3578200000000002,6.9297681599461844,1.2066870000000005,2.4039667,1.1953579999999997,3.4675367606216514,1.5497773458385764,,,1.695318894672917,0.5993599911864318,1.6145777421386958,1.3039471745576965,1.0959589034864852,0.3106305675809993,0.016594572095031068,-0.8564600076702572,-0.5159465819621696
,09/18/2024 05:38:29.633,1,0,PianoTiles,0,0.0,0,5.805412299999999,1.83376207,-3.3744609000000003,6.960781685126375,1.1392040000000003,2.2483363,1.3020660000000004,3.3349994923139885,1.5430650257046585,,,1.6832660625833935,0.6033415768940515,1.6643974910957091,1.3136688350984809,1.079924485689342,0.35072865599722824,0.012403151447529235,-0.8497964667926888,-0.5269650148357405
,09/18/2024 05:38:30.146,1,0,PianoTiles,0,0.0,0,5.751015700000001,1.6471075899999998,-3.2150112,6.791424151885049,1.1291649999999995,2.2472320999999997,1.2133409999999998,3.0788477329598134,1.3089690469602044,,,1.2702918326487023,0.6126038811605752,1.3531991424287153,0.7866844653595237,0.6576879514881271,0.5665146770691916,0.011315493357360134,-0.849188004069691,-0.5279694056990556
,09/18/2024 05:38:30.657,1,0,PianoTiles,0,0.0,0,5.8014516,1.6397731700000004,-3.1795856999999996,6.815824377127018,1.2614229999999997,2.0726663,1.5698119999999998,4.104287511486368,1.5341365143639962,,,1.205782304190935,0.6897176303575255,1.651805094306919,0.8963420245581482,0.5160646738334095,0.7554630697487708,0.008569963888534248,-0.8479268197420876,-0.5300440208897923
,09/18/2024 05:38:31.063,1,0,PianoTiles,0,0.0,0,5.8237226,1.6451143000000001,-3.2118434999999996,6.851137471274934,1.2044509999999997,1.9009489999999998,1.579298,3.6159605807717714,1.550987010943,,,1.2011088185260315,0.6782780300510994,1.7121211886837915,0.7536807551994406,0.522830788474932,0.9584404334843509,0.006463147865333939,-0.8373012600393426,-0.5467036012833645
,09/18/2024 05:38:31.650,1,0,PianoTiles,0,0.0,0,5.7709952,1.60106307,-3.1074829,6.747165221508458,1.1506949999999998,2.2218823,1.320001,3.3748582429308724,1.2477716041478932,,,1.1813835487909923,0.6391471666040615,1.3252252518070615,0.7460787992732404,0.5422363821869308,0.5791464525338211,0.007941311090920587,-0.8325510325624852,-0.5538914277701876
,09/18/2024 05:38:32.108,1,0,PianoTiles,0,0.0,0,5.8646210000000005,1.6321945500000001,-3.1678505,6.862442372292897,1.674569,1.9399344999999997,1.4126459999999996,4.589057062128986,1.5650935035362428,,,1.1302029847885728,0.6298206873999936,1.768517843035306,0.740911657110347,0.5003822973885792,1.027606185924959,0.008539579172476983,-0.8312842809879207,-0.5557818994623275
,09/18/2024 05:38:32.594,1,0,PianoTiles,0,0.0,0,5.8089835999999995,1.5765137599999999,-3.1429783000000007,6.79028708485946,1.236688,2.2825534,1.2613699999999999,3.560603307682212,1.4325475095554199,,,1.1295648836870766,0.6301961876963391,1.6012445266970812,0.7078094455388398,0.4993686959907375,0.8934350811582413,0.0024278985302397917,-0.8502693333327849,-0.5263422518690176
,09/18/2024 05:38:33.091,1,0,PianoTiles,0,0.0,0,5.7803640000000005,1.5679128,-3.2299861,6.804687261520037,0.9769410000000001,2.3074,1.1699259999999998,2.637239775846908,1.374794236232408,,,1.1281952504181179,0.633192374892496,1.5166692839650313,0.5320791079914714,0.49500287552562183,0.9845901759735599,0.0031330234307034278,-0.8636748290068441,-0.5040396550909276
,09/18/2024 05:38:33.615,0,0,PianoTiles,0,0.0,0,5.8036473,1.54576783,-3.3085706999999998,6.856993528067434,1.4104829999999993,2.1989987,1.1425199999999998,3.543697481758289,1.5121189284216505,,,1.0883034190941419,0.6816568127159,1.8195705566478837,0.5991466682340809,0.4066466063782419,1.2204238884138028,-0.007538534478755488,-0.8613310012506864,-0.5079882644140539
,09/18/2024 05:38:34.170,0,0,PianoTiles,0,0.0,0,5.7872396,1.5284779999999998,-3.292262,6.831352447424753,1.0870249999999997,2.3651169999999997,1.2115939999999998,3.114937061822487,1.5188518491443985,,,1.1266894260056766,0.6536489105727938,1.7511264539415763,0.5942758089187207,0.4730405154328827,1.1568506450228555,-0.005385908464621772,-0.853153858553074,-0.5216315611866407
,09/18/2024 05:38:34.575,0,0,PianoTiles,0,0.0,0,5.8156396,1.52866934,-3.2611973,6.840606825251067,0.8594849999999994,2.3028866,1.081346,2.1403043416278122,1.3652844308324525,,,1.0560376797908304,0.5885466422034872,1.5141735279294644,0.5294148561289145,0.46749103758734323,0.9847586718005499,-0.003357803116650751,-0.8497153570092569,-0.5272310093506081
,09/18/2024 05:38:35.104,1,0,PianoTiles,0,0.0,0,5.8203169,1.5642482800000002,-3.2108439999999994,6.828797894962522,1.254276,2.1908752000000002,1.203703,3.3077303227875015,1.3791307787531397,,,1.155537260375883,0.5509982684328512,1.5054910647531061,0.7314046225872515,0.6045389919430317,0.7740864421658546,0.011754522119002004,-0.8556223099415083,-0.5174671911726494
,09/18/2024 05:38:35.618,1,0,PianoTiles,0,0.0,0,5.8385985,1.60654198,-3.2895302,6.891387270674651,1.71732,1.7238962,1.5379520000000002,4.553078324210728,1.681642285734931,,,1.1841420006405483,0.5567180636138912,1.9059466752981415,0.8289390557369096,0.6274239370266571,1.077007619561232,0.029267080089923177,-0.8625512903017928,-0.5051224699236043
,09/18/2024 05:38:36.102,1,0,PianoTiles,0,0.0,0,5.828337400000001,1.56445859,-3.2281661999999995,6.843836975183292,1.6044900000000002,2.1528801000000004,1.2251249999999998,4.231918159093982,1.5410504063027257,,,1.1685965628774546,0.553461336031705,1.7072105187117406,0.7972350229198413,0.6151352268457496,0.9099754957918993,0.040331353704146734,-0.8678318827083196,-0.49521834100053724
,09/18/2024 05:38:36.657,1,0,PianoTiles,0,0.0,0,5.7343914,1.54284871,-3.2509279000000006,6.769945279050713,1.1475769999999992,2.3263319000000005,1.219856,3.25658245014616,1.4236128628814932,,,1.1753829843965753,0.6667887793776973,1.5403351887843793,0.707591519947066,0.508594205018878,0.8327436688373132,0.0547455095677174,-0.8635195262517551,-0.501335174273774
,09/18/2024 05:38:37.068,1,0,PianoTiles,0,0.0,0,5.7114484,1.5441621700000003,-3.2531376,6.751887430760041,1.1367840000000005,2.3060223,1.2190189999999999,3.195596448507053,1.3740730520555455,,,1.1656805699538793,0.6733135887363337,1.4643478958277265,0.7003034418336095,0.4923669812175455,0.764044453994117,0.056459284269353524,-0.8597250222855791,-0.5076270631830545
,09/18/2024 05:38:37.588,1,0,PianoTiles,0,0.0,0,5.7493153999999995,1.59124395,-3.3488917999999996,6.841181269722065,1.1382560000000002,1.8462115000000001,1.654483,3.476832024372357,1.5819436736942325,,,1.1640191027255524,0.6600067423814698,1.7433822663946223,0.7087406563405262,0.5040123603440826,1.0346416100540963,0.055189962915471916,-0.8589786314811203,-0.5090282690108776
,09/18/2024 05:38:38.093,1,0,PianoTiles,0,0.0,0,5.7178581,1.54494501,-3.2501083,6.756031401450736,1.1148829999999998,2.3155859,1.2165179999999998,3.140571816228698,1.3676528475377543,,,1.1427899882379966,0.64950363638243,1.4528877998801593,0.7061455600596804,0.4932863518555666,0.7467422398204788,0.0528944011982627,-0.864793185138379,-0.4993344863516784
,09/18/2024 05:38:38.625,1,0,PianoTiles,0,0.0,0,5.7549959,1.62958457,-3.3451998000000005,6.853166084498386,1.1305380000000005,1.6099842999999998,1.5883340000000001,2.891003637294605,1.3895094014348541,,,1.1557470940586443,0.6482956121107094,1.5358182356445995,0.706682018904543,0.5074514819479349,0.8291362167400566,0.05180200752490679,-0.869600901548835,-0.49103036977547815
,09/18/2024 05:38:39.153,1,0,PianoTiles,0,0.0,0,5.7278568,1.54335966,-3.2736962,6.77549919720429,1.0888140000000002,2.3925014,1.1805379999999999,3.0752885269131327,1.479343298113715,,,1.1306454698591424,0.6542739958197944,1.5898884487607177,0.7108544376530258,0.476371474039348,0.8790340111076919,0.04873223608857674,-0.8730279839821485,-0.48522912974168475
,09/18/2024 05:38:39.592,1,0,PianoTiles,0,0.0,0,5.7033648,1.6037393999999998,-3.3108058,6.786883316390893,1.1022090000000002,1.77998,1.2041459999999997,2.3624260497437497,1.1510879402138834,,,1.1349321129063181,0.6507738621518234,1.2339380766367494,0.7291303004902483,0.4841582507544947,0.5048077761465011,0.0469319374310139,-0.8746237625265441,-0.48252530221003204
,09/18/2024 05:38:40.118,1,0,PianoTiles,0,0.0,0,5.718408800000001,1.5441059300000002,-3.2690686999999996,6.765446954362905,1.1016310000000002,2.3802627,1.190651,3.122090735808983,1.4833985169838977,,,1.138254871884588,0.642740395903354,1.602969098901688,0.7146087664260776,0.495514475981234,0.8883603324756104,0.045554518055530215,-0.8752946507393282,-0.4814395707374352
,09/18/2024 05:38:40.629,1,0,PianoTiles,0,0.0,0,5.7039673,1.61320691,-3.3246701,6.796404252821859,1.079314,1.6956719000000002,1.2042009999999994,2.203883417622862,1.1333965544533278,,,1.1245491761608295,0.6287912672683992,1.2059305878791735,0.7285748491754299,0.4957579088924303,0.4773557387037436,0.04629757871129095,-0.8753687590419632,-0.48123390352177525
,09/18/2024 05:39:14.755,0,0,PianoTiles,0,0.0,0,5.8820558,1.18063486,-1.05183903,6.090882075035783,1.3268460000000006,2.2433424,3.8182367,11.365248394381773,3.06332678784243,,,1.3668335007352912,0.7863941649929502,1.428592204641286,0.9291732318026011,0.580439335742341,0.49941897283868486,-0.01436681242244189,-0.26171152602487274,-0.9650392074141603
,09/18/2024 05:39:16.768,0,0,PianoTiles,0,0.0,0,5.9116353,1.1038373899999998,-1.47207972,6.191357492973846,0.8255840000000001,2.1425175,3.2501553999999997,5.748966420987264,2.6466475779073346,,,0.9212461213184887,0.5910336635295493,1.3648461472585434,0.8191294592994685,0.3302124577889394,0.5457166879590749,-0.037295255382798605,-0.2435576386478233,-0.9691690980330667
,09/18/2024 05:39:17.264,0,0,PianoTiles,0,0.0,0,5.888235400000001,1.0683397000000001,-1.45766764,6.159339314334974,0.7963850000000008,2.1818293,3.1862876,5.536417267772626,2.661593892570033,,,1.0558947666122274,0.590754849920473,1.3445737744632311,0.5603636949303636,0.46513991669175436,0.7842100795328675,-0.04216162301227729,-0.24048541336362717,-0.9697366464686668
,09/18/2024 05:39:17.770,0,0,PianoTiles,0,0.0,0,5.9077098,1.0861267,-1.44317408,6.177657947365876,0.9034699999999996,2.1945731,3.1637731999999996,6.272911069809321,2.67605400900515,,,0.9986544466081395,0.5846832437647239,1.3397650839437527,0.6647927673989844,0.4139712028434156,0.6749723165447683,-0.045931981985286266,-0.23896567159248933,-0.9699410604934993
,09/18/2024 05:39:18.261,0,0,PianoTiles,0,0.0,0,5.920928699999999,1.09746007,-1.45580536,6.195255000557508,0.9105990000000004,2.2009023,3.1582974,6.329668361990095,2.6636299390520377,,,1.006473937775341,0.5773241036015735,1.3473934015972062,0.7200729301633271,0.4291498341737676,0.6273204714338791,-0.04360258045031973,-0.23911428450601763,-0.9700119452477113
,09/18/2024 05:39:18.754,0,0,PianoTiles,0,0.0,0,5.9044783,1.07147949,-1.4813762099999999,6.181052318838234,0.8225880000000005,2.2148211,3.1501409,5.7391952695044175,2.6385026616310006,,,1.1345698984434587,0.5611361776631499,1.3524625974136992,0.6363420949772222,0.5734337207803087,0.7161205024364771,-0.03655639343852753,-0.23954262302355073,-0.9701973829349183
,09/18/2024 05:39:19.263,0,0,PianoTiles,0,0.0,0,5.9304875,1.0492572399999998,-1.4678584700000001,6.198889515977794,0.951867,2.1477468,3.1460043,6.431594618893042,2.6545966565029775,,,1.0892449943465428,0.5490323501767272,1.3903646116200923,0.6503172992478362,0.5402126441698155,0.7400473123722561,-0.02942945598721736,-0.23318376747887515,-0.9719872621102883
,09/18/2024 05:39:19.757,0,0,PianoTiles,0,0.0,0,5.9278897,0.92290615,-1.6378446,6.218855762181904,0.983746,2.033395,3.0507739999999997,6.102598069302496,2.4963758645030945,,,1.0913922626576753,0.5634484865169577,1.4196808497202076,0.724602078920017,0.5279437761407176,0.6950787708001905,-0.021738215571847515,-0.18972491172454986,-0.981596611574665
,09/18/2024 05:39:20.268,0,0,PianoTiles,0,0.0,0,5.877203399999999,0.76890948,-1.8157594000000004,6.199171218162456,0.813542,1.8572515,2.896676,4.376738684677921,2.341332979825994,,,0.8311068205848388,0.6484552190684335,1.3833497548890121,0.6792208819342646,0.18265160151640525,0.7041288729547476,-0.02530888550638881,-0.08902200199121317,-0.9957080613693459
,09/18/2024 05:39:20.734,0,0,PianoTiles,0,0.0,0,5.933830900000001,0.89316707,-2.0063959,6.327220643557803,0.8396460000000001,1.8354046000000002,2.871384,4.425061544055481,2.1360669983128866,,,0.8550575061663634,0.626228073174622,1.52242406146486,0.7570084106532834,0.2288294329917414,0.7654156508115767,-0.06051452973496288,-0.15826165649767823,-0.9855410898453535
,09/18/2024 05:39:21.237,0,0,PianoTiles,0,0.0,0,5.9406467,0.77715488,-2.0550624,6.33391935452469,0.9102890000000006,1.8866405,2.780852,4.775802116266689,2.1092491102054645,,,0.8842386888283106,0.6439796983919678,1.3930010013455985,0.7338133498329125,0.2402589904363428,0.659187651512686,-0.052519063015877485,-0.1587105938897782,-0.985927327650009
,09/18/2024 05:39:21.784,0,0,PianoTiles,0,0.0,0,5.8301696,1.1431809200000003,-4.4824372000000015,7.442444721498444,1.165591,2.1558707,0.7143550000000003,1.7950765948869674,1.4579599984565368,,,1.104838498855376,0.896633653226333,1.6065519867679012,0.8564949854776799,0.20820484562904307,0.7500570012902213,0.050220972626370895,-0.824579065776975,0.5635132812905409
,09/18/2024 05:39:22.225,0,0,PianoTiles,0,0.0,0,5.7398269,1.60104845,-4.2605401999999994,7.325378609807622,1.0375840000000007,2.2760085,1.1937640000000003,2.8191333783352013,1.6328042494353545,,,1.1283724990569388,0.7312467199283698,1.6959053705597047,0.6240584214326406,0.39712577912856906,1.0718469491270641,0.061712174385351946,-0.9293838842640622,0.3639192262066901
,09/18/2024 05:39:22.743,0,0,PianoTiles,0,0.0,0,5.5468606000000005,1.69762062,-4.064128999999999,7.082847083900834,1.1034390000000007,2.2455598,1.159675,2.8734870843420044,1.5163268404188113,,,1.2548620762980294,0.559767218179129,1.574162726654344,0.632977901052635,0.6950948581189004,0.9411848256017091,0.17059475438065014,-0.9484001723892825,0.2672724130728518
,09/18/2024 05:39:23.247,0,0,PianoTiles,0,0.0,0,5.6643585000000005,1.52772916,-3.6930601999999992,6.932359428337556,1.2211100000000004,1.8278944,0.6497730000000002,1.4503324073599129,1.2693867538397126,,,1.227366663829925,0.6248213982699373,1.4054782008223252,0.7052676496203409,0.6025452655599877,0.7002105512019843,0.29027292718203473,-0.9557938001834276,0.04690244424436092
,09/18/2024 05:39:23.757,1,0,PianoTiles,0,0.0,0,5.7396376,1.5503592899999998,-3.3597674999999994,6.828989043883385,1.1223839999999994,2.1943931,1.1311019999999998,2.7858495995990262,1.315095017517024,,,1.1896651441388875,0.6655247987588446,1.3894154076736047,0.7014224173149871,0.5241403453800428,0.6879929903586176,0.06509697061942155,-0.9118532784745577,-0.40532207311146395
,09/18/2024 05:39:24.235,1,0,PianoTiles,0,0.0,0,5.8153977,1.62326473,-3.2499452,6.8568201519239445,1.1195529999999998,1.9402427,1.1522609999999998,2.502946570294859,1.040626260544397,,,1.1384270232966185,0.6884476423330965,1.0769981084488915,0.6970725360441337,0.44997938096352197,0.3799255724047579,-0.03684984327507013,-0.8853198256500078,-0.4635201132223308
,09/18/2024 05:39:24.751,1,0,PianoTiles,0,0.0,0,5.9379564,1.6407625499999998,-3.2544279000000005,6.967261220169793,1.1145379999999996,1.8462735,1.1823059999999996,2.432880682481112,1.0306473748674532,,,1.073048260041458,0.718380424573916,1.117722164231456,0.7442476066807333,0.3546678354675419,0.3734745575507228,-0.1487304809630027,-0.9010516707292912,-0.4074127277202655
,09/18/2024 05:39:25.274,1,0,PianoTiles,0,0.0,0,5.9640608,1.6133678500000002,-3.3700358,7.037763731384559,0.9618380000000002,1.8358244999999997,1.0489009999999999,1.8521134771263412,1.0558756771571183,,,1.0640501875668273,0.6302155414729157,1.1168359444686808,0.6271772521289335,0.43383464609391165,0.48965869233974735,-0.18793702839967644,-0.9429608337113343,-0.2747808935183163
,09/18/2024 05:39:25.773,1,0,PianoTiles,0,0.0,0,5.9602567,1.6002632900000002,-3.4022672,7.047050775140786,1.2419089999999997,1.9634111,0.9634009999999997,2.3491357224499043,1.11675385206717,,,1.2554328670199777,0.642719190755185,1.1838991598716546,0.7775350049984887,0.6127136762647927,0.4063641548731659,-0.16945341581495907,-0.9341514899984781,-0.31408045721162886
,09/18/2024 05:39:26.310,1,0,PianoTiles,0,0.0,0,5.994668299999999,1.6750220299999998,-3.3854476999999994,7.0854077481430435,1.728154,1.9514257,1.2457539999999998,4.201136103354845,1.1653096301212362,,,1.6920269372379981,0.8640543029636506,1.1522664780175158,1.0115518509844168,0.8279726342743475,0.140714627033099,-0.1653263183633916,-0.9312942519486652,-0.3245893170512278
,09/18/2024 05:39:26.819,1,0,PianoTiles,0,0.0,0,5.9506896000000005,1.7018453200000003,-3.3837699,7.053855891985608,1.9230750000000008,1.9656888000000001,1.517328,5.735753217176434,1.1930268715959358,,,1.9206342376873844,0.9615831370698015,1.116904883204134,1.2233377812411426,0.9590511006175829,0.10643289803700862,-0.12197123020233958,-0.9325597286990952,-0.3397872443332709
,09/18/2024 05:39:27.309,1,0,PianoTiles,0,0.0,0,5.834477100000001,1.62367895,-3.4781866999999997,6.983927196295392,1.4139499999999998,1.9689745000000003,1.5417419999999997,4.292258284046526,1.506584512488331,,,1.4044988234348934,0.7033542249066256,1.5825893584367519,1.0383298554356417,0.7011445985282678,0.5442595030011101,-0.06755949574397244,-0.9386720768219425,-0.3381278555954853
,09/18/2024 05:39:27.818,1,0,PianoTiles,0,0.0,0,5.739256299999999,1.59784524,-3.4089416999999997,6.863895089676068,1.2499740000000008,1.9147796,1.2114789999999998,2.8995837811883507,1.0457125770616922,,,1.3052458665956392,0.5866745209176886,1.020103824281215,1.0240824338762975,0.7185713456779507,0.00397860959508245,-0.02476597155251337,-0.9498078655493455,-0.3118519924477902
,09/18/2024 05:39:28.316,1,0,PianoTiles,0,0.0,0,5.7287889,1.5580259600000002,-3.5103257999999995,6.897017788504156,1.2548089999999998,1.9040203999999998,0.847064,2.0237900058295315,1.0041104551396822,,,1.219853543106303,0.5797895412526859,1.0096646535571898,0.8646166782233615,0.640064001853617,0.1450479753338283,-0.004571784095968676,-0.9548424563442809,-0.29707740128222465
,09/18/2024 05:39:28.801,1,0,PianoTiles,0,0.0,0,5.7800185,1.56396521,-3.6092392,6.9915097540695195,0.9053369999999994,1.8851898999999999,0.779763,1.3308465959031794,1.0185075986651067,,,1.0229176539751372,0.5840378563783344,0.9957379406986608,0.9112791945391924,0.43887979759680285,0.08445874615946847,-0.04682448870204363,-0.9206560747954735,-0.3875562658505
,09/18/2024 05:39:29.306,1,0,PianoTiles,0,0.0,0,5.845981199999999,1.57605797,-3.5773762,7.032572459056529,0.916194,1.9129213000000003,0.7842119999999997,1.3744154544329612,1.0569079397048131,,,1.0807371561614785,0.5826906179697762,1.0297175582968807,0.6121345590219522,0.4980465381917023,0.4175829992749285,-0.060082435774372216,-0.9091985001473638,-0.41200508278564063
,09/18/2024 05:39:29.837,1,0,PianoTiles,0,0.0,0,5.937710000000001,1.56869654,-3.6818755999999992,7.160545845994099,1.238334,1.9520596000000001,1.360105,3.2877842275668385,1.6243163093581923,,,1.0668733902830272,0.5884791734275732,1.8645147263233293,0.5607647671911994,0.478394216855454,1.30374995913213,-0.08410939143929523,-0.9117759110011205,-0.401982957835016
,09/18/2024 05:39:30.282,0,0,PianoTiles,0,0.0,0,5.884016,1.52101585,-3.6220086,7.074890797933293,0.9259710000000005,2.3020245,0.805002,1.715948645488905,1.4555677026770286,,,1.0887633935437953,0.5980060656598729,1.5450990512628147,0.515543453547807,0.49075732788392235,1.0295555977150077,-0.08074841673320608,-0.9179429670772924,-0.38840752102452586
,09/18/2024 05:39:30.784,1,0,PianoTiles,0,0.0,0,5.8622757000000005,1.5414139400000002,-3.6405927,7.0707954661784775,0.9240810000000002,2.0241526000000003,0.7958639999999999,1.4886484577630466,1.2269955704713165,,,1.082318126501169,0.5978856458671669,1.2889663851677278,0.4885660887761245,0.4844324806340021,0.8004002963916033,-0.06436136580811329,-0.9217317188367251,-0.382450327600344
,09/18/2024 05:39:31.300,1,0,PianoTiles,0,0.0,0,5.881431300000001,1.5048317680000003,-3.6811285999999996,7.099750739028777,0.9558099999999996,2.35247232,1.053608,2.3690550443661498,1.6170601209227795,,,1.123605888012785,0.5952184809261225,1.74837323714791,0.4783340836632909,0.5283874070866625,1.270039153484619,-0.05845855092906028,-0.9367948420803999,-0.3449608987622118
,09/18/2024 05:39:31.790,1,0,PianoTiles,0,0.0,0,5.860712900000001,1.4830252700000002,-3.6691918,7.071795253885129,0.94632,2.1800353,0.7207429999999997,1.486900740845906,1.3653224997831592,,,1.0889428802669128,0.5742676423297766,1.4442050124716677,0.5058048427269154,0.5146752379371362,0.9384001697447523,0.010332470808917894,-0.9823974028669724,-0.1865169774771468
,09/18/2024 05:39:32.288,1,0,PianoTiles,0,0.0,0,5.861972500000001,1.4098186499999998,-3.8005062,7.127002005954715,1.2100649999999993,1.9068705,0.7031210000000003,1.6224075877699387,1.290866053866632,,,1.0976808298676801,0.5816320381186033,1.4200806396329222,0.7260592942026158,0.5160487917490768,0.6940213454303064,0.07432137810605524,-0.9966454129311016,0.03426738449036712
,09/18/2024 05:39:32.788,1,0,PianoTiles,0,0.0,0,5.8390614,1.42305224,-3.9869776999999997,7.212191545642439,1.2390600000000003,1.8863965999999999,0.9685200000000003,2.263778523374751,1.287757158906366,,,1.122371820333173,0.5927660017544865,1.3676279512564669,1.0457655541841109,0.5296058185786865,0.321862397072356,0.07271204305945281,-0.995196483560392,0.06555088026221163
,09/18/2024 05:39:33.284,0,0,PianoTiles,0,0.0,0,5.7689520000000005,1.375572085,-4.045232,7.178921066090591,0.955171,2.17761615,0.68357,1.4218227260062557,1.374639495315239,,,1.071539212719721,0.615091028412056,1.3889568878892615,0.7786500732203134,0.456448184307665,0.6103068146689481,0.07377345116863371,-0.997206463133601,0.01169392095250146
,09/18/2024 05:39:33.797,0,0,PianoTiles,0,0.0,0,5.738376700000001,1.3533523668999998,-4.0685858,7.163373520350476,0.9301520000000005,2.241108331,0.5366869999999997,1.1187623689640787,1.3876198883278135,,,1.0709910275352454,0.6139178148254051,1.3867807418699156,0.6732836580773366,0.45707321270984036,0.713497083792579,0.1017511955356289,-0.9944932826951429,0.025095913637657594
,09/18/2024 05:39:34.298,0,0,PianoTiles,0,0.0,0,5.7748307,1.3797192315,-3.9811810999999993,7.148573124927145,0.929888,2.279154685,0.5242209999999998,1.1110122803128175,1.449092983318495,,,1.0708270388391397,0.6030605669234222,1.4796852048405629,0.6769049665307528,0.4677664719157174,0.80278023830981,0.08938425969390085,-0.9946983535293682,-0.05084918489944029
,09/18/2024 05:39:34.794,0,0,PianoTiles,0,0.0,0,5.8122366,1.4299009980000001,-3.8810474999999998,7.13366952246298,1.0244599999999995,2.32519702,0.5305950000000004,1.2639151421746462,1.521330974571679,,,1.0638221320620282,0.592529366544815,1.577729996704012,0.6928823490391427,0.4712927655172132,0.8848476476648692,0.06170000363873705,-0.9843261569122254,-0.16521236748315418
,09/18/2024 05:39:35.283,0,0,PianoTiles,0,0.0,0,5.8316303000000005,1.457929835,-3.7694414000000003,7.095220914650592,1.026656,2.39222365,0.6383609999999997,1.5678087198516515,1.5774593571632916,,,1.1508159710661825,0.5894933342235518,1.6550846919080977,0.6713455467611295,0.5613226368426307,0.9837391451469683,0.02017707093764096,-0.958910908551808,-0.2829889666907943
,09/18/2024 05:39:35.807,0,0,PianoTiles,0,0.0,0,5.8068158,1.51137345,-3.7494061000000003,7.075408507161389,0.9178550000000003,1.9544545,0.835833,1.4994056958670492,1.2404760373602355,,,1.0695159003109773,0.5964880421559177,1.2995595937898539,0.6649953049676366,0.47302785815505966,0.6345642888222173,0.0016660796982881619,-0.9466674626960367,-0.32220791307956226
,09/18/2024 05:39:36.385,1,0,PianoTiles,0,0.0,0,5.8565646,1.53681764,-3.8237976000000002,7.161186037127795,0.921729,1.6438156,1.4006329999999996,2.1221726043796654,1.3346518443780673,,,1.066207265519233,0.6128817251297348,1.4734790776302726,0.6461026454372399,0.4533255403894981,0.8273764321930327,-0.03321512825801148,-0.9543809655190386,-0.29673848403897907
,09/18/2024 05:39:36.791,0,0,PianoTiles,0,0.0,0,5.8306097,1.43912251,-3.7840499000000003,7.098317879484745,0.8727670000000005,2.4620389,0.710162,1.525986379673125,1.61203178388184,,,1.0479177472459373,0.6110490368481076,1.6804739137100015,0.622989045480737,0.4368687103978297,1.0574848682292646,-0.039147078069656734,-0.9559415848259104,-0.29093503171521845
,09/18/2024 05:39:37.321,1,0,PianoTiles,0,0.0,0,5.792366100000001,1.5101343900000002,-3.8320341,7.107495779517052,0.8917250000000001,1.7126360999999999,1.198563,1.8304459245144467,1.1955527390594864,,,1.040595486957828,0.598625956047681,1.2458785618936583,0.6268235373763498,0.441969530910147,0.6190550245173085,-0.027328610605541065,-0.959864450723939,-0.2791296889956382
,09/18/2024 05:39:37.782,1,0,PianoTiles,0,0.0,0,5.7960057,1.5099649999999998,-3.8813841000000004,7.13714360983372,0.8968800000000003,1.725533,1.7616389999999997,2.726305535095109,1.6022498224344721,,,1.0313704766251557,0.5781065236831355,1.7420349771382313,0.6279598153584349,0.45326395294202015,1.1140751617797964,-0.018268857959977354,-0.9619007498154232,-0.2727878229198748
,09/18/2024 05:39:38.320,0,0,PianoTiles,0,0.0,0,5.8125594000000005,1.51125405,-3.8553859999999993,7.136787568028473,0.8935310000000003,1.7854945,1.7298019999999994,2.759716918769691,1.623008811926683,,,1.0425050019194155,0.5690667961153595,1.7847067419803875,0.6248007336919505,0.47343820580405604,1.159906008288437,-0.0012053013356686923,-0.954446435527686,-0.29837987357927576
,09/18/2024 05:39:38.827,0,0,PianoTiles,0,0.0,0,5.8168310000000005,1.4788747,-3.7231587999999993,7.0628963400915445,0.8979009999999992,2.1809450000000004,0.6866299999999996,1.3446087815600287,1.3453753010649223,,,1.0486078564964114,0.5766764329795351,1.376977556213245,0.6190304325354291,0.47193142351687634,0.7579471236778158,0.0010422399928906383,-0.9462547696458846,-0.32342050747936657
,09/18/2024 05:39:39.325,1,0,PianoTiles,0,0.0,0,5.8662951,1.5135016500000003,-3.7395853000000003,7.1195929420728,1.205685,1.8163155000000002,0.9461359999999996,2.0719473455142463,1.3243661504861566,,,1.0384433018099741,0.6010219129075082,1.4918143600459304,0.6094083202919042,0.43742138890246596,0.8824060397540262,5.4804027259138264e-05,-0.9491517660647247,-0.31481887169090234
,09/18/2024 05:39:39.822,1,0,PianoTiles,0,0.0,0,5.8290208,1.47436547,-3.732318099999999,7.0768238232662375,0.931095,2.1813442999999997,0.7084879999999996,1.438966596794269,1.428370866294851,,,1.0451497435688346,0.6185454499436563,1.5472100523140644,0.5998147349082049,0.42660429362517827,0.9473953174058595,-0.006758039326817897,-0.9494401002080395,-0.3138754928652519
,09/18/2024 05:39:40.321,1,0,PianoTiles,0,0.0,0,5.7702164,1.47309805,-3.7042865,7.01335537683818,0.9033230000000003,2.1394215,0.6487969999999996,1.2538577168258083,1.281127252059963,,,1.0464172568268362,0.6236736500590678,1.2770826408225309,0.5955246224447818,0.42274360676776834,0.6815580183777491,-0.005761049343072214,-0.945642257970913,-0.32515770058563925
,09/18/2024 05:39:40.810,1,0,PianoTiles,0,0.0,0,5.774415299999999,1.5054733200000001,-3.8061973,7.077955909768949,0.9062329999999994,1.8212077999999998,1.4898660000000001,2.4589323674704233,1.5072583824431942,,,1.0584735835484984,0.5975986007756379,1.6057498967818244,0.6065756688608603,0.46087498277286054,0.9991742279209641,-0.007984178946272496,-0.9427992976754056,-0.3332652655007958
,09/18/2024 05:39:41.294,0,0,PianoTiles,0,0.0,0,5.7988255,1.4549908400999998,-3.7224389,7.04272155409103,0.9374630000000002,2.333215599,0.7753130000000001,1.6958446796224982,1.5175188352542202,,,1.0751323360233382,0.6066894745732777,1.5443230935668821,0.5808392279667414,0.46844286145006053,0.9634838656001408,0.00912558993092441,-0.9410796901174375,-0.33806174059908095
,09/18/2024 05:39:41.810,1,0,PianoTiles,0,0.0,0,5.800391899999999,1.51370118,-3.7300962000000006,7.0604146561780246,0.9827070000000004,1.7650451999999999,0.8874879999999998,1.5393677033365252,1.0776592353575194,,,1.1070338788104006,0.6085154589088104,1.0807069962268403,0.5660490833797012,0.4985184199015902,0.5146579128471391,0.029087784296550494,-0.9396621907085296,-0.3408648825525504
,09/18/2024 05:39:42.295,0,0,PianoTiles,0,0.0,0,5.831971,1.48151229,-3.7832345000000003,7.107716067222459,0.967193,2.0897671,1.44009,2.910721588210399,1.644988889826342,,,1.0772732106981966,0.6145115298649818,1.7632609389359846,0.5582442177336008,0.4627616808332148,1.2050167212023837,0.03023908231891427,-0.9413455635842644,-0.33608648860186774
,09/18/2024 05:39:42.783,1,0,PianoTiles,0,0.0,0,5.813168,1.48599021,-3.6850650000000003,7.041363018241912,0.9502420000000003,1.9993889,0.7416709999999997,1.409103185690399,1.1714748251694238,,,1.0815146012495627,0.624850867284347,1.1810856421355778,0.5680800289730313,0.45666373396521565,0.6130056131625464,0.027981987380766547,-0.9416411669863111,-0.3354533067639676
,09/18/2024 05:39:43.295,1,0,PianoTiles,0,0.0,0,5.8363682,1.4931458599999998,-3.7777328999999993,7.110832875897787,0.8991449999999999,1.9637204000000001,1.204615,2.1269518190539523,1.4876532764569568,,,1.0408928266108863,0.6323271064733819,1.642364149010432,0.5719983292606721,0.4085657201375045,1.0703658197497599,0.007728190954330281,-0.93970922860769,-0.3418871754455167
,09/18/2024 05:39:43.815,1,0,PianoTiles,0,0.0,0,5.7821227,1.47070905,-3.6901433000000003,7.015203888850422,0.8948089999999995,2.1850775,0.680199,1.3299434588098258,1.334453840845903,,,1.0233935192774082,0.64732453590838,1.3131920240552215,0.5888940308018074,0.37606898336902816,0.7242979932534142,-0.002588369894791392,-0.9415977876398026,-0.3367297234476291
,09/18/2024 05:39:44.317,1,0,PianoTiles,0,0.0,0,5.804917999999999,1.51827839,-3.7935917000000003,7.098843584878728,0.8973190000000004,1.6971710999999998,1.388814,2.1150302212555543,1.3641711411934831,,,1.028087528074337,0.6336334045124196,1.4957344335014189,0.6013931799363873,0.39445412356191734,0.8943412535650316,-0.00783021674243034,-0.943243448140864,-0.3320097667917314
,09/18/2024 05:39:44.833,0,0,PianoTiles,0,0.0,0,5.799209500000001,1.446868869,-3.7361258999999998,7.048609585558162,0.9030520000000006,2.39749231,0.77014,1.667399482089768,1.595346473310776,,,1.027518932670343,0.6323505794770811,1.6379757011400495,0.5982067496752272,0.39516835319326205,1.0397689514648223,-0.005967621553573897,-0.9447016481509807,-0.3278767809312119
,09/18/2024 05:39:45.333,1,0,PianoTiles,0,0.0,0,5.7764784,1.4787483099999998,-3.7032526000000003,7.019150880940028,0.9096700000000002,2.0606859,0.6424909999999997,1.2043777407572684,1.239126513051522,,,1.0584671151457659,0.6268186089180829,1.1934922298867345,0.5884783674350318,0.4316485062276829,0.6050138624517027,0.000487746028733724,-0.9451336645095006,-0.3266835139927543
,09/18/2024 05:39:45.806,0,0,PianoTiles,0,0.0,0,5.7855731,1.4854017000000002,-3.7925238,7.075486631983198,0.94163,2.0091840000000003,1.548728,2.930050784489142,1.6322386842135987,,,1.0854964249291656,0.6352939449845244,1.7038449873098787,0.5885423998158502,0.45020247994464124,1.1153025874940283,0.006802581402186773,-0.9454799395305169,-0.32560928861387956
,09/18/2024 05:39:46.323,0,0,PianoTiles,0,0.0,0,5.808696,1.4598174199999998,-3.681178,7.030155587740251,0.96347,2.2169988,0.7544769999999996,1.6115718003570831,1.3421912962102265,,,1.0979620760618283,0.6389838676594265,1.3453540842863043,0.5689518000885488,0.4589782084024018,0.7764022841977555,0.010851817972804571,-0.9494947301763309,-0.31359527326485886
,09/18/2024 05:39:46.830,1,0,PianoTiles,0,0.0,0,5.7953403,1.4926596,-3.6692633,7.019793090896849,0.9640029999999999,1.8560839999999998,0.7582809999999998,1.3567698575659501,1.0255134783186128,,,1.0908856421032407,0.6370659127798315,0.979599692981781,0.5636485825086407,0.4538197293234092,0.41595111047314026,0.01668978474914317,-0.945305068376448,-0.32576030879594003
,09/18/2024 05:39:47.313,1,0,PianoTiles,0,0.0,0,5.7965024,1.4906922700000003,-3.671784099999999,7.021652369211702,0.9305500000000002,1.8482293,0.746899,1.2845690151636187,1.0092577962979306,,,1.060484118764633,0.6318484946931505,0.9633105616740065,0.5246060052401231,0.4286356240714825,0.4387045564338834,0.018598177968484904,-0.9455627007094675,-0.3249081205560591
,09/18/2024 05:39:47.816,1,0,PianoTiles,0,0.0,0,5.8005116999999995,1.49180357,-3.6734461000000005,7.026067187474572,0.9394970000000002,1.8714422999999998,0.740046,1.3011595534907143,1.025859576243619,,,1.0672419010205703,0.6295149659301199,0.980662144253101,0.5358407793673415,0.43772693509045035,0.4448213648857595,0.016794348639250167,-0.9470410463048993,-0.32067305229392945
,09/18/2024 05:39:48.324,1,0,PianoTiles,0,0.0,0,5.8003421,1.49176913,-3.6711695,7.024729824839075,0.9391309999999997,1.8778667,0.7374829999999997,1.3005976079121615,1.0341409252388711,,,1.0697192914045253,0.6292740493060239,0.9878542103305983,0.5445554871397404,0.44044524209850133,0.44329872319085784,0.011782997942607882,-0.9433931321797614,-0.3314672821192817
,09/18/2024 05:39:48.820,0,0,PianoTiles,0,0.0,0,5.830479,1.5062813400000001,-3.7646622,7.101834292968404,1.0952229999999998,2.0340626000000004,0.8983530000000002,2.001307820884366,1.4206219338326587,,,0.805024192014128,0.6309438331682148,1.4875228078537683,0.551009786657188,0.17408035884591322,0.9365130211965803,0.005580996260451889,-0.9380952181585139,-0.34633251962365763
,09/18/2024 05:39:49.307,0,0,PianoTiles,0,0.0,0,5.8549065,1.4808313539999998,-3.7727647000000006,7.120852835461341,1.3556839999999992,2.31255846,0.9193710000000004,2.882318646065141,1.7252998359039802,,,0.8157837365221244,0.6356747439406412,1.8397898830845905,0.5542997266488592,0.18010899258148327,1.2854901564357313,0.004590022096340327,-0.9494174351681717,-0.313983224863759
,09/18/2024 05:39:49.835,1,0,PianoTiles,0,0.0,0,5.754662300000001,1.51544405,-3.7088744,7.012022402324244,0.9274119999999995,1.9037614999999999,0.7306539999999999,1.2900217035779347,1.0760153412063196,,,0.8261319399157737,0.6396626362739969,0.9826212028728314,0.5361641945253339,0.18646930364177683,0.44645700834749746,0.010290377087832646,-0.9554479506048366,-0.29498020581796375
,09/18/2024 05:39:50.294,1,0,PianoTiles,0,0.0,0,5.7203766,1.5007274599999998,-3.7269665000000005,6.990362697825332,0.9177080000000002,1.8456554,0.730982,1.2381173746676948,1.02195908808192,,,0.8052479411019938,0.6412870074748127,0.9385983954503437,0.7322290762964827,0.16396093362718112,0.20636931915386103,0.02078041154645244,-0.9455810196755892,-0.3247225118855071
,09/18/2024 05:39:50.814,1,0,PianoTiles,0,0.0,0,5.6882038999999995,1.47194484,-3.6894659000000005,6.937899094628045,1.1603970000000006,1.8546616,0.7332259999999997,1.5780077581172658,1.0075877280399428,,,0.8777458146530804,0.6407868774077696,0.9605788206422001,0.8065986371808475,0.2369589372453108,0.15398018346135267,0.027893856905149596,-0.9362372987340576,-0.35025940844766745
,09/18/2024 05:39:51.300,1,0,PianoTiles,0,0.0,0,5.6939109000000006,1.44992337,-3.6518882999999995,6.918033482984009,1.0970249999999995,1.8664302999999998,0.7344930000000001,1.5038896214004338,0.999299237213493,,,0.9171419982810735,0.6396176047280122,0.9784273196247588,0.754249669952861,0.27752439355306124,0.2241776496718978,0.030512838078985,-0.9336190285805682,-0.35696565126723595
,09/18/2024 05:39:51.827,0,0,PianoTiles,0,0.0,0,5.7249968,1.43353154,-3.7712783,7.003794760858995,1.0695160000000001,2.1441206,1.4103390000000005,3.234148900624244,1.6268963848366464,,,0.933001930751486,0.637809524761116,1.710559540468896,0.7200307611901037,0.29519240599037,0.9905287792787923,0.014710216694004113,-0.9580443890898119,-0.2862421318715056
,09/18/2024 05:39:52.320,0,0,PianoTiles,0,0.0,0,5.730673,1.4163408610000001,-3.7367238,6.98639672685095,1.087453,2.23733439,0.7338840000000006,1.785536832360614,1.418693350115289,,,0.9129470523162881,0.6260478202669504,1.4618041388281036,0.7377863479876811,0.28689923204933776,0.7240177908404225,0.008124866553780053,-0.9804663632049477,-0.19651894862110983
,09/18/2024 05:39:52.813,1,0,PianoTiles,0,0.0,0,5.7462955000000004,1.39604515,-3.7464588999999995,7.0003434432567655,1.1136299999999997,2.1041175,0.6122129999999997,1.4345426267564336,1.2391744706270713,,,1.2123789842458503,0.6360774502362108,1.29204914680257,0.7264073771899624,0.5763015340096396,0.5656417696126077,0.01800642090059951,-0.991455091014496,-0.1291997341629924
,09/18/2024 05:39:53.321,0,0,PianoTiles,0,0.0,0,5.7480176,1.3779095590000001,-3.7514047999999995,7.00081274254328,1.1471729999999996,2.21059541,0.6016249999999999,1.5256821159390053,1.3716371077045288,,,1.221911115458485,0.6442245881887776,1.449683384787205,0.7255457714941208,0.5776865272697074,0.7241376132930842,0.059897634280356334,-0.9883194869359948,-0.14013159939923808
,09/18/2024 05:39:53.842,1,0,PianoTiles,0,0.0,0,5.731094400000001,1.3918431500000001,-3.743243600000001,6.985309085849692,1.142964,2.0300035,0.6396370000000005,1.4840991488452653,1.2787800070742978,,,1.21698020649557,0.6378917782296621,1.3629804705351611,0.7122796676608143,0.5790884282659078,0.6507008028743468,0.131997120397862,-0.9776457496103842,-0.1636629111174012
,09/18/2024 05:39:54.295,1,0,PianoTiles,0,0.0,0,5.7188289,1.39187859,-3.7329369,6.969730833838363,1.1057689999999996,1.9933651,0.6299699999999997,1.3885807139149977,1.242915310334166,,,1.1859221468650463,0.6372850856775163,1.3186437140221805,0.7088534012198848,0.54863706118753,0.6097903128022957,0.14156851223319436,-0.9752860785025811,-0.16963319670140345
,09/18/2024 05:39:54.821,1,0,PianoTiles,0,0.0,0,5.7361208,1.3983706099999997,-3.7222624000000004,6.97952430825756,1.1188700000000003,2.0024759,0.6464209999999997,1.4483128506090257,1.2310957339909838,,,1.1774131631530202,0.6338465163026452,1.2982260360780054,0.7226099142061366,0.543566646850375,0.5756161218718687,0.08161776270562807,-0.9783726842085676,-0.1900669134948272
,09/18/2024 05:39:55.305,1,0,PianoTiles,0,0.0,0,5.747292,1.3975172,-3.7260346999999996,6.990547492375968,1.1393940000000002,2.0315160000000003,0.6879520000000001,1.5924005277543702,1.2192553108620565,,,1.1994364810518319,0.6398610728244063,1.2813750692416332,0.7248830048173294,0.5595754082274256,0.5564920644243039,0.023301572514100526,-0.9761883005339816,-0.2156697443290245
,09/18/2024 05:39:55.924,0,0,PianoTiles,0,0.0,0,5.7951502,1.42210761,-3.796328,7.072359025004596,1.2290330000000003,1.8590389,1.5113410000000003,3.453142379969099,1.5730134422369382,,,1.2025931790464308,0.6536107917300631,1.7302807023866997,0.7436335093707112,0.5489823873163677,0.9866471930159886,-0.03359053439004851,-0.9676333330104491,-0.25011479133885767
,09/18/2024 05:40:46.208,0,0,PianoTiles,0,0.0,0,5.8615071,1.2248018699999998,-1.9277456200000003,6.290755779676643,0.9607140000000003,2.2805033000000003,3.2029677999999997,7.017418818533305,2.1871772052900393,,,1.0671959442642205,0.5414965263018773,1.6472405257214047,0.6123656149082835,0.5256994179623432,1.0348749108131212,-0.04722383866341281,-0.41645442491481427,-0.9079293039828394
,09/18/2024 05:40:48.257,0,0,PianoTiles,0,0.0,0,5.8639646999999995,1.27123951,-1.8461742500000002,6.277777572994617,1.1031710000000006,2.2826729,3.2148684999999997,8.095612884158605,2.269584823444665,,,1.2603688324569922,0.5443918011818324,1.6631094136649758,0.8055473469951974,0.7159770312751598,0.8575620666697784,-0.033958442403150546,-0.4130309223048035,-0.910083667257904
,09/18/2024 05:40:48.780,0,0,PianoTiles,0,0.0,0,5.883170600000001,1.2563554900000002,-1.82147845,6.285531733256297,0.9851409999999996,2.2616001000000003,3.2224994999999996,7.179712722310192,2.294696605459149,,,1.101154975291852,0.5369584893183083,1.640745449894425,0.6768581080928262,0.5641964859735437,0.9638873418015987,-0.03992489087397467,-0.41470641349538784,-0.9090789809991723
,09/18/2024 05:40:49.261,0,0,PianoTiles,0,0.0,0,5.8782786,1.2319811399999998,-1.9255098099999999,6.307101145291702,0.9806400000000002,2.2496366,3.2192859,7.102013941741226,2.1901795729231783,,,1.1150899076626064,0.5600231883779455,1.6166702245539037,0.7066381307097713,0.5550667192846609,0.9100320938441324,-0.0423391786657685,-0.4151267555182031,-0.9087778445818527
,09/18/2024 05:40:49.785,0,0,PianoTiles,0,0.0,0,5.8994998999999995,1.16671122,-1.6800200100000002,6.2440196488299335,0.9500599999999997,1.8583981,3.2135819,5.673867099166498,2.4366430354529647,,,1.0404134176114799,0.6481086168660312,1.567756903996286,0.7561786982222457,0.3923048007454487,0.8115782057740403,-0.01794988162665204,-0.2463014935374296,-0.9690270254388268
,09/18/2024 05:40:50.274,0,0,PianoTiles,0,0.0,0,5.889168,0.9169791999999999,-1.71621201,6.202300722209854,0.9466380000000001,1.8203483,3.1533469,5.433881667622752,2.4173049815299885,,,1.1280391607065285,0.6046015145249061,1.3658383207980989,0.6514779484449185,0.5234376461816225,0.7143603723531804,-0.009989563941143389,-0.17806248822692583,-0.983968474545146
,09/18/2024 05:40:50.784,0,0,PianoTiles,0,0.0,0,5.8844959,0.8184643999999999,-1.7649800999999996,6.197768205134827,0.9309799999999999,1.9433563999999999,3.109554,5.625885762586112,2.3828795709988326,,,1.2090719389121392,0.5771771091447062,1.3097116402870557,0.8165010400137227,0.6318948297674329,0.49321060027333297,-0.016895280459383103,-0.15936188854014302,-0.9870756495725734
,09/18/2024 05:40:51.268,0,0,PianoTiles,0,0.0,0,5.8147478,1.263229259,-4.1416466,7.249846667184768,0.9494409999999993,1.94584141,0.9032590000000003,1.6687363301371492,1.2729266563717838,,,1.179226261756835,0.562548887362689,1.3158549927513932,0.7937648687193201,0.6166773743941459,0.5220901240320731,0.043061703883407736,-0.8657752133248844,0.4985769445641352
,09/18/2024 05:40:51.768,0,0,PianoTiles,0,0.0,0,5.827903599999999,1.4592285399999998,-4.0496519,7.24523904464284,0.9423239999999993,1.8867096,0.9371490000000002,1.6661494635412735,1.3327096425873077,,,1.1222451395965136,0.6504222553157298,1.4790697769842907,0.6557425615735188,0.4718228842807838,0.8233272154107718,0.047065807283805314,-0.8917417278799157,0.4500905470485535
,09/18/2024 05:40:52.267,0,0,PianoTiles,0,0.0,0,5.8215809,1.57447035,-3.9143464000000003,7.189705751800062,1.0959049999999992,1.7948855,1.1426079999999996,2.24753735159638,1.349939705975453,,,1.1206433726484972,0.6362923946897368,1.4761551664693826,0.6798965392182843,0.4843509779587605,0.7962586272510983,0.08816271475684481,-0.889549772298086,0.4482505307650251
,09/18/2024 05:40:52.758,1,0,PianoTiles,0,0.0,0,5.8141856,1.51995808,-3.6498407,7.031099764018509,0.9503500000000003,1.9320331999999998,0.8054700000000001,1.4789297106973618,1.3140654615585818,,,1.0672870396477232,0.5398000306909958,1.4285328424539074,0.6117114146948704,0.5274870089567274,0.816821427759037,0.04049364440724301,-0.992777089217484,0.1129332364163877
,09/18/2024 05:40:53.271,1,0,PianoTiles,0,0.0,0,5.8021571,1.5854727999999998,-3.4515879999999997,6.934854773848134,0.9570259999999999,1.8397070000000002,0.8685309999999999,1.5291768742256397,0.9776222617553519,,,1.0699674322982917,0.5398969565287433,1.0377578069501576,0.6465389857433188,0.5300704757695485,0.3912188212068388,0.002885913472192517,-0.9531232773692775,-0.3025684875202279
,09/18/2024 05:40:53.765,1,0,PianoTiles,0,0.0,0,5.800403600000001,1.6299557099999997,-3.3617628,6.899484521536259,0.9620889999999997,1.7101678999999999,1.001699,1.6481291467414378,0.9274473475871848,,,1.0487617124976487,0.5477626228267126,0.8941400917775746,0.6926595606638227,0.5009990896709361,0.20148053111375186,-0.007803068504066974,-0.9259338277810742,-0.3776051624284405
,09/18/2024 05:40:54.275,1,0,PianoTiles,0,0.0,0,5.823663999999999,1.6170835499999998,-3.4993505999999996,6.983944173194467,0.9277190000000006,1.6620575,0.9659229999999996,1.4893782348810736,0.9415314443459454,,,1.058172752362298,0.5665523893754221,0.9783542593014299,0.728994609357984,0.49162036298687584,0.24935964994344595,-0.016269769208980968,-0.9820281212066541,-0.1880320817552569
,09/18/2024 05:40:54.739,1,0,PianoTiles,0,0.0,0,5.8324175,1.6050146399999998,-3.5161854000000003,6.996908292674254,0.921805,1.7877776,0.895073,1.4750644885684916,0.970391820303277,,,1.0483574444439259,0.559796749760125,1.048359925296823,0.7112187016586389,0.4885606946838009,0.3371412236381841,-0.029432336629904046,-0.9632834724078508,-0.2668682996280697
,09/18/2024 05:40:55.275,1,0,PianoTiles,0,0.0,0,5.7943444,1.6258931599999997,-3.3910854,6.90777936703535,1.1348440000000002,1.9472334,1.0420749999999996,2.302783733954907,1.0087042465899274,,,1.204419418410796,0.5543150817802093,1.0446053764274623,0.8241706641503326,0.6501043366305866,0.22043471227712974,-0.03506485616520567,-0.917892927349201,-0.3952758907199218
,09/18/2024 05:40:55.783,1,0,PianoTiles,0,0.0,0,5.797013799999999,1.6715120899999998,-3.3130680999999997,6.883003842774186,1.1354689999999996,1.9653020999999997,1.4197379999999997,3.168201583084687,1.062022838468291,,,1.3316161359813872,0.5962737139720318,1.0792916469847296,0.9827924213896846,0.7353424220093554,0.09649922559504498,-0.037493815917365496,-0.9079429685164502,-0.4174132001859679
,09/18/2024 05:40:56.265,1,0,PianoTiles,0,0.0,0,5.8183196,1.6728431800000003,-3.5404951999999996,7.013298334866392,1.15782,1.9946722,1.469032,3.392687340625007,1.5808959503787168,,,1.2134418286333304,0.618805971558937,1.7499345357108762,0.8850324436301762,0.5946358570743934,0.8649020920807,-0.06965955298363095,-0.902953609597082,-0.42405462571904723
,09/18/2024 05:40:56.757,1,0,PianoTiles,0,0.0,0,5.781021000000001,1.6950143699999998,-3.5955698999999997,7.0157964923972465,1.088145,2.1766843000000002,0.9520569999999995,2.2549928342614156,1.4400859775258414,,,1.331990559221048,0.6035616500217683,1.4864148697240922,1.0783804222277036,0.7284289091992796,0.4080344474963886,-0.03122096322408718,-0.9038967706893933,-0.426609750700387
,09/18/2024 05:40:57.283,1,0,PianoTiles,0,0.0,0,5.8212902,1.72503186,-3.6429888,7.080573557809886,0.9518269999999998,1.6974584000000001,1.54426,2.495040399702548,1.435210560149718,,,1.1571610470202496,0.5998114866072505,1.6145142578026863,1.0146665052784585,0.5573495604129991,0.5998477525242278,-0.009258126016041911,-0.898980064579444,-0.4378916881963046
,09/18/2024 05:40:57.776,1,0,PianoTiles,0,0.0,0,5.8259147,1.68012014,-3.6052062,7.0541900683939724,0.9441550000000003,2.0741426,1.1440870000000003,2.240479422992699,1.4558082786663489,,,1.1393169509684302,0.6022360488263722,1.5655898820607397,0.9797535041116209,0.5370809021420581,0.5858363779491188,-0.007634403224516993,-0.8982086698119341,-0.43950301632876343
,09/18/2024 05:40:58.408,1,0,PianoTiles,0,0.0,0,5.8266509,1.67888989,-3.5742429000000002,7.038731723926934,0.9311800000000003,2.0162371,0.9083229999999998,1.7053579597335016,1.2883552077073075,,,1.1104033714087873,0.6046534616133442,1.3508013834323718,0.9451177314869293,0.5057499097954431,0.4056836519454424,-0.006771958705949378,-0.8974932085532442,-0.44097628187476035
,09/18/2024 05:40:58.874,1,0,PianoTiles,0,0.0,0,5.8481811,1.6790000900000002,-3.5949277000000004,7.067090536341282,0.9579379999999995,1.9908931,1.2009540000000003,2.290402008468684,1.4721240173786978,,,1.12509218994845,0.6076428461555353,1.614036910984383,0.9309849379635526,0.5174493437929147,0.6830519730208304,-0.009700056654584044,-0.8964026736505518,-0.4431344666949752
,09/18/2024 05:40:59.266,1,0,PianoTiles,0,0.0,0,5.785981499999999,1.53669931,-3.409393,6.889338670449125,1.2767590000000002,2.3490699,1.0145559999999998,3.0428524354163256,1.4386598120069714,,,1.2779779969451746,0.6161959275587594,1.5364202793562738,0.8617211341640636,0.6617820693864152,0.6746991451922102,-0.02171037949094221,-0.9081554873825918,-0.4180696953370888
,09/18/2024 05:40:59.777,1,0,PianoTiles,0,0.0,0,5.7996752,1.60838255,-3.4844425,6.954456584697743,1.2453769999999995,1.6742005,1.862413,3.88315121177557,1.5580423707235926,,,1.218874218640299,0.6253215716709285,1.662247991950434,0.8976071584351363,0.5935526469693705,0.7646408335152978,-0.022982812478806562,-0.913815006548969,-0.4054798689657377
,09/18/2024 05:41:00.273,1,0,PianoTiles,0,0.0,0,5.8009344,1.5779921700000001,-3.4700052,6.941313657349861,1.2066790000000003,1.9870453000000001,1.5893220000000001,3.8107584204218257,1.5501035411585902,,,1.1900821328845335,0.6349144414438851,1.6576071779818917,0.8618089498061622,0.5551676914406484,0.7957982281757295,-0.024062915981199907,-0.9158642157327411,-0.4007664087903733
,09/18/2024 05:41:00.794,1,0,PianoTiles,0,0.0,0,5.7669168,1.57638121,-3.4501020999999996,6.902572824518964,1.1827880000000004,1.9938639,1.0979229999999998,2.589251896910733,1.2671610378628448,,,1.1738160786192193,0.6429151030089435,1.3223916646737492,0.8051462946204249,0.5309009756102758,0.5172453700533244,-0.024731964619715684,-0.9123889000265344,-0.4085765840505543
,09/18/2024 05:41:01.284,1,0,PianoTiles,0,0.0,0,5.7834758,1.61188483,-3.4908702,6.944993865196556,1.2219960000000007,1.8372567000000002,1.7631000000000006,3.9583716685857926,1.5583275970835215,,,1.1832842609436671,0.6329247771805115,1.6325047916296267,0.9029374382497387,0.5503594837631556,0.729567353379888,-0.030829900470973216,-0.9103069716711082,-0.4127841258623277
,09/18/2024 05:41:01.786,1,0,PianoTiles,0,0.0,0,5.772436399999999,1.5832306800000002,-3.3799636,6.873994131177533,1.0894030000000008,2.2983591999999997,1.3990429999999998,3.502978996267609,1.500340654456332,,,1.3169801336834965,0.6316427192772823,1.5227491507170967,0.9673017987319159,0.6853374144062142,0.5554473519851808,-0.016564918455797696,-0.9228268354436439,-0.38485872117131875
,09/18/2024 05:41:02.295,1,0,PianoTiles,0,0.0,0,5.7921778999999995,1.5812438800000002,-3.3700601999999997,6.8852714387241045,1.0527100000000003,2.3416432,1.4793159999999999,3.646619286636819,1.5369596219543886,,,1.3454244432999576,0.629761958579589,1.5582609330533959,1.0014927853809032,0.7156624847203685,0.5567681476724926,0.0009226379797046398,-0.9465977347398394,-0.3224156902580317
,09/18/2024 05:41:02.777,1,0,PianoTiles,0,0.0,0,5.8232127,1.5524708800000002,-3.4507018,6.944588893175211,1.049372,2.3185452,1.4680689999999998,3.571835973318478,1.5237986178305767,,,1.3100131787940148,0.6425669238219475,1.5342250440331233,1.1494205198142236,0.6674462549720673,0.38480452421889977,-0.007860264341098832,-0.961397717625342,-0.2750502586606145
,09/18/2024 05:41:03.267,1,0,PianoTiles,0,0.0,0,5.849933399999999,1.54791971,-3.5514636999999993,7.016457127743298,1.1403610000000004,2.0965119,1.3942629999999996,3.333376662320472,1.3834836243989743,,,1.3564503916885426,0.6349043296072258,1.3453474272965364,1.1794312254078236,0.7215460620813169,0.1659162018887128,-0.049955298539659125,-0.9664517210584005,-0.2519435234552962
,09/18/2024 05:41:03.774,1,0,PianoTiles,0,0.0,0,5.8390393000000005,1.5600480900000002,-3.6623995000000007,7.066915882310854,1.1878689999999992,1.6586611,1.8322979999999998,3.61012563230934,1.3936412327995373,,,1.2730023947644398,0.6331051146136794,1.3416414173451152,1.0737548492509819,0.6398972801507604,0.26788656809413336,-0.10135207266333626,-0.9652341198044695,-0.24093744277744972
,09/18/2024 05:41:04.257,1,0,PianoTiles,0,0.0,0,5.8570673000000015,1.4742344399999998,-3.7455115,7.1068601321148615,1.1435110000000002,2.2037725999999997,1.5834229999999998,3.990286461957244,1.7345452137353294,,,1.2558001252372926,0.6490894969601648,1.7991985763156773,0.7295409643282547,0.6067106282771277,1.0696576119874226,-0.11678959427381555,-0.961154318804497,-0.25008511773558373
,09/18/2024 05:41:04.804,1,0,PianoTiles,0,0.0,0,5.8572701,1.5020645199999998,-3.672154,7.074498275235697,1.1958780000000004,1.8787358,0.9927709999999998,2.2304971361674473,1.194328366056987,,,1.251891651366044,0.6644166899664697,1.2348809931721518,0.759512910371509,0.5874749613995743,0.4753680828006428,-0.09695842428962394,-0.9621504194301411,-0.25468732663734356
,09/18/2024 05:41:05.281,1,0,PianoTiles,0,0.0,0,5.8556731,1.4684884,-3.7151157000000006,7.0885435950824665,1.1892859999999992,2.146897,1.4443129999999997,3.6877276186953996,1.6736811699660896,,,1.2204005337343142,0.6767938567436912,1.784252532454697,0.7533780632086385,0.543606676990623,1.0308744692460583,-0.08721607303943595,-0.9630972806115117,-0.25463107564138937
,09/18/2024 05:41:05.785,0,0,PianoTiles,0,0.0,0,5.8280940999999995,1.4528931999999999,-3.6865037999999997,7.047544945332061,1.1751070000000006,2.240108,1.116381,2.938724047847881,1.5224104565412346,,,1.2204691936927377,0.6765391529017375,1.5836129406063846,0.7336114371116367,0.5439300407910002,0.8500015034947479,-0.08194241636305881,-0.9637495573047211,-0.2539138263181768
,09/18/2024 05:41:06.276,1,0,PianoTiles,0,0.0,0,5.824041800000001,1.51239878,-3.7639292999999996,7.097462696858027,1.258134,1.7095601999999999,1.7728779999999995,3.81320495144909,1.6036263919191436,,,1.2194770389416933,0.6606139189859686,1.6553847771001275,0.8424047571785198,0.5588631199557248,0.8129800199216077,-0.07892254904303223,-0.9643887009580953,-0.2524394278176599
,09/18/2024 05:41:06.757,0,0,PianoTiles,0,0.0,0,5.878011600000001,1.48365629,-3.7543154000000003,7.130718090015079,1.1099569999999996,1.9505461,1.6819420000000003,3.641441933131515,1.7003511629519215,,,1.175896057056065,0.6573033667257456,1.770597023690261,0.7674060976236764,0.5185926903303194,1.0031909260665848,-0.08510108870470408,-0.9640958607412631,-0.25154915226022384
,09/18/2024 05:41:07.254,0,0,PianoTiles,0,0.0,0,5.8985967,1.440835732,-3.6783636,7.099282316520721,1.2580609999999997,2.33569168,1.1550880000000001,3.3941597982302496,1.687727683718009,,,1.1919272167980735,0.6608732202518124,1.7992959146918837,0.7441308542776601,0.5310539965462611,1.0551650604142235,-0.08498262412792194,-0.9640904284265202,-0.25161001453181703
,09/18/2024 05:41:31.179,0,0,PianoTiles,0,0.0,0,5.8660981,1.14217087,-0.95359686,6.051859894817627,1.0016870000000004,2.1016611,3.7928846999999997,7.98480591211049,3.1616009446759983,,,1.156736880954805,0.6070800952516976,1.318627934246067,0.6772673365837231,0.5496567857031075,0.6413605976623439,-0.024506495171492795,-0.23508499119877907,-0.9716658266129768
,09/18/2024 05:41:33.328,0,0,PianoTiles,0,0.0,0,5.8719558,1.1073237600000003,-1.07558595,6.071483835311725,0.99545,2.081103,3.5882626999999996,7.433566943330701,3.040827327845309,,,1.10191297479836,0.6114340929550464,1.3300920941027392,0.6555474642077795,0.4904788818433137,0.6745446298949597,-0.01702003208105735,-0.24519564573569114,-0.9693242047015113
,09/18/2024 05:41:33.840,0,0,PianoTiles,0,0.0,0,5.8890163,1.1028462500000002,-1.06156238,6.084710142598086,1.024006,2.1389526,3.5797555,7.840739531671448,3.0555606664549595,,,1.0698342599396082,0.6307162924939311,1.4081573923437534,0.6526149340265289,0.4391179674456771,0.7555424583172244,-0.028093490843318268,-0.24414852610792998,-0.9693308274121699
,09/18/2024 05:41:34.356,0,0,PianoTiles,0,0.0,0,5.8823828,1.10537975,-1.04623643,6.0760926971948885,0.9927380000000001,2.0662157,3.7184104,7.627243725948366,3.0705484012258797,,,1.0510014933142005,0.6505830114901636,1.3758794930464588,0.6545576411399459,0.40041848182403683,0.721321851906513,-0.026566976487833283,-0.24114116490200913,-0.9701263496833786
,09/18/2024 05:41:34.837,0,0,PianoTiles,0,0.0,0,5.8814727,1.09170639,-1.05092147,6.07354755467668,1.031225,2.1468996000000002,3.6436458999999997,8.066800796867623,3.066329298161853,,,1.0716879973325721,0.6646002174589171,1.4536163646390512,0.6527658614055499,0.4070877798736551,0.8008505032335013,-0.02161356367905692,-0.2372759426341308,-0.9712018229555461
,09/18/2024 05:41:35.371,0,0,PianoTiles,0,0.0,0,5.8654917,1.08621639,-1.05340626,6.057517946921883,1.0076659999999995,2.1500153,3.6150260999999997,7.831944347582604,3.063564306501231,,,1.0646717336856468,0.6803646658778215,1.4593771854010802,0.6375076041873777,0.3843070678078253,0.8218695812137025,-0.013349384998502953,-0.23535152051975577,-0.9718186331354225
,09/18/2024 05:41:35.832,0,1,PianoTiles,0,0.0,1,5.8609363000000005,1.22843851,-4.053213,7.23105601616235,1.055593,2.2385069,0.505099,1.1935248003855035,1.461935359357936,,,1.076389001218425,0.6870935006751261,1.566352893513722,0.6117138638048019,0.38929550054329887,0.9546390297089202,-0.022464262019504518,-0.9655358284493272,0.2592989026444007
,09/18/2024 05:41:36.335,0,1,PianoTiles,0,0.0,0,5.8471531,1.238911137,-4.047817,7.218651026730081,0.9767080000000004,2.10901863,0.5927419999999999,1.2209865002605718,1.3418237310558137,,,1.0877821443519842,0.6892749936483981,1.4391179444765658,0.610679126524724,0.3985071507035861,0.8284388179518418,-0.01407690085381818,-0.9632502795893931,0.2682363505069878
,09/18/2024 05:41:36.830,0,1,PianoTiles,0,0.0,0,5.823472399999999,1.247973043,-4.061880400000001,7.20896246997587,0.9404789999999998,2.2037835699999997,0.43427799999999994,0.9000898671511728,1.3665307374600715,,,1.0019321881943908,0.6821022073040083,1.4112735782441137,0.6042745458390583,0.3198299808903825,0.8069990324050554,-0.01680892344846569,-0.9776441298911629,0.2095934526216282
,09/18/2024 05:41:37.370,0,1,PianoTiles,0,0.0,0,5.8362254,1.305150623,-4.0996891,7.250682435811215,0.9555319999999998,2.08424277,0.4994379999999996,0.9946610741594919,1.2728700924863443,,,0.9236659167285535,0.6653261088000377,1.2664425013219405,0.49284898519221837,0.25833980792851574,0.773593516129722,-0.033531722241123746,-0.9901379414360674,0.13602382339976676
,09/18/2024 05:41:37.880,0,0,PianoTiles,0,0.0,0,5.8341886,1.33374455,-4.0769116,7.241397609525334,0.9840299999999997,1.6984884999999998,0.543253,0.9079733107902445,0.9367215933148559,,,0.8843344896417866,0.578267147697325,0.9273367520902263,0.654463088969882,0.3060673419444616,0.2728736631203442,-0.085314475743135,-0.9417874962073831,0.32520417004722174
,09/18/2024 05:41:38.385,1,0,PianoTiles,0,0.0,0,5.85042,1.3813594999999999,-4.067133699999999,7.257902229867521,0.9464129999999997,1.6435999999999997,0.8126390000000003,1.2640797984175451,0.9950122349313798,,,0.7188295157086976,0.6188137346407234,1.0915635954469163,0.728473696011737,0.10001578106797415,0.36308989943517933,-0.10200903535895116,-0.8788790569421056,0.4660104719571133
,09/18/2024 05:41:38.835,1,0,PianoTiles,0,0.0,0,5.858359899999999,1.3784564599999998,-3.9541056000000006,7.201074504960707,0.9452409999999993,1.7975864,0.4900249999999997,0.8326271383071329,0.9758529884004196,,,0.9977427294257767,0.5648613831959127,1.070229511597844,0.6885645808680546,0.43288134622986396,0.38166493072978935,-0.0635455752964676,-0.9930483015391491,0.09908092990304512
,09/18/2024 05:41:39.343,1,0,PianoTiles,0,0.0,0,5.839473,1.4344309899999999,-3.8403731999999997,7.134809282530235,1.235246,1.9305950999999997,0.40394099999999966,0.9633022886247987,1.0352553338450123,,,1.1831739167113176,0.6546321321551521,1.0611954391790466,0.8135531804289137,0.5285417845561654,0.2476422587501329,-0.008745177320462602,-0.9870610385864387,-0.16010630211923083
,09/18/2024 05:41:39.852,1,0,PianoTiles,0,0.0,0,5.850145800000001,1.4407015099999998,-3.8452262,7.147418502602207,1.1806109999999999,1.9986099000000002,0.8851149999999999,2.0885003886900306,1.2196453109884804,,,1.1943237059135183,0.6670486469231462,1.2559201565360791,0.730583383241776,0.5272750589903721,0.5253367732943032,-0.0367840355731045,-0.9750830563230871,-0.21876921172455652
,09/18/2024 05:41:40.354,1,0,PianoTiles,0,0.0,0,5.8861574,1.4163111200000003,-3.9668745000000007,7.238016263104185,1.2192979999999993,1.9045358000000001,1.6149220000000004,3.7501665260254997,1.62739295598959,,,1.194986321564393,0.6350777821692398,1.7469377739699947,0.7549567501638753,0.5599085393951532,0.9919810238061194,-0.11264904887569029,-0.9833137247639779,-0.14284365746575606
,09/18/2024 05:41:40.837,1,0,PianoTiles,0,0.0,0,5.8337665,1.3910743500000002,-3.9595689999999997,7.186522531065437,1.1448709999999993,1.9001485000000002,0.9904899999999994,2.154736622417601,1.1971057039592505,,,1.132750151399681,0.6067337134245963,1.232066851480572,0.7398328138099849,0.5260164379750847,0.49223403767058704,-0.1283064370505353,-0.9889959730995916,-0.07365068502185615
,09/18/2024 05:41:41.361,0,0,PianoTiles,0,0.0,0,5.854513700000001,1.3956237100000002,-4.018471,7.236795242456627,1.1075309999999998,1.7911809,1.5044119999999999,2.9844350343401045,1.4614067314260673,,,1.125022499969223,0.5854762309923436,1.5473039350346813,0.74297941983207,0.5395462689768795,0.8043245152026113,-0.12356126176856891,-0.9906143539128431,-0.05844498620069655
,09/18/2024 05:41:41.858,1,0,PianoTiles,0,0.0,0,5.873106600000001,1.3542832499999997,-4.0039339,7.235948516384244,1.102576,2.1269235,1.3368590000000005,3.1350610958319374,1.599565632079857,,,1.1167260231592164,0.5984121080309125,1.6872387156633324,0.741093989441286,0.5183139151283039,0.9461447262220464,-0.11022069058151712,-0.9921161327024701,-0.05964041079023612
,09/18/2024 05:41:42.358,1,0,PianoTiles,0,0.0,0,5.858846399999999,1.39663773,-3.9841759000000003,7.2215189323156475,1.1316540000000002,1.7113817,1.1611809999999996,2.248849890933505,1.2004963437705398,,,1.1362962152093086,0.6050084309214213,1.2349833813648223,0.7530474979156359,0.5312877842878873,0.4819358834491865,-0.1045141035689877,-0.992686420833872,-0.06041913643215619
,09/18/2024 05:41:42.858,1,0,PianoTiles,0,0.0,0,5.8991107,1.3527736999999997,-4.0055552,7.257683941486651,1.1633060000000004,2.114898,1.2950940000000002,3.186285490672544,1.6177790342729814,,,1.1311286492128119,0.6164650815618028,1.7235458313827925,0.6933967153729536,0.5146635676510091,1.0301491160098388,-0.10007589564322275,-0.9931465319177198,-0.06037202374454845
,09/18/2024 05:41:43.360,1,0,PianoTiles,0,0.0,0,5.8565965,1.3371159499999998,-3.9882310000000003,7.210657954508566,1.0717279999999993,2.0128485,0.9101459999999997,1.9633907034694704,1.2860499003300965,,,1.059851349041931,0.6410506845959998,1.3332384061431959,0.7130688487278063,0.4188006644459312,0.6201695574153896,-0.09342126670695382,-0.9951395386729508,-0.031141058052917055
,09/18/2024 05:41:43.864,1,0,PianoTiles,0,0.0,0,5.9014336,1.4065872,-4.1548636000000005,7.353114824414057,0.9135369999999998,1.6482489999999999,1.4148600000000005,2.130406268996355,1.3095621287967059,,,1.0791686654388182,0.6398445805810972,1.4853538168773126,0.9076415464460632,0.439324084857721,0.5777122704312494,-0.0935579540429935,-0.9951781592965163,-0.029450645060619285
,09/18/2024 05:41:44.350,1,0,PianoTiles,0,0.0,0,5.8845165,1.319104812,-4.005957499999999,7.23983890950759,1.0830709999999995,2.2706688799999997,0.9613070000000001,2.364138089317451,1.5726854210688939,,,1.0777174385612402,0.6486360260523616,1.6845587641688058,0.6246595359089621,0.42908141250887866,1.0598992282598436,-0.09422839624927207,-0.9947611684169634,-0.03963870772374192
,09/18/2024 05:41:44.862,1,0,PianoTiles,0,0.0,0,5.838972200000001,1.36690286,-4.0648674,7.244664710021561,0.9490629999999998,1.8463684,0.9734259999999999,1.7057537829147278,1.1437876540458844,,,1.0715764708190456,0.6603025420865799,1.1914355906793115,0.6292385170076599,0.4112739287324657,0.5621970736716516,-0.09078253228413202,-0.9947062112619934,-0.048146496330379096
,09/18/2024 05:41:45.336,1,0,PianoTiles,0,0.0,0,5.8456355,1.36105353,-4.0878484,7.261847261666158,1.080794,1.7974607,1.6894809999999998,3.2821289568749474,1.600717238940501,,,1.0899507902052277,0.6558293998480086,1.718694428833261,0.6445558810692832,0.4341213903572191,1.0741385477639778,-0.09165046754223181,-0.994252055055594,-0.055344763230302234
,09/18/2024 05:41:45.866,1,0,PianoTiles,0,0.0,0,5.891147699999999,1.3351705900000002,-4.0303461,7.261679655107449,1.4747890000000003,2.0773951,1.0229060000000003,3.1338969996754207,1.573646212209135,,,0.9776183997992265,0.6468837868195493,1.695844837350284,0.7423932183802601,0.3307346129796772,0.9534516189700238,-0.0893153332450135,-0.9946160028679294,-0.052552622069265066
,09/18/2024 05:41:46.330,1,0,PianoTiles,0,0.0,0,5.8329487,1.35606055,-3.9916520999999996,7.196907477488675,1.0603980000000002,1.8784005,0.659862,1.314347532448931,1.0640789428890616,,,1.1103514778487937,0.6601473750451485,1.0762621928397604,0.6439495349233517,0.4502041028036452,0.4323126579164087,-0.07822728444282537,-0.9959325095674233,-0.04470937659413016
,09/18/2024 05:41:46.853,0,0,PianoTiles,0,0.0,0,5.821566799999999,1.39284377,-4.1447989000000005,7.280797462911,1.0117349999999998,1.6519893000000003,1.2492679999999998,2.087995796255648,1.1532455497846388,,,1.1441135496588615,0.6638091788104468,1.2662019989799769,0.8865075859489296,0.4803043708484147,0.37969441303104723,-0.07288283946721108,-0.9964914248678995,-0.04114525338286265
,09/18/2024 05:41:47.350,1,0,PianoTiles,0,0.0,0,5.802776699999999,1.311157732,-3.9995366999999993,7.168517687980769,1.0929609999999998,2.19832768,1.1427379999999996,2.745641073601428,1.5323757111635146,,,1.0940768464299022,0.6670193608854246,1.5665239524037742,0.7140048090783424,0.42705748554447764,0.8525191433254318,-0.07704635654052332,-0.9953402440599246,-0.05797980250535674
,09/18/2024 05:41:47.858,1,0,PianoTiles,0,0.0,0,5.7949758,1.34209721,-3.9887686,7.161930213847478,1.0763609999999995,1.8856489,0.9368949999999998,1.9015585706185225,1.2167773641092734,,,1.0580276237986417,0.6600399621727457,1.202047479810764,0.6841018705295283,0.39798766162589594,0.5179456092812358,-0.08228072517375115,-0.9948309434858128,-0.05950862246775041
,09/18/2024 05:41:48.330,1,0,PianoTiles,0,0.0,0,5.8760326,1.36783463,-4.0159115,7.247501353371536,1.1098419999999996,1.6363977,1.6533259999999999,3.0026762699422482,1.477855268435654,,,1.1446400901431857,0.6404582302882835,1.514979432076518,0.732934749588256,0.5041818598549022,0.782044682488262,-0.09048994931922341,-0.9943837531578305,-0.054886433004444665
,09/18/2024 05:41:48.836,1,0,PianoTiles,0,0.0,0,5.904624999999999,1.3044571440000001,-3.9504798,7.223053058185692,1.1568230000000002,2.1659575600000003,1.416721,3.549777962649216,1.6368132301927059,,,1.2083668896179673,0.6518579842097509,1.6866950636910019,0.7983024890541183,0.5565089054082164,0.8883925746368836,-0.0952651836591371,-0.9940092782404695,-0.053573310092353776
,09/18/2024 05:41:49.369,1,0,PianoTiles,0,0.0,0,5.860741599999999,1.30881305,-3.9064425,7.163907921492787,1.135599,2.0327045,0.5803030000000002,1.3395350007182316,1.1600401882685845,,,1.1514123519408677,0.6682132230493499,1.1880263248414362,0.775397897129596,0.4831991288915177,0.4126284277118403,-0.09456580025180006,-0.9928095195072554,-0.07339323809799692
,09/18/2024 05:41:49.856,1,0,PianoTiles,0,0.0,0,5.964961000000001,1.45520908,-4.075579599999999,7.369446537832513,1.6205129999999999,1.7360122000000002,1.4575689999999994,4.100477330905248,1.5189408256030776,,,1.5286292619144115,1.09150168159788,1.584072119586176,0.8024804071452465,0.43712758031653154,0.7815917124409295,-0.09489790000744208,-0.9925003628907819,-0.07705464447938097
,09/18/2024 05:41:50.328,1,0,PianoTiles,0,0.0,0,5.973475,1.430622423,-4.0404436,7.352160810101772,1.7148770000000004,2.20031377,1.0393610000000004,3.9217870581167693,1.6046416154084078,,,1.615830643037197,1.1902906958264443,1.622202925192805,0.791782441713,0.4255399472107526,0.8304204834798049,-0.09470831227158864,-0.9927914217268234,-0.07345426149856703
,09/18/2024 05:41:50.857,1,0,PianoTiles,0,0.0,0,5.9074709,1.4771672399999998,-4.0135724,7.293078835397146,2.038544,1.7600256,0.9392350000000005,3.369871513558372,1.1921041353115571,,,1.6900599799323692,1.0535851597028119,1.12493485941274,1.0082640891100905,0.6364748202295574,0.1166707703026495,-0.09376181738148903,-0.9933684177141022,-0.06654252993012262
,09/18/2024 05:41:51.369,1,0,PianoTiles,0,0.0,0,5.9129782,1.538167,-4.077035,7.3451673435524425,1.9537190000000004,1.856493,1.5562749999999999,5.644711590511706,1.6584502164326305,,,1.6536463239447545,0.9817881849757616,1.6402882401620762,1.2276632168677206,0.6718581389689929,0.4126250232943556,-0.09585391491441274,-0.993132620366277,-0.06707924686512967
,09/18/2024 05:41:51.833,0,0,PianoTiles,0,0.0,0,5.8866413,1.5080151259999999,-4.0083085,7.279642329557321,1.582172,2.26490574,0.8485590000000003,3.0407860968867118,1.6316026852832346,,,1.4672932434510146,0.8520356761750064,1.5319276029391165,1.1576667502601947,0.6152575672760082,0.37426085267892173,-0.09438554801578056,-0.9934082735143795,-0.06504898491860289
,09/18/2024 05:41:52.353,1,0,PianoTiles,0,0.0,0,5.936665399999999,1.53292873,-4.0771085000000005,7.363197694180757,1.2878150000000002,1.7850197,1.0958829999999997,2.519188602179268,1.4566110444460443,,,1.2857992215276073,0.8266179226305226,1.5184743425485627,0.8776782620949434,0.4591812988970847,0.6407960804536194,-0.09285250155616372,-0.9936369088111511,-0.06375034433618912
,09/18/2024 05:41:52.950,0,0,PianoTiles,0,0.0,0,5.8957820000000005,1.48475312,-4.0276642,7.292929187016379,1.1797660000000008,2.4671438,0.808541,2.3533817797928895,1.8219190542909545,,,1.2390308455058736,0.846328120719736,1.7853384008445121,0.997067404599107,0.39270272478613766,0.7882709962454051,-0.09655768277420841,-0.9933173825383746,-0.06322334572282357
,09/18/2024 05:41:53.356,1,0,PianoTiles,0,0.0,0,5.8501446999999995,1.53523149,-4.0505256,7.279277874561533,1.1920980000000005,1.8784121,0.9742439999999997,2.1815771509076205,1.3064997679984016,,,1.2236840735586123,0.854127912322856,1.202728103885084,0.9717394732061677,0.3695561612357563,0.2309886306789164,-0.10468088840468606,-0.991982772854612,-0.07079611544767597
,09/18/2024 05:41:53.853,1,0,PianoTiles,0,0.0,0,5.900135799999999,1.54575562,-4.063485,7.328906687932943,1.2172200000000002,1.9067017999999998,1.2796120000000002,2.9698202234756623,1.570211030146374,,,1.28413558279529,0.8593015411460637,1.5681411590183583,1.0020375132643486,0.42483404164922633,0.5661036457540096,-0.1092491612066238,-0.9910969469816356,-0.07610165871602406
,09/18/2024 05:41:54.362,0,0,PianoTiles,0,0.0,0,5.887219000000001,1.5608877099999998,-4.039489599999999,7.308433089636807,1.5033050000000001,2.5304129,0.43420599999999965,1.6517119666184865,1.8524337181534651,,,1.552034343307196,1.001961538857156,1.7260295753052468,1.2723059214677888,0.5500728044500398,0.45372365383745805,-0.10534016964009442,-0.9918361939933049,-0.07186385005739303
,09/18/2024 05:41:54.843,1,0,PianoTiles,0,0.0,0,5.8400374,1.83132013,-4.151397,7.395530224639135,1.6427930000000002,2.3721017,0.5509849999999998,2.1471180564134817,1.4426727867338418,,,1.6404775294312932,1.330193788009477,1.1072056823357121,1.7398386319136034,0.31028374142181625,0.6326329495778913,-0.09077437601582627,-0.9933721536297004,-0.07051082932449833
,09/18/2024 05:41:55.363,0,0,PianoTiles,0,0.0,0,5.8763364000000005,1.77500809,-4.1528981,7.411379482560181,1.6985150000000004,2.8733481,0.6524679999999998,3.184321039771515,1.9409865610181967,,,1.6786363644497282,1.2986816217664747,1.6797125562476485,1.7091515408225222,0.37995474268325347,0.029438984574873706,-0.08276635185992172,-0.993737184973741,-0.07507421794640586
,09/18/2024 05:41:55.827,0,0,PianoTiles,0,0.0,0,5.848249599999999,1.4954155830000002,-4.138700099999999,7.318956870177566,1.3617239999999997,2.2465201699999997,0.5608420000000001,1.7156944381486456,1.5263966400306592,,,1.14287000270547,0.8619436667213235,1.4832490049682112,0.845304602122217,0.2809263359841464,0.6379444028459942,-0.08342393738998408,-0.9937643585432083,-0.07397868854986266
,09/18/2024 05:41:56.360,1,0,PianoTiles,0,0.0,0,5.879504600000001,1.46717266,-4.096163,7.314350366111924,0.9349030000000003,1.7504484,1.1239789999999994,1.8393910271191738,1.3558241692785251,,,0.599539923682318,0.689235666434203,1.4330662870995747,0.580687334687954,0.08969574275188497,0.8523789524116208,-0.08728282871264602,-0.9944867550346891,-0.058118859869179265
,09/18/2024 05:41:56.860,0,0,PianoTiles,0,0.0,0,5.877402099999999,1.4108969,-4.0506063,7.276118258048979,0.9302720000000004,2.431119,0.6059299999999999,1.3703724600916025,1.7170791191918067,,,0.60208324678237,0.685977452931946,1.739751758621327,0.6441008667359484,0.08389420614957599,1.0956508918853785,-0.09088866510031707,-0.9946292909951496,-0.049515896950056544
,09/18/2024 05:41:57.352,1,0,PianoTiles,0,0.0,0,5.756848,1.4837778400000001,-4.2160903,7.288231129110351,0.7407209999999997,1.8567856,0.7395960000000001,1.017210818474111,1.205680056292582,,,0.6861698069384868,0.6305013013642402,1.1768046260474847,0.7006326691505326,0.05566850557424663,0.47617195689695213,-0.09333605825852405,-0.9947085853498925,-0.04293262698667424
,09/18/2024 05:41:57.840,1,0,PianoTiles,0,0.0,0,5.753005600000002,1.4762643899999999,-4.2549576,7.30623666196293,0.5813730000000001,1.6648481,1.37838,1.3341308791991993,1.4138380804897355,,,0.28215014367708574,0.586938253199602,1.5432849700455227,0.6265144197773902,0.3047881095225163,0.9167705502681325,-0.09884482429928687,-0.9937575314277325,-0.05172687347890127
,09/18/2024 05:41:58.366,0,0,PianoTiles,0,0.0,0,5.893786199999999,1.39606436,-4.1722777,7.354836005954853,0.9278649999999997,2.3505794,0.550643,1.2009635913278025,1.682733029310897,,,0.25305294759200075,0.5582918437600531,1.7096678597586021,0.5822378602435607,0.3052388961680524,1.1274299995150414,-0.10215560897920732,-0.9929435231870865,-0.06022782840932607
,09/18/2024 05:41:58.866,1,0,PianoTiles,0,0.0,0,5.8423913,1.4369699900000001,-4.179843699999999,7.32594787115674,0.6511079999999998,1.8407820999999998,0.6558269999999999,0.7860401074321993,1.1779921000146685,,,0.25865793073864896,0.5563643562019409,1.1216654909076993,0.5638836114341328,0.29770642546329196,0.5577818794735665,-0.10429224853972763,-0.9932659558284174,-0.05045659408628641
,09/18/2024 05:41:59.490,1,0,PianoTiles,0,0.0,0,5.8543712,1.4364525,-4.224868000000001,7.361152596541502,0.6610799999999992,1.825624,1.170363,1.4124918100019512,1.4232947117791481,,,0.26022327021425257,0.5525477276217863,1.474890111323891,0.548712740482668,0.2923244574075337,0.926177370841223,-0.10352048354998289,-0.9934043833334825,-0.049307612590768234
,09/18/2024 05:42:00.089,1,0,PianoTiles,0,0.0,0,5.8364324,1.41499423,-4.174295900000001,7.313747199039619,0.6673150000000003,2.0434756999999997,0.6253849999999996,0.8528012438808343,1.340631495939788,,,0.27424495111122854,0.5492999409530279,1.2762768294959717,0.5525034922550264,0.2750549898417994,0.7237733372409453,-0.09636388716022508,-0.9941520581866116,-0.04874101409178262
,09/18/2024 05:42:00.563,1,0,PianoTiles,0,0.0,0,5.839889800000001,1.4278393499999997,-4.2331891,7.352749692591968,0.671405,1.9045625000000002,1.2753949999999996,1.6308894007236356,1.5359860580314104,,,0.27247219851206844,0.5400195131696631,1.5802857329379554,0.529283184941672,0.2675473146575947,1.0510025479962835,-0.0945104724459502,-0.9943066155072818,-0.04921508870760836
,09/18/2024 05:42:00.983,0,0,PianoTiles,0,0.0,0,5.8552742,1.3938689199999998,-4.1761949000000005,7.3258248932194405,0.6667950000000005,2.2709698,0.6546129999999999,0.9912616836069904,1.5583108739500882,,,0.28141660912426625,0.5295653168231469,1.5206123497939374,0.5418392683167214,0.24814870769888064,0.9787730814772161,-0.09151003178119461,-0.9944746251882269,-0.05144058650657535
,09/18/2024 05:42:01.513,1,0,PianoTiles,0,0.0,0,5.8399879,1.4433898600000004,-4.1768697,7.32359702952554,0.6722619999999999,1.7992944,0.6997649999999997,0.8464338209987553,1.1703375514125862,,,0.2803131862934739,0.5237572571506769,1.1070253581596765,0.5471726163369288,0.243444070857203,0.5598527418227477,-0.08903408097198046,-0.9942765516831266,-0.059051428421212415
,09/18/2024 05:42:02.003,1,0,PianoTiles,0,0.0,0,5.918068700000001,1.4186657299999998,-4.187457,7.387215017734704,1.0599059999999998,2.0561397,0.8510299999999997,1.8546622783869835,1.5867583432098766,,,0.2710395098689488,0.5140921983506458,1.6475052087838418,0.5524311908744831,0.24305268848169698,1.0950740179093588,-0.08838976257163805,-0.9938372004368969,-0.06689446090881158
,09/18/2024 05:42:02.483,0,0,PianoTiles,0,0.0,0,5.8708573,1.4004568625,-4.1771807,7.340101052515498,0.6470799999999999,2.191440375,0.6091189999999997,0.8637534242849992,1.4988397306317014,,,0.2897881051682416,0.5287603623239924,1.4714687608679093,0.5710003777940954,0.23897225715575077,0.9004683830738139,-0.07720734840841245,-0.9957497348799572,-0.050214448500776145
,09/18/2024 05:42:02.985,1,0,PianoTiles,0,0.0,0,5.851557699999999,1.4527567300000002,-4.23834,7.369854516107464,0.6760149999999996,1.6748697,1.228662,1.3911366263421157,1.3760767345086158,,,0.2892401280597143,0.5237946227224941,1.4363347116842542,0.6155229289222294,0.23455449466277983,0.8208117827620248,-0.07192453993111338,-0.9963844049027293,-0.04522143542980066
,09/18/2024 05:42:03.488,0,0,PianoTiles,0,0.0,0,5.8565586000000005,1.396437194,-4.1779619,7.328347774899344,0.674601,2.21783906,0.6902209999999998,1.032678599498336,1.5321929144069444,,,0.2834312182540937,0.5155921225591023,1.4994179818950029,0.5572876663627145,0.23216090430500858,0.9421303155322883,-0.07074459331543617,-0.9960830596722501,-0.053044705207988395
,09/18/2024 05:42:03.983,1,0,PianoTiles,0,0.0,0,5.844279499999999,1.4472428199999998,-4.1581221,7.317109678873906,0.6687500000000002,1.7247917999999998,0.5375139999999998,0.6199979508476023,1.052482848076606,,,0.27730167127155897,0.5056421749191814,0.9689527534233234,0.5245463521691861,0.22834050364762243,0.44440640125413733,-0.06994127839771516,-0.9956529002386428,-0.06151032289357949
,09/18/2024 05:42:04.490,1,0,PianoTiles,0,0.0,0,5.8763763,1.4393238199999998,-4.239292799999999,7.3874931419361,0.7857579999999995,1.8350678,1.409131,2.0318530504046657,1.631502662316024,,,0.2773284491338747,0.5023186989322613,1.7246224224361804,0.5236357341845569,0.2249902497983866,1.2009866882516236,-0.07064251894159779,-0.9950402294541286,-0.07003268012478865
,09/18/2024 05:42:04.991,0,0,PianoTiles,0,0.0,0,5.8378298,1.409197953,-4.1543396,7.30237174872901,0.6659369999999996,2.18457347,0.3778809999999999,0.5497368586849009,1.4204356674057828,,,0.2842439137026504,0.5208878664789569,1.3373779496255205,0.5891449790807012,0.2366439527763065,0.7482329705448193,-0.06827363874895905,-0.9950117989679594,-0.07273396845024764
,09/18/2024 05:42:05.475,0,0,PianoTiles,0,0.0,0,5.793345,1.41591891,-4.231683200000001,7.312647629544503,0.7313510000000001,1.6217538999999999,0.7230849999999993,0.857630392366768,0.9600260590000433,,,0.2689636119719542,0.5027745121722059,0.9582320346855502,0.8502985789603551,0.23381090020025175,0.10793345572519508,-0.06734034756929387,-0.9949750696231084,-0.07409378123525073
,09/18/2024 05:42:05.978,0,0,PianoTiles,0,0.0,0,5.781125200000001,1.33175361,-4.1689829000000005,7.250889233488228,0.843362,2.2658129,0.6365069999999995,1.2163015438977693,1.515345646134356,,,0.27738445312598164,0.5242475243489473,1.5329854378640422,0.6590585909674496,0.24686307122296564,0.8739268468965926,-0.06981818836019864,-0.9946467210602384,-0.07617953044103258
,09/18/2024 05:42:06.482,1,0,PianoTiles,0,0.0,0,5.753235900000001,1.38748831,-4.215870799999999,7.266251697658712,0.6682509999999997,1.8186329000000003,0.6548909999999997,0.7958911633532315,1.0947583566645172,,,0.27539970963129184,0.5346401392955827,1.077193287224261,0.7220126094210547,0.2592404296642909,0.3551806778032064,-0.06715526614539374,-0.9949993323211853,-0.07393577557134803
,09/18/2024 05:42:06.956,1,0,PianoTiles,0,0.0,0,5.788398600000001,1.37857591,-4.2876213000000005,7.334147960351495,0.6679210000000007,2.0726378999999997,1.2062489999999997,1.6698809100762388,1.5522357838923713,,,0.2715154875011737,0.526505812805519,1.6499728486859442,0.9078706390967818,0.2549903253043453,0.7421022095891624,-0.06629893228677568,-0.994873629490557,-0.07636041462642325
,09/18/2024 05:42:07.506,0,0,PianoTiles,0,0.0,0,5.789700399999999,1.356651216,-4.201929499999999,7.281301035296142,0.655818,2.23493984,0.9033739999999995,1.3240877166703946,1.406387049808829,,,0.2726479133186241,0.5293871402234848,1.3605637739603482,0.919170080904508,0.2567392269048607,0.4413936930558402,-0.06371143259734494,-0.9950622889758902,-0.07610449667697726
,09/18/2024 05:42:07.981,0,0,PianoTiles,0,0.0,0,5.7944957,1.35653088318,-4.2136438,7.291855081364278,0.6573719999999996,2.1927481682,0.8768530000000001,1.263940851886798,1.385445185145724,,,0.27781418806641234,0.5285986252592795,1.3620954083686279,0.895362491636209,0.25078443719286714,0.4667329167324189,-0.06356615379663295,-0.9949963497553169,-0.07708182707420644
,09/18/2024 05:42:08.472,1,0,PianoTiles,0,0.0,0,5.7816578,1.4187079100000002,-4.2338087,7.305164964488694,0.6718000000000002,1.6422529000000001,0.9033470000000001,0.9966315780205427,1.0918362445804346,,,0.28129685708518026,0.5201428524347899,1.1288651448715257,0.7771533822483179,0.2388459953496096,0.3517117626232078,-0.06396970809422088,-0.9948987964350496,-0.07800167497194985
,09/18/2024 05:42:08.982,1,0,PianoTiles,0,0.0,0,5.8031440000000005,1.37911659,-4.2655284,7.3330195270949465,0.6770309999999995,2.0152711,1.1903600000000005,1.6241283840067962,1.5348759913496324,,,0.28563933044488066,0.5195788500882231,1.6274434776261848,0.8392272786784275,0.23393951964334248,0.7882161989477573,-0.06429062753595033,-0.9948310691380688,-0.07859935806761122
,09/18/2024 05:42:09.493,0,0,PianoTiles,0,0.0,0,5.7785419,1.3686159400000002,-4.181989799999999,7.263173877072043,0.6785909999999999,2.0319596,0.7876390000000004,1.086051391687408,1.2299998764763933,,,0.2922460802217885,0.5291213722559318,1.1673380300468927,0.8397380511379725,0.23687529203414331,0.32759997890892023,-0.05849967391016463,-0.9966385203507112,-0.05735370873404167
,09/18/2024 05:42:09.970,1,0,PianoTiles,0,0.0,0,5.7809774,1.3646517699999998,-4.1490034,7.24542637571361,0.9304119999999996,1.7515242999999998,0.5540610000000004,0.9029195397572742,0.996688677461766,,,0.6218804856417347,0.5529861806492092,0.8958593081891207,0.5547802598416782,0.06889430499252547,0.3410790483474425,-0.05565434802480749,-0.9947358772319764,0.08604143242336171
,09/18/2024 05:42:10.478,1,0,PianoTiles,0,0.0,0,5.7959005,1.37066861,-4.071348599999999,7.214365839563554,1.161556,1.7218259,0.37237100000000023,0.7447409592604415,0.9849257126313385,,,1.0831774023792224,0.7647107612960605,0.8893311083721349,0.7373797823387891,0.3184666410831619,0.15195132603334582,-0.040669345045449744,-0.9764970707938165,0.21165886493286853
,09/18/2024 05:42:10.988,1,0,PianoTiles,0,0.0,0,5.818937199999999,1.33224644,-3.9452239,7.155396728034561,0.9862610000000007,1.7188835999999998,0.8799850000000005,1.4918102862153764,0.9436295319326392,,,1.1422294561418038,0.7015976565682068,0.8925299084529099,0.8063751334868909,0.440631799573597,0.08615477496601898,-0.033362113554390144,-0.9629537148038939,0.2675950532512982
,09/18/2024 05:42:11.484,1,0,PianoTiles,0,0.0,0,5.8648050000000005,1.3504589800000002,-4.0778705,7.2697114770434945,0.8756259999999996,1.7974181999999999,0.6505009999999998,1.0238014776360844,0.9666696201463263,,,1.0528199638803393,0.5583446882392632,0.9903641277067946,0.6959555168859574,0.4944752756410761,0.29440861082083725,-0.048521997002622365,-0.9653967443993353,0.2562318124473266
,09/18/2024 05:42:11.970,1,0,PianoTiles,0,0.0,0,5.885997400000001,1.3934081500000002,-3.998408199999999,7.250780633774575,0.8642269999999996,1.8097665,0.7614969999999999,1.1910186769388535,0.9864976576096989,,,1.0518198136819819,0.5790370873044317,1.052230743804442,0.7802631530182621,0.47278272637755014,0.27196759078617994,-0.06457420221204901,-0.9793148727099921,0.19176170758962724
,09/18/2024 05:42:12.489,1,0,PianoTiles,0,0.0,0,5.8417151,1.4366643700000001,-3.8574838999999996,7.146315264551006,1.0573550000000003,1.8006263,0.6430930000000004,1.224385548197264,1.0175514253103128,,,1.1701217133619055,0.6362629278529435,1.0144726744807324,0.7048961542695492,0.533858785508962,0.3095765202111832,-0.06824129704605601,-0.9865752813949066,0.14836556041761437
