GlobalID,EntryID,Spatial,Temporal,App,missing_joints_count,missing_joints_ratio,collapsed_joints_count,center_of_mass_x,center_of_mass_y,center_of_mass_z,distance_from_origin,bbox_width,bbox_height,bbox_depth,bbox_volume,max_joint_distance_from_com,distance_from_floor,min_foot_height_above_floor,below_floor,left_forearm_length,right_forearm_length,left_shin_length,right_shin_length,arm_length_symmetry,leg_length_symmetry,body_upright_x,body_upright_y,body_upright_z,body_forward_x,body_forward_y,body_forward_z
3301,08062025061603000,0,0,Puzzle,10,1.0,0,,,,,,,,,,,,,,,,,,,,,,,,
3302,08062025061603518,0,0,Puzzle,10,1.0,0,,,,,,,,,,,,,,,,,,,,,,,,
3303,08062025061603705,0,0,Puzzle,10,1.0,0,,,,,,,,,,,,,,,,,,,,,,,,
3304,08062025061603903,0,0,Puzzle,10,1.0,0,,,,,,,,,,,,,,,,,,,,,,,,
3305,08062025061604103,0,0,Puzzle,10,1.0,0,,,,,,,,,,,,,,,,,,,,,,,,
3306,08062025061604305,0,0,Puzzle,10,1.0,0,,,,,,,,,,,,,,,,,,,,,,,,
3307,08062025061604503,0,0,Puzzle,10,1.0,0,,,,,,,,,,,,,,,,,,,,,,,,
3308,08062025061604711,0,0,Puzzle,10,1.0,0,,,,,,,,,,,,,,,,,,,,,,,,
3309,08062025061604910,1,1,Puzzle,0,0.0,0,-0.17961467999999994,-3.10423705,14.926939999999998,15.247363275644224,4.494746,15.036470999999999,3.528640000000001,238.4835503609034,8.455195309663404,,,,2.745911744475268,2.6986377414089793,5.235868040564496,5.013265733265374,0.04727400306628882,0.22260230729912145,-0.0047888542607504025,0.9833822000581361,-0.18148420174684401,0.05039527073738243,0.0,-0.9987293510693004
3310,08062025061605112,1,1,Puzzle,0,0.0,0,-0.18061193000000003,-3.09993147,14.930535,15.250018727010787,4.494696,15.042333,3.5402199999999997,239.35680179589116,8.45180552541002,,,,2.6933249456478303,2.66393732046777,5.230822357166307,5.029311638258866,0.02938762518006044,0.201510718907441,-0.0045549139550575424,0.9833549083370895,-0.18163803843968468,0.04347814504300536,0.0,-0.9990543783516588
3311,08062025061605310,1,1,Puzzle,0,0.0,0,-0.18403624999999998,-3.08949731,14.940858000000002,15.258050358613167,4.494549,15.061011,3.5552300000000017,240.66223587167747,8.44414776089591,,,,2.5422741034922334,2.6939761122460992,5.269121515192795,5.079248485241305,0.15170200875386586,0.18987302995149058,-0.0038286084501795623,0.9833356021694682,-0.1817592783418349,0.02528652537712314,0.0,-0.9996802446954486
3312,08062025061605508,1,1,Puzzle,0,0.0,0,-0.18714448,-3.0882432399999997,14.939881000000003,15.25687758553372,4.494337,15.051524,3.545849999999998,239.86477185147598,8.442896168809908,,,,2.495937544116431,2.738188801538163,5.244820293342207,5.071936079944719,0.24225125742173192,0.17288421339748794,-0.003507192332640948,0.9833118133839214,-0.18189441239786944,0.004778393825650774,0.0,-0.9999885834110541
3313,08062025061605708,1,1,Puzzle,0,0.0,0,-0.18631366999999996,-3.0932869499999995,14.938567,15.2566025363499,4.49391,15.058304,3.5525400000000005,240.4027368805108,8.448202996873224,,,,2.5322233633052593,2.7222050559466027,5.258921310661531,5.079229936468621,0.18998169264134335,0.17969137419291048,-0.0034868881057958565,0.9832506806091867,-0.1822249727477236,0.017373501350811685,0.0,-0.9998490693353739
3314,08062025061605910,1,1,Puzzle,0,0.0,0,-0.18829863999999996,-3.093877,14.927785,15.246189565762977,4.493507,15.051116,3.5530800000000013,240.30295508745243,8.446509147650293,,,,2.5539870119267714,2.7420714784098243,5.251289208814756,5.038177318140103,0.188084466483053,0.21311189067465275,-0.003639637410518556,0.983165097418891,-0.1826831800052283,0.02286261528137603,0.0,-0.9997386162505157
3315,08062025061606115,1,1,Puzzle,0,0.0,0,-0.18826569,-3.09474221,14.935482000000002,15.253901005602172,4.494141,15.04888,3.558799999999998,240.68800931267018,8.44868112170845,,,,2.512290061224023,2.748792204282857,5.235321542932655,5.069599153420511,0.23650214305883432,0.16572238951214402,-0.0036588933854163064,0.9831226806436901,-0.18291092723825722,0.009846554738189022,0.0,-0.9999515215048117
3316,08062025061606313,1,1,Puzzle,0,0.0,0,-0.18799483999999997,-3.0948922899999998,14.934464,15.252931367899878,4.493977,15.049358999999999,3.5611799999999985,240.84784976863364,8.448319482722539,,,,2.536390540267726,2.742345122605833,5.247336879219497,5.073507632216986,0.20595458233810682,0.17382924700251134,-0.0038393563961908067,0.9831008242751059,-0.18302466678584703,0.010113392943981099,0.0,-0.9999488583338454
3317,08062025061606507,1,1,Puzzle,0,0.0,0,-0.19162530999999997,-3.09155734,14.932731999999998,15.250604316871001,4.493743,15.045899,3.558069999999999,240.56966384505864,8.444252875045683,,,,2.4869361970396913,2.7310500839372462,5.232497280474218,5.063777488927747,0.24411388689755498,0.16871979154647043,-0.00407989933133845,0.9831461594001044,-0.18277577431998615,0.01610646698269478,0.0,-0.9998702824473459
3318,08062025061606709,1,1,Puzzle,0,0.0,0,-0.18789631,-3.0978019999999997,14.929081999999998,15.248251428188071,4.493846,15.04985,3.5697199999999984,241.4262614781644,8.448387872787034,,,,2.5444456641497695,2.749516396244903,5.2692858824530715,5.069469982998539,0.2050707320951335,0.19981589945453226,-0.004286204855785383,0.983160174919223,-0.18269564554399478,0.023482275157537497,0.0,-0.9997242533586078
3319,08062025061606910,1,1,Puzzle,0,0.0,0,-0.19432618999999995,-3.0961058,14.926992000000002,15.245941229093651,4.4935149999999995,15.04755,3.5686300000000006,241.29788369200813,8.44525462854114,,,,2.5146850518513624,2.7551297821668745,5.266629705041219,5.055994738658161,0.24044473031551217,0.2106349663830578,-0.004105065765089318,0.9832333768720194,-0.18230544435070975,0.01901411253454531,0.0,-0.9998192154207298
3320,08062025061607103,1,1,Puzzle,0,0.0,0,-0.19679852999999997,-3.0911367899999993,14.919442,15.237572178902571,4.493227,15.052492,3.5774599999999985,241.95887219941056,8.438030786360468,,,,2.4884116439825807,2.758394427730276,5.2926747237126,5.040004175883862,0.26998278374769535,0.2526705478287381,-0.004251168798022884,0.9831903696091645,-0.182533900061455,0.021742716998160307,0.0,-0.9997635991860966
3321,08062025061607313,1,1,Puzzle,0,0.0,0,-0.19360173,-3.0986296199999996,14.920069000000002,15.239666863700183,4.495227,15.051093000000002,3.58263,242.39386583597246,8.444421991174666,,,,2.5355348090170815,2.752918636328326,5.301863953332248,5.065911448899028,0.21738382731124428,0.2359525044332198,-0.004114793343228627,0.9832004575575402,-0.18248268064226278,0.03390745229967039,0.0,-0.9994249770135554
3322,08062025061607515,1,1,Puzzle,0,0.0,0,-0.19041628000000005,-3.11157616,14.918809999999999,15.24103199836774,4.495072,15.039017000000001,3.575730000000002,241.72458367048466,8.455488337088182,,,,2.6349702341658072,2.766845090935568,5.225471753155029,5.049682057160493,0.13187485676976074,0.17578969599453576,-0.003851823912920474,0.9831824205974316,-0.18258557248785856,0.040734369193306454,0.0,-0.99917001114246
3323,08062025061607708,1,1,Puzzle,0,0.0,0,-0.19344416999999994,-3.0976390499999997,14.919264000000002,15.238675356890045,4.495001,15.016421,3.5717,241.0855618653724,8.441664973162,,,,2.534605761047828,2.7637411612630247,5.229028550406031,5.048869285617571,0.22913540021519685,0.18015926478846023,-0.00350241190107578,0.9832055591160018,-0.18246797427018654,0.030715990686140855,0.0,-0.999528152638118
3324,08062025061607905,1,1,Puzzle,0,0.0,0,-0.19189464000000006,-3.0977805500000004,14.918044,15.237490104172506,4.49566,15.045501,3.5875900000000005,242.66263963068758,8.441072062686793,,,,2.5451066361797277,2.7400194555091466,5.273528118162735,5.062316467174299,0.19491281932941895,0.21121165098843608,-0.0033857636262933878,0.9831702091944876,-0.18266054953693261,0.05198191823700962,0.0,-0.998648026171584
3325,08062025061608110,1,1,Puzzle,0,0.0,0,-0.20841886,-3.0585074399999996,14.837805,15.151183564321437,4.496213,15.033266,3.5807599999999997,242.03347285971205,8.385908751064788,,,,2.5514488886521103,2.755839044586097,5.247435907462104,4.4065659286079235,0.20439015593398668,0.8408699788541805,-0.003151221146576735,0.983171537589498,-0.18265759628109568,0.05282465194743097,0.0,-0.9986038033908308
3326,08062025061608324,1,1,Puzzle,0,0.0,0,-0.19162276000000006,-3.09988431,14.916751,15.236648660828772,4.497285,15.030416,3.5717099999999977,241.4335392515582,8.439656461169752,,,,2.5300275733419273,2.7844460778036786,5.247818701381556,5.0320684214493046,0.2544185044617513,0.2157502799322515,-0.0026388808708236377,0.9831890633192348,-0.18257136160196458,0.027586316628705244,0.0,-0.9996194251488216
3327,08062025061608511,1,1,Puzzle,0,0.0,0,-0.18141017,-3.10064943,14.92917,15.24883777297269,4.502552,15.024536000000001,3.5697400000000012,241.48846530246297,8.440381566879418,,,,2.5283769151438555,2.7795985844243063,5.226432582636008,5.061146976804887,0.25122166928045075,0.16528560583112117,-0.002730030519716455,0.983070554425363,-0.1832070739768833,0.03473878876593913,0.0,-0.9993964261268274
3328,08062025061608708,1,1,Puzzle,0,0.0,0,-0.20741326,-3.02551838,14.965709,15.269879750699502,4.946045,15.042139,3.5877599999999994,266.92610206510125,8.376952635466017,,,,2.5328211460766217,3.0448970753362503,5.245908377037272,5.085235517842438,0.5120759292596286,0.16067285919483343,-0.00392770976287427,0.9823406019159492,-0.18706019064309037,-0.1981828408187257,0.0,-0.9801650685496904
3329,08062025061608909,1,1,Puzzle,0,0.0,0,-0.23567597999999998,-2.66610956,14.621569000000003,14.86452028742379,7.283386999999999,15.035934999999998,4.315429999999999,472.5936724930211,7.961709204592957,,,,3.0374216676977857,3.048545023920401,5.274689213611396,4.518661494682465,0.0111233562226154,0.7560277189289311,-0.007482685944434815,0.9804281566819002,-0.19673494604769237,-0.07701838359222422,0.0,-0.9970296728727993
3330,08062025061609104,1,1,Puzzle,0,0.0,0,-0.20569434999999991,-2.0713766799999997,14.489918,14.638669173213586,6.866541,15.031372000000001,4.986000000000001,514.6226711715206,8.181680024531149,,,,3.042158459619262,3.2185148220634314,5.308464665368063,5.102745869266189,0.17635636244416952,0.20571879610187338,-0.010595332114016918,0.9798502719437485,-0.1994522085843013,-0.04920032953957991,0.0,-0.9987889304418611
3331,08062025061609302,1,1,Puzzle,0,0.0,0,-0.1370839300000001,-2.22465567,14.460877000000002,14.63163861168859,7.271682,15.064998,5.116389999999999,560.4896510795965,8.08290983215301,,,,2.838743127990582,3.023901045120956,5.343697138096619,5.14848026171614,0.18515791713037366,0.19521687638047958,-0.012860298240184294,0.9809347430693165,-0.1939114297010558,0.0366993070740468,0.0,-0.9993263535303594
3332,08062025061609511,1,1,Puzzle,0,0.0,0,-0.12829211000000001,-2.88412576,14.643933999999998,14.925797910374499,6.440302,15.060989,4.087389999999999,396.4658658979126,8.191789627671842,,,,3.0260406666080937,3.0807226574459174,5.306367735670722,4.531561267482391,0.05468199083782377,0.7748064681883315,-0.015627756358847507,0.9813488409853534,-0.19159912715848196,0.13038768137167495,0.0,-0.9914630868300234
3333,08062025061609706,1,1,Puzzle,0,0.0,0,-0.15604039999999994,-3.14708539,14.910775999999998,15.24007007794123,4.427135,15.064595,3.5834199999999985,238.9890149570492,8.507681040824489,,,,3.0967890572393215,3.036225136817262,5.307119085886443,5.064344248725769,0.0605639204220596,0.24277483716067394,-0.01783291943983411,0.9813620610309522,-0.19133868441414,0.034434417329308756,0.0,-0.9994069596031393
3334,08062025061609910,1,1,Puzzle,0,0.0,0,-0.20003140999999997,-2.64849849,14.654912999999999,14.893657437113552,11.198365,15.0859,3.8900900000000007,657.181746980425,7.992540811517445,,,,3.2597685623476407,2.9160774230602677,5.288350472670764,5.086765651746686,0.34369113928737294,0.20158482092407848,-0.018832783228596495,0.9816619573485111,-0.18969746379578864,-0.0779998992853511,0.0,-0.9969533668690201
3335,08062025061610104,1,1,Puzzle,0,0.0,0,-0.16052907000000005,-1.397787,14.031788999999998,14.102151630875516,9.49019,15.162594,6.105970000000001,878.6240360232247,8.975391569028657,,,,3.2849331171402874,3.32861703547284,5.3591556239022635,4.544322564118579,0.04368391833255281,0.8148330597836848,-0.019731981633524767,0.9858040624379738,-0.16673631692466373,0.04202269342538005,0.0,-0.9991166564707429
3336,08062025061610313,1,1,Puzzle,0,0.0,0,-0.12757019,-1.1375434,13.984133,14.030903566839493,6.177936,15.127357,5.623540000000002,525.5526735663733,9.233528540840146,,,,2.8947782295618083,3.1045257841234384,5.558415968471691,5.305501301871566,0.20974755456163008,0.25291466660012496,-0.02280518010685766,0.9891268885755328,-0.14528565674965824,0.019716797750763522,0.0,-0.9998056050485291
3337,08062025061610509,1,1,Puzzle,0,0.0,0,-0.17914465000000002,-1.1245417,13.920513999999997,13.967011021147597,5.569921,14.910695,5.743020000000001,476.9658122047248,9.259121895183029,,,,2.7413934220866585,2.7188500762401535,5.588652739215778,5.3859393817788215,0.02254334584650497,0.20271335743695662,-0.029481134889346273,0.9886931514335051,-0.14702623913478935,-0.03555937346491727,0.0,-0.9993675654926881
3338,08062025061610711,1,1,Puzzle,0,0.0,0,-0.17233898,-1.2449987000000002,13.949018999999998,14.005529391971946,8.769789,15.1203,6.557749999999999,869.5697203041642,9.132037813881045,,,,3.064394365450537,3.1380849831574036,5.447006330951534,5.207888654939967,0.07369061770686658,0.23911767601156697,-0.029210425268677218,0.9902947472496831,-0.13587886011189948,-0.0180654925280579,0.0,-0.9998368056736653
3339,08062025061610908,1,1,Puzzle,0,0.0,0,-0.16553627999999992,-2.1289682900000004,14.449276000000001,14.606213922984894,13.214642000000001,15.136467,4.795860000000001,959.2822690499512,8.139178165080743,,,,3.2053505698203453,3.2213016149587737,5.4413102851854545,5.173237713015409,0.015951045138428377,0.26807257217004565,-0.02927236825562436,0.9870285956615473,-0.15785334903986317,0.03362609802189618,0.0,-0.9994344828610938
3340,08062025061611113,1,1,Puzzle,0,0.0,0,-0.20766228,-2.95722361,14.770537000000001,15.065094037889217,7.994049,15.132114,3.7553099999999997,454.2680619917402,8.342936264832568,,,,3.0550153434791856,3.0130325041165684,5.347618391412558,5.121442098519306,0.04198283936261715,0.22617629289325247,-0.0323002156144461,0.9827061636226749,-0.18233291543016855,-0.0022815608583434685,0.0,-0.9999973972366376
3341,08062025061611308,1,1,Puzzle,0,0.0,0,-0.23447568999999996,-2.9575197100000006,14.603733,14.902044128894817,4.5447,15.101703,4.034319999999999,276.88631309069905,8.315835905387123,,,,3.099810395561814,3.328906004622049,5.27683651856927,4.418982817741418,0.22909560906023474,0.8578537008278513,-0.03117119646445867,0.980887418217606,-0.19206308675373637,-0.07811857410450705,0.0,-0.9969440748506802
3342,08062025061611503,1,1,Puzzle,0,0.0,0,-0.21326022100000003,-2.6531104700000006,14.533468000000003,14.775187551936817,4.195718,15.10979,4.464299999999998,283.02062833820173,8.004497500832509,,,,2.4717304519958074,2.597833839930566,5.180915148298246,4.936977860956353,0.12610338793475862,0.24393728734189324,-0.02837340024837899,0.9788073886228552,-0.20280790451965183,-0.06418537922337647,0.0,-0.997937992609737
3343,08062025061611706,1,1,Puzzle,0,0.0,0,-0.23624128,-2.9003177300000003,14.598724999999998,14.885913626746373,4.15717,15.122851,4.0275099999999995,253.20255586782582,8.257711001343335,,,,3.0678007174333604,2.9380120639129887,5.198968682650941,4.428869653348353,0.1297886535203716,0.770099029302588,-0.028111427406411035,0.9782427746441238,-0.20555004623142287,-0.10547437093800814,0.0,-0.9944220216161906
3344,08062025061611902,1,1,Puzzle,0,0.0,0,-0.20086465999999997,-2.9947232,15.025792999999998,15.322635835100439,8.552893000000001,15.100431,3.4771599999999996,449.08345694465777,8.409176300228788,,,,3.0167958391144487,3.033683194510965,5.236018937574387,5.017659934452016,0.016887355396516313,0.21835900312237033,-0.024952558276031395,0.9778022002416797,-0.20803900364597805,-0.10315903325625232,0.0,-0.9946648751502363
3345,08062025061612104,1,1,Puzzle,0,0.0,0,-0.2058792200000002,-2.0202672999999995,14.600157000000001,14.740707263945177,13.291785,15.103712,3.9877200000000013,800.5558954304796,8.2037863516628,,,,3.1071204522401454,3.148333681489463,5.314902063851436,4.49836304548323,0.041213229249317695,0.8165390183682062,-0.024210325846152327,0.9785529332024352,-0.20456787881613686,-0.02930000501345348,0.0,-0.999570662687842
3346,08062025061612309,1,1,Puzzle,0,0.0,0,-0.14483272,-1.1630109999999998,14.07859,14.127288044455087,8.219122,15.147692,6.337510000000002,789.024612296998,9.17783149401116,,,,3.3173369819107914,3.259002432582247,5.34670960532528,5.121672300105992,0.058334549328544316,0.22503730521928844,-0.02521622401203594,0.9831874769090652,-0.18084946031371324,0.036423876674961345,0.0,-0.9993364304417042
3347,08062025061612508,1,1,Puzzle,0,0.0,0,-0.10903329000000009,-1.071648,13.97268,14.014139434037048,5.819597,14.997602,5.922879999999999,516.9489640687189,9.299191041963455,,,,2.88688403541275,2.9802547419887717,5.4464617703892895,5.291715509485675,0.09337070657602187,0.15474626090361454,-0.023054966582743596,0.9852051736721078,-0.16982118326516432,0.03049795963867058,0.0,-0.9995348290369265
3348,08062025061612706,1,1,Puzzle,0,0.0,0,-0.14075249000000006,-1.0425087000000002,13.927355,13.967027348331566,5.917362000000001,14.987333,6.23765,553.1889517336846,9.331461497836068,,,,2.819615337325998,2.871165227415865,5.51629024205319,5.308209549264823,0.05154989008986721,0.20808069278836694,-0.026146902784938406,0.9845679467436539,-0.17303842844796188,-0.0012957296757082086,0.0,-0.9999991605419514
3349,08062025061612902,1,1,Puzzle,0,0.0,0,-0.16041383999999997,-1.5557523,14.118148999999999,14.204514388222492,7.53783,15.114338,6.300510000000001,717.8127595095094,8.784162939062583,,,,3.0186673364135372,3.0296073310942457,5.3966027587886485,5.158145715853469,0.010939994680708498,0.23845704293517933,-0.025325826052123593,0.984411358598775,-0.17404849782888496,0.03035909213239938,0.0,-0.999539056528006
3350,08062025061613102,1,1,Puzzle,0,0.0,0,-0.13063742999999986,-2.09181163,14.318765000000003,14.471343170512727,7.516187,15.127789,5.604380000000001,637.2364501297109,8.23168292452392,,,,3.015847949562658,3.0320904921050746,5.373619711147718,5.1148504546330855,0.01624254254241686,0.2587692565146327,-0.02385652548825602,0.9833590499886772,-0.18009954191222835,0.061427745414358914,0.0,-0.9981115328926466
3351,08062025061613331,1,1,Puzzle,0,0.0,0,0.026321480000000053,-2.44317052,14.578904,14.782226383441786,6.5128140000000005,15.121835,5.594709999999999,550.9989233385744,7.836715872108599,,,,3.1317291430302276,3.0893996727372453,5.317594635187818,5.158925763203518,0.042329470292982396,0.15866887198429946,-0.017990017292480658,0.9829165839383488,-0.18317027132365984,0.23447751207572956,0.0,-0.9721215440112292
3352,08062025061613512,1,1,Puzzle,0,0.0,0,0.052429830000000066,-2.484084792,14.703112999999998,14.911571279770904,6.266324,15.116192000000002,5.603579999999999,530.787665807016,7.863232422428241,,,,2.727148231322897,3.0882822159673173,5.28875217157035,5.140633113544892,0.36113398464442037,0.14811905802545766,-0.014234416707113043,0.982152726412797,-0.1875457367708413,0.40821467992922716,0.0,-0.9128859595208366
3353,08062025061613706,1,1,Puzzle,0,0.0,0,0.04334016999999994,-2.51902191,14.679319999999999,14.893951302988595,6.929213,15.109518,5.554449999999999,581.5346324038481,7.8974077277617,,,,2.932810422902955,3.0752777264892672,5.296422263269235,5.0975244661306105,0.14246730358631243,0.1988977971386241,-0.017837298717964033,0.9811687476163174,-0.1923271158091682,0.4017566703014334,0.0,-0.9157464593807093
3354,08062025061613905,1,1,Puzzle,0,0.0,0,0.057639069999999945,-2.5424565,14.660169000000002,14.879111614116743,7.030655,15.106672,5.453159999999999,579.1790276793072,7.918749412120638,,,,2.9974994497027017,3.0622262130536657,5.262541565000149,5.121797470178359,0.06472676335096406,0.1407440948217893,-0.01824135013814584,0.9807567043488364,-0.19437988584199373,0.4187727178449475,0.0,-0.9080910806679889
3355,08062025061614110,1,1,Puzzle,0,0.0,0,0.07283018000000002,-2.55821943,14.649865,14.871729401968468,6.760438000000001,15.113562000000002,5.4633,558.2088469626904,7.931513287399582,,,,2.9547461665460353,3.098343272282785,5.281554795787927,5.053411635189052,0.14359710573674977,0.22814316059887485,-0.015031158834039295,0.9805448697562753,-0.1957187335406481,0.4674831105677391,0.0,-0.8840020030146486
3356,08062025061614306,1,1,Puzzle,0,0.0,0,0.07871477999999994,-2.55800501,14.659503999999998,14.88121779874858,6.621999,15.092307,5.496479999999998,549.3250370679582,7.932515687652714,,,,2.9136308688775605,3.1258109882969562,5.285409139827217,5.076931080029967,0.21218011941939574,0.2084780597972502,-0.012306858267864694,0.980467009618747,-0.19629820245954038,0.4850062117706586,0.0,-0.8745107057914586
3357,08062025061614510,1,1,Puzzle,0,0.0,0,-0.031322769999999944,-2.53714123,14.560764999999998,14.780187553685215,5.850494,15.090152,5.670439999999999,500.61390930919237,7.88716416654917,,,,2.9548131107871596,3.134131197394903,5.279338442042374,4.527231596660591,0.1793180866077435,0.7521068453817836,-0.011255408425928351,0.9805431487717086,-0.19598073675243832,0.3088226613729983,0.0,-0.9511196369660857
3358,08062025061614710,1,1,Puzzle,0,0.0,0,-0.23726992,-2.56118277,14.523555000000002,14.749562842142364,5.120854,15.099836,5.854469999999999,452.69136367111463,7.900920186169966,,,,2.983892616573004,2.728863253444737,5.324983976682636,5.1031812069713105,0.2550293631282674,0.22180276971132518,-0.013500502457620502,0.9813251119166057,-0.19188215434284966,-0.12667331341269816,0.0,-0.9919444902155807
3359,08062025061614913,1,1,Puzzle,0,0.0,0,-0.39526696000000006,-2.5795268,14.498437999999998,14.73142555632108,4.672263,15.146667,5.6169699999999985,397.5085395897598,7.9486524113304515,,,,2.951763835786664,2.880939587623491,5.237525634087135,5.06912875503109,0.07082424816317312,0.1683968790560444,-0.015086717948165566,0.9830525006099811,-0.1827024137388874,-0.4209351205005972,0.0,-0.907090747571128
3360,08062025061615117,1,1,Puzzle,0,0.0,0,-0.51076399,-2.5712515,14.548903999999999,14.78319389478975,4.205024,15.149535,5.308079999999999,338.14676839712376,7.952895396996636,,,,3.0369519337172592,3.092201875908816,5.170405776412965,5.095633573034172,0.055249942191556656,0.07477220337879231,-0.012978917951555789,0.983898324262054,-0.1782572164124889,-0.6117023664801415,0.0,-0.7910879943739474
3361,08062025061615312,1,1,Puzzle,0,0.0,0,-0.65984624,-2.52548162,14.606565,14.837964670824128,3.957911,15.157194,4.9473,296.79260783845666,7.917584845813653,,,,3.084596988580784,3.093826050451609,5.210862435351389,5.085612084528221,0.009229061870825284,0.12525035082316816,-0.007294256701682895,0.9846100780627256,-0.17461325263703015,-0.7792630724904958,0.0,-0.6266969473778154
3362,08062025061615506,1,1,Puzzle,0,0.0,0,-0.8360022199999999,-2.42665742,14.598594,14.822500218341101,3.5755191,15.168683000000001,4.845459999999999,262.79796051579564,7.826752270621933,,,,3.1077707207380727,3.1322016585873644,5.212521386491786,4.531766893541745,0.024430937849291734,0.6807544929500411,0.0024263576718674905,0.985043848297732,-0.17228676594342046,-0.871776769463761,0.0,-0.4899033213026104
3363,08062025061615703,1,1,Puzzle,0,0.0,0,-0.9639564400000001,-2.33556895,14.660473999999999,14.876612256931937,3.5213762,15.196154,4.9497800000000005,264.8695338818113,7.854477509359814,,,,3.6437187388172885,2.972903372693395,5.125665634513364,4.543232275330179,0.6708153661238936,0.5824333591831854,0.01175635044742035,0.9856533588983344,-0.168372338335573,-0.9264835678981773,0.0,-0.37633522080010445
3364,08062025061615908,1,1,Puzzle,0,0.0,0,-0.9789568800000001,-2.34995628,14.832856000000001,15.049726516038318,4.216681,15.235505,5.0402000000000005,323.79890152577303,7.973892065073009,,,,3.5132325296892093,3.3045294223223376,5.092795925894538,5.056234017538241,0.2087031073668717,0.03656190835629669,0.0180576294544186,0.9850480216084258,-0.17133101629247846,-0.9761596826520701,0.0,-0.21705362002189602
3365,08062025061616104,1,1,Puzzle,0,0.0,0,-0.9291046699999999,-2.5524733900000003,14.870572000000001,15.116622225274334,4.017769,15.222445,4.732940000000001,289.46787705403784,8.015139111580169,,,,3.431407766758858,3.2581732646083568,5.115761729846788,5.012571532327915,0.17323450215050107,0.10319019751887293,0.014692752849134844,0.9844144275393921,-0.1752494161645201,-0.968302992263322,0.0,-0.24977853225186677
3366,08062025061616310,1,1,Puzzle,0,0.0,0,-0.70750805,-2.9824129,14.910095000000002,15.221901565045226,4.269376,15.197937,3.8961500000000004,252.80444918772918,8.423233536976493,,,,3.019786437990145,3.3738985792508656,5.1110838867755835,5.025390047811017,0.35411214126072066,0.08569383896456628,0.001890786054475646,0.9857218737419564,-0.16837105616685646,-0.9105267442779265,0.0,-0.4134501759035056
3367,08062025061616504,1,1,Puzzle,0,0.0,0,-0.25602212,-3.19332236,14.882200000000001,15.223098628755096,5.43563,15.175551,4.163640000000001,343.45316876988784,8.617910193498219,,,,3.155559653495297,3.1690286265383025,5.163839760320088,4.820921680355428,0.013468973043005317,0.34291807996465984,-0.0033235016444817613,0.9850638534806203,-0.17215736668156273,0.40009695348267965,0.0,-0.9164728189171125
3368,08062025061616705,1,1,Puzzle,0,0.0,0,0.09090184,-2.928788,14.845296999999999,15.131718518121739,7.871767999999999,15.138707,3.9609200000000016,472.01645664112317,8.3483722262403,,,,3.0394507281402823,2.8178993843607354,5.19942216043937,5.002821962788418,0.22155134377954688,0.1966001976509526,-0.004084762188659315,0.9835059057260476,-0.18082988724170818,0.8115644706041695,0.0,-0.5842628775242991
3369,08062025061616904,1,1,Puzzle,0,0.0,0,0.2925680800000002,-2.5994408700000005,14.750979000000001,14.981123802188614,9.230260000000001,15.123966000000001,3.9609699999999997,552.9440383024524,8.015640969398058,,,,3.0249199900904635,3.2991611061031865,5.270159132812238,4.471683156652564,0.27424111601272294,0.7984759761596738,-0.0006804874911522815,0.9825593344839924,-0.18594808725864415,0.888584034204437,0.0,-0.4587138695929827
3370,08062025061617112,1,1,Puzzle,0,0.0,0,0.38987276999999987,-2.40586214,14.745549,14.94561436424993,9.365924,15.111772,3.82498,541.3712526051185,8.291590522567105,,,,3.014348546353815,3.26880198038624,5.352279782889553,4.481475623476826,0.25445343403242493,0.8708041594127272,-0.0038542304835346773,0.9819485811510466,-0.1891087752665812,0.9039454278697677,0.0,-0.4276478264101695
3371,08062025061617306,1,1,Puzzle,0,0.0,0,0.3895880400000001,-2.37294477,14.794903999999999,14.989057011419943,9.18097,15.102908,3.5580900000000018,493.3624297788578,8.21700648480503,,,,3.002866384617019,3.123450801096761,5.313164112921773,4.486053977306435,0.12058441647974183,0.8271101356153379,-0.007590625640153637,0.9816047098322391,-0.19077362510985782,0.9290355175986703,0.0,-0.3699905499336039
3372,08062025061617506,1,1,Puzzle,0,0.0,0,0.40477514000000026,-2.41769806,14.824712,15.026017193728809,9.157818,15.076704,3.556750000000001,491.07944556623085,7.9247632357415725,,,,2.9817732533647083,3.062158464473712,5.287801750827489,4.487320721410851,0.08038521110900376,0.8004810294166385,-0.007237884721543497,0.9810626384018912,-0.19355545085757178,0.945868936652956,0.0,-0.32454884790275607
3373,08062025061617708,1,1,Puzzle,0,0.0,0,0.4177078599999999,-2.4515451999999995,14.844792000000002,15.05165782388149,9.108429000000001,15.073374000000001,3.5735600000000005,490.6310513583776,7.856217329618879,,,,2.9783777794228854,3.038215350959342,5.282589809859177,4.4955876748643675,0.059837571536456746,0.7870021349948093,0.002519893996718655,0.9806861896144664,-0.1955715920927782,0.9507552991818061,0.0,-0.30994251253694555
3374,08062025061617906,1,1,Puzzle,0,0.0,0,0.45018658999999983,-2.44946572,14.842193,15.049692466243952,9.076758,15.052936,3.5702800000000003,487.8139873435454,7.833683787483721,,,,2.9601437611490495,3.051028496334474,5.2680956774615915,4.4694020527121525,0.0908847351854245,0.798693624749439,0.012105177668593786,0.9799605777577565,-0.198823365614547,0.9400161711295147,0.0,-0.3411298843769142
3375,08062025061618116,1,1,Puzzle,0,0.0,0,0.4745038539999998,-2.46249305,14.841918000000001,15.052294039364337,8.97193,15.059394000000001,3.575989999999999,483.1585487077737,7.837145733333188,,,,2.9560048593683415,3.036370735652351,5.265259507010762,4.458980547900635,0.08036587628400937,0.8062789591101271,0.01581519503087257,0.9793190673305271,-0.20170286058705775,0.9273056790355073,0.0,-0.3743049260008433
3376,08062025061618330,1,1,Puzzle,0,0.0,0,0.41126549599999995,-2.59081137,14.816067,15.046504052822716,8.011949,15.057120000000001,4.447419999999999,536.5228618505965,7.950003553092183,,,,2.9551733920798777,3.0565311161848157,5.248029373941712,5.1563320359842315,0.10135772410493793,0.09169733795748058,0.015288867884355932,0.978778082868227,-0.20435193910411756,0.7487959636215102,0.0,-0.6628005769944183
3377,08062025061618509,1,1,Puzzle,0,0.0,0,0.11000323799999986,-2.6968500900000003,14.625513000000002,14.872482362856328,5.454044,15.06981,6.024199999999999,495.13747291468155,8.019877236564493,,,,2.971152433513528,3.0252596160181837,5.214265883064201,5.0902193498756025,0.054107182504655515,0.12404653318859804,0.009417549189092255,0.9783813758982687,-0.2065942716114891,0.17934081674580787,0.0,-0.983787005123033
3378,08062025061618703,1,1,Puzzle,0,0.0,0,-0.28507445,-2.70726525,14.598177999999999,14.84982671601202,4.543551,15.116529,6.336219999999999,435.18882699807887,8.058877470033412,,,,2.9788856554216725,3.0604089758644473,5.11748752655373,5.077950843116246,0.08152332044277477,0.0395366834374844,0.006970877685512558,0.9770552387051125,-0.21287195067267428,-0.38139951844470543,0.0,-0.9244103024794492
3379,08062025061618905,1,1,Puzzle,0,0.0,0,-0.64215863,-2.6624139500000004,14.766045,15.017886025977926,3.822393,15.131046000000001,5.665150000000002,327.654171954234,8.05044233155004,,,,3.087424692054438,3.0464408908668243,4.949827293227004,5.042341009250639,0.0409838011876138,0.09251371602363445,0.013413583156943347,0.9744361096949692,-0.22426400493486587,-0.7223168119829739,0.0,-0.6915623060337752
3380,08062025061619104,1,1,Puzzle,0,0.0,0,-0.8284078709999999,-2.58695223,14.982049999999997,15.226306303353306,4.136032,15.13325,4.85801,304.0706491465747,8.023300440900181,,,,3.2395728263666244,3.0720205790886395,4.833892671525614,4.9596424922276094,0.1675522472779849,0.12574982070199514,0.016279787781503262,0.9728324924640244,-0.23093702629942908,-0.9275910670540245,0.0,-0.37359712568698394
3381,08062025061619306,1,1,Puzzle,0,0.0,0,-0.8853604989999999,-2.5801477900000003,15.023567,15.269204014450798,4.2347850000000005,15.136785,4.82227,309.11247425745483,8.02998491200068,,,,3.305852049581342,3.132748526383754,4.845800767374714,4.894250432345488,0.17310352319758815,0.04844966497077419,0.013840889628084593,0.9737514416562665,-0.2271927807978195,-0.9674372051673217,0.0,-0.25311114961226344
3382,08062025061619510,1,1,Puzzle,0,0.0,0,-0.73554657,-2.7577689299999997,14.925027,15.195484499634787,3.910462,15.145029999999998,4.398439999999999,260.49349339666986,8.17781850054817,,,,3.873361607190581,3.2693726540972667,4.894588796023752,4.936467622765636,0.6039889530933142,0.04187882674188348,0.011091061807654182,0.9747901179939664,-0.22284796209363822,-0.885851029170725,0.0,-0.46396977715921034
3383,08062025061619709,1,1,Puzzle,0,0.0,0,-0.38474164,-3.0965931099999997,15.008184,15.329138984179945,4.505045,15.123563,3.636800000000001,247.78366456421838,8.515401050624076,,,,3.074466055595091,3.000054704669942,4.989554888960458,5.079590972352755,0.07441135092514894,0.09003608339229707,0.0018556184323644347,0.9768985513804526,-0.21369552403128794,-0.3909864913674429,0.0,-0.9203964165337544
3384,08062025061619910,1,1,Puzzle,0,0.0,0,-0.10190466000000001,-3.1978124,15.099419000000001,15.434663677673203,6.00215,15.105004000000001,3.6010099999999987,326.4765682557161,8.631211599016048,,,,2.9752493944911174,3.2346911364253246,5.123343302837026,4.964875944862869,0.2594417419342072,0.1584673579741569,-0.010063348740052575,0.9745114443346755,-0.2241119672683291,0.810094159479244,0.0,-0.5862997976953578
3385,08062025061620106,1,1,Puzzle,0,0.0,0,-0.20599952000000005,-3.05368019,14.862489,15.174352631336852,7.2947880000000005,15.08985,4.388740000000002,483.100459577458,8.434958142765225,,,,3.270443505406154,3.2156332578890527,5.217756961149288,5.0160474510206985,0.054810247517101285,0.2017095101285893,-0.01931132795551568,0.9733136183027312,-0.22866497991393386,0.16476634538311402,0.0,-0.9863326271745715
3386,08062025061620311,1,1,Puzzle,0,0.0,0,-0.43970479000000007,-2.56272823,14.493794000000003,14.725181859577285,7.499455,15.096284,6.711169999999999,759.7977462101807,7.889595536464061,,,,3.335879544802541,3.0427184619279335,5.298306132257391,4.998604957426452,0.2931610828746076,0.29970117483093883,-0.025566201311881007,0.9762686219131369,-0.2150487089435904,-0.30196931918103087,0.0,-0.9533176439536534
3387,08062025061620504,1,1,Puzzle,0,0.0,0,-0.47233943,-2.15959124,14.385283000000001,14.554150811748052,7.195769,15.129437,6.85749,746.560767025366,9.07553894820085,,,,3.2693659153572874,3.077738865508209,5.344113077263213,4.975076528497664,0.1916270498490782,0.3690365487655489,-0.027354625478551935,0.9797981009533133,-0.19810958036705106,-0.3351489652558648,0.0,-0.9421651506439428
3388,08062025061620705,1,1,Puzzle,0,0.0,0,-0.4554634600000001,-2.09747937,14.436840000000004,14.595520403759876,7.322172,15.140221,6.522010000000002,723.0254780632613,9.110755984021477,,,,3.0370346117430076,3.170667963231358,5.408068049363244,4.962213807673166,0.13363335148835054,0.44585424169007837,-0.021123816915836244,0.9816591511337508,-0.18947056593114964,-0.338377296066577,0.0,-0.9410105235897588
3389,08062025061620907,1,1,Puzzle,0,0.0,0,-0.5791432799999999,-2.13645754,14.572224999999998,14.739389377094865,8.326791,15.155734,5.795900000000001,731.43463654282,9.127661170867833,,,,2.9041355895302132,3.1439849623530582,5.359592598000819,4.972127448807828,0.23984937282284502,0.387465149192991,-0.010365041303628654,0.9829665223292079,-0.18349218484392452,-0.5419764301207696,0.0,-0.8403936870262333
3390,08062025061621117,1,1,Puzzle,0,0.0,0,-0.74882136,-2.07401197,14.656162,14.821111417540168,9.270973999999999,15.117895,4.284210000000002,600.4646406775742,9.316871070524515,,,,3.0354175475800687,3.083286572561638,5.323702834589272,4.46783643221384,0.0478690249815692,0.8558664023754323,-0.0032771426870970128,0.9822152939761327,-0.18772953048252047,-0.778429705452026,0.0,-0.6277317848172673
3391,08062025061621310,1,1,Puzzle,0,0.0,0,-0.82355277,-2.26263708,14.810048,15.004508905094815,9.23491,15.069417,3.5894499999999976,499.5247674030559,8.765131143086528,,,,2.9796461242760017,3.080197380613658,5.288065950789736,4.916044587508438,0.10055125633765627,0.37202136328129853,-0.00644846408867487,0.9805900211102253,-0.1959633328200585,-0.8418930457858583,0.0,-0.5396444194628632
3392,08062025061621501,1,1,Puzzle,0,0.0,0,-0.7625783599999999,-2.8474339989999997,14.897356000000002,15.186198402646314,8.071784,15.085236000000002,3.6716799999999985,447.081258160214,8.256935288646352,,,,2.996486000481439,3.0689382496604294,5.242376365710761,4.8068199161997756,0.07245224917899051,0.4355564495109858,-0.006254606556513715,0.9790155317006537,-0.2036896378947866,-0.8453867326733755,0.0,-0.5341547268534041
3393,08062025061621707,1,1,Puzzle,0,0.0,0,-0.52257365,-2.8431342600000002,14.904222999999998,15.181974801513439,9.574507,15.10991,3.6462900000000005,527.5085521110218,8.271481508328483,,,,3.0511211772153923,2.6651627992774927,5.2710597479223,4.97181524536029,0.38595837793789967,0.2992445025620105,-0.006574752357718307,0.9792315176218522,-0.20263861312059642,-0.47925728751424373,0.0,-0.8776744569397524
3394,08062025061621905,1,1,Puzzle,0,0.0,0,-0.45732866000000005,-1.521977,14.487549000000001,14.574451602691177,13.791807,15.197914999999998,4.363040000000002,914.5224621031526,8.79877223045663,,,,3.1606993614847334,3.0728582010330387,5.315785163241345,5.125473545386426,0.08784116045169466,0.19031161785491868,-0.023212204436029,0.9847909787590949,-0.17218571868747967,-0.02136196667859648,0.0,-0.9997718071538239
3395,08062025061622110,0,0,Puzzle,0,0.0,0,-0.3313695,0.049215300000000184,14.437629000000001,14.441515122483699,8.178588,17.846938,4.677940000000001,682.8050005982813,10.254579822897364,,,,2.859598172092191,2.112479054345865,5.383890677048012,5.3246197937140085,0.7471191177463257,0.05927088333400388,-0.03079823653749324,0.9855053370287885,-0.16682535572854124,0.13327737920658284,0.0,-0.9910787759768771
3396,08062025061622306,0,0,Puzzle,0,0.0,0,-0.23331611000000002,1.16145117,14.430163000000002,14.478708831731128,4.698905,19.387153,3.7078700000000016,337.78098795023857,11.258989900684721,,,,2.798489633325806,3.119285867454281,5.5547061148323085,6.287458939631353,0.3207962341284749,0.7327528247990447,-0.1713187574305944,0.981529956275224,-0.08514005101474978,0.4488059560888549,0.0,-0.8936292373121913
3397,08062025061622503,0,0,Puzzle,0,0.0,0,-0.20897813999999998,1.37883889,14.497715999999997,14.564636547618695,4.324637,19.590882999999998,3.649180000000001,309.17114658318195,11.496490310427857,,,,2.795175467349769,3.11797470583791,5.910277586233562,6.625480415721565,0.32279923848814107,0.7152028294880033,-0.18454686201938286,0.9808759824057525,-0.061844667177927644,0.43503906166456086,0.0,-0.9004115807929274
3398,08062025061622703,0,0,Puzzle,0,0.0,0,-0.27237980000000006,1.3607826899999997,14.51303,14.579230434620056,3.8914099999999996,19.930188,3.9041300000000003,302.7907867326274,11.505344646221284,,,,2.796753864882285,3.1158990847955903,6.526092397274825,5.964111195903719,0.31914521991330513,0.5619812013711059,-0.19471244489595033,0.9789331367790801,-0.06145711934765807,0.21319477323710045,0.0,-0.9770097177942404
3399,08062025061622907,0,0,Puzzle,0,0.0,0,-0.1574073,1.32235099,14.559794,14.62056738027917,3.924608,20.065384,4.252929999999999,334.91299180630455,11.441970159849916,,,,2.797305383882317,3.1218502162949773,6.466767395033711,6.482949318515462,0.3245448324126601,0.01618192348175107,-0.1868148389878912,0.9812721516493077,-0.04695934764737058,0.24197555509881788,0.0,-0.9702823458842375
3400,08062025061623103,0,0,Puzzle,0,0.0,0,-0.246742184,0.9162869700000005,14.851115000000002,14.881400480464933,3.533371,18.998044999999998,3.19135,214.2262022591276,10.977019710894224,,,,2.7998972001709275,2.7851136645220715,6.097224090393891,6.166929784678596,0.014783535648855928,0.06970569428470519,-0.132292983985615,0.9869929987138711,-0.09134214185129441,-0.5827020333567727,0.0,-0.8126858804740504
3401,08062025061623326,0,0,Puzzle,0,0.0,0,-0.32345799000000003,1.1216188800000002,14.776002,14.82204065192345,3.6868600000000002,19.122459,3.5507899999999974,250.33719006508593,11.213952143184693,,,,2.7978068330276122,2.7791829863607393,6.263449754451663,6.328368629090585,0.01862384666687289,0.06491887463892176,-0.1629133122303651,0.983820147304365,-0.07454643154537523,-0.6095543191969937,0.0,-0.7927443042673279
3402,08062025061623510,0,0,Puzzle,0,0.0,0,-0.015356540000000063,1.2552253099999997,14.512295,14.566486624070004,4.646588,19.550173,4.394949999999998,399.2442866665238,11.389069571805688,,,,2.796932146683219,3.124910800703438,6.303155860318229,5.801947520229273,0.3279786540202192,0.5012083400889562,-0.16664313340566822,0.983048123645839,-0.07646209966470985,0.4201759867511779,0.0,-0.9074426373923995
3403,08062025061623706,0,0,Puzzle,0,0.0,0,-0.26407595,0.9509866500000002,14.604542000000004,14.637853624955085,3.901985,19.09404,3.636980000000001,270.97194985045445,11.05338536444249,,,,2.799363919432056,2.8978920052360295,5.947797381129558,5.512008277249265,0.09852808580397365,0.43578910388029257,-0.16103552378886737,0.9810036910556673,-0.10816338665741686,-0.12815341906001254,0.0,-0.9917543552630504
3404,08062025061623909,0,0,Puzzle,0,0.0,0,-0.2374221,1.0639504000000002,14.365295,14.40659779907295,4.48745,19.297345,4.749830000000001,411.31566509814814,11.229180211691082,,,,3.140540831384302,3.13767636748295,6.174620839764994,5.5693710301882176,0.0028644639013517548,0.6052498095767769,-0.16129556316780191,0.9841377173147483,-0.07386944335040128,-0.043396873364482814,0.0,-0.999057911926124
3405,08062025061624109,0,0,Puzzle,0,0.0,0,-0.36212199999999994,0.7978631100000001,14.447275000000001,14.473820256269866,5.3322959999999995,19.078521000000002,4.566250000000002,464.535211744414,10.947338901326216,,,,3.1442290870763543,2.7833548651712086,6.073101633193886,5.4074173865071895,0.36087422190514573,0.6656842466866966,-0.034980758581678435,0.9826638840227754,-0.18206602529391305,-0.5978381924440791,0.0,-0.8016168010060643
3406,08062025061624308,0,0,Puzzle,0,0.0,0,-0.0027340300000000097,0.5556052900000001,14.521677000000002,14.53230221284725,6.462189,18.403731,4.2101299999999995,500.70397428478293,10.718265732300903,,,,2.836066713737884,2.824284315713983,5.775992076386258,5.828119967015521,0.01178239802390113,0.05212789062926326,-0.1610808780511767,0.9766251459588436,-0.14232454112741588,0.5605357355079944,0.0,-0.8281302368700902
3407,08062025061624506,0,0,Puzzle,0,0.0,0,-0.06748085000000002,0.42181286,14.435586999999998,14.44190609956134,5.209768,18.366995,4.77627,457.0306863883541,10.605249492981935,,,,2.525019814295763,2.83913923784833,5.795034863125951,5.887992532292957,0.31411942355256706,0.09295766916700554,-0.14001062674223527,0.9786823865170607,-0.15025914521425013,0.5178295283894293,0.0,-0.8554838277419282
3408,08062025061624708,0,0,Puzzle,0,0.0,0,0.14054026,1.0108616679999998,14.299672999999999,14.33604690224755,3.8659610000000004,19.423150999999997,5.031219999999998,377.7900043994491,11.19805150784621,,,,2.602551034002463,2.836508390552194,6.611643116822027,6.173443308626418,0.23395735654973082,0.4381998081956082,-0.16539679114678615,0.9780223449942079,-0.12694957333672627,0.7274252879711093,0.0,-0.6861868917577404
3409,08062025061624904,0,0,Puzzle,0,0.0,0,-0.03596401000000001,1.161776931,14.325708999999998,14.372785304181651,4.435126,19.424426,5.021400000000002,432.5924891616364,11.308897059857246,,,,3.4573162038248686,2.8379051739790393,6.66199247850311,6.221910140136619,0.6194110298458293,0.4400823383664907,-0.1713182292992133,0.9773995021432247,-0.12385587398245881,0.6865891460172222,0.0,-0.7270456275718474
3410,08062025061625105,0,0,Puzzle,0,0.0,0,0.04676406000000005,1.0777048809999996,14.385850999999999,14.426238029439272,4.558729,18.972541999999997,5.50671,476.27907825063113,11.232188163618524,,,,3.563498415271431,2.8813953396141248,6.675926873559153,6.714111901898154,0.6821030756573063,0.038185028339001725,-0.17945188878640822,0.9771687053445406,-0.11374682811518352,0.6598771056226547,0.0,-0.751373545897823
3411,08062025061625310,0,0,Puzzle,0,0.0,0,-0.13619008000000002,1.04644689,14.279729999999997,14.31866920158368,4.608134,19.400149,4.602330000000002,411.4413350479176,11.15930258137831,,,,3.407742054230961,2.8383111336381006,5.916125174583111,6.6565453920755795,0.5694309205928603,0.7404202174924688,-0.17727367829705468,0.9784302281049163,-0.10605815250886476,0.5360906072999821,0.0,-0.8441604472875617
3412,08062025061625506,0,0,Puzzle,0,0.0,0,-0.170519598,1.0207162950000002,14.199068,14.236729636991939,4.550986,19.013615,4.71997,408.4222876622506,11.178857188338533,,,,3.4034942231968452,2.8254418042244738,6.0055583589550645,6.739524040313081,0.5780524189723715,0.7339656813580167,-0.1679185864743154,0.9798278070663572,-0.10835504979465166,0.5513395249247885,0.0,-0.8342809648168344
3413,08062025061625710,0,0,Puzzle,0,0.0,0,-0.11491236499999999,1.06420834,14.276003,14.316075087067839,4.438982,19.482451,5.08661,439.9014741367059,11.273926100664733,,,,3.4150967244414625,2.8338915254681156,6.825841446570963,6.788122054178589,0.5812051989733469,0.03771939239237376,-0.15771301707557386,0.980476175409024,-0.11744391725505621,0.5249230154536649,0.0,-0.8511497094207526
3414,08062025061625911,0,0,Puzzle,0,0.0,0,-0.11962702899999997,1.071941658,14.217950000000002,14.258803306965252,4.5028880000000004,19.513323999999997,5.09845,447.9820008621876,11.298471479747898,,,,3.4080040152916333,2.83438910629945,6.774774042193085,6.23436531755471,0.5736149089921834,0.5404087246383753,-0.16931880839847308,0.9784764871536425,-0.11796145645925524,0.514267320831508,0.0,-0.8576299450956588
3415,08062025061626110,0,0,Puzzle,0,0.0,0,-0.058235441399999976,1.0327577000000003,14.257541,14.29501504721927,4.588002,19.461214,5.142939999999999,459.2032831786979,11.22315094636735,,,,3.3973897666694404,2.8327545127110825,6.697716634702074,6.690564963135909,0.5646352539583579,0.007151671566164808,-0.17347940168095338,0.9778006676417268,-0.11751915397845464,0.509404329453041,0.0,-0.8605272971466377
3416,08062025061626307,0,0,Puzzle,0,0.0,0,-0.030673300000000035,1.0224829202000003,14.23524,14.27194696006938,4.631588000000001,19.468263,5.14772,464.16462719286176,11.225507540560637,,,,3.443007031048599,2.833057649213832,6.697501337395718,6.691083741233999,0.6099493818347668,0.006417596161718997,-0.17442408837870044,0.9780605228496148,-0.11390281399683377,0.5113968564057585,0.0,-0.8593446661603876
3417,08062025061626504,0,0,Puzzle,0,0.0,0,0.10400400000000003,1.092331415,14.334969999999998,14.376904035748165,4.765422,19.314722,5.040290000000001,463.9224101714588,11.262825990807624,,,,3.844989622583265,2.833957163837344,6.671943035903254,6.663617323458831,1.011032458745921,0.008325712444423594,-0.1791494790321853,0.9777988044844607,-0.10869665179413798,0.720887130377127,0.0,-0.6930524837677382
3418,08062025061626704,0,0,Puzzle,0,0.0,0,0.11070176999999996,0.9663764800000004,14.355255,14.388171687118671,4.787178,19.087365,4.8882600000000025,446.6628696831711,11.152148709754533,,,,3.967488351362862,2.834084731837953,6.543312607350576,6.51950124485915,1.1334036195249086,0.023811362491426458,-0.17740139371265232,0.9786054367574467,-0.10421201781740722,0.7338111693770698,0.0,-0.6793534924451755
3419,08062025061626908,0,0,Puzzle,0,0.0,0,0.1128396200000001,0.9409212000000003,14.348989,14.380248635074853,4.743103,19.101141,4.918340000000001,445.5951077607334,11.1375172115985,,,,3.7793841150920344,2.83409939117491,6.546146171525204,6.486620366354035,0.9452847239171245,0.05952580517116868,-0.1791123707764316,0.978577622105347,-0.10151155672873267,0.7292556599182455,0.0,-0.6842413188906412
3420,08062025061627109,0,0,Puzzle,0,0.0,0,0.20662172,0.6897057,14.403807999999998,14.421791545735646,5.365769,18.833551,4.83428,488.535340030938,10.895567827380393,,,,4.200729834570298,2.8362225236967924,6.300060458310986,6.2341712586418865,1.3645073108735057,0.06588919966909934,-0.14518337570802636,0.9830041888628871,-0.11235903210707861,0.7633946322702003,0.0,-0.6459323768174542
3421,08062025061627302,0,0,Puzzle,0,0.0,0,0.6664184999999999,0.33429009,14.457963999999999,14.477174672798226,7.5890450000000005,17.771368,4.0981999999999985,552.7148551199614,10.60050783704523,,,,6.360788500353159,2.811174867196988,5.810174764724519,5.747612118366462,3.5496136331561714,0.06256264635805753,-0.002372042082363046,0.9749559129099965,-0.22238556899716938,0.9203732188904563,0.0,-0.3910410949621796
3422,08062025061627510,0,0,Puzzle,0,0.0,0,0.32446823999999996,0.15360870000000001,14.488222000000002,14.492668905097101,7.676971,16.977265000000003,4.2291799999999995,551.2058237457798,10.3630950306934,,,,3.6115731711159467,2.1087609907253597,5.745923791096127,5.635479238322949,1.502812180390587,0.11044455277317766,-0.000123501041404404,0.9748781533218971,-0.22273879528088572,0.8247156459360765,0.0,-0.5655476136880431
3423,08062025061627710,0,0,Puzzle,0,0.0,0,-0.16987141,0.22769070000000013,14.647679,14.650433421501319,9.357521,17.241485,3.70876,598.3622814548526,10.31283626400108,,,,2.185463142326587,2.0896987498393162,5.6684220896566355,5.578810115179889,0.09576439248727064,0.08961197447674696,0.013753818765889346,0.9739310596581682,-0.226426861265338,0.09107899050869982,0.0,-0.9958436712094504
3424,08062025061627907,0,0,Puzzle,0,0.0,0,-0.2594362899999999,0.10275109999999987,14.647206,14.64986377354944,10.391872,17.074517999999998,3.8215199999999996,678.0760081099853,10.23944828894338,,,,2.865686116618672,2.1354283476682143,5.592096383216315,5.567194141606873,0.7302577689504575,0.024902241609442655,0.01444140468808261,0.9738343457371479,-0.2267997197823143,-0.26371256439805585,0.0,-0.9646013079913386
3425,08062025061628109,1,1,Puzzle,0,0.0,0,-0.19878073000000018,-0.7722731000000002,14.623999000000001,14.645725187630825,12.292169000000001,15.714324,4.27337,825.4575091595161,9.378387542594671,,,,3.1731424077095878,3.2265671444942843,5.467360066875968,5.4125488762202005,0.0534247367846965,0.05481119065576756,0.008124464129209454,0.9759184827826717,-0.21798419219241888,-0.03876478328158791,0.0,-0.9992483633097087
3426,08062025061628326,1,1,Puzzle,0,0.0,0,-0.12819149,-2.7212875599999995,15.028423,15.273353819945642,8.812748,15.121383000000002,3.7264999999999997,496.59688467623863,8.19738733550499,,,,3.0848837658681663,3.0302169419135647,5.305544617541405,5.174950134597199,0.05466682395460154,0.13059448294420584,-0.007861472120399296,0.9749862915704729,-0.22212592938636602,0.408619432799546,0.0,-0.9127048587240989
3427,08062025061628503,1,1,Puzzle,0,0.0,0,-0.24827554999999996,-2.98927561,15.353679,15.643940304677388,4.902445,15.082199,3.7869899999999976,280.00871923040285,8.517229608463824,,,,3.2419421851549974,2.697683070996341,5.306023149051533,4.501626937938776,0.5442591141586566,0.8043962111127563,-0.02276762185238434,0.9702562416140653,-0.2410071803995376,-0.09141961220656801,0.0,0.9958124595042986
3428,08062025061628704,1,1,Puzzle,0,0.0,0,-0.18374551,-2.93723251,15.084395999999998,15.368802813331364,8.651935,15.037423,3.8394900000000014,499.528424004614,8.369430966513828,,,,3.238941081946643,3.039905816046438,5.33165394768244,5.152594179556933,0.19903526590020482,0.17905976812550684,-0.045376638878103524,0.9643163982170367,-0.260834899455283,-0.5361088237893499,0.0,-0.8441488784895707
3429,08062025061628914,1,1,Puzzle,0,0.0,0,0.47059970999999995,-2.45095712,14.424633,14.638944363437542,10.276053000000001,15.008174,4.625839999999998,713.4192093144757,7.968649005356995,,,,3.2657846328306217,3.041879087540134,5.341533872327263,4.325319823704369,0.22390554529048767,1.0162140486228939,-0.05512328393996866,0.9610540052013996,-0.2708073533972475,0.33098881917520323,0.0,-0.9436346759106539
3430,08062025061629106,1,1,Puzzle,0,0.0,0,1.6139159899999995,-2.31319456,14.130193000000002,14.408953748015167,9.855766,14.940667999999999,4.731870000000001,696.7760327124677,8.4753630751893,,,,3.2120949830038903,3.3287832762024325,5.422619778327096,4.790838230107231,0.11668829319854224,0.6317815482198652,-0.005515768058593585,0.9678806833158454,-0.2513494761617299,0.6285028649965988,0.0,-0.7778072696311518
3431,08062025061629308,1,1,Puzzle,0,0.0,0,2.7676905399999994,-2.281783,14.010863,14.462742706314854,9.5428584,14.795207,3.9747000000000003,561.1821908941431,8.542767042722527,,,,3.0079492636834813,2.2994771007663886,5.574639177187797,4.978232944727476,0.7084721629170927,0.5964062324603212,0.04456873551494898,0.9692591794062335,-0.24197163253438048,0.8792523064975551,0.0,-0.4763563597966645
3432,08062025061629513,1,1,Puzzle,0,0.0,0,3.722623659999999,-2.10647418,13.701354,14.353475600645108,9.5848976,14.741178,2.850579999999999,402.76609241045963,8.521706608109673,,,,3.0493857885675597,2.953016304324275,4.080748361917753,5.065303489056503,0.09636948424328473,0.9845551271387496,0.10818568489308693,0.9564104071693882,-0.27124710255097434,0.9243375552609661,0.0,-0.3815757905504234
3433,08062025061629711,1,1,Puzzle,0,0.0,0,4.175775829999999,-2.30380336,13.538596000000002,14.354030630982209,9.4935477,14.735828,3.038779999999999,425.11099724272583,8.167594104448751,,,,3.148404112307861,2.8080899654800953,4.590656685040823,5.117871618351226,0.34031414682776573,0.527214933310403,0.14954911376671268,0.9492324425169529,-0.2767541014057251,0.8987704779375485,0.0,-0.43841946579492874
3434,08062025061629904,1,1,Puzzle,0,0.0,0,4.4141635,-2.19248089,13.346648000000002,14.227607834546589,8.798551,14.745750999999998,3.17483,411.906387995418,8.404699904997733,,,,3.010314013371364,2.8176708868533598,4.737429404476652,5.102752687770101,0.19264312651800442,0.3653232832934492,0.16046213699056855,0.9515518812493391,-0.26229929447725125,0.8227984481892836,0.0,-0.5683332769223589
3435,08062025061630104,1,1,Puzzle,0,0.0,0,4.5004404000000005,-2.0789545200000004,13.246649,14.143893573531356,8.78284,14.737031000000002,3.1003799999999995,401.2914391133562,8.742745210206687,,,,3.044891613043039,2.8006069592524043,4.713767023944438,5.093431169729204,0.24428465379063447,0.3796641457847656,0.16123795056686183,0.9572171491263184,-0.24028660536010255,0.8650012420823405,0.0,-0.501769719289644
3436,08062025061630306,1,1,Puzzle,0,0.0,0,4.534135800000001,-2.39387232,13.363990000000001,14.313812939164878,9.953939,14.648242,3.1655800000000003,461.56596215462696,7.955014602927126,,,,3.0991875306161516,3.0359051675539868,4.669999645018081,5.0583658823886,0.06328236306216484,0.38836623737051834,0.15150798253695366,0.9608257631804175,-0.2320758152767121,0.9999874708198836,0.0,0.005005816941540615
3437,08062025061630508,1,1,Puzzle,0,0.0,0,4.42911041,-2.41737021,13.336669,14.259293031974861,10.0841359,14.582981,3.1741400000000013,466.7787512682807,7.87697991436715,,,,3.1356372412782734,3.038026324947333,4.667169677961688,5.030580609794956,0.09761091633094043,0.36341093183326834,0.13188673493050118,0.9640727334099259,-0.23058545887563164,0.9941712129350441,0.0,0.10781279780834616
3438,08062025061630706,1,1,Puzzle,0,0.0,0,4.34086792,-2.4755965699999996,13.30723,14.214572907730323,9.9309948,14.533932,3.2033199999999997,462.3556868281152,7.714356023480954,,,,3.158834115144942,3.040800632593002,4.661104021331963,5.019069376010856,0.11803348255194024,0.35796535467889345,0.11745591396856833,0.9660626101352031,-0.23005899585229586,0.9918077022692638,0.0,0.12773989869795271
3439,08062025061630913,1,1,Puzzle,0,0.0,0,4.31036432,-2.41420603,13.24194,14.133527736910464,10.0990458,14.470669000000001,3.27613,478.7734710768778,7.852926518288474,,,,3.1698186877357717,3.042128716397943,4.633830768069654,4.983225628504593,0.12768997133782856,0.3493948604349395,0.11540953241952698,0.9667019195218076,-0.22840323688502867,0.9999993684653113,0.0,-0.0011238634163113308
3440,08062025061631108,1,1,Puzzle,0,0.0,0,4.29265996,-2.2935368000000005,13.213123,14.080975108218551,10.243335400000001,14.478467,3.25061,482.09079682027436,8.369040745566917,,,,3.1543343738353675,3.040717878451896,4.6121755416853984,4.9791963896212215,0.11361649538347152,0.367020847935823,0.11057487619028271,0.9674422756972616,-0.22765904319663516,0.998463939584791,0.0,-0.0554054270700891
3441,08062025061631310,1,1,Puzzle,0,0.0,0,4.28208044,-1.95698017,13.172056999999999,13.988176074515676,10.472219599999999,14.357913,3.52196,529.5591511937557,9.13678114829116,,,,3.061703466068595,3.0505649636427994,4.600935197019079,4.261623294969302,0.011138502425795505,0.33931190204977746,0.12115376824785448,0.9672250236437199,-0.2231535750929185,0.9826013219201466,0.0,-0.18572733283170884
3442,08062025061631503,1,1,Puzzle,0,0.0,0,4.16931492,-2.52194021,13.306668000000002,14.170772123888433,9.796628799999999,14.415099,3.25145,459.16773365164283,7.75493688982578,,,,3.1060992684917608,3.0479737063272054,4.591725920565599,4.9465916903797496,0.05812556216455533,0.3548657698141504,0.11127853515126729,0.9685348908948122,-0.22261458338114948,0.9980210902755907,0.0,0.06288007128750082
3443,08062025061631706,1,1,Puzzle,0,0.0,0,4.221198329999999,-2.25020012,13.220096999999999,14.058907518390317,10.3649427,14.457182,3.18956,477.9487500170391,8.513757250698868,,,,3.1619510127383266,3.0504596331556333,4.592189666653698,4.95781400096827,0.11149137958269328,0.365624334314572,0.10871769180472562,0.9694137932422233,-0.22003945319050558,0.9960420359478945,0.0,-0.08888342154065239
3444,08062025061631906,1,1,Puzzle,0,0.0,0,4.229300819999999,-1.9507389399999997,13.177992999999997,13.976833237401593,10.5140478,14.393957,3.4692999999999987,525.0395320677811,9.21261741436597,,,,3.0636082713868626,3.0560668200386254,4.6015135873828505,4.56348396523314,0.007541451348237249,0.038029622149710285,0.11736751969716351,0.9693581557497322,-0.21579997961448955,0.9702310777071979,0.0,-0.24218103941293417
3445,08062025061632116,1,1,Puzzle,0,0.0,0,4.057615589999999,-2.16310688,13.072064000000001,13.857205088711446,9.1686941,14.417559,2.7002900000000007,356.9518431317557,8.097696874381588,,,,3.036395675790896,2.797899644719945,4.604113976391657,4.092200629115463,0.23849603107095074,0.5119133472761943,0.10572314354946735,0.9704078831806086,-0.21709711462603323,0.8390321395435278,0.0,-0.5440818585589949
3446,08062025061632318,1,1,Puzzle,0,0.0,0,4.105257070000001,-1.9405205199999997,13.098318,13.863069282393782,9.6174953,14.504591999999999,3.1356600000000014,437.41781387064566,9.286697685499053,,,,3.0444042480511238,2.7933119723349913,4.601486148726952,4.941120768920043,0.25109227571613246,0.3396346201930909,0.10644906273230081,0.9700747920784594,-0.21822807980951636,0.8790598165312955,0.0,-0.47671148398162716
3447,08062025061632512,1,1,Puzzle,0,0.0,0,4.029086769999999,-2.10150297,13.156603999999998,13.919270230364944,9.0240303,14.410292,3.4405199999999994,447.40147627512835,8.284226137404897,,,,3.0525537915244967,2.836050274720284,4.6126030851147375,4.341570700754394,0.21650351680421265,0.2710323843603435,0.1038500014754981,0.9700785746068944,-0.21946010180029282,0.8121167418139773,0.0,-0.5834949851245079
3448,08062025061632706,1,1,Puzzle,0,0.0,0,3.9376477299999997,-2.2956670600000004,13.220259000000002,13.983933814310774,8.4345187,14.441341,3.19585,389.2729403892675,7.53539184786261,,,,3.0602668469024157,2.1136493525126165,4.629960406250143,4.945569724888428,0.9466174943897991,0.3156093186382849,0.08564110808757816,0.9710039897880676,-0.22319689160287648,0.8777682040251129,0.0,-0.4790855664727624
3449,08062025061632910,1,1,Puzzle,0,0.0,0,3.94536298,-1.8359937199999998,13.092821999999998,13.797055842009115,8.3101871,15.518756,3.113149999999999,401.4835478715056,9.344580596935723,,,,3.0840571312766625,2.6928027038459383,4.665694171188784,4.9635659116070965,0.39125442743072414,0.2978717404183122,0.07853660122101787,0.9716211316879966,-0.22312413299772715,0.7433076245365754,0.0,-0.6689497554419117
3450,08062025061633107,1,1,Puzzle,0,0.0,0,3.90638055,-2.2692762,13.156578,13.910606318323754,8.0165608,14.424243,3.1195400000000006,360.72121043317867,7.461116634175862,,,,3.097318360072082,2.0608609081170424,4.669523416653567,4.95510139525217,1.0364574519550396,0.285577978598603,0.06984885237182473,0.9726440945167617,-0.2215504529988775,0.6983404661343093,0.0,-0.7157657391628321
3451,08062025061633330,1,1,Puzzle,0,0.0,0,3.61367476,-2.7400007030000006,13.304237999999998,14.055923942741918,6.6789118,14.453144000000002,3.20547,309.42810289666505,7.938973242476495,,,,3.0663956324691846,1.457222158639938,4.6903440268527214,4.950411209052437,1.6091734738292465,0.26006718219971514,0.05751262954695857,0.9721850054141824,-0.22704319564880246,0.43146652726565754,0.0,-0.9021289463537424
3452,08062025061633506,1,1,Puzzle,0,0.0,0,3.5396141799999996,-3.000321233,13.348975,14.13244244973503,6.3617602,14.462708,3.2544900000000005,299.44002762834265,8.169539484386407,,,,3.107973603176615,2.8233736777950966,4.712722298011734,4.964853273009486,0.28459992538151857,0.25213097499775206,0.03988749426517812,0.9697865872995551,-0.2406718988480538,0.36001742549304405,0.0,-0.9329455789816254
3453,08062025061633707,1,1,Puzzle,0,0.0,0,3.41830374,-3.0558849940000004,13.393004999999999,14.156122932691611,5.027942299999999,14.495466,3.3058300000000003,240.93671417434447,8.22574499709854,,,,3.047923984503187,2.4039120002726406,4.74537918061107,4.984969722858606,0.6440119842305463,0.2395905422475364,0.031585042824993664,0.9648141790858041,-0.26102870513552556,-0.7989382671143046,0.0,-0.6014130405473364
3454,08062025061633907,1,1,Puzzle,0,0.0,0,3.5579442400000003,-3.08956625,13.321521,14.130368310186725,5.9392005999999995,14.508252,3.490920000000001,300.80356627736046,8.220926865867023,,,,2.984879613219168,2.7958221902925087,4.784907822740686,4.963796074080904,0.1890574229266595,0.17888825134021857,0.06918223641659714,0.9578562784218851,-0.27879233858227537,0.047032954272887985,0.0,-0.9988933382560745
3455,08062025061634108,1,1,Puzzle,0,0.0,0,3.46518003,-3.0486175,13.187983,13.972273863258836,5.967008699999999,14.469646000000001,3.613719999999999,312.01040455346447,8.11703817438352,,,,2.8265465819707876,2.8617006932938054,4.729019120755805,5.069526852816148,0.03515411132301782,0.3405077320603427,0.16275589730280293,0.9292083146047393,-0.33178671758010314,-0.49738717725544007,0.0,-0.8675286715157404
3456,08062025061634304,1,1,Puzzle,0,0.0,0,3.49201768,-2.9895744987600006,13.440334000000002,14.204728832069437,6.1182502,14.311956,4.089329999999999,358.0786141613781,8.050858391977117,,,,2.7753362473712335,2.7335131169755145,4.67591772887259,5.091671572089072,0.041823130395719055,0.415753843216482,0.20329325069689141,0.8954688311538249,-0.3959891749190796,-0.7628235589578901,0.0,-0.6466066949072043
3457,08062025061634503,1,1,Puzzle,0,0.0,0,3.4574403000000005,-2.85690756,13.586056,14.307226561062953,5.33822,13.524633999999999,4.444410000000001,320.87516524921887,7.960093770867074,,,,3.017487192220078,2.757098588773911,4.132548898527639,4.150369742381636,0.2603886034461671,0.01782084385399685,0.19418537154707963,0.8875617814844333,-0.4177632409933904,-0.9086932632018451,0.0,-0.41746443370852826
3458,08062025061634703,1,1,Puzzle,0,0.0,0,3.3724877300000005,-2.822304,13.572643,14.267295166318862,5.7949587000000005,13.711649999999999,4.684950000000001,372.25884405246273,7.912745399641817,,,,3.0287504684869537,2.4218700789156893,4.14475767331662,4.285403766370796,0.6068803895712644,0.1406460930541762,0.1684181535072319,0.8871451992756983,-0.4296611699598836,-0.8090207840508253,0.0,-0.5877800362157496
3459,08062025061634908,1,1,Puzzle,0,0.0,0,3.234413,-2.6807342249999997,13.623558,14.25654572535084,6.686854,13.563994000000001,4.728710000000001,428.8961132626436,7.737635383455871,,,,2.9473302088115,2.404898071623416,4.058755487429737,4.213003701749145,0.5424321371880843,0.1542482143194075,0.17191850912882745,0.8796251791398492,-0.44351276243430643,-0.6952132634237185,0.0,-0.7188035325175741
3460,08062025061635109,1,1,Puzzle,0,0.0,0,2.7930156100000003,-2.8509099200000003,13.922394,14.483151530688826,5.649706500000001,14.188408,4.49221,360.0970850045055,7.993090520160632,,,,2.9824118027695925,2.807681179801582,4.006844917824497,5.066660774178592,0.17473062296801034,1.0598158563540947,0.1453495727033021,0.8875787307616162,-0.4371241224349966,-0.9971968554259193,0.0,-0.07482266721160204
3461,08062025061635303,1,1,Puzzle,0,0.0,0,2.8699490199999995,-3.0270945599999997,13.7691,14.387078357421306,5.919197499999999,14.249738,4.794560000000001,404.40681726353785,8.07931516029945,,,,2.9707242637059736,2.1860162531907767,4.731554052647502,5.070040677026173,0.7847080105151969,0.33848662437867016,0.1456271882718143,0.8900004328017965,-0.43207864058370266,-0.4307157063768379,0.0,-0.9024876621208191
3462,08062025061635503,1,1,Puzzle,0,0.0,0,3.347856889999999,-2.9630405200000003,13.724677,14.43449041821052,8.810728099999999,14.158819000000001,4.93801,616.0143003511947,7.868815200406304,,,,2.875046969551979,3.122982453434058,4.325447118857194,5.085717444791541,0.24793548388207887,0.7602703259343473,0.18601381549679505,0.8714017374625821,-0.4539359782959681,0.7454018047357797,0.0,-0.6666154434879548
3463,08062025061635707,1,1,Puzzle,0,0.0,0,3.5747504299999995,-2.98672016,13.687584000000001,14.458537052827705,9.0229667,14.020914000000001,5.144270000000001,650.8028329707342,7.800801336748012,,,,2.8980319738573086,3.1054594453732545,4.643892051817312,5.078394085539739,0.20742747151594587,0.4345020337224268,0.2134602177738059,0.8519649948841552,-0.47811126625504313,0.8213945473490926,0.0,-0.5703604102540599
3464,08062025061635903,1,1,Puzzle,0,0.0,0,3.19654702,-2.7662079190999997,13.657891999999999,14.297126738839044,6.757571799999999,13.949572,5.1496200000000005,485.4301362126781,7.68457016045521,,,,2.9062016401552118,2.618971535087334,4.6320787354336925,5.051092264223651,0.2872301050678776,0.4190135287899581,0.21171441294870955,0.8525972334183068,-0.4777603634849092,-0.5790319839947048,0.0,-0.8153048273567107
3465,08062025061636109,1,1,Puzzle,0,0.0,0,3.1799112700000003,-2.7783977299999996,13.679219,14.316157378329674,6.6646623,13.921069,5.1708,479.74281011478524,7.738973629520077,,,,2.939034447990146,2.62923810340894,4.375210163135137,5.029475073046192,0.30979634458120575,0.6542649099110545,0.20453617677105035,0.8567234625881267,-0.47348691749919813,-0.6314775965602678,0.0,-0.7753941223935527
3466,08062025061636304,1,1,Puzzle,0,0.0,0,3.050385210000001,-2.8983772500000002,13.940987000000002,14.562161898113665,5.6944799,13.941969,5.145940000000001,408.54781793547215,8.007320428575218,,,,2.92179974248854,2.8737736907413156,4.324237330608949,5.016404688150867,0.04802605174722441,0.6921673575419174,0.18658138301681595,0.8654768508790619,-0.46490559052779123,-0.9957336429861375,0.0,0.09227411460184913
3467,08062025061636510,1,1,Puzzle,0,0.0,0,3.2020222600000006,-2.96132009,13.652379,14.33212529908297,5.6268254,13.376045000000001,4.93858,371.7005927712068,7.941490182304925,,,,2.991530117264842,2.448493909709659,4.008315915952859,4.045552650477435,0.5430362075551827,0.03723673452457632,0.16693020512773898,0.8738790479380989,-0.45658484007992745,-0.515941997447538,0.0,-0.8566235201474709
3468,08062025061636708,1,1,Puzzle,0,0.0,0,3.6477485699999996,-2.97084837,13.702296,14.487405749101,8.432065300000001,13.607975,4.918989999999999,564.4213115326373,7.916963768250983,,,,2.950771991777843,3.100383480389025,4.145000875953707,4.136386135902933,0.1496114886111819,0.008614740050774117,0.1806445226576166,0.8757280995762341,-0.44773636444497017,0.7851609475206563,0.0,-0.619291762005975
3469,08062025061637060,1,1,Puzzle,0,0.0,0,3.74588605,-2.9008487100000004,13.67507,14.47253001526662,8.8162205,13.712522,4.889850000000001,591.1467659909296,7.846475617480143,,,,2.949723242731213,3.1014309271835216,4.23121578310679,4.024258813998548,0.15170768445230864,0.20695696910824157,0.19032992882845576,0.8777424316154424,-0.4397075641081984,0.8425302313061738,0.0,-0.5386490595324243
3470,08062025061637423,1,1,Puzzle,0,0.0,0,3.19492025,-2.93095105,13.828710000000001,14.492453544015802,5.5234145,13.75211,4.808210000000001,365.2249182790866,8.05651624463831,,,,2.9103067488985164,2.638798476111477,4.204157021649048,4.159625820824993,0.2715082727870395,0.04453120082405526,0.1822466020701123,0.8863106629670561,-0.42572242687553535,-0.9143225295215502,0.0,-0.40498680473481324
3471,08062025061637799,1,1,Puzzle,0,0.0,0,3.7988804599999995,-2.902253693,13.703734,14.513679574479312,8.704386399999999,13.866298,4.798459999999999,579.1626811736029,7.92004126063987,,,,3.019169994940629,3.098101752413079,4.300724537985431,4.11829957447889,0.07893175747244996,0.18242496350654136,0.17874410469914734,0.8903878412572322,-0.4186407017677402,0.8816133225723805,0.0,-0.471972403285285
3472,08062025061638137,1,1,Puzzle,0,0.0,0,3.2414033899999994,-2.9897664199999996,13.851684,14.536662231018479,5.3979710999999995,13.832151,4.676879999999999,349.20182379234444,8.147073727307856,,,,3.103534989601865,2.7214104927812706,4.190162709653171,4.287719834151013,0.3821244968205946,0.09755712449784237,0.14796248867097425,0.9038013286067392,-0.40155978428496153,-0.9453785033089811,0.0,-0.3259746699994811
3473,08062025061638417,1,1,Puzzle,0,0.0,0,3.7580796799999994,-2.9085808,13.725096000000002,14.524505683863174,8.568091200000001,13.860333,4.688129999999999,556.7463660610975,7.95678390778792,,,,3.027597595997328,3.100710780034372,4.228552284123846,4.168618655672043,0.07311318403704403,0.05993362845180261,0.1699659387157085,0.8958917144640333,-0.41047486601640176,0.8935543459030223,0.0,-0.4489550433148312
3474,08062025061638614,1,1,Puzzle,0,0.0,0,2.69872747,-2.75343701,14.176469,14.691385864966291,5.8588967,14.17323,5.886099999999999,488.7787448869046,8.031389936669365,,,,2.993482780015755,2.826897377334869,4.906916620430236,4.977378518840616,0.16658540268088595,0.07046189841037975,0.17394197612537562,0.898654188532863,-0.4026969560028245,-0.953946495220869,0.0,0.29997680619644657
3475,08062025061638823,1,1,Puzzle,0,0.0,0,2.0465870100000005,-3.17394733,14.076459000000003,14.57426354989493,5.323684,14.369491,4.036760000000001,308.80660691335737,8.268021814587197,,,,3.026851232490477,2.6974871012541075,4.253235486774068,4.981552305864207,0.3293641312363693,0.7283168190901383,0.11477625450494225,0.9247640586637262,-0.36281930379406346,-0.8968775274979177,0.0,-0.4422789851091979
3476,08062025061639044,1,1,Puzzle,0,0.0,0,1.1080187000000001,-3.26355018,14.228647,14.640111361172659,5.437596,14.553701,3.6632300000000004,289.8975685973206,8.348676352199925,,,,3.1011733237054164,3.0124157299704186,4.439320253461719,4.946205527745182,0.08875759373499781,0.5068852742834631,0.01881139563348071,0.9479763851395838,-0.31778436810517896,-0.5848882172468775,0.0,-0.8111139089707249
3477,08062025061639213,1,1,Puzzle,0,0.0,0,0.39393767999999996,-3.161048104,14.464476000000001,14.811093071279439,5.972638,14.673102,3.4694100000000017,304.0491233385898,8.414297543142787,,,,3.1022765752651087,2.8812107379180056,4.483463802377387,4.861090445900487,0.22106583734710306,0.37762664352309994,-0.08197599110988751,0.9460279905350684,-0.3135458148432732,-0.9170426414742727,0.0,-0.3987891594789011
3478,08062025061639422,1,1,Puzzle,0,0.0,0,-0.220823343,-2.96156175,14.526104999999998,14.826575377304824,7.766025,14.429613,3.386099999999999,379.4488557936582,8.230876500664767,,,,2.9754487808013503,2.8923656007638265,4.38735121769779,4.43156831345755,0.0830831800375238,0.04421709575975985,-0.10708999289877168,0.9438568419102019,-0.3125155922513964,-0.9332907914671854,0.0,-0.3591215651594245
3479,08062025061639615,1,1,Puzzle,0,0.0,0,-0.3039275759999999,-3.08198691,14.529239999999998,14.85563294721785,6.754732000000001,14.519324999999998,3.3790499999999994,331.3974538404059,8.356082160363588,,,,3.012760165721002,2.981827168019972,4.440508959707096,4.214820607263493,0.030932997701029752,0.22568835244360308,-0.08995749492367869,0.9492393373701928,-0.30141720172553765,-0.8614470119884458,0.0,-0.5078474628627956
3480,08062025061639826,1,1,Puzzle,0,0.0,0,-0.06705957999999997,-3.182346518,14.556081,14.900044309546784,5.447606,14.532025,3.362499999999999,266.19146038247936,8.48627249817465,,,,3.0709938834332107,2.83925883164621,4.477184955984003,4.229028043073845,0.2317350517870005,0.24815691291015796,-0.05518774993852445,0.9565932984401974,-0.28615305980545835,-0.025452418404160584,0.0,-0.999676034721939
3481,08062025061640016,1,1,Puzzle,0,0.0,0,-0.19246857,-2.75767159,14.34007,14.604088617699873,6.596629,14.568332,3.660919999999999,351.821299482195,8.03745717484475,,,,3.2525094640575616,2.5597589610338307,4.590297153826318,4.4230931677188305,0.6927505030237309,0.16720398610748788,-0.023729577723837887,0.9656231645775766,-0.25886060181540704,-0.7779603240466074,0.0,-0.6283134044482082
3482,08062025061640222,1,1,Puzzle,0,0.0,0,-0.23024193999999998,-2.65144694,14.307205999999999,14.552639820768132,6.812958999999999,14.824748,5.039630000000001,509.0046474109189,7.950530851140443,,,,3.2457627598112655,2.811790280470612,5.085689961014262,4.3675491096473085,0.43397247934065364,0.7181408513669538,-0.0013041430528160567,0.9692730385020887,-0.2459838938707702,-0.8706469777903436,0.0,-0.49190836551591705
3483,08062025061640423,1,1,Puzzle,0,0.0,0,-0.06517441019999998,-2.7276146500000005,14.274083,14.532500640754451,6.167619,14.411463000000001,3.2940699999999996,292.7914783855817,8.022875944190305,,,,2.9797300070135546,2.811006191495538,4.442764826085165,4.4685439189548095,0.16872381551801663,0.025779092869644415,0.011545425707823456,0.970298778424533,-0.24163398712326037,-0.9622944497704103,0.0,-0.27200991147578285
3484,08062025061640624,1,1,Puzzle,0,0.0,0,-0.026777970000000133,-2.81297595,14.424108999999998,14.695865785956153,6.5372,14.476277,3.2265499999999996,305.3423587570968,8.128045543138628,,,,2.969162331384529,2.8106529197767847,4.528132106879291,4.431431051562124,0.15850941160774434,0.09670105531716633,0.014049416732528821,0.9713097946110928,-0.2374023942213565,-0.9536136810433711,0.0,0.3010331332709271
3485,08062025061640812,1,1,Puzzle,0,0.0,0,-0.17830240999999997,-2.67442266,14.350660000000001,14.598827718324966,8.034382,14.514236,3.2326099999999993,376.96407988471714,7.974328678079008,,,,3.1793190531476774,2.8106642672972595,4.570511938813202,4.3808566707155565,0.3686547858504179,0.18965526809764555,0.009725091433058042,0.9717987146509055,-0.2356112917486484,-0.9999986273907708,0.0,-0.0016568695102842307
3486,08062025061641013,1,1,Puzzle,0,0.0,0,-0.07703401999999998,-2.6975293000000002,14.395364999999998,14.64613027553083,7.878571000000001,14.508699,3.2835599999999996,375.3365696424164,7.994597739013362,,,,3.0671456083733615,2.7940603096756877,4.5683728631188325,4.4803277506885575,0.27308529869767373,0.08804511243027502,0.009051804746304038,0.9710760164403158,-0.23859890009227255,-0.9987101742847847,0.0,0.0507738887623849
3487,08062025061641224,1,1,Puzzle,0,0.0,0,0.35486987999999997,-2.9315782300000004,14.563106,14.859479799696123,6.569705,14.452687,3.2659199999999995,310.09874490339223,8.225146041248864,,,,2.957751667468364,2.879103492495981,4.56656062809553,4.308400770616052,0.07864817497238308,0.25815985747947856,0.00699295992162613,0.9674957845180777,-0.25279043781615623,0.7188268092164293,0.0,0.6951891960838626
3488,08062025061641419,1,1,Puzzle,0,0.0,0,0.6095747,-2.55103792,14.550074999999998,14.784588539752567,7.24583,14.45183,4.03008,422.0118558169365,7.848362711185107,,,,2.789729701537588,3.0568537865835137,4.648548332653887,4.332942890787508,0.2671240850459258,0.31560544186637873,0.0029062068053994526,0.9668372188927653,-0.2553768707727998,0.9928782754197355,0.0,0.1191332455678589
3489,08062025061641614,1,1,Puzzle,0,0.0,0,0.6377892700000001,-2.39902177,14.457882000000001,14.66943872586082,7.312404000000001,14.463094,4.594489999999999,485.9131999975265,7.6740762496999935,,,,2.7864534972966974,3.330330543256493,4.650342059936801,4.0468511569096535,0.5438770459597957,0.6034909030271471,-0.009566753950466614,0.967579899240728,-0.2523838659743407,0.9933901879882212,0.0,-0.11478647310866671
3490,08062025061641820,1,1,Puzzle,0,0.0,0,0.6481631400000001,-2.3353696200000003,14.407071000000002,14.609509283925817,7.281388,14.476061000000001,4.863240000000001,512.6137847505693,7.595367915710559,,,,2.786004979092823,3.4032259384084167,4.647549904531342,4.358818652258544,0.6172209593155937,0.2887312522727976,-0.011115731790213662,0.9684644825576779,-0.24890356873909497,0.9722123017473184,0.0,-0.2341009191164808
3491,08062025061642024,1,1,Puzzle,0,0.0,0,0.6190547100000001,-2.2765578399999997,14.328838000000001,14.521761007642382,7.046908,14.507132,5.195930000000002,531.1821298209417,7.522824613993581,,,,2.7856685623104918,3.3770616651393803,4.621989246429503,4.386820764964646,0.5913931028288886,0.23516848146485714,-0.008666346645567818,0.969918247789796,-0.24327656492188254,0.9136688198223621,0.0,-0.40645945392426513
3492,08062025061642220,1,1,Puzzle,0,0.0,0,0.54390633,-2.2577471000000005,14.312671999999997,14.499856407666815,6.829633,14.529822,5.217649999999999,517.7648980992357,7.501863254153545,,,,2.7821095817034234,3.1203317552353305,4.624695126942023,4.4306743656568806,0.3382221735319071,0.19402076128514256,-0.00999155640134268,0.9706672760267981,-0.2402190834454964,0.7927216458224522,0.0,-0.6095837860741891
3493,08062025061642414,1,1,Puzzle,0,0.0,0,0.728001729,-2.102309,14.407419999999998,14.578183724501072,8.721271,14.552332999999999,4.250210000000001,539.4147211611356,8.236419750081811,,,,2.7814916976595496,3.1005892188758253,4.604181391755243,4.248734790440325,0.31909752121627566,0.35544660131491757,-0.006596557307210371,0.9696594681697093,-0.24437062266264561,0.9944914584395026,0.0,-0.10481764684856805
3494,08062025061642618,1,1,Puzzle,0,0.0,0,0.6950615040000004,-2.2023547999999997,14.483821,14.666783830119908,9.346198000000001,14.512345,3.769780000000001,511.3150520449897,7.865441974586709,,,,2.779455683654265,3.0791434833896587,4.560517246855147,4.210200095345826,0.2996877997353935,0.3503171515093211,-0.010697168459222963,0.9691434410177155,-0.2462652255583333,0.9990265898488385,0.0,0.044112047957451106
3495,08062025061642812,1,1,Puzzle,0,0.0,0,0.564738586,-2.20390984,14.168679000000001,14.350178147270755,7.381626000000001,14.484879,4.41831,472.4143625835405,7.449498056399634,,,,2.5257232796808835,2.9967070850279978,4.590999059877529,4.236896179590079,0.47098380534711426,0.3541028802874502,-0.015654931917698567,0.9701957307594437,-0.241816391344345,0.6856283506409417,0.0,-0.727951759938378
3496,08062025061643023,1,1,Puzzle,0,0.0,0,0.4415147339999999,-2.1266247399999996,14.23123,14.396019427536876,6.66492,14.505513999999998,4.09975,396.35600098981575,7.501156081033656,,,,2.8315985640885892,3.178454749428565,4.595304181784031,4.2640286849300155,0.34685618533997564,0.33127549685401547,-0.02459754566670063,0.9711459496070974,-0.23721404956052575,0.3964973200026465,0.0,-0.9180358790541462
3497,08062025061643219,1,1,Puzzle,0,0.0,0,0.498764254,-2.1266998399999997,14.220724,14.387515736731627,6.697617,14.498514,4.101840000000001,398.3111988573336,7.498164697829808,,,,2.8387597272233167,3.053410928666661,4.601248187409001,4.409921758256147,0.21465120144334415,0.1913264291528538,-0.02881262766629855,0.9711058767387103,-0.23690337408003323,0.5308224886542442,0.0,-0.8474830296465615
3498,08062025061643422,1,1,Puzzle,0,0.0,0,0.5888018770000001,-2.06120308,14.192722999999997,14.353697500716988,6.562092,14.528214,4.124459999999999,393.20736090520654,7.606643133244718,,,,2.8514360304976507,3.0175267472592515,4.655148483838538,4.332881460770997,0.1660907167616008,0.32226702306754085,-0.030322916737575513,0.9716601321426435,-0.23442932479761716,0.72047894718798,0.0,-0.6934768104694634
3499,08062025061643620,1,1,Puzzle,0,0.0,0,0.658652494,-1.9535457,14.203648000000001,14.35248342335726,6.576115,14.543607,3.8082100000000008,364.2188501057843,7.730000829075641,,,,2.849500958130046,3.281300526436584,4.683205555682241,4.351069090872381,0.4317995683065381,0.33213646480986014,-0.02995495324653714,0.9728128496655848,-0.22964725189194468,0.8538691007769382,0.0,-0.5204878084435628
3500,08062025061643818,1,1,Puzzle,0,0.0,0,0.7187499619999997,-1.9877178199999999,14.212162000000001,14.36847842863205,6.756976999999999,14.503082000000001,3.5137599999999996,344.33790886398174,7.653588809739186,,,,2.848343555750296,2.913275707116647,4.621305464755604,4.430337109827197,0.06493215136635122,0.19096835492840736,-0.03397920749534209,0.9733520989328669,-0.22678426965063284,0.928757279123134,0.0,-0.3706884358538758
3501,08062025061644042,1,1,Puzzle,0,0.0,0,0.6171847300000002,-2.03474107,14.173457000000003,14.332060966369735,6.545085,14.523103,3.84314,365.3094559421193,7.621797922548226,,,,2.8477042736509457,3.1866862038352637,4.594501190634985,4.337686493484978,0.338981930184318,0.2568146971500074,-0.03684225092612822,0.9744753603500507,-0.2214507182587922,0.8293077602030049,0.0,-0.5587921249150486
3502,08062025061644220,1,1,Puzzle,0,0.0,0,0.6297616040000003,-1.94301939,14.162963,14.309487935183341,6.447064,14.521346000000001,3.36683,315.20278293576615,7.705614415707272,,,,2.847422676250777,2.7715964786977927,4.638136747559284,4.398492210242164,0.07582619755298436,0.23964453731711988,-0.03568167359326102,0.9753855058134666,-0.21760039802029732,0.9168572535685612,0.0,-0.39921520083623485
3503,08062025061644421,1,1,Puzzle,0,0.0,0,0.6472273410000001,-1.93995125,14.219035000000002,14.365349644701988,6.15039,14.543852999999999,3.2935300000000005,294.6074706925102,7.7202938562859815,,,,2.845857076382833,2.774977345101938,4.631333295456966,4.402492994422592,0.07087973128089509,0.22884030103437425,-0.03661048494952204,0.9760379965915759,-0.21449825547370718,0.9594437305008485,0.0,-0.2819002092986368
3504,08062025061644613,1,1,Puzzle,0,0.0,0,0.6168975529999999,-1.94516828,14.174149,14.32029127157044,6.270903,14.549891,3.3478399999999997,305.4601191942069,7.728696099042844,,,,2.8500622061525953,2.7769134666433155,4.628745291307256,4.32526566498672,0.0731487395092798,0.30347962632053616,-0.035497917629475524,0.9764310599632571,-0.2128903073956193,0.932461380494343,0.0,-0.3612696692037457
3505,08062025061644818,1,1,Puzzle,0,0.0,0,0.53393229,-2.0043700700000002,14.224046999999999,14.37449463897863,6.391463,14.565399,3.3869500000000006,315.3054304570128,7.669045494899464,,,,2.8343243099022986,2.7387184198097114,4.643568602057843,4.394816499203579,0.09560589009258713,0.2487521028542634,-0.03252819732415679,0.9761320336917393,-0.21472812852458326,0.9319399639214386,0.0,-0.36261260822826824
3506,08062025061645022,1,1,Puzzle,0,0.0,0,0.5706654200000001,-2.02090861,14.280614,14.434183968917393,6.162132,14.562718,3.39879,304.9985457796187,7.649584877776662,,,,2.8332082505413716,2.7555867321799186,4.646978271949758,4.377643228839007,0.07762151836145303,0.2693350431107504,-0.029690266270503085,0.9744534549450193,-0.22261840048500423,0.9468078961884274,0.0,-0.3217993283324937
3507,08062025061645221,1,1,Puzzle,0,0.0,0,0.5667420990000002,-2.0184891499999997,14.286855000000003,14.43986567965477,6.098056,14.536411000000001,3.4381500000000003,304.7708470911486,7.632065729022721,,,,2.832738630022025,2.7625671089803405,4.670772590953601,4.182137225387517,0.07017152104168467,0.48863536556608445,-0.024159344932780612,0.9725452900865388,-0.2314562264941452,0.9361742535420379,0.0,-0.3515362954305123
3508,08062025061645415,1,1,Puzzle,0,0.0,0,0.40624312799999984,-2.0178422599999997,14.167911,14.31664845448159,6.528776000000001,14.477136,3.4382,324.97171218492593,7.581129068534741,,,,2.3754453694531388,2.738370839662335,4.56613994081616,4.382101826178051,0.3629254702091962,0.18403811463810893,-0.020914532014501146,0.9724959915201464,-0.23197872494662497,0.5398344268628111,0.0,-0.8417712228234584
3509,08062025061645611,1,1,Puzzle,0,0.0,0,0.49776127100000006,-2.06491632,14.270472999999999,14.427683297578959,6.313646,14.521153000000002,3.47218,318.3343913464453,7.577809213635284,,,,2.834200894275431,2.7151731258453857,4.645972929518192,4.250903965167645,0.11902776843004537,0.39506896435054717,-0.02358756009239292,0.9721657186062918,-0.23310393084544995,0.8730479695239831,0.0,-0.48763433319450583
3510,08062025061645813,1,1,Puzzle,0,0.0,0,0.5303089709999999,-2.12320547,14.292749999999998,14.459319888399348,5.943683,14.428719,3.323220000000001,284.998456018995,7.46207802049833,,,,2.831110328028836,2.686803069051582,4.556914309168595,4.307534027007565,0.14430725897725383,0.24938028216103003,-0.03497162001366169,0.9718069400645997,-0.23317001744628235,0.9183168141198201,0.0,-0.39584621875776926
3511,08062025061646016,1,1,Puzzle,0,0.0,0,0.4885534959999999,-2.11649496,14.351553,14.51500289169686,5.977241,14.479974,3.2891700000000004,284.67863140975936,7.515167714017464,,,,2.831344382856914,2.716894830407132,4.549482568966103,4.388701777476911,0.11444955244978194,0.16078079148919233,-0.048656529997066836,0.9731623883696606,-0.22491666890495762,0.9598124340048563,0.0,-0.2806422839304039
3512,08062025061646224,1,1,Puzzle,0,0.0,0,0.294079271,-2.09854366,14.217354999999998,14.374406120135294,6.6071480000000005,14.494214,3.32681,318.59334706840485,7.548635980671352,,,,2.588396401114744,2.7284387415672353,4.491413345144463,4.458935200983526,0.1400423404524913,0.03247814416093675,-0.06207128813111342,0.9747580154505349,-0.21446203977552564,0.4923140734412057,0.0,-0.8704176314228286
3513,08062025061646413,1,1,Puzzle,0,0.0,0,0.28058474000000005,-2.1855945599999997,14.210701,14.380527608138149,6.354996,14.483331,3.3172800000000002,305.32746218920937,7.46561923164192,,,,2.4516548572788057,2.6887747260983024,4.459639058835331,4.435797939708819,0.23711986881949665,0.02384111912651221,-0.07200806225056462,0.9750426209263928,-0.21001601450344062,0.4008518477466974,0.0,-0.9161428906879421
3514,08062025061646618,1,1,Puzzle,0,0.0,0,0.35236837300000007,-2.2004916700000003,14.403565,14.574944657502309,5.715989,14.476424000000002,3.154029999999999,260.986773815292,7.439877224034819,,,,2.8147434308027957,2.5980722503075238,4.446532035865283,4.4010058693122645,0.2166711804952719,0.04552616655301822,-0.07201030716202589,0.974462016112344,-0.21269295902003146,0.973716819891765,0.0,-0.22776205711195235
3515,08062025061646814,1,1,Puzzle,0,0.0,0,0.2485801920000002,-2.2019711099999997,14.406759,14.576185158168457,5.960262,14.37148,3.3745399999999997,289.0556255995712,7.432512369225414,,,,2.81825332543464,2.6441112757605345,4.415445423584687,4.372078939904104,0.17414204967410551,0.04336648368058338,-0.05999700260701357,0.9740504383016142,-0.21823405628500608,0.9407771926983481,0.0,-0.3390254764742836
3516,08062025061647019,1,1,Puzzle,0,0.0,0,0.05584470999999995,-2.23014114,14.27043,14.443746761863954,6.438783,14.404521,3.5729299999999995,331.3806286523247,7.420929626817754,,,,2.4763400059483267,2.727313822306116,4.421091416811053,4.463832393051962,0.2509738163577895,0.04274097624090878,-0.04817424071557595,0.9723418283396077,-0.2285401745703946,0.46303483155079384,0.0,-0.8863400841498301
3517,08062025061647217,1,1,Puzzle,0,0.0,0,0.05723941000000001,-2.15935945,14.43977,14.600447501267263,6.447228000000001,14.585443999999999,3.0946800000000003,291.01034730932935,7.587987520835566,,,,2.8189366271887444,2.729140884076892,4.663235324190985,4.334031208196864,0.08979574311185257,0.3292041159941217,-0.030679824446145518,0.9724836631631059,-0.23094214265226817,0.9889123058211106,0.0,-0.14850067809802844
3518,08062025061647423,1,1,Puzzle,0,0.0,0,-0.16566713,-2.32074656,14.319253999999997,14.507044678714896,5.702942999999999,14.609082,4.148260000000002,345.6112943167978,7.48791294860943,,,,2.816031077418181,2.8026021080183616,4.654180021845336,4.232767010606655,0.013428969399819302,0.42141301123868136,-0.03382606302610649,0.977354746070952,-0.20888632744327412,0.834404289350123,0.0,-0.5511528661942313
3519,08062025061647617,1,1,Puzzle,0,0.0,0,-0.58059081,-2.3689276599999998,14.144246999999998,14.35300063206222,4.592422,14.611132999999999,4.584489999999999,307.6215191382642,7.475049055931632,,,,2.815420326940537,2.517898495396327,4.573125463656072,4.3437810445576055,0.2975218315442101,0.22934441909846637,-0.028948658174543934,0.9823736687340608,-0.1846725484956422,-0.5375570835957785,0.0,-0.843227360725446
3520,08062025061647820,1,1,Puzzle,0,0.0,0,-0.6734334200000001,-2.4105331800000003,14.152086,14.371698609922552,4.522362,14.637009,4.1626600000000025,275.54250535803885,7.535287819642494,,,,2.8156352611510256,2.8862026084068395,4.5907381274207495,4.392111558143419,0.07056734725581393,0.19862656927733013,-0.022279838481653567,0.9812552420495539,-0.19142037181946653,-0.8888779531429957,0.0,-0.4581440651327031
3521,08062025061648017,1,1,Puzzle,0,0.0,0,-0.47281516,-2.5444002699999997,13.909203,14.147913450566161,4.896724,14.605101999999999,4.74422,339.29310991062977,7.591721341089197,,,,2.815938370188694,2.4302992885387633,4.598072193080074,4.891550182623423,0.38563908164993066,0.2934779895433488,-0.0353302178656779,0.9711504627836911,-0.23583586313490615,-0.11037831974692107,0.0,-0.9938896450460918
3522,08062025061648221,1,1,Puzzle,0,0.0,0,-0.030915710000000034,-2.6300396800000003,13.634989,13.886359837251096,6.664992,14.85023,4.4642599999999995,441.8575626900647,7.597106434671761,,,,2.816810490246706,3.171030032196203,4.655141212864627,5.35109643112268,0.3542195419494969,0.6959552182580531,-0.047577697510548585,0.9570109169223736,-0.2861231685673013,0.8663043394404673,0.0,-0.49951655775020687
3523,08062025061648426,1,1,Puzzle,0,0.0,0,0.35462237999999985,-2.74024148,13.054336000000001,13.343551581269713,8.676349,14.819928999999998,4.042260000000001,519.7654169833727,7.618455574189238,,,,2.451288517991434,3.321594541710387,4.594596165494217,5.262065506098502,0.8703060237189528,0.6674693406042858,-0.015941829724726943,0.9590385501284443,-0.2828266561563094,0.9723081650604287,0.0,-0.23370244362612497
3524,08062025061648618,1,1,Puzzle,0,0.0,0,0.45399683,-3.305072013,12.069610999999998,12.522185265523222,7.071568000000001,15.007566,3.0084,319.27253744772537,7.953126202576442,,,,2.383574677219147,2.953836206389795,5.497774830995519,5.409623073204361,0.5702615291706481,0.08815175779115858,0.028101204436695178,0.9643218185565904,-0.2632370653325957,0.9595115736420469,0.0,0.28166920322776284
3525,08062025061648822,1,1,Puzzle,0,0.0,0,0.47906437000000024,-3.5221308899999997,11.314960600000001,11.86015354270121,5.1349540000000005,14.829421,4.304024,327.7445182712251,7.997576683952101,,,,3.4746549938738505,2.8249665760292526,5.700746795935951,5.163035896540427,0.6496884178445979,0.537710899395524,0.0516588845935183,0.9618271366344145,-0.26873763948542245,0.6120454824487863,0.0,-0.7908225637992586
3526,08062025061649040,1,1,Puzzle,0,0.0,0,0.6131453600000001,-3.5418290499999996,10.7840173,11.367300883614048,5.521113,14.913433000000001,4.418052000000001,363.7768738616226,7.963940174476389,,,,2.9649069710303833,2.757732976263395,5.672308954991169,5.231484606201666,0.2071739947669884,0.44082434878950316,0.10000573234703342,0.9594889013493391,-0.2634006486043106,0.692122061649628,0.0,-0.7217804733974649
3527,08062025061649220,1,1,Puzzle,0,0.0,0,0.48622989499999997,-3.84048741,10.484777,11.176596610636405,4.1543589999999995,15.121039999999999,5.185786,325.76189048796164,8.261053212597925,,,,2.7594035785306956,2.452840729278809,5.06573257232917,5.287301518188952,0.3065628492518866,0.22156894585978204,0.19926767174477358,0.954014048276349,-0.22394104288582128,0.9964789443135086,0.0,0.08384338697736181
3528,08062025061649414,0,0,Puzzle,0,0.0,0,0.6953937000000001,-3.732041828,10.623551700000002,11.28146973255321,2.0431576000000002,15.330383999999999,6.326345,198.1562490371097,8.245652308926257,,,,3.201777044473092,3.1415194001952176,4.963208405900662,5.037559260053226,0.06025764427787461,0.0743508541525637,0.2006080041180493,0.9529943436439046,-0.2270643293573348,0.973516666940494,0.0,-0.22861605190596612
3529,08062025061649620,0,0,Puzzle,0,0.0,0,1.0130674019999997,-3.4778306799999994,11.2487151,11.81758025996491,2.5885676,15.619485000000001,6.283704,254.06330325375814,8.603707721337901,,,,3.025437833198081,3.7707752701010184,5.328529634717876,4.914055015465642,0.7453374369029375,0.4144746192522337,0.16141380782353817,0.9834565178379564,-0.08221228719569337,0.7617824409913528,0.0,0.6478329357151087
3530,08062025061649822,0,0,Puzzle,0,0.0,0,0.5485252199999999,-3.17407179,12.352007099999998,12.76509659358284,2.6616481,15.608539,6.237109,259.1171892295471,8.863008808315113,,,,3.2694610250153113,3.7719488189603743,5.085179222477186,4.252234583009032,0.5024877939450629,0.8329446394681543,0.11031909844097489,0.9938919476654685,-0.002914255464449223,0.6583821559892477,0.0,0.7526838225144407
3531,08062025061650020,0,0,Puzzle,0,0.0,0,-0.51285575,-3.17806649,12.32821,12.74158112006783,6.08707,16.183465,2.31691,228.23853602783657,9.063719273955316,,,,3.2808895840000485,3.646391953645912,5.4532099814387545,5.461365206880351,0.36550236964586347,0.008155225441596414,0.013984428787557063,0.9996808072804483,-0.021040896050242407,-0.28608771485506024,0.0,0.9582034332066495
3532,08062025061650219,0,0,Puzzle,0,0.0,0,-0.66316222,-3.0931444499999996,12.805513999999999,13.190470633104685,5.900342,16.327675,1.9931599999999996,192.01877528239638,9.149258145017193,,,,3.453170016858341,3.605817827363264,5.4824113236803225,5.3143878185669715,0.15264781050492315,0.16802350511335096,-0.05390216588133783,0.9984764452663174,-0.011804438217869867,-0.22562641717372442,0.0,0.9742138984193094
3533,08062025061650426,0,0,Puzzle,0,0.0,0,-0.4646660000000001,-3.0939996499999998,13.126666999999998,13.494374192775487,5.735249,16.439025,2.057369999999999,193.97275608453282,9.231781057436406,,,,3.2160763643798957,3.562680302475281,5.43604660158612,5.0349437300761055,0.34660393809538537,0.4011028715100142,-0.08394658573032406,0.9964694935164808,-0.001232572606276576,-0.1387305673933024,0.0,0.9903301619514234
3534,08062025061650612,0,0,Puzzle,0,0.0,0,-0.14369915999999988,-3.2022819299999994,13.353926999999999,13.733267103246707,5.445012,16.525684,3.11486,280.2830384920915,9.398821380964755,,,,2.870481893945142,3.410486320594909,5.49718267008092,5.21616530577628,0.5400044266497668,0.2810173643046401,-0.059278698363327276,0.99797303897488,0.02314842110365931,-0.013411418528864369,0.0,0.9999100628821793
3535,08062025061650815,0,0,Puzzle,0,0.0,0,0.07248197600000006,-3.17763145,13.503141,13.872181232046925,5.057131999999999,16.559648,3.8783900000000013,324.7931557764464,9.431092221055515,,,,2.5500906406474337,3.71226158607476,5.438388736864853,5.384974995451697,1.1621709454273264,0.05341374141315658,-0.04981239876698619,0.9972560835665791,0.05476338848653188,0.09826252024524962,0.0,0.9951605283144282
3536,08062025061651023,0,0,Puzzle,0,0.0,0,-0.75124589,-3.2143207590000005,12.909630000000002,13.324968107499556,4.115333,16.152883,2.5380599999999998,168.71625032043627,9.40061296919509,,,,2.772586606837429,2.9781473480194,5.246286775952551,4.70670877725508,0.20556074118197065,0.5395779986974709,-0.07387621771688167,0.9949484408123037,0.06796987995438454,-0.889810585982033,0.0,-0.4563300571672996
3537,08062025061651213,0,0,Puzzle,0,0.0,0,-0.7541697999999999,-3.292904926,12.692519,13.134383636252906,3.7748679999999997,15.885129,2.9873399999999997,179.13364781726924,9.242422633976883,,,,2.814115959724148,2.9823808083955745,5.027359208302143,4.396260385540355,0.16826484867142666,0.6310988227617882,-0.20835365349875212,0.9773847048307382,-0.036164814898634066,-0.8173544256813284,0.0,-0.5761351775574425
3538,08062025061651424,0,0,Puzzle,0,0.0,0,-1.3658728500000001,-2.8656563200000003,12.232793,12.637991112814253,4.7966464,14.708988000000002,4.6101399999999995,325.26296163146446,8.209501358221553,,,,3.05173287361952,3.517878109640938,4.6182313831090145,5.660450343601165,0.466145236021418,1.0422189604921508,-0.26292692154416136,0.9472917428690417,-0.18305132564240956,-0.6721721363756046,0.0,-0.7403949075191262
3539,08062025061651614,0,0,Puzzle,0,0.0,0,-0.783757852,-3.3741409499999997,11.8186457,12.315822737566785,2.4398261,15.524255,4.86251,184.1747750769452,8.57096298371172,,,,2.965662923312521,3.286771570566687,5.555120524561518,5.2901009656877775,0.321108647254166,0.26501955887374073,-0.12862316699792414,0.9642719469618711,-0.23159381082789465,0.38204293425928293,0.0,-0.9241445754764549
3540,08062025061651823,0,0,Puzzle,0,0.0,0,-1.1318645799999998,-3.0306374249999997,13.201962,13.592559776536325,4.6842892,13.380823,4.682259999999999,293.4823930338794,8.118921719532336,,,,3.5311090349741696,3.148067862993495,5.194091680989082,3.9866344452118265,0.38304117198067456,1.2074572357772557,-0.07653773899264775,0.9733300034492114,-0.21626529748309534,-0.2500502665082547,0.0,-0.9682328564034329
3541,08062025061652016,0,0,Puzzle,0,0.0,0,-1.4256354999999998,-2.88789508,13.615832999999999,13.99154326212221,7.2792460000000005,13.975414,2.8681,291.7731795287424,7.9845006502671625,,,,3.0044848463384595,3.034011030094182,5.522816729977217,3.736814643572758,0.029526183755722357,1.786002086404459,-0.08642700929777425,0.95979891632493,-0.2670513289338447,-0.45270915447757454,0.0,-0.8916582425190716
3542,08062025061652224,0,0,Puzzle,0,0.0,0,-1.76269694,-2.5076483400000003,13.678075999999999,14.017316567773095,10.364106,14.112576,2.9692500000000006,434.29507560805865,7.583290401044346,,,,3.034173309909696,3.049360619340035,5.602825492414306,3.9743843996982235,0.015187309430338747,1.6284410927160824,-0.08133358847684384,0.9569259897516104,-0.2787068307799081,-0.8408060395455146,0.0,-0.5413364978123926
3543,08062025061652416,0,0,Puzzle,0,0.0,0,-1.8572610399999998,-2.48885586,13.358127000000001,13.71434938342637,10.202406,14.624538999999999,3.0037699999999994,448.17895799884377,7.886667764699254,,,,2.54195643672841,3.158233111492844,5.509717474963928,4.797871540948548,0.6162766747644337,0.71184593401538,-0.05159645970496507,0.9604553813145331,-0.2736115236057661,-0.8357414228117399,0.0,-0.5491231867228049
3544,08062025061652615,1,1,Puzzle,0,0.0,0,-2.34493124,-2.593103307,13.257174000000001,13.710417562838058,9.808713000000001,14.562728,2.682690000000001,383.19978407980966,7.609548619013271,,,,2.5614395607566074,3.1342878686220423,4.721351544738223,4.880177748247459,0.572848307865435,0.15882620350923649,0.009145026731219526,0.964246692069675,-0.26484841951345456,-0.7989707791587463,0.0,-0.6013698479724985
3545,08062025061652820,1,1,Puzzle,0,0.0,0,-3.00643248,-2.7029274099999996,12.620668999999998,13.252386156767738,9.6157739,14.970902,3.10801,447.41920104205485,7.90389204688254,,,,2.219034689363373,3.14121097109852,5.245557190676697,4.9087359441343565,0.9221762817351471,0.3368212465423408,0.02368816334627204,0.9649553205105973,-0.26134287886906504,-0.7298240088289687,0.0,-0.6836350752680947
3546,08062025061653013,1,1,Puzzle,0,0.0,0,-4.2775177933,-3.01591868,12.003327,13.094761663554632,10.681667267,14.775649000000001,2.37852,375.39840144923295,8.029408681822792,,,,3.049568109534817,3.106724946092347,5.376044007504495,5.32500045902154,0.0571568365575299,0.051043548482955,-0.021027778271538185,0.9676489669495818,-0.25142257118717515,-0.9792893641823306,0.0,-0.20246565436973898
3547,08062025061653214,1,1,Puzzle,0,0.0,0,-5.803948499999999,-3.37740808,11.4754409,13.295805631058778,9.612246,14.761963,2.9585410000000003,419.80400889545155,7.926404413925644,,,,2.6587192954174395,3.009288239219607,5.360952719479999,5.373553242300852,0.3505689438021675,0.012600522820852333,-0.0373134641329848,0.970387686893282,-0.23865339411016495,-0.9750486055342636,0.0,0.2219914792186579
3548,08062025061653414,1,1,Puzzle,0,0.0,0,-6.0447028000000005,-2.98796239,10.915213,12.829973734180104,5.642671000000001,15.729574,3.042586,270.05023071192903,8.359216746347014,,,,4.979725611424554,2.817340769675846,5.144142870988324,5.439166245177381,2.162384841748708,0.2950233741890571,-0.10035074472596074,0.9720757691502867,-0.21212832687744357,0.6890182329641997,0.0,-0.7247440062828333
3549,08062025061653618,1,1,Puzzle,0,0.0,0,-6.440788599999999,-3.34380565,11.164087899999998,13.315466670522225,5.157988999999999,15.752518,2.6545190000000005,215.68315829122542,7.993479413554306,,,,3.5955136787192172,2.5123292240702155,4.664926963823228,5.228216084832761,1.0831844546490017,0.5632891210095332,-0.09386085969484738,0.9784224844162361,-0.1840640676669519,0.6520605459258432,0.0,-0.7581668974882056
3550,08062025061653821,0,1,Puzzle,0,0.0,0,-6.363441900000001,-3.69893359,11.1886011,13.392546325954116,6.143578000000001,13.761984000000002,2.812779000000001,237.81433860761686,7.946867842934768,,,,3.3135450776049873,3.5986784635565336,4.668419196645049,4.726591801576481,0.28513338595154636,0.05817260493143195,0.001274977175051603,0.9862055041412554,-0.16552062721816724,0.7349739548465081,0.0,-0.6780953367317042
3551,08062025061654044,0,0,Puzzle,0,0.0,0,-6.481092200000001,-3.6741714,11.22857,13.475343254491843,6.081555999999999,13.771362,2.939070000000001,246.1509603283044,7.8679659743114545,,,,3.291390373449379,3.6666476866497058,4.485711052031773,4.604628214015763,0.37525731320032696,0.11891716198399038,-0.01636704929113622,0.9894394886988119,-0.1440195052794412,0.7008884855322941,0.0,-0.7132708677972536
3552,08062025061654218,0,0,Puzzle,0,0.0,0,-6.7192573,-4.386985643,11.381922,13.926313586501468,6.446218,12.771273,3.3111499999999996,272.59509212553115,7.399694412007576,,,,2.8228611571098825,3.166366717010405,4.522973204857619,4.727752352632802,0.34350555990052234,0.20477914777518258,-0.12367199768385569,0.9747157626626364,-0.18610324824107619,0.12593977850654625,0.0,-0.9920378884849721
3553,08062025061654413,0,0,Puzzle,0,0.0,0,-6.7461708,-4.2651028,11.278390300000002,13.816801732545583,6.268527,12.11221,2.926907,222.2275079272055,7.768139879734953,,,,2.9493315233914026,3.172317228345275,4.55459851950235,2.7674575286932583,0.2229857049538726,1.7871409908090916,-0.07033022529193618,0.9829713953615502,-0.16976717972373992,0.4892595488360961,0.0,-0.8721382309431801
3554,08062025061654620,0,0,Puzzle,0,0.0,0,-6.561834100000001,-4.53303732,11.186244400000001,13.73820067828997,7.111464999999999,11.900993,3.011916000000001,254.90897828285648,7.725327762764822,,,,2.909049255611874,2.9492304874717816,4.996358679222099,2.7805352151501332,0.04018123185990774,2.2158234640719656,-0.07867379348139482,0.9881424042665373,-0.13185227760487894,0.8636917139351041,0.0,-0.5040204591877617
3555,08062025061654816,0,0,Puzzle,0,0.0,0,-6.8683661,-4.56122819,11.303582,13.991076495952836,7.201109000000001,11.631397,3.0767700000000016,257.70704803425076,7.476283910609554,,,,2.911835956339745,3.6485270880329517,4.610199738922924,2.7817611051048226,0.7366911316932065,1.8284386338181018,-0.10005983099647313,0.9873411756438839,-0.12306678308589396,0.6582958193241536,0.0,-0.7527593335591007
3556,08062025061655024,0,0,Puzzle,0,0.0,0,-6.827433500000001,-4.6856656800000005,11.495781000000001,14.16764948259284,6.504374000000001,11.889057000000001,3.7995800000000006,293.8248393274497,7.425175082152387,,,,2.908705557185189,3.708561057881161,4.443753321772599,2.7687112880685127,0.7998555006959722,1.675042033704086,-0.10951276320291108,0.9815715042754486,-0.15660247983380002,0.5963532232885719,0.0,-0.8027221393940314
3557,08062025061655220,0,0,Puzzle,0,0.0,0,-6.8169056,-4.70339216,11.4868581,14.161214947157479,6.551807000000001,11.883447,3.836989000000001,298.7404861644397,7.438214304265725,,,,2.90945826583249,3.6615684142429408,4.453692989006426,2.7646848577848786,0.7521101484104507,1.6890081312215477,-0.11917544948866798,0.9813068319715572,-0.15110960844737764,0.5756062841074105,0.0,-0.8177269750326566
3558,08062025061655420,0,0,Puzzle,0,0.0,0,-6.851378999999999,-4.7092346,11.2638022,13.999697308163594,7.225831999999999,12.092781,2.684348,234.55941249860143,7.710559856769092,,,,2.911244414178411,3.659612602029619,5.031956095642529,2.751118226613316,0.7483681878512081,2.2808378690292126,-0.10069371657890494,0.9826242805232495,-0.1559176024946941,0.5684074164194902,0.0,-0.8227472327266255
3559,08062025061655620,0,0,Puzzle,0,0.0,0,-6.8161735,-4.61716877,11.322009,13.998798392320912,5.829727,12.639896,3.2989700000000006,243.0916741044156,7.886842113389083,,,,2.2704738588558993,3.582013273509423,4.94160813271348,2.7160818035510266,1.3115394146535237,2.225526329162453,0.05308170684800562,0.9858323119244043,-0.15911312065284414,0.7640291144385756,0.0,-0.6451817668612514
3560,08062025061655822,0,0,Puzzle,0,0.0,0,-5.8665541,-4.272813421,11.28459,13.416980398249247,7.126284000000001,12.576674,3.180670000000001,285.0673919411116,7.871018176233794,,,,3.214199785179664,3.2070386142328196,4.797322897638016,5.060517690143668,0.007161170946844653,0.2631947925056526,-0.07219813929017327,0.9826359430067624,-0.17092112857762037,0.9329054267081874,0.0,-0.360121458425369
3561,08062025061656017,1,0,Puzzle,0,0.0,0,-5.216476500000001,-3.8941856340000003,11.0250074,12.803401774417571,6.540324,12.732621,1.5635759999999994,130.2075211353103,7.773298498295504,,,,3.4306487007376467,2.7758743451019106,5.211396262802992,5.39211529407013,0.6547743556357362,0.18071903126713718,-0.1891857963730134,0.9609359482588046,-0.20201692452530065,0.9747049984083115,0.0,-0.22349533793315127
3562,08062025061656217,1,1,Puzzle,0,0.0,0,-4.2389153,-3.1185200899999996,11.387877,12.54501148024332,6.998053,14.796523,2.7870100000000004,288.58611246552863,8.04853275865115,,,,3.8825579457871124,3.031867102754191,5.385571362179505,5.295870583370124,0.8506908430329214,0.0897007788093811,-0.01814784844033969,0.9770169210445293,-0.2123878329604934,0.9661863468247479,0.0,0.25784480450349995
3563,08062025061656417,1,1,Puzzle,0,0.0,0,-2.96329907,-2.84268037,11.718549,12.417180184311057,7.5448771,14.919716000000001,3.01759,339.68233174160446,8.152199059703259,,,,3.8632625906744935,3.0836425939205943,5.451480334368362,5.3745592088928635,0.7796199967538993,0.0769211254754989,0.06881450487841621,0.9720409888388716,-0.224501402969975,0.9421605339646422,0.0,0.3351619433042187
3564,08062025061656623,1,1,Puzzle,0,0.0,0,-2.71570875,-2.85047443,11.796038000000001,12.435706292300186,9.882963,14.952045,2.3410699999999984,345.94110201487865,7.776562175623345,,,,2.3116149278177796,3.1707803367801093,5.50786056540877,5.333263392820669,0.8591654089623297,0.1745971725881006,0.12447536551666603,0.967491798528236,-0.2201488204830802,-0.9790226001515361,0.0,-0.2037516831648895
3565,08062025061656813,1,1,Puzzle,0,0.0,0,-2.41437932,-2.84710349,11.869236999999998,12.442427928092764,9.410667,15.038761999999998,2.1161399999999997,299.4862506456998,7.722556461488669,,,,2.381262627144054,3.098398511652019,5.483958892227038,5.352246217788378,0.717135884507965,0.13171267443866075,0.1504665693075573,0.964849114641042,-0.2154669290104902,-0.8865672801132595,0.0,-0.46259967340301633
3566,08062025061657022,1,1,Puzzle,0,0.0,0,-2.27620544,-2.8270505900000003,11.936632,12.476237804199185,9.591328,15.044286,1.9123999999999999,275.9491489996776,7.744954300527821,,,,2.656859167817707,3.0663461024992285,5.44313369563756,5.351836369461796,0.4094869346815213,0.09129732617576458,0.16337416555514564,0.9628940488928921,-0.2148113885151637,-0.8775221529184924,0.0,-0.47953609993127144
3567,08062025061657213,1,1,Puzzle,0,0.0,0,-2.2732976799999998,-2.8132624500000003,11.992030000000002,12.5256182073131,9.744142,15.041877,1.8855700000000013,276.3683445497944,7.738329426568444,,,,2.7721384313233717,3.0712651199597296,5.4531668584782,5.356549489515546,0.29912668863635794,0.09661736896265438,0.16522927055107411,0.9613499808849575,-0.22023964766965037,-0.9030610715441508,0.0,-0.42951216637195505
3568,08062025061657420,1,1,Puzzle,0,0.0,0,-2.45990459,-2.84094493,11.988328000000001,12.563522870707077,9.478066,15.019466999999999,1.8817500000000003,267.87746120448935,7.708209898919385,,,,2.5066971714931983,3.047287839659078,5.368132573253477,5.37308117253194,0.5405906681658799,0.004948599278463028,0.13914076887376234,0.9619382442318805,-0.2351906901246423,-0.8816818656591385,0.0,-0.4718443469702914
3569,08062025061657614,1,1,Puzzle,0,0.0,0,-2.9142318099999995,-2.92624344,11.898862,12.595180213383328,9.351036,14.949255,1.8531700000000004,259.0565276433529,7.697527034450174,,,,2.2968880703083903,3.074724750669037,5.370740065598782,5.220807926927882,0.7778366803606467,0.14993213867090027,0.0982704918881972,0.9679415536162694,-0.23115375663608484,-0.9038345306601797,0.0,-0.42788215806024543
3570,08062025061657815,1,1,Puzzle,0,0.0,0,-3.54761138,-3.02216313,11.781096999999999,12.669382897807056,9.802305500000001,14.878472000000002,1.79913,262.39110655566486,7.721025627232471,,,,2.7821119958696863,3.078671288354,5.321646166146055,5.173660592717501,0.2965592924843139,0.14798557342855378,0.049248037418341085,0.9742887636055821,-0.21985457903429664,-0.970136228119827,0.0,-0.24256071175982938
3571,08062025061658015,1,1,Puzzle,0,0.0,0,-4.08298557,-3.07790615,11.760928,12.824340328228196,9.7180083,14.818636999999999,1.7853200000000005,257.0997151327819,7.729113854596972,,,,2.774451872351553,2.9788125026671586,5.268957749248424,5.075071673028865,0.20436063031560536,0.19388607621955867,0.00925765199324796,0.9753231205857466,-0.2205880919960394,-0.9791183759629594,0.0,-0.2032909389315144
3572,08062025061658220,1,1,Puzzle,0,0.0,0,-4.54863574,-3.08523013,11.737343000000001,12.96047656337969,9.748603600000001,14.803836,1.9294700000000002,278.4547989558512,7.769132252867374,,,,2.7762425110613833,2.99339056435501,5.237363104124155,5.101601102519187,0.21714805329362674,0.13576200160496743,-0.027252268855642678,0.973845106414299,-0.22557265471493337,-0.964304019996035,0.0,-0.26479757744263155
3573,08062025061658418,1,1,Puzzle,0,0.0,0,-4.9716564,-3.05874604,11.704650999999998,13.0794552535141,9.762474000000001,14.867619999999999,1.8784800000000015,272.65151691512295,7.865889653838022,,,,2.7926365386581002,2.9936937043268625,5.250649591305821,5.123730412052726,0.2010571656687623,0.12691917925309504,-0.07859214729433915,0.9719299616777558,-0.22175532457359648,-0.9393489090144993,0.0,-0.34296301131939866
3574,08062025061658612,1,1,Puzzle,0,0.0,0,-5.2697412,-3.0828741690999997,11.716000000000001,13.211318687303,9.62172,15.019762,1.94271,280.7525704048486,7.853224653413302,,,,2.789833182380631,2.94847774336864,5.287740884687619,5.047750230085875,0.15864456098800916,0.23999065460174318,-0.14525571628895403,0.9652064939796764,-0.21743321012403743,-0.9514256020241254,0.0,-0.30787874855701025
3575,08062025061658819,1,1,Puzzle,0,0.0,0,-5.5000535,-3.11149544,11.797068999999999,13.38293052237678,9.448556,15.00328,1.9704999999999995,279.33676225508134,7.902740272357458,,,,2.7632746258912158,2.9093708498337985,5.258661867058197,5.00140761226657,0.1460962239425827,0.25725425479162656,-0.2055297974620317,0.9537175989387732,-0.21949998594459522,-0.9792496307085053,0.0,-0.20265774289983562
3576,08062025061659043,1,1,Puzzle,0,0.0,0,-5.5100964,-3.2419797599999995,11.743431000000001,13.370855124235833,9.495595,15.046244000000002,2.32949,332.82131630772886,8.047277636966717,,,,2.7626559432485323,2.8187724275367887,5.178915427554113,5.231112784436213,0.05611648428825644,0.052197356882100365,-0.25034273895172693,0.9412335453791493,-0.22673316058120982,-0.9212079009316712,0.0,-0.3890706918556891
3577,08062025061659226,1,1,Puzzle,0,0.0,0,-5.9718383,-3.3684601734000004,11.3811729,13.286853397280458,8.624334999999999,15.180545,4.7793009999999985,625.71615003732,8.16029547727529,,,,2.762955690783812,2.8101508436336577,5.065364581214366,5.8393319451444965,0.047195152849845545,0.7739673639301303,-0.22598158620231457,0.952197208293788,-0.20555485694821846,-0.8583398804489042,0.0,-0.5130815233770952
3578,08062025061659419,1,1,Puzzle,0,0.0,0,-6.6540932,-3.102037,11.1517128,13.351415214775514,7.577000999999999,14.815608000000001,4.421882,496.3910840355281,7.766060162894135,,,,2.770252976435771,2.7452587893587173,4.904720467458364,5.531019929031716,0.02499418707705381,0.6262994615733524,-0.20842653294693764,0.9614862041239335,-0.17917215085796334,-0.6862745660995123,0.0,-0.7273425739807385
3579,08062025061659619,1,1,Puzzle,0,0.0,0,-6.6115607,-3.87674649,10.5596301,13.047899681034409,6.0090889999999995,13.801213,2.728337,226.2684009153875,7.15980350430256,,,,2.7704222094539737,2.5043465481124234,5.033695495844877,4.877981587061291,0.26607566134155025,0.1557139087835857,-0.02326330109325463,0.9743905436248956,-0.22365573392297575,0.15668142535643392,0.0,-0.9876491942730861
3580,08062025061659816,0,0,Puzzle,0,0.0,0,-7.770517499999999,-5.0699943,9.795564199999998,13.49217782332268,9.523458,10.679856000000001,7.359035999999999,748.4813704263734,7.058943984941232,,,,2.7570198505435175,2.8738182358545226,4.20698023944444,5.379615767665382,0.11679838531100506,1.1726355282209422,0.10979606477489637,0.9390158627648185,-0.32587426046865087,0.1737936811403401,0.0,-0.9847820857406423
3581,08062025061700024,0,0,Puzzle,0,0.0,0,-7.1815815,-4.28642115,9.327552200000001,12.528038520057098,7.620008,10.5692466,7.144176,575.3758152497113,7.638924968270327,,,,3.2187163791439044,2.7225928812729165,3.8029766217657714,5.312356939162691,0.49612349787098786,1.5093803173969196,0.1011346143558268,0.924186275967238,-0.3683089967580299,0.23098521991525245,0.0,-0.9729572591746786
3582,08062025061700217,0,0,Puzzle,10,1.0,0,,,,,,,,,,,,,,,,,,,,,,,,
3583,08062025061700413,0,0,Puzzle,10,1.0,0,,,,,,,,,,,,,,,,,,,,,,,,
3584,08062025061700613,0,0,Puzzle,10,1.0,0,,,,,,,,,,,,,,,,,,,,,,,,
3585,08062025061700814,0,0,Puzzle,10,1.0,0,,,,,,,,,,,,,,,,,,,,,,,,
3586,08062025061701017,0,0,Puzzle,10,1.0,0,,,,,,,,,,,,,,,,,,,,,,,,
3587,08062025061701213,0,0,Puzzle,10,1.0,0,,,,,,,,,,,,,,,,,,,,,,,,
3588,08062025061701416,0,0,Puzzle,10,1.0,0,,,,,,,,,,,,,,,,,,,,,,,,
3589,08062025061701614,0,0,Puzzle,10,1.0,0,,,,,,,,,,,,,,,,,,,,,,,,
3590,08062025061701819,0,0,Puzzle,10,1.0,0,,,,,,,,,,,,,,,,,,,,,,,,
3591,08062025061702016,0,0,Puzzle,10,1.0,0,,,,,,,,,,,,,,,,,,,,,,,,
3592,08062025061702213,0,0,Puzzle,10,1.0,0,,,,,,,,,,,,,,,,,,,,,,,,
3593,08062025061702419,0,0,Puzzle,10,1.0,0,,,,,,,,,,,,,,,,,,,,,,,,
3594,08062025061702616,0,0,Puzzle,10,1.0,0,,,,,,,,,,,,,,,,,,,,,,,,
3595,08062025061702816,0,0,Puzzle,10,1.0,0,,,,,,,,,,,,,,,,,,,,,,,,
3596,08062025061703017,0,0,Puzzle,10,1.0,0,,,,,,,,,,,,,,,,,,,,,,,,
3597,08062025061658220,0,0,Puzzle,10,1.0,0,,,,,,,,,,,,,,,,,,,,,,,,
3598,08062025061703413,0,0,Puzzle,10,1.0,0,,,,,,,,,,,,,,,,,,,,,,,,
3599,08062025061703618,0,0,Puzzle,10,1.0,0,,,,,,,,,,,,,,,,,,,,,,,,
3600,08062025061703815,0,0,Puzzle,10,1.0,0,,,,,,,,,,,,,,,,,,,,,,,,
