GlobalID,EntryID,Spatial,Temporal,App,missing_joints_count,missing_joints_ratio,collapsed_joints_count,center_of_mass_x,center_of_mass_y,center_of_mass_z,distance_from_origin,bbox_width,bbox_height,bbox_depth,bbox_volume,max_joint_distance_from_com,distance_from_floor,min_foot_height_above_floor,below_floor,left_forearm_length,right_forearm_length,left_shin_length,right_shin_length,arm_length_symmetry,leg_length_symmetry,body_upright_x,body_upright_y,body_upright_z,body_forward_x,body_forward_y,body_forward_z
844,08062025072225855,0,0,War,0,0.0,45,0.0,0.0,0.0,0.0,0.0,0.0,0.0,0.0,,3.7,3.7,False,0.0,0.0,0.0,0.0,0.0,0.0,,,,,,
845,08062025072232610,1,0,War,0,0.0,0,0.007007488999999989,4.0460764137,0.020720515200000005,4.0461355377880865,3.267045,9.623805663,0.046600003,1.4651696219522725,5.581764029665709,7.7460764137,3.7039353370000003,False,1.8666293414882875,1.9901616280835082,2.5882342587235283,2.488968265332378,0.12353228659522064,0.09926599339115016,0.027959277366717578,0.9996051677115495,0.002790608087129012,-0.9968760413986194,0.0,-0.0789820111507558
846,08062025072233013,0,0,War,0,0.0,0,0.0886473989,4.488435367,0.024816667500000004,4.489379274694216,3.896449,9.63771013,0.060199997,2.26068121644083,5.15422709488008,8.188435367,3.70422287,False,1.931985486794867,1.9450973060422962,2.6191437837800065,2.4998276335853213,0.013111819247429324,0.11931615019468511,0.026547348052664017,0.9996440217138574,0.002658601721922397,0.999443752009524,0.0,0.03334946130187198
847,08062025072233320,0,0,War,0,0.0,0,-0.010142395000000044,4.41501359,0.024924118259999996,4.415095591233792,4.219472,9.634245700000001,0.060400006,2.455346614233712,5.2309565032636245,8.11501359,3.7114913,False,1.7499015923340946,1.0756532320023033,2.5234166556564457,2.4864617972156218,0.6742483603317913,0.03695485844082391,0.02957127021351363,0.999558853739772,0.0027636729893742553,-0.9979469062078967,0.0,0.06404664230143027
848,08062025072233570,0,0,War,0,0.0,0,-0.13412743100000002,4.151638957,0.019101831900000008,4.153848947302809,4.663245,9.62112333,0.049,2.1984171078872867,5.4962611949148865,7.8516389570000005,3.72289867,False,1.7115288941895197,1.9804556991796098,2.4759253470923657,2.3952879304407224,0.26892680499009014,0.08063741665164326,0.037442866020465176,0.9992942965121361,0.0029901074376074764,-0.9998352627705214,0.0,-0.01815068375027046
849,08062025072233786,0,0,War,0,0.0,0,-0.05736554500000006,4.129451594,0.0187122397,4.12989242243147,4.449811,9.63510806,0.051200022,2.1951707266137412,5.520218653435357,7.829451594,3.71178694,False,1.4827814702515676,2.115592956351718,2.5108187143127414,2.398790806267477,0.6328114861001506,0.11202790804526419,0.03765713058851214,0.9992857816328014,0.00314120078331224,-0.9992034948573304,0.0,-0.03990458450976455
850,08062025072234016,0,0,War,0,0.0,0,-0.05326085050000001,4.1139537621,0.020037927400000002,4.114347310744101,5.103802,9.671971779,0.053399985,2.6360277233154066,5.5560535280614305,7.813953762100001,3.693140221,False,2.020921574225779,2.114366477688293,2.6205991306669167,2.440946527818122,0.093444903462514,0.1796526028487948,0.03504934797963496,0.9993796840691156,0.0034336971498653756,-0.9998344911497997,0.0,-0.018193139015060086
851,08062025072234193,0,0,War,0,0.0,0,-0.055886866999999917,4.0912297639999995,0.021146839599999998,4.091666104726489,5.086583,9.70690836,0.052199994,2.5773744451790983,5.580491303607491,7.791229764,3.65556164,False,2.0854763771558766,2.109524340473463,2.6533746149362405,2.465406031927946,0.024047963317586518,0.18796858300829467,0.042094129573072174,0.9991067052641343,0.003725017010935958,-0.9999084432220593,0.0,-0.013531636014826971
852,08062025072234416,0,0,War,0,0.0,0,-0.07356710000000004,4.04935594,0.020835156599999995,4.0500777462619455,5.134587,9.4773902,0.0656,3.1922589841739897,5.564377532342444,7.74935594,3.8158938,False,1.9511405693616743,2.151320633741284,2.3196703330404946,2.379850844138851,0.20018006437960967,0.060180511098356426,0.05674777741757397,0.9983779975095638,0.004589536682378388,-0.9999447053776334,0.0,-0.010515996730600902
853,08062025072234603,0,0,War,0,0.0,0,-0.06341506,4.073593914,0.020640542699999997,4.0741397715365135,4.696054999999999,9.63062196,0.053000005999999995,2.396974582999075,5.514997112721373,7.773593914,3.6495730400000004,False,1.5208159330962443,2.1271610373119376,1.9893120249044818,2.5406618216824692,0.6063451042156933,0.5513497967779875,0.040212664034887526,0.9991815728640407,0.004373339703096413,-0.9998438459524538,0.0,-0.01767155089418399
854,08062025072234809,0,0,War,0,0.0,0,-0.2212637899999999,4.04749515,0.019983808619999998,4.053587794367559,4.638673,9.5922837,0.051800012799999996,2.3048657812520417,5.505752120630207,7.74749515,3.6600153,False,1.7409062629722485,2.092038947848725,2.372682806449897,2.5088239429083203,0.3511326848764764,0.13614113645842352,0.007911253560859442,0.9999606950625918,0.0040025488171761756,-0.9998044958144682,0.0,-0.019772965108379142
855,08062025072235005,0,0,War,0,0.0,0,-0.5190950900000001,4.0217773796,0.019131673699999997,4.055184215848019,4.709125,9.514036804,0.050499999999999996,2.262540822514143,5.4869361994699455,7.7217773796,3.693192196,False,2.0169984107986303,2.051632546933295,2.3339060115987964,2.399352285945382,0.03463413613466493,0.06544627434658556,-0.01183204807644858,0.9999234584169965,0.003616620758354435,-0.9999002874807916,0.0,-0.014121440996949067
856,08062025072235205,0,0,War,0,0.0,0,-0.58584864,4.070899065,0.0201393609,4.11288747965042,4.1629629,9.588347950000001,0.050200012,2.003780505755923,5.45093378768768,7.770899065,3.6237370500000003,False,1.5535923208515163,2.070933747133068,2.4868847312465463,2.486102903219819,0.5173414262815517,0.0007818280267271049,-0.022381797131507918,0.9997432090965914,0.0035455637651807897,-0.9998943290829813,0.0,-0.014537216641935495
857,08062025072235400,0,0,War,0,0.0,0,-0.6993394600000001,4.034184968,0.022678652000000004,4.094415508666261,3.4666671,9.414001619999999,0.056999998,1.8602068873674205,5.47985160275188,7.734184968,3.78556938,False,1.1675337560276364,2.052227933972796,2.4771888462599088,2.1898565899369355,0.8846941779451594,0.2873322563229732,-0.021521681090178622,0.9997615970783104,0.0036832391286659343,0.9999445975233957,0.0,0.010526247373795313
858,08062025072235600,0,0,War,0,0.0,0,-0.673655614,3.9939927689999997,0.024876215200000003,4.050482557817115,3.0141677,9.46181591,0.0513,1.4630503448324537,5.557274817833772,7.693992768999999,3.76713009,False,1.2492897400607275,2.070212789782248,2.516364538822706,2.216081624834182,0.8209230497215207,0.3002829139885237,-0.013979651015458634,0.9998949870213544,0.0038189379481377694,0.9999620895362787,0.0,0.00870743878757386
859,08062025072235810,0,0,War,0,0.0,0,-0.7634474840000001,3.9573229090000006,0.0322062152,4.030421058303917,2.9700541,9.51306791,0.049199997999999995,1.3901127998953047,5.6442056610921885,7.657322909000001,3.76713009,False,1.44822124676791,2.175086605285888,2.4542648314513738,2.2136915646699156,0.7268653585179778,0.24057326678145818,0.0044482981614024746,0.9999835888606456,0.0036103535630733668,0.9998888678849054,0.0,0.01490811456362993
860,08062025072236012,0,0,War,0,0.0,0,-0.945010695,3.9357305887000003,0.031786216400000004,4.047719215069922,3.1066773000000003,9.625398203,0.051299998,1.5340241531609697,5.7033111729500074,7.6357305887,3.701640797,False,1.1568989571440542,2.2220268172505953,2.366507790238046,2.0825354934243694,1.065127860106541,0.28397229681367664,0.027457677721983258,0.9996149516619077,0.004003042352709838,0.9993659044491389,0.0,0.03560602511591006
861,08062025072236195,0,0,War,0,0.0,0,-1.111384454,4.036322169,0.0314462197,4.18665271085233,3.0860469999999998,9.8182434,0.050899995,1.5422474825250427,5.633448518081856,7.736322169,3.5435416,False,1.1060506135995767,1.9799658436774836,2.5622546528905277,2.114441431523268,0.873915230077907,0.44781322136725965,0.01834882639944762,0.9998248788698095,0.0036786088040852037,0.9908495738999263,0.0,0.13497081870661626
862,08062025072236390,0,0,War,0,0.0,0,-1.145941654,4.160799204,0.030926218800000006,4.31583001534914,3.0686185,9.70017405,0.050500008,1.5031899820530894,5.516810353654304,7.860799204,3.66196795,False,1.5193284823648245,2.095441609456167,2.23378483948195,2.1905071054625527,0.5761131270913424,0.043277734019397496,2.2821253696619018e-05,0.999991608630013,0.004096602098001139,0.9963723932406245,0.0,0.08510025844819863
863,08062025072236609,0,0,War,0,0.0,0,-0.9014909019999999,4.225402296,0.0323115916,4.320619683376746,3.1216555,9.9658575,0.049399990000000005,1.5368323984285692,5.481919696982986,7.925402296000001,3.4232175000000002,False,1.5680110960002804,1.6714879657085895,2.561531759470386,2.660207546081566,0.10347686970830905,0.09867578661117982,0.0027588965190249197,0.9999887679674867,0.0038538849056044453,0.9988447807328253,0.0,0.04805313728357395
864,08062025072236812,0,0,War,0,0.0,0,-0.5385660800000001,4.22713471,0.033691589300000005,4.26143830205283,3.178344,9.9673155,0.050000003,1.5839779658152722,5.475626579226961,7.92713471,3.4232175000000002,False,2.038809296404215,1.9374200169870468,2.7384273579836584,2.6662774280456283,0.10138927941716824,0.07214992993803016,-0.04274617630019539,0.9990807663095077,0.003222856205213428,0.9977968096593993,0.0,0.06634400224228548
865,08062025072236999,0,0,War,0,0.0,0,-0.10531860000000001,4.24798608,0.035161588300000005,4.2494369133652885,3.424049,10.0179815,0.051900003,1.7802769928813311,5.4967124802628184,7.947986080000001,3.4232175000000002,False,2.049211717638751,2.1237492578152346,2.5255162866876746,2.753598591772891,0.0745375401764834,0.22808230508521632,-0.02701537969885042,0.9996293288324156,0.003372565459863169,0.998236545818536,0.0,0.05936159189474062
866,08062025072237196,0,0,War,0,0.0,0,-0.05180971999999999,4.2431980199999995,0.0353515882,4.243661557995249,3.340794,10.0418065,0.050400004,1.690799522170222,5.523176685919307,7.94319802,3.4232175000000002,False,1.9387748618424887,1.8013555994824817,2.584148730206466,2.730220603566768,0.137419262360007,0.14607187336030236,-0.010192991595291792,0.9999423390461094,0.00337957176778303,0.9993703618238636,0.0,0.035480697682540877
867,08062025072237394,0,0,War,0,0.0,0,-0.34368133,4.217700169999999,0.0350415875,4.231824605706516,3.2465640000000002,10.0097075,0.049200004,1.5988602061741,5.517158651520391,7.917700169999999,3.4232175000000002,False,1.5751136729136601,1.9144425057857026,2.7242519718907867,2.6165879739168605,0.3393288328720425,0.10766399797392623,-0.0224218489604485,0.9997440788492427,0.0030062426838271734,0.8473350773491817,0.0,0.5310586283016746
868,08062025072237596,0,0,War,0,0.0,0,-0.6371220999999999,4.23193045,0.0338154257,4.279755061561454,3.199996,9.9885507,0.049200003,1.572595552351189,5.516307901208571,7.93193045,3.4471113,False,1.7453201756949928,2.190229664285004,2.707055158703243,2.630700973685185,0.4449094885900111,0.07635418501805802,-0.02391924543917679,0.9997091763579606,0.0030712217940597327,0.9781061870065985,0.0,0.20810643175887947
869,08062025072237812,0,0,War,0,0.0,0,-0.6962376400000001,4.228169287,0.0289705746,4.285207307129436,3.2662676,9.9414701,0.048899993999999995,1.587856237518529,5.563845363472189,7.928169287,3.5223209,False,1.392574608615998,1.8121211500649756,2.4313434869324864,2.4740461561596825,0.41954654144897763,0.04270266922719612,-0.02620458710263799,0.9996513213740957,0.003248890549807334,0.9962730497873266,0.0,0.08625549412912366
870,08062025072237992,0,0,War,0,0.0,0,-0.7636003,4.219246889000001,0.028210574100000007,4.287881244272901,3.3336326,9.915523100000001,0.049100009,1.622986610156061,5.553548871130212,7.919246889000001,3.5223209,False,1.4264547673820576,1.7895164378119721,2.3213296490571005,2.4660599798484264,0.36306167042991455,0.1447303307913259,-0.005983140388533562,0.9999755723590297,0.003613407854385824,0.9990616113406087,0.0,0.043311623676637524
871,08062025072238199,0,0,War,0,0.0,0,-0.5943201499999999,4.2347943,0.027343515399999997,4.276382451540431,3.2767799999999996,9.905045,0.046799985,1.5189708901688794,5.540762857996634,7.9347943,3.539788,False,1.4593865192693123,1.6166424174315388,2.601107114773225,2.4563124351512555,0.15725589816222652,0.14479467962196946,-0.021722890519586962,0.9997578296349883,0.003521095143824334,0.9983484635145965,0.0,0.057448632690815196
872,08062025072238393,0,0,War,0,0.0,0,-0.16457539000000004,4.171304392,0.030493518400000003,4.1746610933555495,3.211713,9.919537,0.045499995,1.449570960834556,5.591820558341229,7.871304392,3.539788,False,1.4974629537553976,1.6520497491813015,2.5137189924451304,2.294005356225448,0.15458679542590392,0.21971363621968232,-0.000895856457591206,0.9999963811678027,0.0025367484120602884,0.9931810517434229,0.0,0.1165821532560982
873,08062025072238609,0,0,War,0,0.0,0,0.4308607400000001,4.1159614100000015,0.028416199300000007,4.138548874456505,3.225453,9.9917512,0.046800001,1.5082668699660644,5.778527286806824,7.815961410000002,3.5983488,False,1.7081352930480096,1.4310587311910015,2.164872748110542,2.499208101554258,0.27707656185700813,0.33433535344371634,0.03431274497407904,0.9994087132430259,0.002204410638381136,0.9964673906264607,0.0,0.08398058953170338
874,08062025072238804,0,0,War,0,0.0,0,0.6053987599999999,3.9450973169999997,0.025371231900000003,3.9913586907991943,3.627005,10.027307930000001,0.044799985,1.6293349552030645,6.04287319002792,7.645097316999999,3.63906307,False,2.198888018703838,2.102549662714296,2.244734659518229,2.569323071393258,0.0963383559895421,0.32458841187502907,0.07583196861873073,0.997117906024023,0.0023225033209055054,0.9992865557386241,0.0,0.03776743994550997
875,08062025072239010,0,0,War,0,0.0,0,0.66644116,3.9629163610000004,0.021858156400000002,4.01862261017688,4.214569,10.03450253,0.044900010000000004,1.8988709607828778,6.084554392498626,7.662916361000001,3.6767174700000003,False,2.1569194105577614,2.379139585096259,2.277631179705762,2.5721351127017686,0.22222017453849752,0.29450393299600686,0.10757684525792487,0.9941939261021812,0.0023790052297234833,0.9990823046832399,0.0,-0.04283162930388949
876,08062025072239201,0,0,War,0,0.0,0,0.5767081500000002,4.020298017999999,0.02035654805,4.061502533897973,4.125681,10.043533420000001,0.0467999855,1.9392236213479048,6.047890210712686,7.720298017999999,3.68062658,False,2.148518396658128,2.2247120392653073,2.133842070483205,2.598465982346534,0.07619364260717942,0.46462391186332885,0.11587654266971927,0.9932595299061416,0.0028518607159255856,0.9983853429698722,0.0,-0.05680411026440347
877,08062025072239399,0,0,War,0,0.0,0,0.3994861499999998,4.010617464000001,0.0206197112,4.030516939435138,3.7787669999999998,10.00043876,0.049499993,1.8705714700792455,6.0351195729224045,7.710617464000001,3.7121512400000003,False,2.1536543343426513,2.2341635694975426,2.1101749537355547,2.551437602647468,0.08050923515489128,0.44126264891191314,0.09537616175547024,0.9954377730025785,0.0026510089515945088,0.9634733957293493,0.0,-0.2678040621830754
878,08062025072239614,0,0,War,0,0.0,0,0.05386609000000009,3.964936885,0.021232316099999995,3.965359614074411,3.694156,9.968880650000001,0.046600004,1.7161197197244347,6.002702682343796,7.664936885,3.69028635,False,2.0817551686752216,2.295493109308978,2.155241187409321,2.400967523860282,0.21373794063375628,0.24572633645096076,0.04580481857776054,0.9989469881287808,0.002614097070835254,-0.999224929849174,0.0,-0.03936419144239456
879,08062025072239796,0,0,War,0,0.0,0,-0.37778895000000007,3.9756437339999997,0.019410797769999998,3.993600426871175,3.528145,9.97162236,0.046899996000000006,1.6500042161696928,5.944194816729805,7.675643733999999,3.64745064,False,1.9616413436084585,2.3062411505931033,2.4230641667642008,2.3821613866209903,0.34459980698464476,0.04090278014321047,0.025993500124896395,0.9996578956913209,0.002903365849645149,0.9982404593480493,0.0,-0.05929574454035953
880,08062025072240011,0,0,War,0,0.0,0,-0.810405117,4.014505878,0.017014720599999998,4.09552235970864,4.0517595,9.966773669999998,0.047200004,1.906076340895535,5.916075552245904,7.714505878,3.6521403300000004,False,1.945183716048127,2.118520565511011,2.332210384366042,2.463618271499284,0.1733368494628842,0.1314078871332418,0.011646381810324952,0.9999274312377592,0.0030812414680329173,0.9959525963514827,0.0,-0.08988006353324747
881,08062025072240203,0,0,War,0,0.0,0,-0.9429204740999999,4.033169813000001,0.01725472077,4.141962757722513,3.5516785,9.93844667,0.0454000023,1.6025368793858807,5.894301781362922,7.733169813000001,3.6521403300000004,False,1.7825914121451945,2.0923029213622986,2.3409276683201345,2.456478045385811,0.3097115092171041,0.11555037706567628,0.00672970658250023,0.9999716044620686,0.0033913594426837374,0.9999692811029693,0.0,-0.007838166265825184
882,08062025072240412,0,0,War,0,0.0,0,-1.07980965948,4.037241363,0.016944719500000004,4.179185787607838,3.7675135,9.907389669999999,0.046499992999999996,1.7356691701305071,5.857589496745027,7.737241363,3.6521403300000004,False,1.7167910916625828,2.09649746941387,2.221021514433638,2.4414128389547303,0.379706377751287,0.22039132452109245,0.00034220829025664065,0.999995836859608,0.002865162637331479,0.9999159237221519,0.0,-0.012967092460371565
883,08062025072240599,0,0,War,0,0.0,0,-1.1459220589999999,4.001617223,0.0166047204,4.162493661430921,3.9510495,9.872498669999999,0.043099988000000006,1.6811896351683433,5.850671375126883,7.701617223,3.6521403300000004,False,1.8471704565870468,2.0876328400909174,2.3061162160560364,2.5046729473595266,0.2404623835038706,0.19855673130349016,0.025716972514119092,0.9996656225456877,0.0026982262786252927,0.9999379043781671,0.0,-0.011143939509869652
884,08062025072240799,0,0,War,0,0.0,0,-1.1635318289999999,3.991416908,0.0162247213,4.15758084613464,4.1147545,9.85810967,0.041300016999999994,1.6752815460919233,5.840551657915222,7.691416908000001,3.6521403300000004,False,1.8247400987398175,2.196483109849217,2.212247004935607,2.5712233850524107,0.37174301110939956,0.35897638011680355,-0.010138486831477757,0.9999441061141093,0.002999288652759024,0.9998741363488006,0.0,-0.015865417130979227
885,08062025072241013,0,0,War,0,0.0,0,-1.197433203,4.074878289,0.0165947184,4.2472055201613665,4.813007499999999,9.84832567,0.040899998,1.9386625764669074,5.737179560761557,7.774878289,3.6521403300000004,False,1.7999684637729072,2.1922852087389475,2.600877479247693,2.6838695795692176,0.3923167449660403,0.08299210032152438,-0.041176720386588664,0.9991467927144897,0.0031881509615062005,-0.9999991947817388,0.0,0.001269029500875579
886,08062025072241206,0,0,War,0,0.0,0,-1.0491334,4.140917151,0.01579124395,4.27178242725762,4.9507307,9.840060489999999,0.042500004999999993,2.070408549779699,5.675595304002053,7.840917151,3.67179651,False,2.1001728835648272,2.1737317284843347,2.7245600635790725,2.688158863223078,0.07355884491950748,0.03640120035599459,-0.050196657718039564,0.9987325508471103,0.003686113449430805,-0.9999946364789436,0.0,0.0032752119542508104
887,08062025072241400,0,0,War,0,0.0,0,-0.6826085399999999,4.165904416000001,0.015963651399999997,4.2214889387863215,5.197266,9.67996224,0.044400011,2.233735188629596,5.594495904630008,7.865904416000001,3.7803737600000002,False,2.067956008553615,2.1897341490923043,2.746156688255566,2.435576536530061,0.12177814053868952,0.3105801517255049,-0.022808410168489005,0.9997333537552853,0.0036052482293938764,-0.9999976005402095,0.0,0.002190642331328035
888,08062025072241615,1,1,War,0,0.0,0,-0.16173759099999999,4.1630085900000005,0.01766989058,4.166186720946312,5.168785,9.6562566,0.043299996,2.1611510482565452,5.581645614579479,7.863008590000001,3.7792284,False,2.005041760987786,2.1818816163953536,2.6459544699037,2.488191096403894,0.17683985540756764,0.1577633734998063,0.02169278234735552,0.9997600278642778,0.0030512094075542907,-0.9999991092493247,0.0,-0.001334728645553032
889,08062025072241808,1,1,War,0,0.0,0,0.4031851499999998,4.0475101,0.014648183309999998,4.067568173252517,4.051786,9.5873125,0.043999999,1.7092124580197612,5.6687971065119624,7.7475101,3.8036725000000002,False,1.9878215680855262,2.223803408405968,2.4094747148070823,2.5365283084260364,0.23598184032044167,0.12705359361895407,0.08592741489837145,0.9962956109604322,0.0033963141583858913,-0.9598377804543765,0.0,-0.28055558310683476
890,08062025072242006,1,1,War,0,0.0,0,0.5632219599999999,4.034778478999999,0.014511622839999998,4.073925249440058,3.6405208,9.57844201,0.042899986999999994,1.4959447418133227,5.670423342273897,7.734778478999999,3.7960249900000003,False,1.8446552343591571,2.234454943828808,2.4087775368686395,2.5723985177197037,0.3897997094696508,0.16362098085106425,0.1136781699160428,0.99351108361149,0.0036056103037399824,0.9995013721716699,0.0,-0.031575418080352274
891,08062025072242213,1,1,War,0,0.0,0,0.5436501,3.93509733,0.01622681787,3.972506732205916,3.7027729999999996,9.5303456,0.043700004,1.542116609451668,5.726173666719372,7.635097330000001,3.8005054,False,1.838032515976255,2.0456127499375345,2.4214834241436387,2.566776542106587,0.20758023396127956,0.14529311796294841,0.10481035053971728,0.9944867389001297,0.0033040235360023615,0.9992131432545914,0.0,-0.03966225343168592
892,08062025072242410,1,1,War,0,0.0,0,0.41263777999999995,3.9201933249999987,0.018170017830000003,3.9418924125863475,3.618551,9.544120249999999,0.0440999985,1.5230325152729878,5.719798694882032,7.620193324999999,3.7639667500000002,False,1.8482116804726376,1.9501697652671166,2.4672579015349028,2.5728893136283286,0.10195808479447899,0.10563141209342586,0.10275734351881415,0.9947001764399466,0.0035337435242485766,0.9998780952418898,0.0,-0.015613925049469015
893,08062025072242590,1,1,War,0,0.0,0,0.20838725,3.8781647900000005,0.018470312770000004,3.8838033596993724,3.779404,9.4762,0.050500007,1.8086268540331174,5.707592944676907,7.578164790000001,3.788027,False,1.777321046497227,2.1029972547338236,2.490274601219468,2.526992686899986,0.3256762082365965,0.036718085680518264,0.07834322009329346,0.9969205144133362,0.0034391579293110187,0.9997562761829448,0.0,-0.02207687099231928
894,08062025072242821,1,1,War,0,0.0,0,-0.31022738,3.8019327399999994,0.0184414696,3.8146131749610697,3.6269340000000003,9.4812284,0.046399997,1.5955933363982988,5.669501200907002,7.501932739999999,3.6896636000000003,False,1.798291246643046,2.0768603535156136,2.463291377743859,2.409454505747133,0.27856910687256753,0.053836871996726376,0.009364147993848458,0.9999517209886343,0.0029779899626790154,0.9991608779978531,0.0,-0.04095778166062071
895,08062025072243001,1,1,War,0,0.0,0,-0.7685853899999999,3.826591732,0.017749973800000002,3.903055578223568,3.6614925,9.54496158,0.047599996000000006,1.6635629895315873,5.674778726585266,7.526591732,3.64539642,False,1.9290556253941973,1.9296283133576504,2.481732391023176,2.4709271655710974,0.0005726879634531112,0.010805225452078737,-0.06035233369104715,0.9981718786109245,0.0032398407958495364,-0.9993990102628333,0.0,-0.034664366223390655
896,08062025072243200,0,0,War,0,0.0,0,-0.9772646460000001,3.9379376820000003,0.0177544289,4.057427090581248,4.5942870000000005,9.62312428,0.0457,2.0204607413997686,5.603607427962604,7.6379376820000004,3.60660572,False,1.9651219776128401,1.967408327795265,2.4749459222140207,2.499766081581483,0.0022863501824248456,0.024820159367462402,-0.09085116189997017,0.9958589715687773,0.0033128729831976796,-0.9999148607879468,0.0,-0.013048799769362945
897,08062025072243415,0,0,War,0,0.0,0,-0.97518692,4.109455714999999,0.017038453399999997,4.223612921584968,6.5023729999999995,9.46342115,0.046899994,2.8859767875237767,5.425701525737709,7.8094557149999995,3.7649528500000002,False,1.892421414244195,2.0389993879179293,2.394107691046704,2.3358557338912287,0.14657797367373426,0.058251957155475154,-0.09709371421787749,0.9952697330793512,0.0033119594704747925,-0.9999313592561162,0.0,-0.011716517239179425
898,08062025072243605,0,0,War,0,0.0,0,-0.7817028214999999,4.178578022999999,0.01883546094,4.251109075291819,6.99651,9.4433542,0.048100001,3.1779921787843226,5.310101279763274,7.878578022999999,3.7420928,False,1.9376835778539798,2.165315337235665,2.497197370310157,2.422802351727291,0.227631759381685,0.0743950185828659,-0.0677991042582524,0.9976910546200376,0.003980074488707932,-0.9999782264211623,0.0,-0.006598991103705636
899,08062025072243808,0,0,War,0,0.0,0,-0.78095395,4.193229856,0.019132924399999997,4.265375923182678,6.530918,9.50748774,0.05650001,3.508233810027139,5.299723546891176,7.8932298560000005,3.6853372600000003,False,1.9549542673374734,2.1337209336602574,2.4005868314388654,2.5381141114093033,0.17876666632278404,0.1375272799704379,-0.021369693198314447,0.9997648870633951,0.003675160911672309,-0.9999763885233581,0.0,-0.006871855337670465
900,08062025072243992,0,0,War,0,0.0,0,-0.7735210699999999,4.1485358880000005,0.018984648099999994,4.220076453883434,6.143020999999999,9.41038382,0.049900005,2.8846287417145056,5.288426605300826,7.848535888000001,3.72572918,False,1.9633147466977878,2.0596516673306677,2.316811708460334,2.5108271702388363,0.09633692063287991,0.19401546177850237,-0.008745671942395417,0.9999561898316762,0.0033364111845940758,-0.9999669713448203,0.0,-0.008127497737141226
901,08062025072244204,0,0,War,0,0.0,0,-1.3798807300000002,3.8790765610999998,0.020458396300000004,4.117247180080388,4.7871714,9.181811489000001,0.05,2.197745268016611,5.313475258282704,7.5790765611,3.7027995110000003,False,1.7631128877912494,1.967408162982242,2.057536832914544,2.547838125634573,0.20429527519099255,0.4903012927200292,-0.04280739404982391,0.9990787302255174,0.00303608722388262,-0.9999299469681103,0.0,0.011836433430397648
902,08062025072244408,0,0,War,0,0.0,0,-1.8820532900000004,3.769391284,0.017356556099999997,4.213162290766242,5.2563674,9.17814086,0.0557,2.687172998787536,5.417369200282265,7.469391284,3.68328114,False,1.6842407693762196,1.791459135095158,2.2742542737623883,2.638799220722073,0.1072183657189385,0.36454494695968487,-0.12077455343061616,0.9926736058754814,0.003552385368263527,-0.9998871386898014,0.0,0.01502364412258447
903,08062025072244603,0,0,War,0,0.0,0,-2.02976908,3.75256106,0.0174478962,4.266378025472447,3.2076508,9.3753774,0.049600009,1.4916179368000626,5.501259604178632,7.452561060000001,3.5143086,False,1.709246972003169,1.809579755723643,2.3467261627091385,2.2204202439213256,0.10033278372047394,0.12630591878781283,-0.19475096849976198,0.9808460908379478,0.0036064326308727994,-0.9997571524484073,0.0,0.02203715336090147
904,08062025072244807,0,0,War,0,0.0,0,-1.9493742500000004,3.8412641899999995,0.015557103000000003,4.307622611997616,3.2225297,9.0753532,0.042799991,1.2517112124192167,5.453476145002395,7.54126419,3.8370358,False,1.837244263017631,1.7621912253200556,2.313515512463325,2.2353932540331463,0.07505303769757554,0.07812225843017861,-0.21561614018173286,0.9764713282593276,0.003664038836569197,-0.9988802743992434,0.0,0.04730959116386458
905,08062025072244995,0,0,War,0,0.0,0,-1.5658239799999998,3.865495696,0.0165482663,4.170627717413184,3.1186602,9.162217940000001,0.046400013000000004,1.325826753160643,5.416632660106939,7.565495696,3.72802706,False,1.8346774700246362,1.7419705389903726,2.161257824786439,2.329190200907039,0.09270693103426364,0.16793237612059997,-0.22751502407995836,0.9737667064811102,0.003913459700507195,-0.9978870412994899,0.0,0.06497270816697052
906,08062025072245203,0,0,War,0,0.0,0,-1.1024447452000001,3.9425590950000013,0.018441429899999997,4.093836430553019,3.5183439,9.19461055,0.046199977,1.4945601056503837,5.3518964340342645,7.642559095000001,3.7177464500000004,False,1.8027063136049086,1.5903313371802894,2.626384470281084,2.5309096847982744,0.21237497642461922,0.09547478548280974,-0.21472858989802102,0.976666153067726,0.003854624793257925,-0.9993371788764749,0.0,0.03640333659444239
907,08062025072245398,0,0,War,0,0.0,0,-0.8251541,3.91370475,0.0220157563,3.999806101856043,3.3987207,9.206635499999999,0.043300006999999995,1.3548911078326482,5.3856872116603425,7.61370475,3.7347805000000003,False,1.847583846011055,1.735276808361548,2.589363450378683,2.542282214312435,0.112307037649507,0.04708123606624781,-0.16536113162272328,0.9862259583494214,0.0037490300369153054,-0.994178185165285,0.0,0.10774848556457946
908,08062025072245606,0,0,War,0,0.0,0,-0.68057717,3.9462260099999993,0.014393259299999999,4.004508980167107,3.8731430000000002,9.0927327,0.05060001,1.7820035249730708,5.310825855835639,7.6462260099999995,3.8430793000000003,False,1.741189037493632,1.8349159811973657,2.742078393703769,2.5056523529572052,0.09372694370373358,0.2364260407465637,-0.10450977672666291,0.9945149801210211,0.004202485387026403,0.9965769956553613,0.0,0.0826697751934402
909,08062025072245799,0,0,War,0,0.0,0,-0.20412146550000002,3.956094040000001,0.0129555298,3.961377723943249,4.059826,8.9215231,0.048599986,1.7602833009540169,5.206647619515404,7.656094040000001,3.9403879,False,1.5562157090633082,1.717943388522975,2.0764343837672814,2.390875183079556,0.1617276794596667,0.3144407993122744,-0.06090822056777618,0.9981342025449096,0.004278127780270796,-0.9999773142995393,0.0,0.006735791436831748
910,08062025072246008,0,0,War,0,0.0,0,0.19171561999999995,3.8115215299999994,0.015120674140000002,3.8163699882731454,3.981466,8.942855,0.043099983,1.53460390640959,5.288393792874549,7.51152153,3.8492290000000002,False,1.6973449048808553,1.6339904760213262,2.1870572813957043,2.397015841442657,0.06335442885952913,0.20995856004695268,-0.011499683052619485,0.9999278449592612,0.003473062743010191,-0.9999048068566818,0.0,-0.013797725352456736
911,08062025072246203,0,0,War,0,0.0,0,0.5441838,3.7798074600000007,0.0176687518,3.8188208425696364,3.302687,9.3339469,0.045300005000000004,1.3964680145005355,5.390292440727453,7.479807460000001,3.5318391,False,1.6396609869790166,1.8200509569009322,2.427761859084021,2.5220183016969684,0.18038996992191558,0.0942564426129473,0.004717529893493955,0.9999826211367998,0.003535864262054121,-0.999574074754096,0.0,-0.029183369913235425
912,08062025072246397,1,1,War,0,0.0,0,0.8454269700000001,3.7141944900000006,0.027618869999999997,3.80929787141014,3.2918277000000002,9.6403228,0.03650001,1.1583015968371433,5.555041884606188,7.414194490000001,3.3216002000000002,False,1.9470534911435888,1.8140283153275203,2.9264673280006885,1.9915306588094823,0.13302517581606854,0.9349366691912062,0.01711469797545169,0.9998483323476965,0.003224812357181778,-0.9998188699125125,0.0,-0.019032271721119192
913,08062025072246599,1,1,War,0,0.0,0,1.2320022400000001,3.5978368100000004,0.0317588712,3.8030603277697153,3.4361022,9.8475528,0.055199978,1.8678125763880755,5.875437542717155,7.297836810000001,3.3216002000000002,False,2.2932755280007324,1.8215077929940353,2.75109622250231,1.962344168513732,0.4717677350066971,0.788752053988578,-0.016276752100915184,0.9998636331867342,0.002789690246108633,-0.9997600043463771,0.0,-0.02190738937737111
914,08062025072246796,1,1,War,0,0.0,0,1.7369667709999999,3.4893150600000005,0.037008869,3.897915187364347,3.63422229,10.0518748,0.048,1.753475877813566,6.184933278810544,7.18931506,3.3216002000000002,False,2.2706507150763593,1.9053901531077568,2.459785803662034,2.4230284312523778,0.36526056196860246,0.03675737240965615,-0.040943216610221975,0.999157931865319,0.002660865315424708,-0.9992766286286088,0.0,-0.03802919242688907
915,08062025072247012,0,1,War,0,0.0,0,2.3589287800000003,3.3712633800000007,0.039198868,4.114790191211917,3.9186542,10.1628924,0.05220001,2.078858141791312,6.3923032708200065,7.071263380000001,3.2992026,False,2.340657186704623,2.087255522445922,2.2632776246479085,2.3492763383320745,0.25340166425870114,0.085998713684166,-0.020797262224430107,0.999780248652541,0.0026321641726223,-0.9997578490742641,0.0,-0.022005526905780008
916,08062025072247206,0,1,War,0,0.0,0,2.9865109999999992,3.4114748750000006,0.038098872,4.534187942721931,3.8677729999999997,10.1311474,0.0769,3.013324836863721,6.322585768782512,7.111474875000001,3.2992026,False,2.2801331848999524,2.0602524030780796,1.4183167705852322,2.545810434661261,0.21988078182187287,1.127493664076029,0.013348973440789575,0.999907772363754,0.002500334904001913,-0.9999379646952941,0.0,-0.011138525981150064
917,08062025072247409,0,1,War,0,0.0,0,3.5830768000000006,3.4582732750000007,0.037038871,4.979906151449285,3.92949,10.1644754,0.0764,3.051508019181314,6.328813084260393,7.158273275000001,3.2992026,False,2.074992791478322,2.1393485437637314,1.6732209878084314,2.6161862472073656,0.06435575228540946,0.9429652593989342,0.06067920176053373,0.9981539107602387,0.0026086218096495013,0.9996174274273518,0.0,-0.02765861138095979
918,08062025072247596,0,1,War,0,0.0,0,3.9987047000000002,3.4877460750000004,0.03586887099999999,5.306156663479398,4.416956,10.1533034,0.0766,3.4352567889297005,6.317742484045225,7.187746075000001,3.2992026,False,1.964974971198616,2.2569603227965707,1.9451685519793451,2.7700736617673467,0.2919853515979547,0.8249051097880016,0.1150716025001657,0.9933530383409588,0.002875328995015434,0.9999100716922523,0.0,-0.013410761663490419
919,08062025072247816,0,1,War,0,0.0,0,4.2042953,3.542349875,0.034928871,5.497777881339327,4.589796,10.1488394,0.0766,3.5681124501795995,6.2891126265417965,7.242349875,3.2992026,False,1.937691634559535,2.0601798505497033,2.2121819964927663,2.861725965984437,0.12248821599016835,0.6495439694916709,0.14907592066590009,0.9888210735547764,0.00304209986585011,0.9999069570525349,0.0,-0.013641013083353791
920,08062025072248003,0,1,War,0,0.0,0,4.2932021,3.5344620750000004,0.03439887,5.561042142738625,4.467892,10.1379914,0.0771,3.4922792468211306,6.309301705866301,7.234462075000001,3.2992026,False,1.9347615964394687,2.1452320650048566,2.3117694662856896,2.9003115441618963,0.21047046856538798,0.5885420778762067,0.16341936419556322,0.9865502885348892,0.003555221180829424,0.9999489898250755,0.0,-0.01010038354772568
921,08062025072248200,0,1,War,0,0.0,0,4.2834601999999995,3.541693875,0.034428872000000006,5.5581302734304225,4.409204,10.1362134,0.0766,3.4234556623790344,6.299254609741909,7.241693875,3.2992026,False,1.8549265057338529,2.171356661169694,2.326735986057985,2.9213036867519544,0.3164301554358411,0.5945677006939696,0.1611693587196511,0.9869204032690398,0.003543362974922763,0.9999679144998451,0.0,-0.008010616133011801
922,08062025072248413,0,1,War,0,0.0,0,4.1281137999999995,3.5488475960000008,0.036348870000000005,5.443984206969717,4.156396,10.1182604,0.050999989999999995,2.1448299291744677,6.229266425847358,7.248847596000001,3.2992026,False,1.886713865979683,2.154117311487468,2.332143803008196,2.929482939465523,0.26740344550778516,0.5973391364573271,0.12884936853076892,0.9916591381397702,0.0031613245815954255,0.9999691543271182,0.0,-0.00785432328771735
923,08062025072248598,1,1,War,0,0.0,0,3.5752658999999993,3.5389876199999994,0.0345088727,5.030720673274465,3.7038629999999997,10.0207024,0.051399993000000005,1.9077266152561176,6.09696405965551,7.23898762,3.2992026,False,1.8195760534281051,2.1013384533339696,2.4351983701854274,2.7412057833597903,0.2817623999058645,0.30600741317436286,0.06649941964617342,0.9977821028831751,0.002949975042445598,0.9998990788796482,0.0,-0.01420676091271387
924,08062025072248799,1,1,War,0,0.0,0,3.0953892,3.5888231053000004,0.030878874999999993,4.73941336934573,3.3383130000000003,9.9343004,0.05109999,1.694670061511566,5.946773153336231,7.2888231053000005,3.2992026,False,1.8705120739727936,2.0036799403811973,2.3127308932101256,2.611106931891446,0.13316786640840372,0.29837603868132057,0.029292265397832664,0.9995660935634392,0.003096415054366121,0.9992397514662218,0.0,-0.03898613971302184
925,08062025072249002,1,1,War,0,0.0,0,2.6884169900000003,3.6377025830000007,0.0277288736,4.523409652564829,3.2829550999999997,9.8435174,0.050200004,1.622254576906793,5.805093149783064,7.3377025830000004,3.2992026,False,1.8440510731119164,1.8229824370862706,2.381698183076834,2.632383501425231,0.021068636025645793,0.25068531834839725,-0.003912633926891358,0.9999852118843491,0.0037772090712320464,-0.9998742486555763,0.0,-0.015858337726469395
926,08062025072249197,1,1,War,0,0.0,0,1.7123019211,3.7730683534000002,0.022239537299999997,4.143490951534788,3.4680583,9.423060316,0.045900005,1.4999994279985858,5.664376467796561,7.4730683534,3.709352684,False,1.9783050010193017,1.771198261180267,2.4720137906928685,2.4075562318153776,0.20710673983903471,0.06445755887749094,-0.04520587631928906,0.9989703160508163,0.003838801315179501,-0.9999923944053867,0.0,-0.003900145046202725
927,08062025072249409,1,1,War,0,0.0,0,0.92206957,3.8143834020000007,0.0191121591,3.9242958991389205,3.2655582,9.33201598,0.049299986000000004,1.5023796697474097,5.564985471496661,7.514383402000001,3.74155302,False,1.9326485133163993,1.7837994390140945,2.541633189696704,2.1136378172752774,0.14884907430230476,0.4279953724214267,-0.047601907706137696,0.9988602875625515,0.0034906035571586847,-0.9999302345026126,0.0,-0.011812117826622897
928,08062025072249593,1,1,War,0,0.0,0,0.6925464669999999,3.821942086,0.017242601400000005,3.8842192555255237,2.9245172999999998,9.26029304,0.043300003,1.1726457969428588,5.488441489640753,7.521942086,3.7479669600000003,False,1.731073033611306,1.7967120580641187,2.561610503740228,2.3541765143690503,0.06563902445281267,0.20743398937117785,-0.018909125547857862,0.9998159314529466,0.003247796775106668,0.9611066752365042,0.0,-0.27617740460767737
929,08062025072249804,1,1,War,0,0.0,0,0.693699547,3.8776662734000005,0.0145673143,3.939254624420433,2.7830472,9.253251266,0.039099994,1.006912235032036,5.384399494798924,7.5776662734,3.705913734,False,1.7720602405499901,1.882016919202641,2.5514917560944004,2.4429111240571157,0.10995667865265091,0.10858063203728463,0.021402769330208533,0.9997663831494529,0.003016718293007595,-0.9985262149646179,0.0,-0.05427152133885404
930,08062025072250003,1,1,War,0,0.0,0,0.6740943199999999,3.8739549112000007,0.013506404700000002,3.9321892412795685,2.6855860000000003,9.233906487999999,0.036899996000000004,0.9150627054180847,5.378764849523301,7.573954911200001,3.707575512,False,1.7500483291224727,1.9893995270761982,2.547938985417067,2.450160524756727,0.2393511979537255,0.09777846066034002,0.05294761253488415,0.9985936853291869,0.002683644448990923,0.10282034605645043,0.0,-0.9946999429158684
931,08062025072250214,1,1,War,0,0.0,0,0.61277339,3.8734720063000005,0.013293328000000002,3.9216646113163676,2.9047115000000003,9.256952837,0.035199986,0.9464845866499388,5.397078228048972,7.573472006300001,3.6914121630000003,False,1.7454100840039168,1.994591470716748,2.532237359070989,2.475566117134828,0.2491813867128312,0.05667124193616058,0.07901575289760154,0.9968704049044038,0.002430353833330679,0.11552422561573707,0.0,-0.993304662878356
932,08062025072250403,1,1,War,0,0.0,0,0.57055541,3.880884507,0.0135992404,3.9226245004961107,2.9967053,9.28988123,0.037099997999999995,1.0328281917312847,5.416090284252943,7.580884507,3.68297977,False,1.7493967201363017,2.0670820320398513,2.5490918472742177,2.474528117976486,0.31768531190354965,0.07456372929773147,0.09356384676082928,0.9956101281561909,0.0025058515776601713,0.9949136039965873,0.0,-0.10073192434636416
933,08062025072250603,1,1,War,0,0.0,0,0.46738595000000005,3.8879729232000004,0.014405329399999996,3.9159916485238937,3.0044952,9.298077368,0.038600002,1.0783307683775045,5.429109500716502,7.587972923200001,3.692565632,False,1.7475747528647128,2.0199138271000576,2.558884343820504,2.4803920633605507,0.27233907423534487,0.07849228045995327,0.09779067992831006,0.995203321424913,0.002707756263093648,0.9281078730467537,0.0,-0.3723113965333737
934,08062025072250793,1,1,War,0,0.0,0,0.30704209,3.887442399,0.015137995300000002,3.8995784912572473,3.163612,9.25429241,0.039099989,1.1447300072766948,5.4312552715363465,7.587442399,3.7309495900000003,False,1.7261626080088197,2.0024155076437062,2.5471402471308737,2.5110391206748095,0.27625289963488653,0.036101126456064225,0.1080252555591686,0.9941441446218459,0.0028220339251899987,0.9557630275976707,0.0,-0.2941377824716403
935,08062025072251003,1,1,War,0,0.0,0,-0.009163046000000086,3.82293828,0.0159098575,3.8229823669050615,3.571774,9.0419619,0.041700008999999996,1.3467370031188217,5.372296395011319,7.52293828,3.8342111,False,1.7738700382909682,1.9840076008586756,2.4457958045602437,2.407703338972385,0.21013756256770733,0.038092465587858726,0.08487936475725946,0.9963878304169821,0.0026047716489752135,0.997612305666244,0.0,-0.06906292480977443
936,08062025072251211,1,1,War,0,0.0,0,-0.28070411,3.7220380359999994,0.016043447429999996,3.7326424059916405,3.1701639999999998,8.988761539999999,0.044699999,1.2737643877737088,5.350352042123047,7.422038036,3.78225346,False,1.822798322297341,1.9923260483133778,2.29253669295425,2.237529885064303,0.16952772601603683,0.05500680788994705,0.03973695686389197,0.9992067816142307,0.0026041957162185395,0.9938299907590095,0.0,-0.11091415359613482
937,08062025072251411,1,1,War,0,0.0,0,-0.7869764000000001,3.7271031072999996,0.016329878449999998,3.8093170111625607,3.3699573000000003,9.017311526999999,0.044199999,1.3431475720720656,5.2998152333402055,7.4271031073,3.705826473,False,1.7585357844039458,1.8801767284780149,2.3449659290050593,2.366039191036122,0.12164094407406911,0.021073262031062523,-0.003730197422991284,0.9999887428519191,0.0029325409842225637,-0.9998551184055009,0.0,-0.017021815365051526
938,08062025072251610,1,1,War,0,0.0,0,-0.9981119599999999,3.873927830000001,0.018599945900000005,4.0004862547859155,3.0307337000000003,9.2280865,0.043900008,1.2277898371196376,5.231126167133053,7.573927830000001,3.5690505000000003,False,1.6213805716774208,2.0000161570324275,2.3389002079637433,2.4955428718814447,0.37863558535500674,0.15664266391770143,-0.04541658635643333,0.9989671141741818,0.0014277542631057243,-0.9999634959490931,0.0,-0.008544399877583512
939,08062025072251803,1,1,War,0,0.0,0,-1.068270102,4.123027153,0.020540960599999998,4.259222446205967,2.2744311799999997,9.19664457,0.043200006,0.9036203644746728,5.034221833848487,7.823027153,3.6544954300000003,False,1.3657283906578939,1.9226480189159203,2.429893047873632,2.392474030251765,0.5569196282580264,0.037419017621866946,-0.08532269266362624,0.9963486665635337,0.003061495336714713,-0.9999816647181475,0.0,0.006055594729030842
940,08062025072252006,1,1,War,0,0.0,0,-0.813532114,4.129477172,0.021908876100000002,4.208906771767508,2.00199516,9.20227628,0.042500001,0.7829738027984817,5.051335674784761,7.829477172,3.6707527200000003,False,1.6181206422686787,1.3960712245246034,2.339588258421855,2.3254057794287255,0.22204941774407527,0.014182478993129521,-0.05958387972667743,0.9982195244101782,0.0027463362930370675,-0.9994293280349051,0.0,0.03377896185050748
941,08062025072252211,1,1,War,0,0.0,0,-0.7592006640000001,4.171827586,0.0223817146,4.24040469727561,2.194759,9.14916384,0.04359999,0.875496941259618,5.019084056757597,7.871827586,3.73983116,False,1.5633333629272932,1.4977952517967867,2.196828768197132,2.2977112429663276,0.06553811113050645,0.10088247476919543,-0.03615231516051739,0.9993432393179231,0.002469845763400868,-0.999790079997225,0.0,0.020488922351903374
942,08062025072252406,1,1,War,0,0.0,0,-0.84898487,4.246959127999999,0.022565172799999998,4.331044485042254,2.5280117,9.16065452,0.046399997,1.0745423503337843,4.916471771703336,7.946959128,3.70246048,False,1.3126557751480052,1.6656807848517947,2.098334898808777,2.3962588561664266,0.35302500970378947,0.29792395735764954,-0.02764827993608669,0.9996156655367942,0.0020233215285701154,-0.9998875904311278,0.0,0.01499354867378888
943,08062025072252603,1,1,War,0,0.0,0,-0.9089669859999999,4.2678498959999995,0.0221560852,4.363628605706095,2.9979996,9.12214674,0.045300007,1.2388733016154032,4.845428194627561,7.967849896,3.68884726,False,1.463198673151408,1.6142213721594028,2.1562450230219405,2.4420107426410973,0.1510226990079948,0.28576571961915676,-0.015594532126128163,0.999876662203531,0.0018630481725035325,-0.9996465548483258,0.0,0.026585059335521705
944,08062025072334866,0,0,War,0,0.0,45,0.0,0.0,0.0,0.0,0.0,0.0,0.0,0.0,,3.7,3.7,False,0.0,0.0,0.0,0.0,0.0,0.0,,,,,,
945,08062025072337997,0,0,War,0,0.0,0,-0.012770636600000046,3.7934800589999993,0.01652784015,3.793537559678279,2.796116,9.40261982,0.044200008,1.162054265177891,5.579152353222946,7.4934800589999995,3.6698991800000003,False,1.7403159919040565,1.891152760312609,2.4984935149909955,2.454531841933407,0.15083676840855254,0.04396167305758869,-0.008402561086868602,0.9999601014557479,0.0030319076159597558,-0.9814647435143202,0.0,-0.1916427855108814
946,08062025072338374,0,0,War,0,0.0,0,0.21503652,3.927716883,0.01426258166,3.933624796440626,2.9918649999999998,9.37638167,0.042900007000000004,1.2034682397954914,5.463196911900703,7.627716883,3.7144653300000003,False,1.7405170656870905,1.8782603943303495,2.4565256683904684,3.185457222753465,0.137743328643259,0.7289315543629966,0.011491535915123795,0.999929570799266,0.00296614960967448,-0.9953651310476274,0.0,-0.09616785270837394
947,08062025072338668,0,0,War,0,0.0,0,0.24953453999999997,3.9475245420999996,0.01282634479,3.95542437827542,3.2143800000000002,9.333797159,0.041299984,1.2390974386254525,5.39068232154055,7.647524542099999,3.701989841,False,1.0407896795231781,1.8724281823784323,2.352454803837375,3.294064155863446,0.8316385028552542,0.9416093520260707,0.026317292538896853,0.9996482773302524,0.003274407439664426,-0.9984755144448251,0.0,-0.05519644059304759
948,08062025072338913,0,0,War,0,0.0,0,0.22571380999999996,3.9319403869999996,0.0127682193,3.938434328304906,3.112096,9.35710192,0.044900001,1.3074969847316116,5.406921478733159,7.631940387,3.67361708,False,1.1589938032407254,1.8693392431993188,2.3916456220811493,3.2655647620996437,0.7103454399585933,0.8739191400184945,0.045618985929724465,0.9989532271060044,0.0033701894965903747,-0.998647440351501,0.0,-0.05199317146890844
949,08062025072339122,0,0,War,0,0.0,0,0.1578522999999999,4.048080402,0.01741691393,4.051194347172525,3.9981500000000003,9.40607688,0.0440999987,1.658464517960767,5.312430380775185,7.748080402,3.64082212,False,1.5730157040894412,1.8839939647748343,2.5117197079664013,3.3122392894345434,0.310978260685393,0.8005195814681421,0.08136071050014947,0.9966788616250625,0.0034178321609349706,-0.9992862449339879,0.0,-0.037775662611395415
950,08062025072339332,0,0,War,0,0.0,0,-0.02896721010000003,4.0708609860000005,0.01688383239,4.070999058019303,4.677153000000001,9.35869024,0.0412000121,1.8034080062834892,5.312627678696409,7.770860986000001,3.71193476,False,1.6212939064281342,1.9615781767709386,2.670033035378083,3.3944507431911246,0.3402842703428044,0.7244177078130418,0.06691185962678747,0.9977536971744724,0.003219132795689285,-0.9993304139903498,0.0,-0.036588572995896344
951,08062025072339530,0,0,War,0,0.0,0,-0.27140985,4.0198808900000005,0.01580797099,4.0290638575742435,4.661251,9.1528021,0.045499993,1.9411893126903779,5.250775756436193,7.719880890000001,3.8166539000000004,False,1.85526659727706,1.9550804570075888,2.4582458502597233,3.3301942354061165,0.09981385973052892,0.8719483851463932,0.0374439030461543,0.9992945333849591,0.002896492984139046,0.9325888979957526,0.0,-0.36094036534456453
952,08062025072339732,0,0,War,0,0.0,0,-0.844321735,3.7550266090000006,0.018308215299999996,3.8488230950823037,3.784854,9.33581641,0.046299995000000004,1.6359965297533763,5.492344356467639,7.455026609000001,3.60819359,False,1.848060156213807,1.7339279786460824,2.492278167379245,2.8489109914232933,0.11413217756772465,0.3566328240440484,0.0011303300046578222,0.9999943364783084,0.003170073404246255,0.9983327335901065,0.0,-0.057721339576497104
953,08062025072339929,0,0,War,0,0.0,0,-1.202052851,3.8409578300000007,0.0172825146,4.024697105838704,3.7980836,9.5673314,0.04890001,1.7769053107457813,5.541374677010529,7.540957830000001,3.4997026,False,1.70143763263894,1.8139007235450777,2.5231000268571777,2.680854696335316,0.11246309090613771,0.15775466947813843,-0.05888942071591271,0.998256510221623,0.003996989853742542,-0.9994306889659809,0.0,-0.03373867147628922
954,08062025072340136,0,0,War,0,0.0,0,-1.250459761,3.90612322,0.0168187954,4.101430371904667,3.1245338,9.413194899999999,0.051999984,1.529415502224426,5.542765253456568,7.606123220000001,3.7189271,False,1.7485685339923052,1.8078521963308285,2.458660981523075,2.3614695034460427,0.059283662338523335,0.09719147807703221,-0.09545084224503525,0.9954252453087576,0.004209241821645992,-0.9996148812522978,0.0,-0.027750480697719147
955,08062025072340317,0,0,War,0,0.0,0,-1.01294347,3.8658447720000004,0.0178454448,3.9963894623166403,2.9051382,9.39900438,0.051099999,1.395306253342795,5.564106914122329,7.565844772,3.7149226200000003,False,1.7416395902318598,1.76591458057692,2.4320179980960277,2.346470165319618,0.02427499034506031,0.08554783277640965,-0.08723082480091103,0.9961796413923321,0.004111603093379653,-0.9981557266741171,0.0,-0.06070539768147018
956,08062025072340531,0,0,War,0,0.0,0,-0.8920038299999999,3.7776385169999998,0.020327452589999996,3.881576587314158,2.9107055,9.27461404,0.0479000071,1.2930927892966477,5.574761083910428,7.477638517,3.7649299600000004,False,1.7977291930949997,1.6570394678802443,2.3430430984051833,2.463567839863145,0.14068972521475542,0.12052474145796177,-0.07100291718609679,0.997466339028456,0.004414550513186002,-0.9971907792750032,0.0,-0.07490360291008513
957,08062025072340730,0,0,War,0,0.0,0,-0.9584188819999999,3.7414989894999997,0.019391442020000003,3.862351287729699,3.0189693,9.327089075,0.0470000038,1.323435299063292,5.62003762791443,7.441498989499999,3.709635925,False,1.7813796055352717,1.8479377314787988,2.520923073574094,2.4323123508138873,0.06655812594352706,0.08861072276020687,-0.0883017627842189,0.9960867676772872,0.0037349628396672525,0.9974088723662587,0.0,-0.07194123522061678
958,08062025072340930,0,0,War,0,0.0,0,-1.0710024360000001,3.718240953,0.01899245495,3.8694602615648233,3.2043348,9.38613691,0.0464000145,1.395541922522789,5.682857787310195,7.418240953,3.65494509,False,1.9657681101661004,1.7747006036064337,2.506336857274248,2.3683556325020256,0.19106750655966676,0.13798122477222252,-0.1491365017343745,0.9888095168680819,0.003747425989052584,-0.9997948133960611,0.0,-0.0202566311694566
959,08062025072341133,0,0,War,0,0.0,0,-0.9979580250000002,3.756395103,0.018574190969999998,3.886742773849907,3.2529833000000004,9.39212703,0.0452000043,1.38097007495456,5.694237367086309,7.456395103,3.67420597,False,2.00548911787424,1.6937490897793597,2.476071534799761,2.373498660888079,0.31174002809488033,0.10257287391168202,-0.18537315517768818,0.9826618365460854,0.003536712505040466,-0.9997323610220868,0.0,-0.023134526690725084
960,08062025072341326,0,0,War,0,0.0,0,-0.8075926320000001,3.7637295529999997,0.0180416049,3.849440414773767,3.2453247,9.42193531,0.047700007,1.4585345326262398,5.721508752715692,7.463729553,3.6590086900000003,False,1.9554951461317924,1.7021714719713286,2.4047292758374104,2.3848732829692625,0.25332367416046386,0.019855992868147876,-0.2131957248128517,0.9770025446397135,0.0036892667357536464,-0.999554957147527,0.0,-0.029830984593301472
961,08062025072340930,0,0,War,0,0.0,0,-0.5153003600000001,3.8016353120000006,0.019564643399999998,3.8364499581947946,3.601566,9.37742946,0.049099994,1.6582752648866506,5.73760721633621,7.501635312000001,3.7225925400000004,False,2.004902574570894,1.7065881600032966,2.4493328928549563,2.3934267903541673,0.29831441456759733,0.05590610250078898,-0.23730056090290363,0.9714296200466095,0.0035968168242455213,-0.9988715299405253,0.0,-0.04749385933228054
962,08062025072341735,1,1,War,0,0.0,0,-0.19818745000000001,3.8132754269999998,0.0207729977,3.818478658436234,4.428599,9.52108198,0.05059999,2.133551317608087,5.770209002691053,7.513275427,3.6488220200000003,False,2.0797984840195456,1.7526695281010505,2.48290317537199,2.679275564103581,0.3271289559184951,0.19637238873159069,-0.2023064178945628,0.9793154440740177,0.003657085831667574,-0.9992663373331874,0.0,-0.03829865627821021
963,08062025072341935,1,1,War,0,0.0,0,0.3921697129999999,3.7196488580000002,0.0220418278,3.7403302732229373,4.295338,9.514264500000001,0.051700003,2.112823084189128,5.7035345096359995,7.419648858,3.5913865,False,2.106231653711196,1.7536361128589364,2.5615638314704197,2.694001312366208,0.35259554085225964,0.13243748089578844,-0.08236251970447678,0.9965964001337149,0.0034685138676794646,-0.9992472481765282,0.0,-0.03879351764967398
964,08062025072342138,1,1,War,0,0.0,0,0.91387709,3.734510985,0.022654006400000003,3.8447700629190438,4.078812,9.49033998,0.05070001,1.9625625356344663,5.7739640687356095,7.434510985,3.7157480200000004,False,2.067976025211279,1.803180165363683,2.589724920323114,2.4028513028674077,0.2647958598475961,0.1868736174557064,0.00990988811242817,0.999944472214951,0.003584216003851193,-0.9866269334992332,0.0,-0.16299476707520302
965,08062025072342331,1,1,War,0,0.0,0,1.3193736,3.839105541,0.0241725687,4.059564307212218,3.3303,9.9701807,0.0486,1.6136994693612061,5.89987976877461,7.539105541,3.4558913,False,1.983663826561973,1.8948262395072009,2.619365654419516,2.441479988181761,0.08883758705477218,0.17788566623775504,0.07092217409664667,0.997476022610927,0.003410210798499398,0.9976453610587347,0.0,-0.06858377036870388
966,08062025072342530,1,1,War,0,0.0,0,1.592949865,3.8181430150000004,0.024812571800000002,4.137187573595877,3.13739045,10.0087897,0.051299989000000004,1.6108956412127147,5.967973975286151,7.518143015000001,3.4558913,False,2.0378865993137905,1.9103262626143214,2.7897521294089156,2.306179522178103,0.1275603366994691,0.4835726072308124,0.07005769555299604,0.9975370595909336,0.0034254979897312492,-0.9960011890227889,0.0,-0.08933997685913385
967,08062025072342717,0,1,War,0,0.0,0,1.7818103899999997,3.794026126,0.027632567099999998,4.191687735202499,3.1534136,10.0640527,0.050200006,1.593153447312619,6.036267835883403,7.494026126,3.4558913,False,2.240984374622849,1.8976328946687762,2.8237672972996166,2.395925281924059,0.34335147995407267,0.42784201537555777,0.01775228607325763,0.9998371570525103,0.0032427945243098293,-0.9993145196917437,0.0,-0.03702013956294244
968,08062025072342931,0,1,War,0,0.0,0,2.1220493600000006,3.8180181090000005,0.029182566099999994,4.368204137754156,3.5334103000000003,10.1241047,0.051899996000000004,1.8565986182404484,6.062054909374155,7.518018109000001,3.4558913,False,2.310058713338735,2.0123584348880295,2.898404820786768,2.394796908805263,0.29770027845070546,0.5036079119815051,-0.021555764627278276,0.9997626740348572,0.003153508840231815,-0.4241740027671941,0.0,-0.9055807061639821
969,08062025072343155,1,1,War,0,0.0,0,2.45961418,3.823647211,0.028822565899999996,4.546516320101602,3.9169913,10.1335397,0.051300007999999994,2.0362505425951607,6.066179308559705,7.523647211,3.4558913,False,2.2134321690932413,2.038103226830771,3.017239325467368,2.508373288181509,0.1753289422624702,0.5088660372858591,-0.006182590933835733,0.9999761335227233,0.0030834970876554876,-0.9942145175297223,0.0,-0.10741272332988057
970,08062025072343329,1,1,War,0,0.0,0,2.9703773700000005,3.8205395340000003,0.026342567499999997,4.839458438909002,4.4655843,10.0396067,0.050399992,2.259568228246138,5.992045917257725,7.520539534000001,3.4558913,False,2.0461899517654762,1.9318257189231638,3.2422985200604493,2.5147411043115357,0.11436423284231245,0.7275574157489135,0.037621564120613675,0.9992875197636449,0.0030117698686169705,-0.9992493331119929,0.0,-0.03873977639632589
971,08062025072343518,1,1,War,0,0.0,0,3.43562777,3.8504455589999997,0.0231125683,5.160426665270171,5.1558813,10.0284827,0.049299984,2.5490885272303,5.989975387314755,7.550445559,3.4558913,False,1.9737644614431582,1.9788450582948627,3.4742369901089045,2.4569764391631446,0.0050805968517044775,1.01726055094576,0.09842176655671363,0.9951391926880105,0.0033381198465828646,0.980751582118361,0.0,-0.19525965833303013
972,08062025072343727,1,1,War,0,0.0,0,2.40101283,4.00617815,0.0199642584,4.670623571962902,3.5339587999999997,10.009791400000001,0.0484,1.7121108155630052,5.921251117049208,7.70617815,3.5662286,False,1.8727487377626526,1.8554447474748466,2.6969826041486433,2.5021756508840878,0.017303990287806048,0.19480695326455555,0.13313083238874784,0.9910930971893821,0.003264072768335821,0.9973873950166443,0.0,-0.07223838496195824
973,08062025072343923,1,1,War,0,0.0,0,1.7043835599999997,4.0161745799999995,0.0195458566,4.362907702111824,3.5755447,9.6644165,0.047300005,1.634477838909191,5.886252379273824,7.71617458,3.8775255,False,1.898598268096755,1.9032124272027542,2.458752754671858,2.53305751930651,0.0046141591059991605,0.07430476463465219,0.13343406486287676,0.9910523960182153,0.0032401667741233063,0.6508130390111816,0.0,-0.7592380313531654
974,08062025072344119,1,1,War,0,0.0,0,0.9364350699999997,3.942171965000001,0.019205563000000002,4.051913041466712,3.966577,9.64035715,0.04829999,1.8469538925535296,5.836964180438047,7.642171965000001,3.79550285,False,1.872862199783647,1.8631153153967686,2.5155988818976387,2.5138144323818183,0.00974688438687843,0.0017844495158203522,0.10059988956014486,0.9949212915137171,0.003359451318852516,-0.988969689816919,0.0,-0.14811803611791236
975,08062025072344335,1,1,War,0,0.0,0,0.0898034750000001,3.7984173649999997,0.019538362340000004,3.799529035348795,3.752599,9.54531696,0.04909999600000001,1.7587494284690635,5.795707260224263,7.498417365,3.74543304,False,1.921731156638982,2.018353566366904,2.4578129680756207,2.363041668848538,0.0966224097279218,0.09477129922708283,0.03855617085987047,0.9992505382374324,0.0034327133329814822,-0.9431227188865097,0.0,-0.3324447880778365
976,08062025072344533,1,1,War,0,0.0,0,-0.47255283,3.968852220000001,0.02066045643,3.9969389507221447,5.53904,9.697097800000002,0.050499996000000005,2.7124867213542063,5.67562242505647,7.6688522200000016,3.6456172000000002,False,2.0545805215454567,2.1086974777570626,2.548493149578903,2.5545556181317073,0.05411695621160595,0.006062468552804123,-0.011396443214451785,0.9999270984379057,0.003989848569922543,-0.9993772663566057,0.0,-0.03528568391852551
977,08062025072344723,1,1,War,0,0.0,0,-0.7235092000000001,4.239557577,0.0225449334,4.300909471868104,8.061352,9.72928043,0.050799999,3.9843025576182662,5.472255201096435,7.939557577,3.6711365700000003,False,2.1800626350045547,2.1845804348489897,2.5916335801866435,2.56723459574962,0.004517799844435011,0.024398984437023596,-0.06839299554369195,0.9976495119427302,0.004224864612340055,-0.9999707344803064,0.0,0.0076505021349400765
978,08062025072344934,1,1,War,0,0.0,0,-0.67618833,4.149142808,0.022525859030000005,4.203941497348809,6.123571,9.81139342,0.051700010000000005,3.106176110790498,5.640431731637293,7.849142808,3.66117258,False,2.0855898731315796,2.0412046802258708,2.541595358365342,2.6867620974503748,0.04438519290570886,0.14516673908503286,-0.08876165943404804,0.9960448529880166,0.004002330645322313,-0.9999996150547671,0.0,0.0008774339391181431
979,08062025072345119,1,1,War,0,0.0,0,-0.3603180899999999,4.0588186622,0.022868329439999998,4.074844907367105,4.3650269999999995,9.786036778,0.056000002,2.3921137119345577,5.760584836552666,7.7588186622,3.7072212220000003,False,1.9868913321641424,2.0367355050180174,2.563048391426701,2.623112347382012,0.04984417285387499,0.06006395595531089,-0.09411218109301595,0.9955539504756558,0.0039024431104956333,-0.9997314531473894,0.0,-0.02317372623919421
980,08062025072345321,1,1,War,0,0.0,0,-0.0009606300000000401,3.9885026498,0.023718377319999998,3.9885732877426627,3.845455,9.769680402,0.056099992,2.1076131016993798,5.798964781200331,7.6885026498,3.7047945980000003,False,1.938094246509699,1.9732635850521842,2.4567782558242617,2.6606939838010706,0.03516933854248516,0.2039157279768089,-0.047557431851384085,0.9988605710382237,0.003981243636659223,0.996137664583379,0.0,-0.08780520029230213
981,08062025072345533,1,1,War,0,0.0,0,0.8094955500000001,3.9415327999999996,0.02398230656,4.023871147287594,3.991466,9.8428619,0.0560000094,2.2000974918285596,5.9092898430804635,7.6415328,3.6629941,False,1.8295172057422575,1.9826542933383524,2.5414313270922766,2.561175750936864,0.1531370875960949,0.01974442384458719,0.13071832892003876,0.9914084097627084,0.0046993123039736195,0.9996451838847851,0.0,-0.026636560137414677
982,08062025072345712,1,1,War,0,0.0,0,1.0630885700000001,4.008558043999999,0.0233343321,4.147196570074331,3.7101941,9.86076936,0.054499998,1.9939024992300998,5.987679205909057,7.708558043999999,3.6817576400000003,False,1.8959582252847478,2.0403862439413274,2.5560377779353103,2.699039524468452,0.14442801865657962,0.1430017465331419,0.23393153471205913,0.97224043873515,0.004956445837871627,-0.9967116838685036,0.0,-0.08102974293438168
983,08062025072345929,1,1,War,0,0.0,0,0.997778246,4.033436376999999,0.022109067599999997,4.155076322568318,3.3555932,9.88665333,0.056200008999999995,1.864468270271961,6.000791007138788,7.733436376999999,3.6651336700000003,False,1.8789503477098302,1.9519446811065109,2.507751372615905,2.7911917981878864,0.07299433339668071,0.28344042557198135,0.2597708626046076,0.9656589024441868,0.004688610876009303,-0.9972715576610998,0.0,-0.07382032430302546
984,08062025072346129,1,1,War,0,0.0,0,0.8633310500000002,4.0273410328,0.021115761600000005,4.118890890974975,3.3276972999999996,9.851599672,0.054799992,1.7965158990147685,5.985267986269145,7.7273410328,3.702875328,False,1.880524115512524,2.0297066702575526,2.4654063062091023,2.734836461222102,0.1491825547450285,0.2694301550129996,0.23813526965190093,0.9712214896819936,0.004517889740317094,-0.9983481795600475,0.0,-0.05745356707062735
985,08062025072346319,1,1,War,0,0.0,0,0.66691748,4.001065673400001,0.020476977700000003,4.056319114000411,3.3551483,9.821576166,0.0543,1.7893394605134751,5.939928824221498,7.701065673400001,3.706127834,False,1.8611962932139348,1.9955275050597523,2.472093091422752,2.674121983878289,0.13433121184581753,0.2020288924555369,0.1988672648994388,0.9800149432504113,0.004745730429512567,-0.9987787062889881,0.0,-0.049407447451725754
986,08062025072346530,1,1,War,0,0.0,0,0.43146147,3.9913174959999997,0.020418971400000006,4.0146221850086095,3.3234779999999997,9.80215644,0.053599997999999996,1.7461406035016471,5.87934124604956,7.691317496,3.71364756,False,1.8672751042154152,1.957534298588661,2.509513299321358,2.6667484479691304,0.09025919437324581,0.15723514864777233,0.1378548316255301,0.9904425889333708,0.004418531934786211,-0.9977094411589204,0.0,-0.067645184768428
987,08062025072346727,1,1,War,0,0.0,0,0.2522816499999999,3.9856110147400003,0.021038065230000003,3.9936429224371275,3.3417069999999995,9.8431750526,0.051599996,1.6972790283637091,5.876813417288056,7.685611014740001,3.7008039474000003,False,1.8069517978078438,1.958465444615758,2.4750190242067713,2.593727658560344,0.15151364680791435,0.1187086343535726,0.0799740593205027,0.9967899653456239,0.0037302576413161277,-0.9944599601315738,0.0,-0.10511606773043031
988,08062025072346919,1,1,War,0,0.0,0,0.10694478000000011,3.9589666797000005,0.021864544370000003,3.960471236512721,3.321734,9.841007603000001,0.050000013,1.6344609024169046,5.8857642653259035,7.658966679700001,3.700187397,False,1.9651148658915583,1.9813783119883992,2.485742235316567,2.524158610971629,0.01626344609684094,0.038416375655062396,0.037747523568681426,0.9992829439837506,0.0029533586981821606,-0.9516373151228531,0.0,-0.3072237303102861
989,08062025072347123,1,1,War,0,0.0,0,0.009690486800000009,3.958009441,0.0215558035,3.9580800008645713,3.2431229999999998,9.85139669,0.048800005,1.5591255696946438,5.883299155805392,7.658009441000001,3.68818731,False,1.9702340700589358,1.959210043169696,2.491835088603301,2.5244405270936543,0.011024026889239869,0.032605438490353134,0.029041375117865167,0.999574108149306,0.002863712412719946,-0.9966173661837773,0.0,-0.08218166109851353
990,08062025072347317,1,1,War,0,0.0,0,0.0004671350000000185,3.9282287279999997,0.021100053599999998,3.928285423688244,3.198935,9.73238402,0.051399987,1.6002493584435307,5.843464818168168,7.628228728,3.7381159800000003,False,1.9285360982548396,1.9328316710890787,2.475307262365644,2.4461972888305796,0.004295572834239092,0.02910997353506417,0.032152521785219115,0.9994752012267583,0.003941760467382436,-0.9952376445894683,0.0,-0.09747836063459042
991,08062025072347524,1,1,War,0,0.0,0,0.020400285000000018,3.5893666800000004,0.020643408000000002,3.589484013812593,3.164816,9.051141900000001,0.055200006,1.5812151402983425,5.468476358060416,7.2893666800000005,3.7063591000000002,False,1.9094782297007213,2.1392825207162325,2.1001182581908333,2.3180413767323698,0.22980429101551114,0.21792311854153645,0.023814553396912932,0.9996951871761656,0.006511511600006663,0.9778649944781914,0.0,0.2092368336937042
992,08062025072347719,1,1,War,0,0.0,0,-0.032036531999999986,2.967968989,0.02098341074,2.9682160572597396,3.227898,7.7063299,0.055499998599999996,1.3805761665456904,4.745085638641578,6.667968989,3.7063591000000002,False,1.9141787436577078,1.8672464559382622,1.8103441697417135,1.6909362702854593,0.046932287719445576,0.11940789945625419,-0.005360115034178268,0.9999389415879856,0.009663449835314045,-0.9066032792770716,0.0,0.42198399733172365
993,08062025072347918,1,1,War,0,0.0,0,-0.21059399,2.488799056,0.02202341271,2.497790143402365,3.130793,6.2727979,0.0581999989,1.1429799865810446,3.7937282862564614,6.188799056000001,3.7063591000000002,False,1.8254977127523335,2.2985185244352504,1.9290165624849938,2.067253461840618,0.4730208116829169,0.13823689935562444,-0.08103459622503402,0.9965695795694676,0.016806763263057255,-0.9991780753815133,0.0,0.04053607870644307
994,08062025072348142,1,1,War,0,0.0,0,-0.19443524,2.5164860079999998,0.0206334108,2.5240706465261376,3.095805,6.3946319,0.059799988,1.183832460310533,3.887077778106808,6.216486008,3.7063591000000002,False,2.0090595870618175,2.2406980659264404,1.9729470490773644,2.1027356156827945,0.23163847886462285,0.12978856660543014,-0.027826646321725906,0.9994825310609187,0.016135298526682943,-0.9405859332669619,0.0,0.3395557423168075
995,08062025072348335,1,1,War,0,0.0,0,0.010183921999999979,3.21775983,0.0208334108,3.2178433875554746,3.087859,7.8359518999999995,0.058900018,1.4251633653548084,4.636817724670013,6.91775983,3.7063591000000002,False,1.8836101577919462,1.898028105540326,2.4603160131059343,2.5477425380554153,0.0144179477483799,0.087426524949481,0.09462491526607074,0.9954541692868012,0.010822303840378664,-0.9970097844152793,0.0,0.07727541510854681
996,08062025072348510,1,1,War,0,0.0,0,0.32622013999999994,3.56242473,0.020003411999999998,3.5773858714358497,3.1102689999999997,8.9277329,0.055000006,1.5272209649591606,5.45310791556858,7.26242473,3.7063591000000002,False,1.9913192713748846,2.0790432938570564,2.3754358981352035,2.2806969323026722,0.08772402248217182,0.09473896583253127,0.20423525027268138,0.9788989115038016,0.0066995225746168665,-0.999040018641301,0.0,0.043806861941813977
997,08062025072348726,1,1,War,0,0.0,0,0.5827856899999999,3.7752587699999998,0.0207104606,3.8200323119194883,3.2967326999999997,9.4937062,0.049499995,1.549261321358712,5.736955004650438,7.47525877,3.5721128,False,1.9374211647542825,2.1303381643825934,2.4041871797826913,2.575710274101775,0.19291699962831088,0.17152309431908375,0.24659019431874576,0.9691090389617127,0.004576753057464,-0.9990755742157644,0.0,0.04298833569051793
998,08062025072348932,1,1,War,0,0.0,0,0.59694077,3.8818846039999997,0.0204068814,3.9275670334787285,3.3477189000000003,9.42761166,0.047499988,1.499146823730088,5.79977441798305,7.581884604,3.78553934,False,1.9344505494857214,1.9650842618908229,2.4009006343287203,2.454335341497401,0.030633712405101488,0.053434707168680706,0.2541343317681445,0.967162740462196,0.003460473726757539,-0.9993481931456081,0.0,-0.03609970715405154
999,08062025072349123,1,1,War,0,0.0,0,0.5562715299999998,3.918316058,0.0205268001,3.9576584105998265,3.4152009999999997,9.62798242,0.046399995,1.5257012123512856,5.876838524656936,7.618316058,3.71468658,False,1.9673518154012917,2.1151914085852845,2.435223687291613,2.5833298924446213,0.14783959318399287,0.1481062051530082,0.23434323791373823,0.9721495737426737,0.0029074242970270844,-0.9997912450743252,0.0,-0.02043199140394189
1000,08062025072349326,1,1,War,0,0.0,0,0.5313969500000002,3.9427333669999998,0.02069675545,3.978436561943726,3.581135,9.71188873,0.0460999895,1.6033384870460654,5.925405716165148,7.642733367,3.71701927,False,1.9264469068748715,2.1604347774512886,2.454699261528286,2.595567120987314,0.23398787057641712,0.14086785945902802,0.22169036968232103,0.9751129038674913,0.002864384964448807,-0.9993952053966334,0.0,-0.034773890064541076
1001,08062025072349535,1,1,War,0,0.0,0,0.4618462499999999,3.961540336,0.020161441500000005,3.988422028336196,3.7817749999999997,9.78121024,0.046899996,1.7348466271057887,5.943792038733969,7.661540336,3.68827076,False,1.8627448542259488,2.0099191585650895,2.4449939201178643,2.6283756653150303,0.1471743043391407,0.183381745197166,0.21866488627860342,0.9757960497857441,0.002781498032177738,-0.9989362274184412,0.0,-0.04611305185099154
1002,08062025072349735,1,1,War,0,0.0,0,0.43048309999999984,3.9905947770000005,0.019831265100000002,4.013795666533208,3.7888580000000003,9.86667223,0.046499997,1.7383289184083606,5.9685691581629685,7.690594777000001,3.6821667700000003,False,1.7705557253901076,2.0369330753596198,2.466032594007095,2.647196315402821,0.2663773499695121,0.181163721395726,0.19625389875238014,0.9805496151598243,0.002619052197044596,-0.9987130561771244,0.0,-0.05071717087287025
1003,08062025072349927,1,1,War,0,0.0,0,0.40745102000000005,3.9834501510000004,0.0198216388,4.0042832487931825,3.717358,9.906612990000001,0.047200002,1.7382074304732902,6.012849916890333,7.683450151000001,3.7114870100000004,False,1.697954562969575,2.245142083555515,2.5046509535227077,2.6216592864289265,0.54718752058594,0.11700833290621881,0.1622364531002917,0.9867477724780459,0.0028577604958406073,-0.9973960996391328,0.0,-0.07211810053409042
1004,08062025072350126,1,1,War,0,0.0,0,0.30435861999999997,3.971254920999999,0.019829456400000004,3.98295029148948,3.823452,9.88414819,0.047499981,1.795098674814457,5.987623284132832,7.671254920999999,3.73009081,False,1.8306222894297453,2.1407452982683393,2.515380601772147,2.6219216647976453,0.310123008838594,0.10654106302549815,0.12280866381146306,0.9924263381288786,0.002827628148749731,-0.6329833434033306,0.0,-0.7741654131863172
1005,08062025072350324,1,1,War,0,0.0,0,0.050189435200000056,3.9510883379999995,0.019574497099999998,3.9514555792798696,3.628944,9.92261682,0.048399989000000004,1.7428168493298946,5.960497758374781,7.651088337999999,3.6716591800000002,False,1.7118103105014304,2.141484175852112,2.46594295967644,2.487654282839085,0.42967386535068175,0.021711323162644902,0.09191562302036553,0.9957630704494321,0.002725027320467573,0.8997827394441379,0.0,-0.4363381965842579
1006,08062025072350524,1,1,War,0,0.0,0,-0.33087833,3.9679774349999994,0.018456564999999998,3.9817918125794027,3.5511649999999997,9.92468435,0.047599998,1.6776234544205613,5.914230197224572,7.667977434999999,3.65651865,False,1.8661313590098636,2.0509082257821776,2.513871843010755,2.438614322950961,0.18477686677231397,0.07525752005979403,0.043628373595880836,0.9990440351366956,0.0027533389125218425,-0.9941178749975139,0.0,-0.10830351153322548
1007,08062025072350716,1,1,War,0,0.0,0,-0.5412188400000001,4.000175943,0.0183580853,4.036664765251477,3.4700775999999998,9.95569317,0.046399994,1.6029818855002484,5.87414475849109,7.7001759430000005,3.61725683,False,1.8286403818851316,2.1008329219186113,2.5220501642740887,2.5564073089432444,0.2721925400334797,0.03435714466915574,0.011206899927462195,0.9999326442264926,0.003018675906820986,-0.9991758536600267,0.0,-0.04059080515039318
1008,08062025072350915,1,1,War,0,0.0,0,-0.69056957,4.006751277000001,0.018157497599999996,4.065866675319079,3.4078229,9.91120293,0.045800005,1.5469237623402916,5.865325083123787,7.706751277000001,3.65546007,False,1.7952795628074203,2.12375844677629,2.443063190098156,2.470022571216072,0.32847888396886993,0.02695938111791607,-0.016258325748652106,0.9998632084667941,0.003038288718816489,-0.9991220077951701,0.0,-0.0418952686988403
1009,08062025072351135,1,1,War,0,0.0,0,-0.8497781,3.9861654970000004,0.0208274943,4.075790962896857,3.3032953,9.937154929999998,0.050499986999999996,1.6576801106402181,5.9151485657360166,7.686165497000001,3.65546007,False,1.8208361644184243,2.1642693034822655,2.5985172106463734,2.63245392275733,0.3434331390638412,0.03393671211095661,-0.02836083725192321,0.9995935176687138,0.002909011010079589,-0.9942949398326455,0.0,-0.10666570500022861
1010,08062025072351319,1,1,War,0,0.0,0,-0.9439373899999998,3.943997896999999,0.0227974966,4.055447809259991,3.3649509999999996,9.98058193,0.049300009,1.6556998411521389,5.997280866907123,7.643997896999999,3.65546007,False,1.7990340905035687,2.190797947483887,2.212426216932626,2.5996270098741903,0.3917638569803181,0.3872007929415644,-0.00823447634253367,0.9999608234262146,0.0032473084441115457,-0.9843622880514599,0.0,-0.17615585673515016
1011,08062025072351522,1,1,War,0,0.0,0,-1.08789202,3.960907847,0.022427497600000002,4.107651763751944,3.4536289,9.998531929999999,0.049600009,1.7127487647995998,5.997045755769621,7.660907847000001,3.65546007,False,1.8276189441773683,2.181155268871662,2.3485233829426435,2.6808515500311154,0.3535363246942935,0.3323281670884719,-0.005736105750935583,0.9999783602336342,0.003221204008776224,-0.9943685895194906,0.0,-0.10597692285124592
1012,08062025072351736,1,1,War,0,0.0,0,-1.1487239800000002,3.994646754,0.02116749616,4.156587246090651,3.5770569,10.004721929999999,0.0484999834,1.7356911971241293,5.973991878394943,7.694646754000001,3.65546007,False,1.8678032033329954,1.9815160103648946,2.5856205065917734,2.7298430383428265,0.11371280703189912,0.14422253175105304,-0.029609032894393664,0.9995553133918768,0.0035327950868388833,-0.998635877462422,0.0,-0.052214789522303184
1013,08062025072351930,1,1,War,0,0.0,0,-0.7185740500000001,4.018623466000001,0.021052586469999995,4.082416739900073,3.5371498999999997,9.87861504,0.0457999893,1.6003497389191303,5.939505200552763,7.718623466000001,3.7722689600000003,False,2.0105310365619817,1.8984218802274302,2.5896455444922535,2.4740645905705736,0.11210915633455154,0.11558095392167989,-0.037140618860915124,0.9993048634221956,0.0032193743763807682,-0.998948240359078,0.0,-0.045852078289884086
1014,08062025072352132,1,1,War,0,0.0,0,-0.15126820000000002,3.957389215,0.02033772808,3.9603314369523432,3.310034,9.85876975,0.046999988,1.5337441727272034,5.916474050261544,7.657389215,3.7150022500000004,False,2.011068620682547,1.8837468828075068,2.5366827166312427,2.5637604738944586,0.1273217378750402,0.02707775726321593,0.00757942946416459,0.9999656134921767,0.003365127369417592,-0.9997208551469627,0.0,-0.02362650596735624
1015,08062025072352322,1,1,War,0,0.0,0,0.2745581899999999,3.9463692700000004,0.020461003949999997,3.955961484592469,3.354354,9.7202441,0.048100000500000004,1.5683072348052984,5.89488890372098,7.646369270000001,3.8081629,False,1.906164147690854,2.007623096899665,2.4560533254652532,2.464264282455173,0.10145894920881093,0.008210956989919804,0.06859815492665317,0.9976369771475639,0.0038412196669795596,0.9996698250738038,0.0,-0.025695152011819575
1016,08062025072352523,1,1,War,0,0.0,0,0.26027308000000005,3.9222220549999998,0.02056332679,3.9309020307443148,3.825811,9.73439575,0.049400006999999996,1.8397530026256483,5.913210174981778,7.622222055,3.77339525,False,1.9330123321334505,2.0370048863991466,2.545055785690227,2.4207250688147472,0.10399255426569609,0.12433071687547992,0.09056128445622033,0.9958833530550265,0.003873095082330649,0.6093736518456432,0.0,-0.7928831896542547
1017,08062025072352736,1,1,War,0,0.0,0,-0.11545075699999999,3.8653045290000003,0.020451545699999997,3.8670823943796835,4.385892,9.72818541,0.049699996999999996,2.1205383690422033,5.845586080943944,7.5653045290000005,3.66581459,False,2.0207580099460203,2.010595776516006,2.666447592493895,2.5150282207123102,0.010162233430014211,0.15141937178158482,0.0642427153806442,0.9979269373244201,0.0038342251921866352,-0.996272128959132,0.0,-0.08626612927006014
1018,08062025072352934,1,1,War,0,0.0,0,-0.84093432,3.7411468469999996,0.018805973169999997,3.8345409015941887,3.96533,9.524675329999999,0.053500015,2.020614290734738,5.726987189971202,7.441146847,3.63905067,False,1.8970629039193716,1.9016110189300015,2.3820197132618866,2.561171934336625,0.004548115010629905,0.17915222107473827,-0.013665768132377767,0.9998971332845221,0.004355413958129453,0.9995770211446913,0.0,-0.0290822763810799
1019,08062025072353148,1,1,War,0,0.0,0,-1.187921592,3.8883411599999995,0.019831027499999997,4.065802252316468,3.9966203,9.4418562,0.052399988,1.9773404890845154,5.698334139742517,7.58834116,3.8321778,False,1.9489760662142572,1.891885487574364,2.436170644385331,2.490159840350909,0.0570905786398932,0.05398919596557805,-0.06926311554699952,0.9975867387823497,0.004829019602245516,-0.9999354895884323,0.0,-0.011358550151414265
1020,08062025072353325,1,1,War,0,0.0,0,-1.1888584039999999,3.9205752319999996,0.0187036396,4.096906672193981,3.7998899,9.59396288,0.051200005,1.866547517892783,5.715471738201493,7.620575232,3.72979612,False,1.9446199302056435,1.806476964537605,2.54249190387404,2.4114654035735867,0.1381429656680384,0.13102650030045337,-0.09260497517487153,0.9956935448907854,0.004322410864621804,-0.9999162717630817,0.0,-0.012940226559796516
1021,08062025072353519,1,1,War,0,0.0,0,-0.8030566699999999,3.8949276530000008,0.019434069,3.976900692797531,3.3186079,9.5611754,0.049599985,1.5737972179531095,5.734110409714046,7.594927653000001,3.7543046,False,1.9507684202575153,1.8487357515984832,2.540044564767324,2.4628111487015905,0.10203266865903204,0.07723341606573353,-0.07623328523999613,0.9970832425659877,0.003673365706434567,-0.9993294750279222,0.0,-0.036614209542433836
1022,08062025072353723,1,1,War,0,0.0,0,-0.5735172399999999,3.881648120999999,0.019754087299999997,3.923837966048687,3.0997911,9.558370720000001,0.047499989,1.4073749172784609,5.717036546559149,7.581648120999999,3.72885628,False,1.820802181970354,1.8721938202926238,2.527758300475531,2.4529191154622447,0.051391638322269895,0.07483918501328635,-0.0569794404073541,0.9983701044963031,0.003236945922565977,0.012505515535988254,0.0,-0.9999218029832029
1023,08062025072353938,1,1,War,0,0.0,0,-0.39968868,3.8492477289999996,0.019811850279999998,3.8699937505819455,3.2612170000000003,9.55590806,0.046599994,1.4522370784287015,5.728191724580681,7.549247728999999,3.71298094,False,1.8404302025309187,2.0160819427902728,2.5215868650988176,2.422813673726846,0.17565174025935404,0.0987731913719716,-0.046944555620245534,0.9988930674467243,0.0029746435906563696,-0.9611478322526806,0.0,-0.2760341365772952
1024,08062025072354119,1,1,War,0,0.0,0,-0.28769564999999997,3.8422728615000006,0.0195823431,3.8530783793493755,3.3072489999999997,9.551054315,0.045999984,1.4530343768791165,5.724849251485401,7.542272861500001,3.7084056850000002,False,1.8369141111374807,1.993606240998207,2.526944577475394,2.407335607699815,0.15669212986072623,0.11960896977557889,-0.04218990850957201,0.9991051162281288,0.0029963889486066455,0.9857327046689011,0.0,-0.16831825494025593
1025,08062025072618356,0,1,War,0,0.0,45,0.0,0.0,0.0,0.0,0.0,0.0,0.0,0.0,,3.7,3.7,False,0.0,0.0,0.0,0.0,0.0,0.0,,,,,,
1026,08062025072623102,1,1,War,0,0.0,0,0.08821091500000008,3.62009096,0.0146725144,3.621195245616795,3.573649,10.083419500000002,0.04459999,1.6071428894228754,6.08915576173697,7.32009096,3.3253605000000004,False,2.04203515421454,2.227955672607739,2.507990187499579,2.4964857826595153,0.1859205183931989,0.011504404840063653,0.018281980055952798,0.99983133694784,0.0017512459360824728,0.9999156965776358,0.0,-0.012984596168588164
1027,08062025072623501,1,1,War,0,0.0,0,0.08010153300000009,3.6319637200000003,0.013222515299999998,3.6328709795279064,3.214161,10.1001755,0.043799990999999996,1.421904957941879,6.0944771171426,7.331963720000001,3.3253605000000004,False,2.0145492471208044,2.1706047614837667,2.5091115582417016,2.4734572768589187,0.15605551436296228,0.035654281382782926,0.021463711889000474,0.9997681962472738,0.001691994213576043,0.9937561658280927,0.0,-0.11157366570409093
1028,08062025072623808,0,1,War,0,0.0,0,0.13141050000000004,3.6578291700000003,0.012612516399999999,3.6602106540448025,3.124444,10.142677500000001,0.04259999,1.3500033898830275,6.1127083646893965,7.3578291700000005,3.3253605000000004,False,1.9616999330050453,2.15704167002054,2.5803385101356238,2.4968571303668656,0.19534173701549462,0.08348137976875813,0.03256905822520254,0.999467603405086,0.0019406674153990941,0.996255887259773,0.0,-0.0864534967496555
1029,08062025072624049,0,1,War,0,0.0,0,0.067716548,3.8549399719999995,0.0146480534,3.8555625120162174,3.218014,10.159576399999999,0.04470001,1.4614068882269418,6.0864992543133045,7.554939972,3.4705026,False,2.0364602722601775,2.1615104352392107,2.5908014148016623,2.5623264108752735,0.12505016297903326,0.028475003926388798,0.0670191699870444,0.9977477413526503,0.002806328550350386,0.9958932992282713,0.0,-0.09053472567047846
1030,08062025072624279,1,1,War,0,0.0,0,-0.5160804,3.900835346,0.012850325400000001,3.9348469483234014,3.7529589999999997,9.69781384,0.0659,2.3984633004829536,5.897277481044657,7.600835346,3.79671116,False,2.028391044958048,2.0662977171627515,2.600350058910105,2.101321898275545,0.03790667220470345,0.4990281606345599,0.034670143311981504,0.9993949371233948,0.002782231991133153,0.9991006070771812,0.0,-0.04240255815405328
1031,08062025072624478,1,1,War,0,0.0,0,-0.8258388099999998,3.85391361,0.014978367899999998,3.94143174556536,3.2506439,9.848272099999999,0.04969999,1.5910569935497814,5.871101434961941,7.55391361,3.5710389,False,2.083601886185554,1.9020991799299032,2.4444274024818657,2.5449137871037615,0.1815027062556509,0.10048638462189574,-0.018515374252039304,0.9998244997489453,0.0028549287343370786,0.9992746606243633,0.0,-0.038080869660020555
1032,08062025072624669,1,1,War,0,0.0,0,-1.359776438,4.000357004,0.013856392700000001,4.225167466552122,3.606957,9.85805556,0.049099998,1.745877230053703,5.8091982586407855,7.700357004,3.6219174400000003,False,1.888629085338357,1.9444035028230156,2.538015136773057,2.7016748318085884,0.05577441748465861,0.16365969503553135,-0.09167607737715808,0.9957827226045369,0.0035023133830571805,-0.9997788830901523,0.0,-0.021028193622087292
1033,08062025072624867,1,1,War,0,0.0,0,-1.61243661,4.02574337,0.012663742900000002,4.336671750634522,3.2736964,9.609401100000001,0.05359999,1.686162517212698,5.760074667846082,7.72574337,3.8447849,False,1.9127894465962527,1.8497639877170922,2.524436327540667,2.1431187904071325,0.06302545887916056,0.38131753713353467,-0.12599772054506986,0.9920240989460573,0.003572328051829424,-0.9998098561329858,0.0,-0.01950004049581098
1034,08062025072625066,1,1,War,0,0.0,0,-1.1879163,3.9662179060000007,0.0157930297,4.140323542124193,2.8899153999999996,9.61764814,0.0484,1.34523877042386,5.765511042741593,7.666217906000001,3.7921368600000003,False,1.793589118398358,2.0047738615070383,2.579782577911178,2.3472539809817214,0.21118474310868018,0.23252859692945638,-0.09965783007701233,0.9950162705826904,0.0033072919519750044,-0.9944788257681212,0.0,-0.10493743421133819
1035,08062025072625276,1,1,War,0,0.0,0,-0.76823355,3.9635383399999995,0.0188474056,4.0373474193699765,2.8725633,9.7297961,0.048299993000000006,1.3499584901922868,5.764731402304167,7.66353834,3.6740839000000003,False,1.9064607404195344,1.8427778691549046,2.6310991834845927,2.4186576937710016,0.06368287126462979,0.21244148971359111,-0.09295105063307711,0.9956651366383025,0.003322328887613288,-0.8770959301827225,0.0,-0.4803152394593625
1036,08062025072625473,1,1,War,0,0.0,0,-0.59676598,3.8657464377000004,0.021159351899999998,3.9115946714413585,3.0423788000000003,9.696623283000001,0.054000008,1.5930434958268316,5.844723226043119,7.5657464377000005,3.691153717,False,2.150539229325519,1.8614380785576217,2.6311159753558675,2.249458602850785,0.28910115076789755,0.38165737250508247,-0.09839051437374881,0.9951415233080058,0.003557424558734657,-0.9987758787154378,0.0,-0.04946457415367976
1037,08062025072625678,1,1,War,0,0.0,0,-0.4047204,3.798325506,0.025169346199999998,3.8199095208780074,3.424659,9.72477934,0.058800008,1.9582785881094342,6.005885985877856,7.4983255060000005,3.76568766,False,2.2204985764048577,1.8402574961034663,2.349872621149191,2.266418657751051,0.38024108030139137,0.08345396339814037,-0.08075366506313034,0.9967288247678954,0.0032396690698110785,-0.9990260422711817,0.0,-0.04412444746372514
1038,08062025072625870,0,0,War,0,0.0,0,0.10206460799999999,3.607816818,0.03486934746,3.6094286594753644,3.793608,10.072827479999999,0.068200008,2.606083183411874,6.425521481133704,7.307816818,3.6600725200000004,False,2.3430767088354147,2.0519691585667164,2.1986141063574367,2.3565650637357325,0.2911075502686984,0.1579509573782958,-0.044959379353066604,0.9989861261560502,0.0023181794397934526,-0.9991013189496699,0.0,-0.04238578149603482
1039,08062025072626073,0,0,War,0,0.0,0,0.50636691,3.519682285999999,0.042409347900000005,3.556173420224952,3.731656,10.12614234,0.076200008,2.8793910245757646,6.674762072324701,7.219682285999999,3.76568766,False,2.3700104986214723,2.2286976631907702,1.5423977551242383,2.5488852884529023,0.14131283543070206,1.006487533328664,-0.003891549656458994,0.999990217768601,0.0021024291610518718,0.9918029300262705,0.0,-0.12777694624346347
1040,08062025072626273,0,0,War,0,0.0,0,0.7721562300000001,3.4110338859999993,0.0479993469,3.4976679877127985,3.8453668000000003,10.28318234,0.084400008,3.3373964288892113,6.947591635294147,7.1110338859999995,3.76568766,False,2.543097924374131,2.2872073542221747,1.3362127585810577,2.56947022577648,0.25589057015195626,1.2332574671954224,0.005056365526981962,0.9999847638204279,0.002214789981157227,-0.9952228913044622,0.0,-0.09762887187500775
1041,08062025072626476,0,0,War,0,0.0,0,0.8201604500000002,3.2633225259999996,0.05249934790000001,3.365218158451714,4.003593,10.40863234,0.089300008,3.721303465912009,7.222402346548377,6.963322526,3.76568766,False,2.719792074658862,2.4835061923270896,1.2292832982167006,2.531800071525261,0.2362858823317726,1.3025167733085603,-0.0016612195708352222,0.9999968933911358,0.001858374993027872,-0.9994437057447039,0.0,-0.033350847774736424
1042,08062025072626669,0,0,War,0,0.0,0,0.7756874099999999,3.0928314059999997,0.05650934889999999,3.1891206265184677,4.316928,10.54656234,0.094000008,4.279702889543405,7.52678390164084,6.7928314059999995,3.76568766,False,2.961287599354882,2.6256636831144236,1.009970059920278,2.565243513207155,0.3356239162404586,1.555273453286877,-0.007582362422398975,0.9999695253493031,0.0018590730983114774,-0.9996758166836841,0.0,-0.0254609806922109
1043,08062025072626861,0,0,War,0,0.0,0,0.8173817,2.924975102,0.058019346900000004,3.037590893360971,4.5777280000000005,10.62053364,0.096900008,4.711076276742119,7.738624597742145,6.6249751020000005,3.76568766,False,3.013240120599087,2.6219725604910518,0.7204705404556108,2.87262109179117,0.3912675601080351,2.152150551335559,-0.006916474147895395,0.9999742051093885,0.0019368792446178662,-0.9992661171877882,0.0,-0.03830439975305179
1044,08062025072627074,0,0,War,0,0.0,0,1.06890439,2.835220369,0.059589348900000005,3.0306075341845395,4.692178999999999,10.883605999999999,0.098200008,5.014861070758566,7.95602275560944,6.535220369,3.76568766,False,2.987861053612013,2.8431646889228914,0.9055176622220021,3.189173792818439,0.14469636468912173,2.283656130596437,0.011090656664142239,0.9999371125769815,0.0016637986558506108,-0.9988053164164048,0.0,-0.04886655193816823
1045,08062025072627262,0,0,War,0,0.0,0,1.6775359470000004,2.762548216,0.0603293489,3.2325592228976516,5.1111629,11.0552366,0.099800008,5.639210945073007,8.120509905766399,6.462548216,3.76568766,False,3.0029991319681284,2.9986804993238274,1.1168747602396294,3.591048339547005,0.00431863264430099,2.474173579307376,0.045655166128228175,0.998956027164587,0.001568947847658755,-0.9958699977621062,0.0,-0.09079067990329401
1046,08062025072627475,0,0,War,0,0.0,0,2.4415094600000002,2.7646738459999995,0.0608993489,3.688915646734466,6.3977289,11.1575091,0.102000008,7.281037850012212,8.317536544567776,6.464673846,3.76568766,False,2.9345059937222824,3.125944621237235,1.5109029159507932,3.591048339547005,0.19143862751495266,2.080145423596212,0.09613987225316967,0.9953662617173611,0.001769180021917096,0.9997644026764704,0.0,-0.02170573981601275
1047,08062025072627668,0,0,War,0,0.0,0,2.66526946,2.758495645999999,0.061159347899999994,3.83623513216346,6.7789269,11.1643691,0.102500008,7.757450911845213,8.387608143861797,6.458495645999999,3.76568766,False,2.9394748748259443,3.240510538985794,1.5109029159507932,3.591048339547005,0.30103566415984995,2.080145423596212,0.11487071973815413,0.9933788693997122,0.0017718851508635907,0.9996815052923655,0.0,-0.025236639562153797
1048,08062025072627863,0,0,War,0,0.0,0,2.76097716,2.7314286459999995,0.0615393479,3.8842611160388034,6.9180669,11.1594591,0.102900008,7.944074545179135,8.427961124867572,6.431428646,3.76568766,False,2.9396517879643502,3.3424801697141002,1.5109029159507932,3.591048339547005,0.40282838174975,2.080145423596212,0.09766990855764283,0.995217589357107,0.0015933601509178917,-0.9724758337315841,0.0,-0.23300376136032705
1049,08062025072628070,0,0,War,0,0.0,0,2.8111467599999997,2.7349180459999998,0.0617993479,3.922517301937089,7.0034849,11.1681091,0.103000008,8.056216020395935,8.42378853664959,6.434918046,3.76568766,False,2.9214832782355606,3.2936339056895805,1.5109029159507932,3.591048339547005,0.37215062745401983,2.080145423596212,0.0909219781518986,0.9958567892051159,0.0015650185375374282,0.9919824943688124,0.0,-0.12637535703541644
1050,08062025072628286,0,0,War,0,0.0,0,2.82376996,2.7473690459999998,0.0616193489,3.9402424298609104,7.0452349,11.1825491,0.104700008,8.248652469692171,8.448585319605703,6.447369046,3.76568766,False,2.8711657085088276,3.3244716227833866,1.5109029159507932,3.591048339547005,0.453305914274559,2.080145423596212,0.11073993980647706,0.9938476308814861,0.001884760705023719,0.9981193520389441,0.0,-0.06130056349951712
1051,08062025072628463,0,0,War,0,0.0,0,2.8145927100000003,2.8062300909999998,0.06085934789999999,3.9749922398724036,6.9084279,11.1687491,0.103000008,7.947325899993592,8.34529277339131,6.506230091,3.76568766,False,2.8183331812253853,3.273509478095031,2.641687148051679,3.591048339547005,0.45517629686964556,0.9493611914953259,0.12919076180339065,0.9916178088990582,0.001966758472904572,0.9987638493574075,0.0,-0.049706872932963615
1052,08062025072628678,0,0,War,0,0.0,0,2.31681166,2.8843203059999993,0.059509346899999996,3.7000623316215027,6.2060189,10.976849099999999,0.100100008,6.819066095982767,7.981838562570891,6.5843203059999995,3.76568766,False,2.7760695154935306,3.0919663760062135,1.9522906700591538,3.591048339547005,0.31589686051268284,1.6387576694878512,0.09043105951952475,0.9959006488545848,0.0020300456134694765,0.9989679046209348,0.0,-0.04542164172791579
1053,08062025072628872,0,0,War,0,0.0,0,1.35049134,2.8873673959999997,0.0553493479,3.18806852015633,4.4491609,10.5894607,0.095300008,4.489985018623304,7.55553891999858,6.587367395999999,3.76568766,False,2.646655556272587,2.8799660231846484,1.2311608453503546,3.515616647178769,0.23331046691206137,2.2844558018284142,0.028081227012503405,0.999603354968362,0.0021394918712613355,-0.9870931246171735,0.0,-0.1601473175969712
1054,08062025072629070,0,0,War,0,0.0,0,0.7461358650000001,3.079318356,0.053369347899999996,3.168874966598258,4.4431639999999994,10.34009234,0.093600008,4.300239525050896,7.329609000007193,6.779318356,3.76568766,False,2.6203841681925186,2.7582149948791157,1.0638985188971701,2.8364528804614295,0.13783082668659707,1.7725543615642594,-0.013749968168005751,0.9999022037199393,0.002553697591267475,-0.9996446474919228,0.0,-0.026656682853444573
1055,08062025072629260,0,0,War,0,0.0,0,0.4389366810000001,3.182244796,0.0525493479,3.212803882212715,4.76829,10.36132234,0.09200000800000001,4.545333047701389,7.2450984925348,6.882244796,3.76568766,False,2.6270178630508014,2.51115028848952,1.0795600619808183,2.3518294597173655,0.11586757456128138,1.2722693977365471,-0.0433774641514783,0.999055753161903,0.002449015698204074,-0.9999140248846382,0.0,-0.013112697624952067
1056,08062025072629475,0,0,War,0,0.0,0,0.3881457199999999,3.2011814959999993,0.0529093469,3.225061157447483,4.1888190000000005,10.38778234,0.091800008,3.9944515231899835,7.252388654144771,6.9011814959999995,3.76568766,False,2.601596453123351,2.4081973121116964,1.0311686077225588,2.0766470740243643,0.19339914101165467,1.0454784663018055,-0.033723347041691394,0.9994289738153498,0.0021123831808126073,-0.9917152374920595,0.0,-0.12845578120920786
1057,08062025072629674,0,0,War,0,0.0,0,0.41356760999999986,3.177316116,0.0534293479,3.204564020931936,4.119557,10.44174234,0.091300008,3.9273020501013525,7.330185985614032,6.877316116,3.76568766,False,2.657416371326293,2.6142082069844776,0.9855412584609536,2.0338978914413794,0.04320816434181518,1.048356632980426,-0.02873645187341522,0.9995852705917968,0.0018716702837907558,0.8742749388718329,0.0,-0.4854310777655803
1058,08062025072629861,0,0,War,0,0.0,0,0.46856763599999995,3.1603967959999997,0.0539893479,3.195399566151369,4.168598,10.47306234,0.091599998,3.9990714966390044,7.379005767163362,6.860396796,3.76568766,False,2.6855728647013106,2.5713142829895377,0.9749826964801548,2.0332377290108545,0.11425858171177294,1.0582550325306999,-0.017832646612809356,0.9998393924577935,0.001784938209868345,-0.9497766756911205,0.0,-0.31292853227713846
1059,08062025072630073,0,0,War,0,0.0,0,0.5891674828,3.111228906,0.0547293479,3.166995252576234,4.223872,10.485292339999999,0.091800008,4.0656876586230375,7.442833326884073,6.811228906,3.76568766,False,2.730708336814461,2.676441507531969,0.9422001232361483,2.157726250262537,0.05426682928249216,1.2155261270263888,-0.0036491154780146453,0.9999920037389798,0.0016359750390761028,-0.8508685638584225,0.0,-0.5253786130377841
1060,08062025072630275,0,0,War,0,0.0,0,0.62304329,3.0578604459999994,0.055109347899999994,3.121174536717116,4.256559,10.48196234,0.092800008,4.140466414356422,7.495384804708918,6.757860446,3.76568766,False,2.753629707395495,2.7147185269093734,0.6382546089040406,2.1839148768615857,0.038911180486121744,1.545660267957545,0.005211338326388906,0.9999847466642741,0.0018298610973641494,0.9414504663581565,0.0,-0.337151330108617
1061,08062025072630472,0,0,War,0,0.0,0,0.4672025500000001,2.947162465,0.056339345900000004,2.9844964298400183,4.677844,10.63732521,0.093299998,4.642584380450592,7.641086031697803,6.647162465,3.76568766,False,2.7936961841159467,2.7477973414957297,0.34435700047970297,2.024021731597434,0.04589884262021693,1.679664731117731,-0.001633744642308463,0.9999972390362852,0.0016890228684810446,-0.9908531677757643,0.0,-0.13494443267038975
1062,08062025072630660,0,0,War,0,0.0,0,0.08252485499999994,2.795678736,0.0578993469,2.7974957159907814,4.92955,10.8722087,0.095600008,5.123691644322097,7.854630483371755,6.495678736,3.76568766,False,2.9022999756930714,2.855751573691241,0.6555104042663398,1.7840332888139312,0.046548402001830524,1.1285228845475914,-0.023486909478331423,0.9997229358552057,0.0015545443721678954,-0.9922377217665057,0.0,-0.12435555276550565
1063,08062025072630874,0,0,War,0,0.0,0,-0.7978246400000001,2.7340944359999995,0.060729347899999994,2.848768961297782,4.9329529999999995,11.1418587,0.100100008,5.501723196202207,8.21394551611281,6.434094436,3.76568766,False,3.094059951280033,2.836008088928168,0.6555104042663398,1.1125285824684512,0.25805186235186506,0.45701817820211144,-0.06930319497187648,0.9975945542406178,0.0014739457767792878,-0.9997475874020164,0.0,-0.022466897512730528
1064,08062025072631072,0,0,War,0,0.0,0,-1.2628518599999998,2.698642426,0.062349346900000005,2.980159929394978,5.6145919,11.2587987,0.102600008,6.485711760143884,8.399022538607934,6.398642426,3.76568766,False,3.2976547843523587,3.0214107001980053,0.6555104042663398,1.018665802326064,0.2762440841543534,0.3631553980597242,-0.09976345625186994,0.9950099110805595,0.001590486761434574,-0.9999803531887481,0.0,-0.006268431742193401
1065,08062025072631261,0,0,War,0,0.0,0,-1.44484871,2.673631026,0.0629193469,3.0397120755414977,6.0108659,11.3094587,0.103700008,7.049489175260916,8.503610361255015,6.373631026,3.76568766,False,3.4859913590199842,2.9532663248091953,0.6555104042663398,1.018665802326064,0.532725034210789,0.3631553980597242,-0.1164060290411947,0.9932006384344713,0.001458840710669522,-0.999970211685401,0.0,-0.007718532364006131
1066,08062025072631473,0,0,War,0,0.0,0,-1.4673413499999999,2.6440957260000006,0.06327934689999999,3.0246218146101147,5.6398668999999995,11.342088700000001,0.105400008,6.742214076776737,8.56860536028824,6.344095726000001,3.76568766,False,3.5216189831658387,2.963083308191049,0.6555104042663398,1.018665802326064,0.5585356749747898,0.3631553980597242,-0.0985328065853141,0.9951326065383892,0.0015431884307334615,-0.9998749502468107,0.0,-0.015814040247133846
1067,08062025072631668,0,0,War,0,0.0,0,-1.4803095,2.630312726,0.06349935290000001,3.018922559484844,5.656177899999999,11.336038700000001,0.105700058,6.777345189670627,8.572304324055349,6.330312726000001,3.76568766,False,3.5661598984033227,2.943159099184418,0.6555104042663398,1.018665802326064,0.6230007992189046,0.3631553980597242,-0.09173239456455481,0.9957824837094975,0.0015533591978052477,-0.999869756201971,0.0,-0.016139102596215805
1068,08062025072631880,0,0,War,0,0.0,0,-1.4909298199999999,2.645900726,0.0635193419,3.0377124759937315,5.753549899999999,11.3266287,0.105899958,6.9013227135555395,8.542142757142871,6.345900726,3.76568766,False,3.3744624993499337,2.937006144322644,0.6555104042663398,1.018665802326064,0.43745635502728986,0.3631553980597242,-0.08820967073586995,0.9961006983404337,0.001566127188191815,-0.9998915262003676,0.0,-0.014728741721536612
1069,08062025072632069,0,0,War,0,0.0,0,-1.38383179,2.6566007259999997,0.0628593459,2.9960756228382,5.5844629,11.253648700000001,0.10410000800000001,6.542225761227605,8.473073930759657,6.356600726,3.76568766,False,3.3245662658112263,3.008416788823027,0.6555104042663398,1.018665802326064,0.3161494769881994,0.3631553980597242,-0.11170412031594829,0.993740340735264,0.0015246966261768158,-0.9998050563164395,0.0,-0.019744603416664026
1070,08062025072632264,0,0,War,0,0.0,0,-0.9775600799999999,2.6374524259999994,0.06276934590000001,2.8134887595665994,5.458738,11.1806587,0.102700008,6.268016312909298,8.351527710516553,6.337452426,3.76568766,False,3.2681893291925417,3.2343551931716488,0.6555104042663398,1.235126239963897,0.03383413602089291,0.5796158356975571,-0.06377154292803289,0.9979634174661514,0.0014858370900108372,-0.9998043766150634,0.0,-0.01977899141423523
1071,08062025072632460,0,0,War,0,0.0,0,-0.0661745,2.6693205289999997,0.06110934889999999,2.6708398498438783,5.321231,10.9506887,0.099900008,5.821287769929945,8.060312131111003,6.3693205289999995,3.76568766,False,3.1936512216220483,2.9176161844745785,0.6555104042663398,2.2191459820762947,0.2760350371474698,1.5636355778099549,-0.0369909851806196,0.9993144458049431,0.0015183612635113555,-0.9998254694791662,0.0,-0.01868236014974702
1072,08062025072632663,0,0,War,0,0.0,0,0.4516654600000001,2.773383666,0.058879348899999996,2.8105382801733017,4.852387,10.851998700000001,0.099900008,5.260544353112881,7.858153986211979,6.473383666,3.76568766,False,2.9318320736517296,2.7308956980714223,0.6555104042663398,2.301000202935946,0.2009363755803073,1.6454897986696062,-0.015372947713944821,0.9998800400120357,0.0018915771499860795,0.9939638295061443,0.0,-0.10970827513674923
1073,08062025072632878,0,0,War,0,0.0,0,0.41255574999999994,2.8441596559999995,0.057529349900000006,2.87450100396156,4.650899,10.7886787,0.096700008,4.85212161770697,7.722563925262472,6.544159656,3.76568766,False,2.9147097266789705,2.6056186940419734,0.6555104042663398,2.3797630181479477,0.3090910326369971,1.7242526138816079,-0.050028948209451314,0.9987463296206056,0.0016951136907988533,-0.9959973705453683,0.0,-0.08938253669880009
1074,08062025072633068,0,0,War,0,0.0,0,-0.04822269000000007,2.8567156759999994,0.057269348899999996,2.857696565357911,4.531145,10.7008887,0.095900008,4.649930379607275,7.6438679699589445,6.556715676,3.76568766,False,2.8979670139566807,2.646127336940534,0.6555104042663398,2.027837025724997,0.2518396770161466,1.3723266214586574,-0.1108946094874263,0.9938305328882752,0.0018048505861038677,-0.999506560871017,0.0,-0.03141074299967754
1075,08062025072633293,0,0,War,0,0.0,0,-0.39285380999999997,2.8880555459999995,0.0565493469,2.9152009847431937,4.642374,10.6806583,0.09540000800000001,4.730276828333204,7.65131285223442,6.588055546,3.76568766,False,2.861237775750907,2.5903587852467465,0.774628603845004,1.73323933183039,0.27087899050416064,0.958610727985386,-0.12967081131314145,0.9915553639009486,0.001854996670917139,-0.9996814350148491,0.0,-0.025239423263061864
1076,08062025072633468,0,0,War,0,0.0,0,-0.63120726,2.8979089379999996,0.05609934590000001,2.9663860090398555,4.919407,10.496566779999998,0.094799998,4.895176508789979,7.628196244992449,6.597908938,3.76568766,False,2.890550771604782,2.604545914484519,0.8181491638003979,1.4473994487685868,0.2860048571202629,0.6292502849681889,-0.14603005801645919,0.9892781625290452,0.0019847667030479924,-0.9999191856228107,0.0,-0.012713072933606658
1077,08062025072633670,0,0,War,0,0.0,0,-0.6767354,2.9051332199999997,0.0557193489,2.9834333365105654,4.802808,10.38277234,0.095100008,4.742300940526787,7.606173415999865,6.60513322,3.76568766,False,2.8576729665463825,2.6384713813511413,0.8132754819886431,1.2362482024665862,0.21920158519524113,0.4229727204779431,-0.14454838943981269,0.9894955117508436,0.0020965054954486207,-0.9998621892686316,0.0,-0.016601279195866507
1078,08062025072633873,0,0,War,0,0.0,0,-0.63717667,2.9025989559999994,0.055909347899999996,2.9722383254623406,4.687597,10.38270234,0.095200008,4.6333771866108835,7.6145054974149815,6.602598956,3.76568766,False,2.855443854123208,2.716787485971069,0.8268793318170252,1.2133938439352796,0.1386563681521391,0.3865145121182544,-0.14527282156445212,0.9893894958678056,0.0020573723902902355,-0.9992648049738564,0.0,-0.03833861683160619
1079,08062025072634069,0,0,War,0,0.0,0,-0.675114,2.9048067229999996,0.0566093459,2.9827647626028475,4.728246,10.43213983,0.09490000800000001,4.681011547414151,7.660450246010578,6.604806722999999,3.76568766,False,2.8581132016786883,2.713268352138985,0.8495863873467319,1.0923529282365758,0.14484484953970345,0.24276654088984395,-0.14583400142508088,0.989307353617674,0.0018450220443488353,-0.9970501149471155,0.0,-0.07675329493867832
1080,08062025072634267,0,0,War,0,0.0,0,-0.8448190999999999,2.9021549519999996,0.056929348899999996,3.023154582205334,4.710718,10.57609334,0.095000008,4.732994758877667,7.7513647487112,6.602154951999999,3.76568766,False,2.80678466634172,2.7117089744146585,0.9727955431523222,0.9999517038638794,0.09507569192706145,0.027156160711557242,-0.13388520607857277,0.9909952298359047,0.0017905406392005575,-0.9996389423953681,0.0,-0.026869775709337428
1081,08062025072634473,0,0,War,0,0.0,0,-0.9730193899999999,2.810143296,0.058559348899999995,2.97440771830516,5.080661,10.8932011,0.096400008,5.335225858971868,8.009605712332563,6.510143296000001,3.76568766,False,3.0357952770860552,2.7276014297818514,1.06649815148724,0.8529896144217359,0.30819384730420385,0.2135085370655041,-0.12616961540801716,0.9920073806335816,0.0016077674873629319,-0.9999232510662773,0.0,-0.01238918790908782
1082,08062025072634676,0,0,War,0,0.0,0,-0.9365416400000001,2.777126062,0.0601193489,2.93140815032736,5.14134,11.1758694,0.097600008,5.607993431256764,8.16647714372591,6.477126062,3.76568766,False,3.07316985420022,2.7819814542796655,1.0828805001397754,0.9496396881783428,0.29118839992055445,0.13324081196143267,-0.1173276624306388,0.9930921386022452,0.0014912662341629087,-0.9999054238282679,0.0,-0.013752941460354084
1083,08062025072634874,0,0,War,0,0.0,0,-0.6084922300000001,2.7120591339999995,0.0619393459,2.7801733799987587,5.435722,11.338789400000001,0.100399998,6.188104379023646,8.36879689215352,6.412059134,3.76568766,False,3.176828435846828,3.0427674293984417,1.0828805001397754,1.6328181886400117,0.13406100644838626,0.5499376885002363,-0.07718923507961667,0.9970154238105179,0.0014375923472785127,-0.9995925999373659,0.0,-0.028541796552727396
1084,08062025072635073,0,0,War,0,0.0,0,-0.11719951000000002,2.6265571959999994,0.06325934689999999,2.6299315911205436,5.403049,11.3265294,0.100899998,6.1748572264318,8.42308159159458,6.3265571959999995,3.76568766,False,3.321697086553197,3.048862160671912,1.0828805001397754,2.4274269462444438,0.272834925881285,1.3445464461046683,-0.023217883110536554,0.9997296447331979,0.0012519366994935587,-0.9998225938725207,0.0,-0.01883562534201578
1085,08062025072635278,0,0,War,0,0.0,0,0.79446561,2.5896731959999997,0.0644093499,2.7095629595763344,5.571395,11.3587194,0.102700008,6.49925831710082,8.546193968296866,6.289673196,3.76568766,False,3.309927332331331,3.055036171197487,1.0828805001397754,2.4274269462444438,0.2548911611338438,1.3445464461046683,0.034903239873344774,0.9993900486486503,0.001137764647076157,-0.9996683531106768,0.0,-0.025752355018274047
1086,08062025072635466,0,0,War,0,0.0,0,1.5762924799999998,2.6493610960000002,0.0647393469,3.083505048242975,6.881018999999999,11.413779400000001,0.102700008,8.065897688493985,8.500827388687966,6.349361096000001,3.76568766,False,3.059112856659069,3.0130637503713724,1.0828805001397754,2.4274269462444438,0.04604910628769643,1.3445464461046683,-0.07657403821046371,0.9970633637364915,0.0010321659824977859,0.9954168650301102,0.0,-0.09563087792981498
1087,08062025072635667,0,0,War,0,0.0,0,1.74481521,2.656923896,0.0651293479,3.179287111624403,7.284492,11.413779400000001,0.102700008,8.538846816823634,8.485505958705447,6.356923896,3.76568766,False,3.0672105654356305,3.0600217790234763,1.0828805001397754,2.4274269462444438,0.007188786412154258,1.3445464461046683,-0.11682527592738855,0.9931520704014393,0.0009055174345892059,0.9567783133569998,0.0,-0.2908182578342265
1088,08062025072635859,0,0,War,0,0.0,0,1.7731942400000005,2.6401181959999995,0.0657193469,3.1809999896536363,7.2802299999999995,11.413779400000001,0.102700008,8.53385092072912,8.501320585350669,6.340118196,3.76568766,False,3.1699476828758244,3.0745047710720823,1.0828805001397754,2.4274269462444438,0.09544291180374209,1.3445464461046683,-0.12993989731599517,0.9915215581619732,0.0007891676383508988,-0.9982157975797767,0.0,-0.05970947548061577
1089,08062025072636079,0,0,War,0,0.0,0,1.7837039899999998,2.619069596,0.0660993479,3.1694628245850005,7.311592,11.413779400000001,0.102700008,8.57061330771084,8.522019104384245,6.319069596,3.76568766,False,3.276656182157353,3.1071862849081002,1.0828805001397754,2.4274269462444438,0.169469897249253,1.3445464461046683,-0.1316599039195214,0.9912946510115861,0.0007645755163735262,-0.9986339863714819,0.0,-0.052250945099614914
1090,08062025072636278,0,0,War,0,0.0,0,1.7630467399999996,2.618599496,0.0659493479,3.1574905295763775,7.289794,11.413779400000001,0.102700008,8.545061795963262,8.52316464828521,6.318599496,3.76568766,False,3.273315185836648,3.096694058569558,1.0828805001397754,2.4274269462444438,0.17662112726709012,1.3445464461046683,-0.12821078908607592,0.9917466709987663,0.0007308384161480196,-0.9988973307368915,0.0,-0.04694808459046436
1091,08062025072636463,0,0,War,0,0.0,0,1.72619925,2.6214061959999997,0.06571934889999999,3.1394033394814995,7.228225999999999,11.413779400000001,0.102700008,8.472892079692285,8.52168928484611,6.321406196,3.76568766,False,3.2156172469469997,3.088403923045365,1.0828805001397754,2.4274269462444438,0.12721332390163465,1.3445464461046683,-0.11985022762130089,0.9927917227858056,0.0007197965784846855,-0.9986633491696619,0.0,-0.05168670066113666
1092,08062025072636674,0,0,War,0,0.0,0,1.6965913000000001,2.623124496,0.0656093479,3.1246613812192203,7.166564999999999,11.413779400000001,0.102700008,8.40061334926439,8.521155952954814,6.323124496,3.76568766,False,3.179238152168731,3.08508669524618,1.0828805001397754,2.4274269462444438,0.094151456922551,1.3445464461046683,-0.11105678778813596,0.9938137928250234,0.000731489523258313,-0.9978055343883078,0.0,-0.06621265395725724
1093,08062025072636875,0,0,War,0,0.0,0,1.6867356800000004,2.620579696,0.06574934689999999,3.1171843342815473,7.143259,11.413779400000001,0.102700008,8.373294167101394,8.524114548928331,6.320579696,3.76568766,False,3.175587349967765,3.098793706112106,1.0828805001397754,2.4274269462444438,0.07679364385565934,1.3445464461046683,-0.1072322986781321,0.9942337562873602,0.0006870072269904939,-0.9963644584135007,0.0,-0.08519311011092075
1094,08062025072637069,0,0,War,0,0.0,0,1.6795546899999998,2.616715696,0.06581934789999999,3.110054208040712,7.133896,11.413779400000001,0.102700008,8.362318903109626,8.528285242906529,6.316715696,3.76568766,False,3.179231643693174,3.105667570816297,1.0828805001397754,2.4274269462444438,0.07356407287687716,1.3445464461046683,-0.10358165546181072,0.9946207161986067,0.0006867025275402519,-0.9940187686244296,0.0,-0.10920937515787063
1095,08062025072637264,0,0,War,0,0.0,0,1.67910609,2.595075096,0.06590934789999998,3.0916267655548433,7.135649,11.413779400000001,0.102700008,8.364373761357792,8.549924330491189,6.295075096,3.76568766,False,3.1832427581891776,3.310175430403048,1.0828805001397754,2.4274269462444438,0.1269326722138704,1.3445464461046683,-0.10262902502889737,0.9947194562377389,0.00069756986368453,-0.9931313584286394,0.0,-0.11700472172389204
1096,08062025072637480,0,0,War,0,0.0,0,1.6850484599999997,2.594602696,0.06588934590000001,3.094461644380484,7.142226,11.413779400000001,0.102700008,8.372083289422926,8.550139311313462,6.294602696,3.76568766,False,3.1808439741137278,3.3103093221788202,1.0828805001397754,2.4274269462444438,0.12946534806509247,1.3445464461046683,-0.1023909226229795,0.9947439697139815,0.0007305354778188936,-0.9795108479569419,0.0,-0.2013914068044428
1097,08062025072637663,0,0,War,0,0.0,0,1.6913398400000001,2.595110796,0.06583934890000001,3.098316529625493,7.149645,11.413779400000001,0.102700008,8.38077980587651,8.549364206153507,6.295110796,3.76568766,False,3.183229264927245,3.305665350557434,1.0828805001397754,2.4274269462444438,0.12243608563018915,1.3445464461046683,-0.10317287484285907,0.9946631464479494,0.0007635410432009697,-0.9598943267119471,0.0,-0.2803620543979119
1098,08062025072637862,0,0,War,0,0.0,0,1.7046850599999999,2.617179096,0.06568934889999999,3.1240826917489692,7.174009,11.413779400000001,0.102700008,8.40933917059887,8.526762408876923,6.317179096,3.76568766,False,3.1808589201244075,3.1147798778945837,1.0828805001397754,2.4274269462444438,0.06607904222982386,1.3445464461046683,-0.10530417629479437,0.9944397395818851,0.0007967403512161109,-0.7281177052414682,0.0,-0.6854521189068556
1099,08062025072638075,0,0,War,0,0.0,0,1.7235316700000003,2.649694196,0.06528934889999999,3.1615982428020266,7.221845,11.413779400000001,0.102700008,8.465412301893346,8.493526543562215,6.349694196,3.76568766,False,3.117038297132385,3.1382686815554846,1.0828805001397754,2.4274269462444438,0.021230384423099657,1.3445464461046683,-0.10120492149109202,0.9948650584942981,0.0010388710788620554,0.9988735097601842,0.0,-0.047452202260498434
1100,08062025072638283,0,0,War,0,0.0,0,1.610676685,2.677089696,0.06491934390000001,3.124948502814785,7.058733999999999,11.4267194,0.107599958,8.678815998883724,8.522396350955294,6.3770896960000005,3.76568766,False,3.0505932725245537,3.3475078906471603,1.0828805001397754,2.4274269462444438,0.29691461812260656,1.3445464461046683,0.009067709596228667,0.9999572085486987,0.0018324066613171913,0.9998836364505784,0.0,-0.015254951929373943
1101,08062025072638476,0,0,War,0,0.0,0,0.5766655700000001,2.5699420959999997,0.06238934889999999,2.634584974388274,5.342326,10.8598994,0.101100008,5.865531591551628,8.013896875336295,6.269942095999999,3.76568766,False,3.1428642282774484,2.9263033875811644,1.0828805001397754,2.4274269462444438,0.216560840696284,1.3445464461046683,-0.050202604968489085,0.9987378904253539,0.0015246911463736874,0.9998093098041804,0.0,-0.019528031874421595
1102,08062025072638678,0,0,War,0,0.0,0,-0.51463712,2.611613286,0.0593793469,2.6624990568508906,5.227684999999999,10.6175265,0.098500008,5.467251220124193,7.803624875666987,6.311613286,3.76568766,False,2.9695249281273934,2.9065387173517925,1.6337931190112476,2.4274269462444438,0.06298621077560096,0.7936338272331962,-0.13286974283782002,0.9911317763942344,0.0018529057776454532,0.9992307465504943,0.0,-0.039216261271846284
1103,08062025072638862,0,0,War,0,0.0,0,-1.34213123,2.824992292,0.056209347900000005,3.1281076035187905,5.0569298,10.5816256,0.096900008,5.185171543722434,7.759241370419177,6.524992292,3.76568766,False,2.8404726497914035,2.3920309046685335,1.8538062487006082,0.5975328320656428,0.44844174512286994,1.2562734166349654,-0.21868562152977625,0.9757928156061847,0.002231579595206156,-0.9997435036576604,0.0,-0.022647889400686252
1104,08062025072639062,0,0,War,0,0.0,0,-1.853547699,2.9874820589999995,0.05494934889999999,3.5162064154795583,4.9087945,10.38068234,0.094600008,4.820498208902072,7.709144647549119,6.687482059,3.76568766,False,2.8533619596900075,2.372262866872794,2.3274613718952715,0.6116779981535816,0.4810990928172134,1.7157833737416899,-0.2372756097474495,0.9714400124608962,0.0021417770542210275,-0.9865426779708495,0.0,-0.1635039587964304
1105,08062025072639279,0,0,War,0,0.0,0,-2.035595152,3.027358955999999,0.054799346900000004,3.6485000808195105,4.7492190800000005,10.41237234,0.095100008,4.7027560109368824,7.680645880697748,6.727358956,3.76568766,False,2.974344843363829,2.5308872495519448,2.4662708136382387,1.09030504576248,0.4434575938118841,1.3759657678757586,-0.219888304543901,0.9755222936607019,0.0023212272124881884,-0.9981495342472466,0.0,-0.06080713183504498
1106,08062025072639478,0,0,War,0,0.0,0,-2.050269367,3.049299106,0.0546493459,3.6748899393203978,4.75695083,10.42374234,0.094299998,4.675887068703431,7.635637091730554,6.7492991060000005,3.76568766,False,2.8270150356480244,2.5249663804405245,2.467448991068999,1.1364911422674588,0.3020486552074999,1.33095784880154,-0.1981498888602614,0.9801691100007937,0.0022665711808919258,-0.9987126273319376,0.0,-0.0507256149074433
1107,08062025072639673,0,0,War,0,0.0,0,-1.7947454600000001,3.0853404259999992,0.054469348900000006,3.569790430889474,4.8558063,10.42630234,0.092900008,4.703351321275746,7.51779971673831,6.785340425999999,3.76568766,False,2.8005464872017387,2.3413687816654623,2.272009991230078,0.777355388657251,0.45917770553627646,1.4946546025728273,-0.14519166678603693,0.9894013452808291,0.0020875469762513844,-0.9985838730755076,0.0,-0.05320007926233339
1108,08062025072639873,0,0,War,0,0.0,0,-1.28337559,3.0229199959999997,0.055159346899999996,3.284530523647926,4.9220882999999995,10.40088234,0.093500008,4.786645138801513,7.484379829339754,6.722919996,3.76568766,False,2.819088734808644,2.6362966196080815,1.900017637064093,0.9386947859218754,0.1827921152005625,0.9613228511422177,-0.08885912716336425,0.9960420013440779,0.0020945353300445718,-0.9991547485265154,0.0,-0.04110703707293555
1109,08062025072640065,0,0,War,0,0.0,0,0.06004954999999991,2.8043878209999997,0.0548593479,2.805567063372455,5.061919,10.30597895,0.093200008,4.862060874912636,7.468504965350747,6.504387821,3.76568766,False,2.8514181476016462,2.8060460699263294,0.7992099027961507,2.224215862499917,0.04537207767531681,1.4250059597037663,0.007821288805623274,0.9999677190073725,0.0018407565323879903,-0.9994415318952491,0.0,-0.03341592917873095
1110,08062025072640262,0,0,War,0,0.0,0,1.09440316,2.9736248059999992,0.0550093489,3.169099050509927,4.5342499,10.33235234,0.094100008,4.4085352726066995,7.461524301520325,6.673624805999999,3.76568766,False,2.7858313031549056,2.585523499001701,0.5838826665814973,3.0965068431083766,0.20030780415320448,2.512624176526879,0.05392021477006254,0.9985429451700993,0.0021440825949779,0.99775563875265,0.0,-0.06696032659187967
1111,08062025072640476,0,0,War,0,0.0,0,1.6904408902000003,3.0186381859999996,0.0544993489,3.460164314056207,5.2721689000000005,10.42596234,0.094700008,5.205416477563346,7.554280014715416,6.718638186,3.76568766,False,2.731345140299391,2.622920417249636,1.1205337967379343,3.337691076736407,0.10842472304975503,2.2171572799984727,0.09779325877990654,0.995204050159828,0.002318853742880157,0.9997704289097106,0.0,-0.02142637341440375
1112,08062025072640667,0,0,War,0,0.0,0,1.9375476500000002,2.9568286399999995,0.0563793479,3.535548773983241,5.3552819000000005,10.48823816,0.097100008,5.4538619787082085,7.611169140982465,6.65682864,3.76568766,False,2.5795189929667117,2.8465074858496338,1.588175115810791,3.5651377872779957,0.26698849288292203,1.9769626714672046,0.1066949863045661,0.9942887122783223,0.002477202733767557,0.9992655818124625,0.0,-0.038318363809026444
1113,08062025072640864,0,0,War,0,0.0,0,1.8905124337000003,2.7571574659999993,0.05978934789999999,3.3435803146352177,5.3728189,10.660179699999999,0.100600008,5.761887084139087,7.8016856814503965,6.457157466,3.76568766,False,2.687755830327102,3.272124019021284,1.5398177978534018,3.5952976341393357,0.5843681886941821,2.055479836285934,0.08654592068940689,0.9962448544766771,0.002448170902402117,-0.9932242262163111,0.0,-0.11621375330403044
1114,08062025072641060,0,0,War,0,0.0,0,1.5051429500000004,2.543704795999999,0.06372934189999999,2.9563407818022447,5.2062612,10.884118200000001,0.10559995800000001,5.983880996906663,8.152746797840143,6.243704795999999,3.76568766,False,2.9644971768289405,3.486072051005257,1.5398177978534018,3.3411377733197027,0.5215748741763164,1.801319975466301,0.049617071665749836,0.9987662584072363,0.0020266392193816337,-0.9999217097315822,0.0,-0.012512969570382209
1115,08062025072641266,0,0,War,0,0.0,0,1.0411503500000001,2.4336243459999993,0.0669393409,2.6478297498346026,5.636622,11.1439182,0.110399958,6.934668977761884,8.496638415358055,6.1336243459999995,3.76568766,False,3.375589737218521,3.707563419290525,1.5398177978534018,3.3411377733197027,0.33197368207200384,1.801319975466301,0.0335563305501946,0.9994351767840001,0.0018166140869104637,-0.9999923836314007,0.0,-0.0039029065053349248
1116,08062025072641459,0,0,War,0,0.0,0,0.7382237900000002,2.378369106,0.0691093429,2.491262746033279,6.026314,11.2586282,0.114399958,7.761811638519622,8.656727261471973,6.078369106,3.76568766,False,3.788943063562002,3.4149381750241106,1.5398177978534018,3.3411377733197027,0.3740048885378915,1.801319975466301,0.005915554719412959,0.9999807795082687,0.0018565630602386523,-0.9999988207277399,0.0,-0.0015357549054031312
1117,08062025072641671,0,0,War,0,0.0,0,0.77464904,2.223076896,0.07271934390000001,2.3553004317239794,6.089101,11.0827682,0.120499958,8.131830604659292,8.643061317967542,5.9230768959999995,3.76568766,False,3.751134052677937,3.748271849711144,1.5398177978534018,3.3411377733197027,0.0028622029667930704,1.801319975466301,0.045545863853643336,0.9989584844154222,0.002742389517922977,-0.9991103947837876,0.0,0.04217130582498182
1118,08062025072641866,0,0,War,0,0.0,0,0.81109183,1.7125475639999994,0.0740893429,1.8963592345297962,6.753305,9.6839452,0.120300058,7.867459648448847,7.767931071522273,5.412547564,3.76568766,False,2.928565326141472,3.61946867848233,1.5398177978534018,3.3411377733197027,0.6909033523408579,1.801319975466301,0.06874660883020595,0.9976269007032701,0.0038040462055793814,-0.9983185385844805,0.0,0.057966330904645404
1119,08062025072642045,0,0,War,0,0.0,0,0.88291032,1.2759060184000002,0.0803993352,1.5536829966413501,7.494797,6.170214199999999,0.114699958,5.304242537552725,4.825692667846495,4.9759060184,3.76568766,False,4.090522741521275,2.777728883768625,1.8286888175393456,3.3411377733197027,1.3127938577526495,1.512448955780357,-0.2631871669644892,0.9647352207941591,0.004297546329133497,0.9999997840138549,0.0,-0.0006572459535256304
1120,08062025072642259,0,0,War,0,0.0,0,0.705454545,1.1167938,0.07834934419999999,1.323266083037031,7.6950579999999995,6.7577381999999995,0.120899958,6.286941372346035,5.471063799269616,4.8167938,3.76568766,False,4.05959611091545,2.864404182495718,1.8286888175393456,3.3411377733197027,1.195191928419732,1.512448955780357,-0.10111420365793482,0.9948533575624701,0.006535653395147768,0.9999151270396559,0.0,0.013028381222119013
1121,08062025072642475,0,0,War,0,0.0,0,0.6020165599999999,1.488291596,0.0814593342,1.6075047235908106,7.765499999999999,5.9862172,0.121799958,5.661989152981153,5.676690991383462,5.188291596,3.76568766,False,5.203497849950054,3.276140301038868,1.8286888175393456,3.3411377733197027,1.927357548911186,1.512448955780357,-0.2656455810045817,0.9640658701205795,0.0030697494015192728,-0.9979730621054108,0.0,-0.06363778211054949
1122,08062025072642673,0,0,War,0,0.0,0,0.45023180000000024,1.4396701360000002,0.07591933619999999,1.5103385447741668,7.718898,4.6396022,0.121499958,4.351231357168757,4.171949491816656,5.139670136,3.76568766,False,1.4705057646735016,2.929804921825861,1.8286888175393456,3.3411377733197027,1.4592991571523592,1.512448955780357,-0.361531208160177,0.9323341521901791,0.0069436435725724,-0.9998196092842547,0.0,0.018993390710465005
1123,08062025072642876,0,0,War,0,0.0,0,1.3000214800000003,1.731465694,0.0843393242,2.1668277318621354,5.94432,8.1957402,0.121299958,5.9095037732207425,6.698717333082623,5.431465694,3.76568766,False,5.476728381213094,1.8308180512453152,3.7427582260130237,3.3411377733197027,3.645910329967778,0.4016204526933209,0.26798612571571334,0.9633926258694321,0.007621341370293863,-0.9988198845626437,0.0,0.048567872120025606
1124,08062025072643079,0,0,War,0,0.0,0,1.2845449800000002,1.771395301,0.08366932419999999,2.1897254791092347,5.345779,7.8327192,0.121299958,5.079070120403346,6.373876207933516,5.471395301,3.76568766,False,3.6876667226258393,1.9746267149946441,3.5926122522253197,3.3411377733197027,1.7130400076311951,0.2514744789056169,0.16954874670982134,0.9854964523418349,0.007068586194318844,-0.9992147606958478,0.0,0.03962148416628995
