GlobalID,EntryID,Spatial,Temporal,App,missing_joints_count,missing_joints_ratio,collapsed_joints_count,center_of_mass_x,center_of_mass_y,center_of_mass_z,distance_from_origin,bbox_width,bbox_height,bbox_depth,bbox_volume,max_joint_distance_from_com,distance_from_floor,min_foot_height_above_floor,below_floor,left_forearm_length,right_forearm_length,left_shin_length,right_shin_length,arm_length_symmetry,leg_length_symmetry,body_upright_x,body_upright_y,body_upright_z,body_forward_x,body_forward_y,body_forward_z
1,09182024053549881,0,0,PianoTiles,0,0.0,0,5.7801576,0.69167303,-1.5326422999999998,6.019769587037068,1.100479,1.9186176000000001,0.962021,2.0312095788387796,1.1484928911578802,0.69167303,0.3364576,True,0.5991058517446146,0.5344771156547679,0.896891288036209,0.896465901951658,0.06462873608984676,0.0004253860845510049,-0.01662954601202475,0.6020805091133126,-0.7982621867189303,-0.1735160874511579,0.0,-0.9848310349474382
2,09182024053551961,0,0,PianoTiles,0,0.0,0,5.8527664,0.6353658799999999,-1.6279961,6.108104095057021,1.111739,1.9938144999999998,0.974809,2.160762934099475,1.2098574422684056,0.6353658799999999,0.4575105,True,0.5306510236097636,0.5207342937220863,0.9043520678406225,0.9144557602258352,0.009916729887677223,0.010103692385212693,-0.055131059024828365,0.510137384397191,-0.8583241901351687,0.06027495592496439,0.0,-0.9981818119402115
3,09182024053552444,0,0,PianoTiles,0,0.0,0,5.7995776,0.8198208600000003,-1.31167633,6.002308004059369,1.0548799999999998,2.2753238000000002,0.7082373000000001,1.6999066135961471,1.2185148137537387,0.8198208600000003,0.2407998,True,0.6305680287629558,0.5903948520281744,0.9584886386458892,0.9557566752040816,0.04017317673478138,0.0027319634418075944,-0.02925246459222998,0.9242540702822641,-0.38065562767670724,0.11456703236244392,0.0,-0.9934155198584642
4,09182024053552944,1,0,PianoTiles,0,0.0,0,5.7877578,0.9768270728399999,-1.0203069,5.95763020435824,1.113715,2.1542646166,0.7524052999999999,1.805198497424578,1.178718106845744,0.9768270728399999,0.0009673834,False,0.5613713878689311,0.5422715669762154,0.9796337045005133,0.9746949113271723,0.01909982089271578,0.004938793173341005,-0.02171883181516252,0.9730004413462368,-0.22977909714465578,-0.08470314704083112,0.0,-0.9964062308523463
5,09182024053553432,1,0,PianoTiles,0,0.0,0,5.8348298,1.017880079,-0.9479758199999999,5.9983311683748965,0.8686829999999999,2.11088324,0.6967651,1.277650071342554,1.1572150076015972,1.017880079,0.06139976,False,0.6445216209685212,0.631516637071748,0.9632361737221654,0.9658418631577507,0.013004983896773181,0.0026056894355852567,-0.017166062931671562,0.9838287509351855,-0.17828717036494365,0.013337432962227098,0.0,-0.9999110524851589
6,09182024053553933,1,0,PianoTiles,0,0.0,0,5.8538063,1.04668228,-0.88753058,6.012512164114167,0.8507360000000004,2.0336748,0.6843433,1.183996279743701,1.1443788250750144,1.04668228,0.1531672,False,0.6222798186340613,0.6517393071674364,0.9508359839392913,0.9535217142834242,0.0294594885333751,0.002685730344132997,-0.012413001420074185,0.9873122082472668,-0.15830515102690412,-0.01889507665546579,0.0,-0.999821472102987
7,09182024053554437,1,0,PianoTiles,0,0.0,0,5.782806899999999,1.10001213,-4.3778748,7.335984602853919,0.8575080000000002,2.0154655,0.6838610000000003,1.1819017777294103,1.142980889313652,1.10001213,0.2229405,False,0.6414431597491708,0.6485954911052034,0.9439999076731737,0.9447167898302907,0.00715233135603266,0.0007168821571170714,-0.00762259643567926,0.987084050465333,-0.16002179020536755,-0.037111647911637145,0.0,-0.9993111255206172
8,09182024053554947,1,0,PianoTiles,0,0.0,0,5.7805929,1.09479902,-4.3873349,7.339110756384685,0.8653940000000002,2.0279521,0.6876309999999997,1.2067769880567683,1.1506978104436023,1.09479902,0.2160549,False,0.6230054809173027,0.6500250208953502,0.9413902615202477,0.9369955615914094,0.027019539978047513,0.0043946999288383415,-0.016277893812288006,0.978044744497443,-0.20775829209436414,-0.030939238578537007,0.0,-0.9995212671655269
9,09182024053555446,1,0,PianoTiles,0,0.0,0,5.808831100000001,1.13946182,-4.5403756,7.460288370876845,0.9418769999999999,2.0250712,0.885974,1.6898784445975137,1.1250271179557598,1.13946182,0.2282248,False,0.5484336401443662,0.6252012771396105,0.766666574106006,0.7697855828328821,0.07676763699524425,0.0031190087268760935,-0.0036569985282305065,0.9678751733064089,-0.2514046046890418,0.13189873303021526,0.0,-0.9912631962425641
10,09182024053555938,1,0,PianoTiles,0,0.0,0,5.757210500000001,1.16086543,-4.694467400000001,7.518717008741725,0.8938999999999995,1.9673934000000002,1.4841030000000002,2.610022134280746,1.2185541335876195,1.16086543,0.2847806,False,0.5665887874287657,0.6346555917558748,0.8664377139950682,0.8624341694059956,0.0680668043271091,0.004003544589072594,0.042456196532527184,0.958611179693452,-0.28153521545753285,0.138896890396031,0.0,-0.9903068483244538
11,09182024053556418,1,0,PianoTiles,0,0.0,0,5.7376301,1.19316524,-4.6546389,7.483963237734635,0.9440470000000003,1.9239681,1.330183,2.4160330820431923,1.1567765629288203,1.19316524,0.3293139,False,0.5600904424340769,0.6349903656639211,0.8026267774677405,0.8045991037628675,0.07489992322984418,0.0019723262951270026,0.0572881023868661,0.9591101965895831,-0.27717450121323045,0.10049662272210727,0.0,-0.9949373994485534
12,09182024053556947,1,0,PianoTiles,0,0.0,0,5.7504399,1.08560114,-4.5602597000000005,7.419033455250449,1.258171,2.1465552999999997,1.01783,2.7488877089498924,1.2342419638731998,1.08560114,0.1009147,False,0.6342451788740697,0.751148099465079,0.8197826430970833,0.8218478491968937,0.11690292059100926,0.002065206099810424,0.06955352700632342,0.9681895452773904,-0.24035663356050835,-0.005066582624101539,0.0,-0.9999871647878852
13,09182024053557410,0,0,PianoTiles,0,0.0,0,5.7752708,1.12417525,-4.5739036,7.452390015836407,0.8887410000000004,2.0465263,1.0402180000000003,1.891981608942858,1.141834750814216,1.12417525,0.1987137,False,0.5873210046652514,0.6449516234269054,0.7962419949625176,0.7962559892018144,0.057630618761653984,1.3994239296821753e-05,0.066976452457581,0.9744542390592449,-0.21436672035478163,0.03515700776629123,0.0,-0.9993818013176551
14,09182024053557948,1,0,PianoTiles,0,0.0,0,5.810868900000001,1.2080226399999998,-4.6419654999999995,7.534809869859361,0.8758090000000003,1.8614434,1.15599,1.8845745257246271,1.0767281854735993,1.2080226399999998,0.3840036,False,0.6120082611484909,0.6393232556461559,0.8149572252908984,0.8094192998316506,0.027314994497664946,0.0055379254592478055,0.043240076173597417,0.9794207506779089,-0.1971428135997426,0.08735071336346718,0.0,-0.9961776211474004
15,09182024053558423,1,0,PianoTiles,0,0.0,0,5.816620299999999,1.18269193,-4.640754200000001,7.534482826344278,0.8994589999999993,1.9142249000000002,1.2340419999999996,2.124732563088309,1.1039744891544077,1.18269193,0.3322371,False,0.6187005550740997,0.6550333273582343,0.8226331297374547,0.8169436767143801,0.03633277228413456,0.005689453023074664,0.03658277533185685,0.9825122596031851,-0.18256878232179305,0.0908875239483918,0.0,-0.995861164013604
16,09182024053558918,1,0,PianoTiles,0,0.0,0,5.8139571,1.1931427600000002,-4.719772,7.58300300266094,0.8441320000000001,1.8317402,1.2664020000000002,1.9581494210975428,1.1156750866312768,1.1931427600000002,0.4064258,False,0.7285592755219031,0.6602505028941666,0.8081263761657826,0.8013289666287124,0.06830877262773649,0.006797409537070198,0.03524427452306381,0.9856114190551348,-0.16531174108775912,-0.004682434027635131,0.0,-0.9999890373456984
17,09182024053559453,1,0,PianoTiles,0,0.0,0,5.797669,1.2322427900000001,-4.5829263000000005,7.492302823451524,0.8571599999999995,1.8053164000000002,0.8951970000000005,1.3852681265205486,1.0299221438513275,1.2322427900000001,0.4166656,False,0.5718603941924989,0.6520753387155506,0.8031333108528684,0.7963751251487957,0.08021494452305167,0.006758185704072717,0.02262780888918227,0.9896107609157506,-0.1419807175098913,-0.05567569981488343,0.0,-0.9984489052776425
18,09182024053559947,0,0,PianoTiles,0,0.0,0,5.784515599999999,1.21077902,-4.556277,7.462323141130013,0.9002980000000003,1.8502899000000002,0.8640650000000001,1.4393701018803988,1.0446675309649098,1.21077902,0.3718101,False,0.6367354906796066,0.661142664426522,0.8114426288647955,0.801773693686822,0.024407173746915478,0.009668935177973403,0.023457802985182272,0.9886271139658576,-0.14854683103535943,-0.08946476143138822,0.0,-0.9959899881334274
19,09182024053600437,1,0,PianoTiles,0,0.0,0,5.7872395,1.18623704,-4.6989795999999995,7.548490486623426,0.8885370000000004,1.8380558999999999,1.4083810000000003,2.300140632544626,1.1366521189908612,1.18623704,0.3858271,False,0.6190506403663593,0.6550380219750611,0.8343582632897513,0.8284524907417505,0.03598738160870185,0.005905772548000732,0.027887896288717604,0.9869992656765638,-0.15828681181486118,-0.02173422329389739,0.0,-0.9997637838698755
20,09182024053600946,1,0,PianoTiles,0,0.0,0,5.7881667,1.0229885701,-4.5911329,7.458410062942808,0.9008149999999997,2.235877109,1.0671000000000008,2.1492585288498676,1.2372424409052367,1.0229885701,0.007208109,True,0.6641040548332765,0.6599789783584024,0.8100202032279863,0.8101014148378978,0.004125076474874145,8.121160991148013e-05,0.04432530848418975,0.9856324803796851,-0.16298429571087847,0.019336995143355414,0.0,-0.9998130228291817
21,09182024053601427,0,0,PianoTiles,0,0.0,0,5.790763,0.994308094,-4.533135199999999,7.420976987529468,0.8938439999999996,2.3317717,0.7611079999999992,1.5863318470741492,1.2544834928278061,0.994308094,0.0978967,True,0.636686135046932,0.7160916852442846,0.8704809734902582,0.8710898250083053,0.07940555019735263,0.0006088515180471266,0.042803234199261644,0.983269380271533,-0.17705707826155626,0.03964914637863506,0.0,-0.9992136634331246
22,09182024053601926,1,0,PianoTiles,0,0.0,0,5.7888329,1.0786625600000002,-4.599745,7.4720648637102425,0.887829,2.0775481,1.027844,1.8958659175704733,1.1808936710909594,1.0786625600000002,0.1598259,False,0.6121410996069451,0.6343038862004551,0.7771047294303968,0.7772770409195743,0.02216278659351001,0.00017231148917751238,0.03678665505573937,0.9800837204597692,-0.19514774633478804,0.05433421014990355,0.0,-0.9985228057522703
23,09182024053602424,0,0,PianoTiles,0,0.0,0,5.7989645,1.16778957,-4.721715900000001,7.56877287229402,0.857596,1.8220649999999998,1.30973,2.04657840819235,1.1112743907532763,1.16778957,0.409402,False,0.6703554990018357,0.5950716784337834,0.8016649727022441,0.8016981973386246,0.07528382056805227,3.3224636380446704e-05,0.03966192868786438,0.9755661985229551,-0.216096098327177,0.09697336666028065,0.0,-0.9952869767853745
24,09182024053602970,0,1,PianoTiles,0,0.0,0,5.7945595,0.98197309,-4.4926807,7.397659820556558,0.9167189999999996,2.3714353,0.7569819999999998,1.6456332952466468,1.249067765125835,0.98197309,0.1429973,True,0.6055800975345874,0.5748796807550257,0.9167626849165545,0.9168860743047633,0.0307004167795617,0.0001233893882087722,0.04000024013071915,0.973861822968182,-0.22359143667541084,0.34268691524749045,0.0,-0.9394496676875026
25,09182024053603497,0,1,PianoTiles,0,0.0,0,5.7857681,0.9466629500000001,-4.393172,7.326066029559406,0.9288029999999994,2.4183475000000003,0.7101189999999997,1.5950468673013256,1.2781371013620224,0.9466629500000001,0.1936555,True,0.6014825538201419,0.5889066846629355,1.0060741188945077,1.0059742101865037,0.012575869157206432,9.990870800402618e-05,0.038275908073792296,0.9751608642142913,-0.2181656337876411,0.34487466974606473,0.0,-0.9386487426974708
26,09182024053603970,0,1,PianoTiles,0,0.0,0,5.7802023,0.9415028999999999,-4.3695628,7.306862897494214,0.9314169999999997,2.3567479000000002,0.7028740000000004,1.542889301820928,1.2533163581198246,0.9415028999999999,0.1648189,True,0.5896906118508247,0.5998780782776528,0.9649454396738764,0.9640012112233882,0.010187466426828107,0.0009442284504881382,0.033560141747949274,0.9932203399039126,-0.11129722946692723,0.3176811958959708,0.0,-0.948197583720875
27,09182024053604475,0,1,PianoTiles,0,0.0,0,5.7882036,1.0386060199999998,-4.5707701,7.448083155207601,1.5148229999999998,2.0708221,1.1973730000000007,3.7560740228448504,1.330877141419112,1.0386060199999998,0.1512889,False,0.6241621750258503,0.6085848354934257,0.8372928783644111,0.8389657716586774,0.015577339532424572,0.0016728932942662311,0.03878917525171532,0.9846472300258513,-0.17019175152077798,0.2801233769070913,0.0,-0.9599640064659548
28,09182024053604940,0,1,PianoTiles,0,0.0,0,5.7760205000000004,0.9949069810000001,-4.527341099999999,7.406015808315021,1.0355000000000008,2.31778537,0.8720220000000003,2.0929110080222366,1.2453428765313024,0.9949069810000001,0.09333837,True,0.6584305184489859,0.6166594812248976,0.9405186999663157,0.9410927764535402,0.04177103722408837,0.0005740764872245174,0.03872144602159895,0.9750695736058316,-0.21849479683996664,0.248154413348145,0.0,-0.9687204896851507
29,09182024053605432,0,1,PianoTiles,0,0.0,0,5.7720018,0.9429563599999998,-4.3992764,7.318388095726042,0.9306520000000003,2.4030404,0.7150359999999996,1.5991024735504276,1.2774087705195587,0.9429563599999998,0.1827774,True,0.624515250985915,0.6055422899525679,0.9981888808550013,0.9959974205922623,0.018972961033347113,0.0021914602627390867,0.04001455794552502,0.9739663689819222,-0.22313302589395956,0.31473156373587247,0.0,-0.9491807218798602
30,09182024053605974,0,1,PianoTiles,0,0.0,0,5.765981300000001,0.93793809,-4.3909075,7.307963935747001,1.031148,2.3748465,0.7400039999999999,1.8121352771715546,1.274058329433864,0.93793809,0.1634355,True,0.5945571053221047,0.5965895890218083,0.9381447651245998,0.9383473538221814,0.0020324836997035467,0.00020258869758160714,0.034813482277510105,0.9836622956704789,-0.17662533659698032,0.21873272587752063,0.0,-0.9757848095918431
31,09182024053606468,0,1,PianoTiles,0,0.0,0,5.7716983,1.0086737099999998,-4.5465504,7.4162689041868095,1.4774830000000003,2.0324075,1.4049299999999993,4.218790580775989,1.3734447472466875,1.0086737099999998,0.1789635,False,0.5654726703919561,0.6041019657987299,0.8550380672117761,0.8534442792995688,0.038629295406773734,0.0015937879122073229,0.029090680366058733,0.9855147251126056,-0.16707620686999425,0.14463048339517978,0.0,-0.989485736770812
32,09182024053606951,0,1,PianoTiles,0,0.0,0,5.7593936999999995,0.9419107,-4.3301300000000005,7.266900121459918,1.1626180000000002,2.3641346,0.8306899999999997,2.2832224394715874,1.2723769356954644,0.9419107,0.1502086,True,0.4904092230076839,0.610239236678239,1.0038794940289844,1.0042544115069696,0.11983001367055507,0.0003749174779852371,0.02291116690524793,0.9838041031313615,-0.17777672820967724,0.370865638732188,0.0,-0.9286865337710923
33,09182024053607454,0,1,PianoTiles,0,0.0,0,5.764147899999999,0.9474589530000002,-4.3057971,7.256925529937776,1.1232190000000006,2.31625052,0.8222849999999999,2.1393031914301854,1.2713449909775356,0.9474589530000002,0.09839952,True,0.5480966636775306,0.6113722764163914,1.0189097900270967,1.018328143135683,0.06327561273886073,0.0005816468914137118,0.01666264020320812,0.9846726402076073,-0.17361494189164267,0.39952366145918844,0.0,-0.9167228828464159
34,09182024053607965,0,1,PianoTiles,0,0.0,0,5.7705285,0.9453180000000001,-4.3057485,7.261686817516196,1.1110629999999997,2.32253118,0.8112499999999994,2.0934131510354685,1.2795828693552833,0.9453180000000001,0.09804618,True,0.5876065393644714,0.613676571242507,0.9990581046307326,0.9979472604209857,0.026070031878035582,0.0011108442097469418,0.012967303841850752,0.9873010521564268,-0.15833029224341702,0.34447680080473425,0.0,-0.9387948304647482
35,09182024053608427,0,0,PianoTiles,0,0.0,0,5.7814482,1.00268181,-4.468095099999999,7.375255109081456,1.685962,2.0939893,1.1995930000000006,4.235026798587922,1.3886457418570335,1.00268181,0.1130827,False,0.5259158497722235,0.6123098154299751,0.8402421293739323,0.8428475786060016,0.08639396565775159,0.00260544923206929,0.016542803185418942,0.9912605971240868,-0.13087690496022306,0.18240730065345273,0.0,-0.9832230553990894
36,09182024053608929,0,0,PianoTiles,0,0.0,0,5.7757688,0.988437727,-4.4780489,7.374919411220815,1.19712,2.17173051,1.1770929999999997,3.060232310559038,1.283465880621751,0.988437727,0.02834749,False,0.5204723653829183,0.6185459340449097,0.8235942488073349,0.8258436419480655,0.09807356866199135,0.0022493931407305823,0.019650913049690775,0.9908301571500487,-0.13367662958918147,0.031708065297772224,0.0,-0.9994971728799797
37,09182024053609460,0,0,PianoTiles,0,0.0,0,5.7635573,0.9312784500000001,-4.316161500000001,7.260518052859586,1.1303460000000003,2.3676238,0.8100930000000002,2.1679985041567296,1.2697289936055811,0.9312784500000001,0.1671048,True,0.5162484783502612,0.6195904262612844,0.9929995791395129,0.9902127399049158,0.10334194791102314,0.002786839234597105,0.013388834755307581,0.9939990616004102,-0.10856613026814098,0.13716466102935837,0.0,-0.990548260189629
38,09182024053609955,0,1,PianoTiles,0,0.0,0,5.783249100000001,0.9486658969999999,-4.412388900000001,7.335878471023416,1.1321789999999998,2.30359486,0.8726599999999998,2.2759685981384465,1.2770102964658456,0.9486658969999999,0.08910286,True,0.5295214621639145,0.619217628235219,0.8157467482426956,0.8178112263773474,0.08969616607130448,0.002064478134651826,0.0074117718662164616,0.9969640532331786,-0.07750962649035927,0.35928969969009783,0.0,-0.9332260774842286
39,09182024053610468,0,1,PianoTiles,0,0.0,0,5.8139826,1.0036295100000001,-4.628688200000001,7.498961282688747,1.120666,2.0527244000000002,1.7325209999999998,3.985523260332609,1.3906064228275181,1.0036295100000001,0.1677226,False,0.5619949606395506,0.6316854565986224,0.9260301087177243,0.9248927030443528,0.06969049595907184,0.0011374056733715054,0.00845653255377719,0.9971673091403682,-0.07473850840714064,0.4003207573531783,0.0,-0.9163750821755128
40,09182024053610968,0,1,PianoTiles,0,0.0,0,5.7869905,0.9232061999999999,-4.3447598,7.295101538327258,1.1186920000000002,2.4007384999999997,0.8399029999999996,2.255716529760737,1.296314160553116,0.9232061999999999,0.1843535,True,0.5375406644115401,0.6372236308789013,0.9754778665459509,0.9756716603713617,0.09968296646736119,0.00019379382541073742,0.00694906375334495,0.9962248176640474,-0.08653220893509701,0.3348172721694538,0.0,-0.9422830754380584
41,09182024053611508,0,1,PianoTiles,0,0.0,0,5.7932556,0.92006326,-4.3961284,7.330366413667174,1.122496,2.4000016,0.7924370000000001,2.1348190938165805,1.298842875818822,0.92006326,0.1882246,True,0.537787174794091,0.6346717599038184,0.8942944875391997,0.8937276578882182,0.09688458510972742,0.0005668296509815374,0.004298863964380583,0.9958575773428372,-0.09082513648473392,0.3191245247135248,0.0,-0.9477127928472671
42,09182024053611959,0,1,PianoTiles,0,0.0,0,5.8081782,0.9908600200000001,-4.5206556,7.426510932867534,1.3426169999999997,2.0973998999999997,1.4042469999999998,3.9543662383758713,1.3734350693010156,0.9908600200000001,0.1123831,False,0.5421116286109718,0.6309793809008422,0.8732843906628811,0.8717721285477125,0.08886775228987032,0.0015122621151686388,0.004316903012850048,0.9960308933411108,-0.0889034524553805,0.3418800822109672,0.0,-0.939743587042456
43,09182024053612463,0,1,PianoTiles,0,0.0,0,5.7896141000000005,0.92949892,-4.3238121000000005,7.285530230896472,1.1405659999999997,2.3761267000000004,0.8159770000000002,2.211403196806664,1.2798594937386008,0.92949892,0.1685077,True,0.5449569862439053,0.6322450242255448,0.9786078035148966,0.9784135386176185,0.08728803798163953,0.00019426489727814023,0.004133510897311673,0.9959665934416481,-0.0896295645191957,0.33407353165009185,0.0,-0.9425470149816586
44,09182024053612969,0,1,PianoTiles,0,0.0,0,5.787957199999999,0.9292350199999999,-4.3001816999999996,7.27017805314568,1.142811,2.3436806000000003,0.7932809999999995,2.1247111142377295,1.2743436438452742,0.9292350199999999,0.1408436,True,0.5435784230378905,0.6299507966352689,0.9571865813172947,0.9571901252483754,0.08637237359737837,3.5439310807072744e-06,0.0035372151016001044,0.9958668714047256,-0.09075606066753097,0.3243582491323927,0.0,-0.9459343139033327
45,09182024053613435,0,1,PianoTiles,0,0.0,0,5.7895921999999995,0.9279106699999999,-4.3024204,7.272634828735514,1.1507459999999998,2.3355001,0.794403,2.135011603732656,1.2722749431921112,0.9279106699999999,0.1362561,True,0.5419378114596175,0.6337882112333428,0.938444566279442,0.9384606593086149,0.09185039977372533,1.6093029172936646e-05,0.0045107738262472104,0.9960690571620591,-0.08846516989061359,0.406536025055825,0.0,-0.9136347521476016
46,09182024053613964,0,1,PianoTiles,0,0.0,0,5.7910049,0.9222448400000001,-4.2939134999999995,7.268009799265056,1.1691819999999993,2.3287084,0.7844179999999996,2.1357222943993897,1.2753087684399276,0.9222448400000001,0.1319644,True,0.5386948003753237,0.6569227631221877,0.9297235613857541,0.9297952344585393,0.11822796274686398,7.167307278521662e-05,0.004599038140206196,0.9962320867521386,-0.08660530107138097,0.9997663296369084,0.0,-0.021616801899092555
47,09182024053614433,0,1,PianoTiles,0,0.0,0,5.793220600000001,0.9110809400000001,-4.3449334,7.298624503968622,1.1471270000000002,2.3857959,0.7780360000000002,2.1293374002412584,1.2886853470029074,0.9110809400000001,0.1897359,True,0.5351859112034244,0.6437609258956308,0.9155977759388891,0.915803927710053,0.10857501469220643,0.00020615177116389827,0.0035429594354226103,0.9963266897799699,-0.08556035688639223,0.6987833551882848,0.0,0.7153333646012907
48,09182024053614947,0,1,PianoTiles,0,0.0,0,5.8177993,1.00825014,-4.590366100000001,7.478958348053539,1.1428529999999997,1.9714720000000001,1.6857690000000005,3.7982106679712753,1.3931500645292016,1.00825014,0.22265,False,0.5409438129009702,0.6199882833587179,0.9088995400672237,0.9086427515520278,0.07904447045774776,0.00025678851519594925,-0.0024664660925150694,0.9956102809953827,-0.09356326694440309,0.40779421569455143,0.0,0.9130738620977307
49,09182024053615454,0,1,PianoTiles,0,0.0,0,5.8014409,0.9316414900000002,-4.3293407,7.298483628724444,1.1632889999999998,2.3569949,0.8702760000000005,2.386180384079011,1.2624351398440081,0.9316414900000002,0.1644229,True,0.5291595287604673,0.6005520355323091,0.9791418610728532,0.9820441517360405,0.07139250677184172,0.002902290663187368,-0.010305670171722835,0.9930547599695403,-0.11720083986111389,0.9643258700319263,0.0,0.2647179940751449
50,09182024053615951,0,1,PianoTiles,0,0.0,0,5.837457000000001,0.95788239,-4.3084645,7.3182176277889806,1.3781220000000003,2.3324911999999998,0.9119190000000001,2.931324811971638,1.2400764535503535,0.95788239,0.1378882,True,0.5445167143772631,0.6005101812226001,0.9414334088321332,0.944205401353016,0.055993466845337014,0.0027719925208827823,-0.016924085637785777,0.994113509748609,-0.107013574188637,0.9973874182300151,0.0,0.07223806445680166
51,09182024053616459,0,1,PianoTiles,0,0.0,0,5.8335474,1.04751665,-4.4468418,7.409586249872608,1.5702100000000003,2.0589157,1.4909950000000003,4.820282497103722,1.31136718021812,1.04751665,0.1464493,False,0.5825941404929248,0.6254069002049787,0.8208865701346075,0.820112442793767,0.042812759712053894,0.0007741273408404803,-0.01740405952173541,0.99585095487428,-0.08931950732146178,0.02213422159327803,0.0,0.999755008106716
52,09182024053616943,1,1,PianoTiles,0,0.0,0,5.798748699999999,1.035876108,-4.4291241,7.369916287860923,1.5381979999999995,2.14917116,1.2646039999999994,4.180592119752774,1.3031231758126338,1.035876108,0.05934584,False,0.5730114808526963,0.6269146421746743,0.8321650902693164,0.8307786636183934,0.05390316132197803,0.0013864266509230339,-0.009163347012650458,0.9955355619084416,-0.0939413542970781,-0.4883227265818844,0.0,0.872663116387781
53,09182024053617450,0,1,PianoTiles,0,0.0,0,5.790269600000001,0.98542874,-4.3272406000000005,7.295430285637066,1.3220640000000001,2.3248846,0.9402719999999998,2.8900634915611327,1.2302423221333916,0.98542874,0.1220546,True,0.5406317375709643,0.5812365170728693,0.9408468335284121,0.9406898206502291,0.040604779501905,0.00015701287818303822,0.004217797341131232,0.9918177761284916,-0.1275919634660524,-0.22775415204120314,0.0,0.9737186689326608
54,09182024053617933,0,1,PianoTiles,0,0.0,0,5.8140591,1.1639015499999998,-4.486873699999999,7.435723612140038,1.2485740000000005,2.0929574,1.1751780000000003,3.070989478248741,1.2587264349142442,1.1639015499999998,0.1101106,False,0.5336970095494258,0.5460781146255541,0.8238945111804363,0.8239152617071736,0.01238110507612833,2.0750526737223218e-05,0.012749774625543824,0.9922392273620527,-0.12368815194251226,0.061074563256239674,0.0,-0.9981332064023617
55,09182024053618466,0,0,PianoTiles,0,0.0,0,5.806134900000001,1.09862997,-4.431186899999999,7.386041404616672,1.2098949999999995,2.3410702,1.0102769999999999,2.8615582093341954,1.3443739757714985,1.09862997,0.1272162,True,0.6182604336750007,0.5809441802910156,0.8633292941749631,0.8633297680233494,0.03731625338398514,4.7384838630648574e-07,0.016680378863905884,0.9927306291106239,-0.11919590171889936,0.022094520433621825,0.0,-0.9997558862876519
56,09182024053618953,0,0,PianoTiles,0,0.0,0,5.7956311000000005,1.0732752400000003,-4.3540502000000005,7.32796102147141,1.1826889999999999,2.4030294000000003,0.9246029999999998,2.6277554167364463,1.2793994154630917,1.0732752400000003,0.1752934,True,0.5597466919678935,0.5785780816225236,0.9543450637439741,0.955297969395251,0.01883138965463005,0.0009529056512769252,0.012153547537618574,0.992261644011478,-0.12356828519442109,0.013113906324626109,0.0,-0.9999140090332312
57,09182024053619436,0,0,PianoTiles,0,0.0,0,5.821944499999999,1.1933871800000002,-4.5163137,7.464335212145572,1.1082610000000006,2.0383635,1.274115,2.8782751835514913,1.2649697219235572,1.1933871800000002,0.1934505,False,0.5637501975041783,0.5703062851696449,0.7770236812622638,0.776323846238823,0.006556087665466559,0.0006998350234408424,0.00993789113169535,0.9923936954031863,-0.1227028591511312,0.1606010457917114,0.0,-0.987019404110481
58,09182024053619972,0,1,PianoTiles,0,0.0,0,5.839694499999999,1.161632231,-4.5094858,7.469061753247855,1.219411,2.30277191,0.9862389999999994,2.7693841600493916,1.4365790862203842,1.161632231,0.08889091,True,0.7733312471147145,0.5598238135654826,0.8709746575447026,0.8682524041553761,0.21350743354923185,0.0027222533893265233,0.0038396683754656226,0.9922993454747172,-0.12380333564655711,0.5876882491975876,0.0,-0.8090874623642824
59,09182024053620474,0,1,PianoTiles,0,0.0,0,5.8512455999999995,1.1668522529999998,-4.4951787,7.4702912123145655,1.1051449999999994,2.26168999,0.925913,2.314315269484248,1.3483866272118692,1.1668522529999998,0.06626999,True,0.7609146197918658,0.5532322128609289,0.8359711349084537,0.8357327848616831,0.20768240693093687,0.00023835004677053018,-0.0044442752546176205,0.9928705572675919,-0.11911467134069911,0.6834509162917528,0.0,-0.729996469183217
60,09182024053620930,0,1,PianoTiles,0,0.0,0,5.8695832,1.2406797500000002,-4.6172087,7.570330862197371,1.5019660000000004,2.0092355,1.4874709999999998,4.488895051603285,1.4684336595793468,1.2406797500000002,0.1827835,False,0.7192673863515571,0.5505266186452751,0.825598054488236,0.8194850141131379,0.168740767706282,0.006113040375098078,-0.006444706887968207,0.9927713564732273,-0.11984781816719216,0.69745888407338,0.0,-0.7166248007340489
61,09182024053621431,0,1,PianoTiles,0,0.0,0,5.8341373,1.14127702,-4.3893228,7.389575489446685,1.138477,2.3502226999999998,0.8828959999999997,2.3623423034881967,1.4005614354588694,1.14127702,0.1570427,True,0.675852971867403,0.5515642924609966,0.981262263683308,0.9808612982816737,0.12428867940640642,0.0004009654016343678,-0.008289555200242637,0.9926744758408355,-0.12053492559712603,0.6535480019044927,0.0,-0.7568850700117192
62,09182024053622066,0,0,PianoTiles,0,0.0,0,5.794645600000001,1.08939162,-4.3189665,7.308773040630544,1.3653779999999998,1.9700731,1.1550330000000004,3.1069168783647108,1.148436410611173,1.08939162,0.2675659,False,0.7205409830086072,0.6189974578872597,0.7769048885274759,0.7734119153306922,0.10154352512134757,0.0034929731967836553,0.005382032524380868,0.9914103469636755,-0.1306773035353544,-0.10407941671125248,0.0,0.9945689895713848
63,09182024053622632,1,0,PianoTiles,0,0.0,0,5.8054918,1.0086342670000001,-4.375573,7.339394879876874,1.285031,2.18795705,1.29949,3.653636514449797,1.2381827875719824,1.0086342670000001,0.05705595,False,0.6690519811498655,0.6342502868369947,0.8145966594289609,0.8119750794757329,0.034801694312870834,0.0026215799532279815,0.005715496282011132,0.990469861580094,-0.1376109966672708,0.008918409457613354,0.0,0.9999602301955545
64,09182024053623141,1,0,PianoTiles,0,0.0,0,5.802766799999999,0.9743998280000001,-4.3344624000000005,7.308154476815773,1.2614079999999994,2.2729065399999997,1.0775899999999998,3.0895178716253153,1.273926341870658,0.9743998280000001,0.02494454,True,0.6649486417130348,0.6398485551839591,0.8362132300443653,0.8321102773458596,0.025100086529075694,0.004102952698505691,0.005197967348276344,0.9902141610602274,-0.1394593000528697,0.02738580476865517,0.0,0.9996249385130271
65,09182024053623650,0,1,PianoTiles,0,0.0,0,5.788289999999999,1.01316188,-4.1996123999999995,7.222710185894134,1.2479629999999995,2.0368866,1.048083,2.664184131977893,1.242419352473107,1.01316188,0.2124684,False,0.7046582335542599,0.6253105864565544,1.0278633980281624,1.0183649985530776,0.07934764709770559,0.009498399475084796,0.00014090489124102593,0.9897905527836426,-0.14252944175173995,0.0068961791838230806,0.0,0.9999762210736137
66,09182024053624157,1,1,PianoTiles,0,0.0,0,5.7891667,1.02009875,-4.2129687,7.232161351029175,1.2266579999999996,2.0207874,1.0227810000000002,2.5352849157192296,1.2325271344130493,1.02009875,0.2266816,False,0.6826464275976913,0.6048377543409885,1.008868049534507,0.9998591932958811,0.07780867325670282,0.009008856238625906,-0.0054797121401107965,0.989816544581688,-0.14224338588218693,0.01727083563697476,0.0,0.9998508479950401
67,09182024053624657,1,1,PianoTiles,0,0.0,0,5.793017000000001,1.0297153399999999,-4.240146900000001,7.252462021775774,1.2125290000000009,2.0620739,1.0144659999999996,2.5364940967198186,1.217139189651901,1.0297153399999999,0.1818241,False,0.5518881701841869,0.603418371318847,0.9531483563438587,0.9454039391170317,0.051530201134660114,0.007744417226827061,-0.008330602964883744,0.9902829115620896,-0.13881770824485032,0.054591105974384935,0.0,0.9985087937261712
68,09182024053625130,0,1,PianoTiles,0,0.0,0,5.7990822,0.9399081300000001,-4.322893200000001,7.293845849331009,1.684767,2.3990245,0.9891399999999999,3.997903391007164,1.4620368281990892,0.9399081300000001,0.1580005,True,0.594251908522379,0.6026757112264025,0.9725693615439929,0.9806565333800615,0.008423802704023542,0.008087171836068663,-0.007737675483727383,0.9899290019126463,-0.14135310237253518,0.043623799964532015,0.0,0.9990480289138528
69,09182024053625651,0,1,PianoTiles,0,0.0,0,5.7922061,0.9091597600000002,-4.2979709999999995,7.269716479404232,1.2257809999999996,2.4865455,0.870393,2.652923248066091,1.3288871882466162,0.9091597600000002,0.2506065,True,0.6037476125271637,0.6020455675569415,0.9606229854320009,0.9607606619675682,0.001702044970222194,0.0001376765355672882,-0.003028229899626478,0.9895233272837879,-0.1443413128140958,0.12653477149599665,0.0,0.9919621724654907
70,09182024053626140,0,0,PianoTiles,0,0.0,0,5.7961276,0.93273531,-4.3467028,7.304718717755695,1.2198390000000003,2.3886912000000002,0.9619440000000004,2.8029304008512197,1.3019252300586837,0.93273531,0.1546392,True,0.5526675891846835,0.6037545779389586,0.8619286885403222,0.8621049778002735,0.05108698875427509,0.00017628925995127886,0.0021319433689122886,0.9897018490096458,-0.14312828121779528,0.1337943705751503,0.0,0.9910091151964241
71,09182024053626659,0,0,PianoTiles,0,0.0,0,5.825029599999999,0.9244042499999999,-4.471323,7.401231142764237,1.1804130000000006,2.4481177,1.4976120000000002,4.327784119493992,1.4680958613000934,0.9244042499999999,0.2155927,True,0.5432208070982185,0.5971410176112842,1.0732109912319199,1.0730005988889708,0.053920210513065725,0.00021039234294906173,0.000616346733359336,0.9898630184139143,-0.14202402928096003,0.14570289957501034,0.0,0.9893283909074047
72,09182024053627149,0,0,PianoTiles,0,0.0,0,5.8338043,0.970790601,-4.3602057,7.347591492999657,1.4746799999999993,2.24642866,1.185898,3.9285995098974893,1.3437233278478882,0.970790601,0.01530766,True,0.5733330966146645,0.5948656679045196,0.8146309585039322,0.8127428638860636,0.021532571289855085,0.001888094617868541,-0.009096963357449042,0.9895730594700158,-0.1437442354629417,0.14940688139012928,0.0,0.9887758005702182
73,09182024053627640,0,0,PianoTiles,0,0.0,0,5.7895123,0.9728646979999999,-4.3032264,7.278919963986614,2.07231,2.2677508,0.9772959999999999,4.5927856060274586,1.5134963716315408,0.9728646979999999,0.0382508,True,0.5687273012559182,0.5918730787905461,0.9273115777289962,0.9262345613192677,0.023145777534627876,0.0010770164097284596,0.012621170277295212,0.9880362761348584,-0.1537043366414661,-0.10194397620451684,0.0,0.9947901415452471
74,09182024053628136,0,0,PianoTiles,0,0.0,0,5.7738636,0.9473316439999999,-4.3805953,7.309210169198229,1.22077,2.28642491,1.132545,3.1611584005358244,1.2808026897168263,0.9473316439999999,0.05867791,True,0.6438909274449829,0.5773687380645491,0.8064388987773359,0.8063196222399328,0.06652218938043375,0.00011927653740306798,0.03521728471447361,0.9864001435724927,-0.16054438519457873,-0.031102307162226138,0.0,0.9995162062163807
75,09182024053628644,0,1,PianoTiles,0,0.0,1,5.7735433,1.01319221,-4.298724099999999,7.269070750742517,1.1525400000000001,2.0723911,1.007495,2.4064155481137632,1.2128506823138059,1.01319221,0.1524749,False,0.5370180706898142,0.5758635079576145,0.8750292661427331,0.8740458439173773,0.03884543726780032,0.0009834222253558567,0.03092866146221116,0.9864421827316621,-0.16116835305899888,0.19379119281132423,0.0,0.9810427990606547
76,09182024053629118,1,1,PianoTiles,0,0.0,0,5.7805219999999995,1.03191296,-4.2408727,7.243223053800376,1.1727759999999998,1.9717132000000002,1.024851,2.3698428235292233,1.1942121615405916,1.03191296,0.2486168,False,0.6452056525187998,0.586932717325044,1.0578750585634442,1.0515302554127675,0.05827293519375576,0.006344803150676759,0.01231258709973183,0.9857788878586897,-0.16759589628328045,0.11286322237680188,0.0,0.9936105338787048
77,09182024053629644,1,1,PianoTiles,0,0.0,0,5.786895800000001,1.02350683,-4.2430495,7.248392807413554,1.1737920000000006,1.9998504,1.0256750000000001,2.4076781114052053,1.1998832084455295,1.02350683,0.2185396,False,0.6767708332537758,0.5922054195272448,1.0425681641149418,1.0341805132713724,0.08456541372653104,0.008387650843569405,0.003351882422084677,0.9865517203934088,-0.1634150172812579,0.07983003176876229,0.0,0.9968084901463262
78,09182024053630142,1,1,PianoTiles,0,0.0,0,5.7888174999999995,1.0221755299999997,-4.242324699999999,7.249315120938468,1.1762509999999997,2.0071921,1.0242650000000002,2.418250450827137,1.2007516338182107,1.0221755299999997,0.2112349,False,0.671843810717052,0.5956748633315745,1.030743344267723,1.0224331768299777,0.07616894738547753,0.008310167437745264,0.0005834322945914927,0.9873921996729829,-0.15829183059054538,0.05721929036195151,0.0,0.9983616342841278
79,09182024053630658,0,1,PianoTiles,0,0.0,0,5.801282500000001,0.9718540469999999,-4.392838899999999,7.341417610709102,1.5349490000000001,2.26728489,1.1640599999999997,4.051122819258866,1.4069300741637523,0.9718540469999999,0.04681289,True,0.6252322588378577,0.5933208974422609,0.9382598108266916,0.9485354950755233,0.031911361395596805,0.010275684248831629,0.00035975475421834956,0.9869334385905497,-0.16112808063261494,0.023401564883444272,0.0,0.9997261458824641
80,09182024053631141,0,1,PianoTiles,0,0.0,0,5.779089900000001,1.003507518,-4.3229052,7.286454335213498,1.1584319999999995,2.11542731,0.9950059999999996,2.4383404996021656,1.1929433116590404,1.003507518,0.07240969,False,0.5800255052122795,0.565428032379232,0.9391430059545373,0.9247241603152935,0.014597472833047465,0.014418845639243782,0.007209290016511,0.9636113662279012,-0.2672099568014922,0.18533914451312836,0.0,0.9826746162953137
81,09182024053631724,1,1,PianoTiles,0,0.0,0,5.772422399999999,1.01861627,-4.338862000000001,7.2927472823740755,1.0379879999999995,2.0077534,0.8711260000000003,1.8154474354106187,1.1629334513681737,1.01861627,0.1488236,False,0.6018871038725535,0.5534302623944594,0.9809211975838886,0.9716941716324589,0.04845684147809415,0.009227025951429768,0.016823719233046947,0.9323980347665939,-0.36104136499099504,0.5648602760692709,0.0,0.8251865658861316
82,09182024053632141,0,0,PianoTiles,0,0.0,0,5.753666100000001,1.0571886999999998,-4.356183,7.293740595002396,0.9799800000000003,2.0176309,0.6444999999999999,1.274329845486699,1.1853959487905719,1.0571886999999998,0.1717461,False,0.5824692136814101,0.5470272559525714,0.806077945645804,0.8009713994374827,0.035441957728838736,0.005106546208321294,0.036945892997233235,0.8272460964242765,-0.5606236678391607,-0.4566569933139323,0.0,-0.8896428443243272
83,09182024053632660,1,0,PianoTiles,0,0.0,0,5.753900400000001,1.04523549,-4.319503900000001,7.27035081579912,1.035317,2.0276513,0.6555029999999995,1.3760724476462385,1.187366077002712,1.04523549,0.1706037,False,0.543010877602834,0.7766323667512771,0.787506467246974,0.7809661437716809,0.23362148914844316,0.006540323475293097,0.03901503405092131,0.8530122622477668,-0.5204305021546608,-0.46506888900018223,0.0,-0.8852744932980597
84,09182024053633154,0,0,PianoTiles,0,0.0,0,5.807196899999999,1.0622056509999998,-4.3960493000000005,7.360507192335079,1.4988710000000003,2.21896749,1.1494530000000003,3.823018631336035,1.3840662461613333,1.0622056509999998,0.06258351,False,0.5089444880190764,0.5725294281082852,0.8743949284324619,0.8819639172873619,0.06358494008920879,0.007568988854899983,0.04273979766925225,0.9346782168716432,-0.352916336545699,0.5378734295204012,0.0,-0.8430256068566139
85,09182024053633649,0,0,PianoTiles,0,0.0,0,5.791610699999999,1.0007150870000001,-4.2393126,7.24678939298105,1.141978,2.3968875,0.7204469999999996,1.972002336480682,1.289672857865433,1.0007150870000001,0.1180365,True,0.5619332561594836,0.5929840449776028,0.9442664451285436,0.9399542795799644,0.03105078881811918,0.004312165548579272,0.017727300207253393,0.9369732209152576,-0.34895118013133275,0.03860382145956707,0.0,-0.9992545946698058
86,09182024053634125,0,0,PianoTiles,0,0.0,0,5.7819053,1.0166288150000002,-4.2041643,7.220731300017394,1.1351899999999997,2.29998618,0.6907770000000002,1.8035643909143688,1.2767177250825743,1.0166288150000002,0.02406418,True,0.554886489107457,0.5686444345458769,0.9473314991893013,0.9439206751054532,0.013757945438419905,0.003410824083848074,0.0018990746496030748,0.9391880350834438,-0.3433980609607095,-0.09547081274356516,0.0,-0.9954322296942586
87,09182024053634660,0,0,PianoTiles,0,0.0,0,5.7906672,1.07894891,-4.459380599999999,7.387965396995466,1.1076690000000005,2.0554282,1.4249869999999998,3.244316493340481,1.3016838831815862,1.07894891,0.2371448,False,0.5135976595371127,0.5670453429444596,0.8721928958523164,0.8731407413138846,0.05344768340734696,0.0009478454615682308,0.018537527581500207,0.9511474931359263,-0.30817982797777044,-0.05106350855562676,0.0,-0.9986954080669389
88,09182024053635160,0,0,PianoTiles,0,0.0,0,5.7846502,0.99403927,-4.3536308,7.307830946961678,1.094583,2.4112793000000003,0.8599610000000002,2.2697340493595637,1.2871919079626755,0.99403927,0.1310863,True,0.5447898412314605,0.5703565924866654,0.8989932037391886,0.8988658720797225,0.02556675125520491,0.00012733165946610114,0.03796705597646614,0.9424941117060068,-0.33205925986182816,0.07228899458719021,0.0,-0.9973837281916992
89,09182024053635654,0,0,PianoTiles,0,0.0,0,5.774789199999999,1.00012851,-4.2154901,7.219335435076379,1.127453,2.3418160699999997,0.6791270000000003,1.793090565393137,1.2912436818693014,1.00012851,0.06446207,True,0.5894366343629228,0.5748201443756211,0.9136749002972784,0.913888274273144,0.014616489987301695,0.00021337397586562723,0.03159099885050873,0.9411309210215981,-0.3365629187665594,0.32996934476518225,0.0,-0.9439916480113775
90,09182024053636140,0,0,PianoTiles,0,0.0,0,5.780486999999999,1.0018503449999998,-4.1833647,7.205433663850616,1.1903059999999996,2.33293935,0.7789529999999996,2.1630837040779363,1.2888889120609501,1.0018503449999998,0.04885435,True,0.5862866431866667,0.5975340339204539,0.8968485015837401,0.8953820949788432,0.011247390733787221,0.0014664066048968305,0.008261378713143789,0.9652775063606667,-0.2610959312894229,0.25090111257896036,0.0,0.968012722905355
91,09182024053636623,0,0,PianoTiles,0,0.0,0,5.7891314000000005,1.015199887,-4.2804914,7.270988915031073,1.625737,2.33642859,0.9697329999999997,3.6834516767076364,1.4354706427677288,1.015199887,0.05012059,True,0.48628474908431996,0.6102686234575803,0.932559978058147,0.9380843271259041,0.1239838743732603,0.005524349067757006,0.004137241792768229,0.9699705641402151,-0.2431871459017952,0.28143101522075603,0.0,0.9595814627595797
92,09182024053637171,0,0,PianoTiles,0,0.0,0,5.7840685,0.97546259,-4.231190600000001,7.232561757130742,1.2031450000000001,2.4682144999999998,0.7448109999999994,2.211805593111221,1.3175231756825523,0.97546259,0.1782985,True,0.5397437533033614,0.6104238313411756,0.9619309580357417,0.9603764069597349,0.07068007803781418,0.0015545510760067716,0.006610727467947602,0.965029111041743,-0.26205936946487474,0.19418575417234174,0.0,0.9809647765727977
93,09182024053637648,0,0,PianoTiles,0,0.0,0,5.7870165,0.98607051,-4.2134925,7.226023392538953,1.1982419999999996,2.4025033000000002,0.7545589999999995,2.1722096290565345,1.3129606194174142,0.98607051,0.1088433,True,0.567699090897537,0.5941858157324945,0.9195721617740555,0.9193456025648025,0.02648672483495751,0.00022655920925307438,0.006472692524103928,0.9639801273789836,-0.2658955025379088,0.24488939831084303,0.0,0.9695510211406894
94,09182024053638146,0,0,PianoTiles,0,0.0,0,5.8020104,0.9893603790000002,-4.2160679000000005,7.239985302378286,1.2000409999999997,2.4083518,0.7833249999999996,2.2639039558911214,1.3150531518154218,0.9893603790000002,0.1094308,True,0.5820156126222046,0.6006691581190432,0.9157956039376035,0.916154910519803,0.01865354549683862,0.0003593065821995145,-0.0032994647944508057,0.9646905637407737,-0.2633652022602425,0.2957922723178271,0.0,0.9552522869049078
95,09182024053638641,0,0,PianoTiles,0,0.0,0,5.815757,1.0202813778000002,-4.2946957,7.301261173833803,1.6926760000000005,2.296916192,1.015475,3.9481007049762393,1.4140770131332776,1.0202813778000002,0.002772808,False,0.5800053221996847,0.6129597415113083,0.8768924354293098,0.8730494623684073,0.03295441931162357,0.0038429730609025325,-0.009187603249750737,0.9645915086279345,-0.2635883332573931,0.2718625042186901,0.0,0.9623361049030336
96,09182024053639125,0,0,PianoTiles,0,0.0,0,5.7972943,0.9774096000000002,-4.2065805,7.229057354175916,1.2013950000000007,2.4252767,0.77468,2.2571969693759697,1.3176315251960617,0.9774096000000002,0.1361727,True,0.5958442306049879,0.6172120623630424,0.9881003525713822,0.9896577350523768,0.021367831758054456,0.0015573824809945735,-0.0066819649138091025,0.965988881373892,-0.25849725802589696,0.11002637445429093,0.0,0.9939286679256436
97,09182024053639631,0,0,PianoTiles,0,0.0,0,5.794352,0.9955538369999999,-4.1897852,7.219414281256372,1.1998040000000003,2.34331817,0.7775259999999995,2.1860318539394274,1.2975061927587408,0.9955538369999999,0.05684817,True,0.5805244352098281,0.6014106272297572,0.9221104495286951,0.9231194443178034,0.02088619201992914,0.0010089947891082085,-0.00739228047333906,0.9691267884531987,-0.24645206854841517,0.16763145005082888,0.0,0.9858497334552851
98,09182024053640170,0,0,PianoTiles,0,0.0,0,5.7952642,0.9987346859999999,-4.192122299999999,7.221942086376659,1.197819,2.3268837700000002,0.7716480000000003,2.1507261865363163,1.2878493060935712,0.9987346859999999,0.04481077,True,0.5737664661650766,0.6021264847058382,0.8999219090103078,0.9010107888935078,0.028360018540761534,0.0010888798832000557,-0.0054722505289471444,0.9740001272959173,-0.2264813601638888,0.19892055612262108,0.0,0.9800156184224142
99,09182024053640661,0,0,PianoTiles,0,0.0,0,5.815405,1.04972031,-4.423958099999999,7.381886839677719,1.1928210000000004,2.0912367,1.5155649999999996,3.780533019516239,1.3424270602732096,1.04972031,0.2031623,False,0.5717188018181315,0.6036928728633791,0.8762054447212477,0.8751592617786148,0.03197407104524763,0.0010461829426329228,0.0013707978863332323,0.9730547720986379,-0.2305700141155011,0.2161851943672775,0.0,0.9763523758031127
100,09182024053641140,0,0,PianoTiles,0,0.0,0,5.8161867,0.97657603,-4.300179,7.298853876032076,1.1761470000000003,2.4563167999999997,0.8581129999999999,2.479079562975914,1.3203805736768663,0.97657603,0.1605868,True,0.5694225143631133,0.5959556492988719,0.9194285413990855,0.9185162273272095,0.026533134935758595,0.0009123140718759748,-0.0026667581686437023,0.9681410356287682,-0.2503913407698557,0.2185548694581528,0.0,0.9758246610104347
101,09182024053641669,0,0,PianoTiles,0,0.0,0,5.803471,0.99504776,-4.1772351,7.219396704240184,1.184145,2.3725606800000003,0.8008859999999998,2.2500538710325264,1.310998766767501,0.99504776,0.07902968,True,0.5423372605934427,0.6045169116626596,0.9970746361921197,0.9971307912602844,0.06217965106921697,5.6155068164698285e-05,-0.01113344146439213,0.965182698866718,-0.2613396339813716,0.22319935246189973,0.0,0.9747728192048589
102,09182024053642147,0,0,PianoTiles,0,0.0,0,5.795090100000001,1.001310777,-4.1883897,7.219993131459369,1.170007,2.3337546099999997,0.7409669999999999,2.0232172326122724,1.2844909857009246,1.001310777,0.05553961,True,0.4839037781501604,0.5961538932564646,0.928245337174062,0.9287372724631774,0.11225011510630423,0.0004919352891153972,-0.005826821633023134,0.9716375908580425,-0.23640313065024426,0.09599258856165718,0.0,0.9953820487336671
103,09182024053642647,0,0,PianoTiles,0,0.0,0,5.788157,1.0114573089999999,-4.346721,7.30888437426804,1.6655510000000007,2.26040779,1.1472220000000006,4.31908944096253,1.461861888269237,1.0114573089999999,0.01090121,False,0.5050317046918934,0.5729881139964859,0.9343745451355128,0.9328100256580224,0.06795640930459246,0.001564519477490367,0.005735180681237172,0.9730505892351979,-0.23052040797202197,0.08028337936083889,0.0,0.996772079764679
104,09182024053643159,0,0,PianoTiles,0,0.0,0,5.7634587,0.9691823200000002,-4.2204629,7.208958152623907,1.156218,2.4062495,0.7502940000000002,2.087429690094661,1.3076516853120488,0.9691823200000002,0.1339685,True,0.5151168830420919,0.5628698381375928,0.9451055501377402,0.9463005997027795,0.047752955095500926,0.0011950495650392412,0.01992449907186875,0.9724862342061944,-0.23210673970436477,0.17529982177238157,0.0,0.9845150951034581
105,09182024053643620,0,0,PianoTiles,0,0.0,0,5.7587911,0.982115185,-4.2068175,7.198995669421746,1.1771140000000004,2.3701958600000004,0.7548169999999996,2.105932432505263,1.3023687564322382,0.982115185,0.09264886,True,0.486972217720888,0.583120881162251,0.9434837761585348,0.9444310564727163,0.09614866344136302,0.0009472803141814534,0.02041022538095433,0.9713950258524935,-0.23659063051805704,0.25363755300755964,0.0,0.9672993289072092
106,09182024053644126,0,0,PianoTiles,0,0.0,0,5.770273,0.9836948879999999,-4.224343299999999,7.218641315612047,1.1923599999999999,2.3678362799999997,0.761212,2.149139938463194,1.305203458537268,0.9836948879999999,0.08456028,True,0.5353343768144261,0.5987230534297556,0.9147597647279906,0.9148909942936128,0.06338867661532954,0.0001312295656221707,0.006820178556792702,0.9718037526603647,-0.23569249347335228,0.29526196565503443,0.0,0.9554163341902445
107,09182024053644652,0,0,PianoTiles,0,0.0,0,5.801027200000001,1.0244153900000001,-4.411979199999999,7.359816840631384,1.3188820000000003,2.183014,1.3380830000000006,3.8525254389688657,1.3837024685631718,1.0244153900000001,0.103394,False,0.5374016396206474,0.6187228519491099,0.8574091013167756,0.8534639493059389,0.08132121232846257,0.003945152010836672,-0.006132639159619226,0.9722866220507942,-0.23371160715290595,0.2933151828998052,0.0,0.9560157966688907
108,09182024053645141,0,0,PianoTiles,0,0.0,0,5.7978783,0.978817655,-4.2339061000000004,7.24564956694483,1.2002519999999999,2.3969262,0.8075619999999994,2.323287607071291,1.3128419334966372,0.978817655,0.1115952,True,0.5307087189675801,0.6284087813732079,0.9377225383258365,0.9392886439991822,0.09770006240562779,0.0015661056733456968,-0.014283888730891633,0.9717990244560701,-0.23537762550623598,0.26672325585246315,0.0,0.9637731604415334
109,09182024053645640,0,0,PianoTiles,0,0.0,0,5.7997772,0.9939690430000001,-4.217466999999999,7.2396421129895066,1.1948310000000006,2.35103212,0.8019609999999999,2.252777464939021,1.2986902754131642,0.9939690430000001,0.06683612,True,0.4996256807340873,0.6220046654463293,0.9299945367329848,0.9304911265603248,0.12237898471224196,0.0004965898273400216,-0.01880818536141837,0.9714300711430226,-0.23657951949074704,0.23545199467761616,0.0,0.9718859800420685
110,09182024053646144,0,0,PianoTiles,0,0.0,0,5.8006206,0.996583504,-4.2205191,7.242455350159509,1.1916070000000003,2.34644833,0.7959649999999998,2.2255533655634516,1.296627533849159,0.996583504,0.06075633,True,0.5197672777705424,0.6133561154887183,0.9126135460300776,0.9127084081171888,0.09358883771817583,9.486208711118049e-05,-0.020065228573240942,0.9724255038036409,-0.2323489318988548,0.19742034294141786,0.0,0.9803189318751797
111,09182024053646638,0,0,PianoTiles,0,0.0,0,5.816521099999999,1.011003493,-4.392716699999999,7.358668750260626,1.1916829999999994,2.25510716,1.2675749999999995,3.4064466603034083,1.307367164265457,1.011003493,0.03190684,False,0.5394966594376279,0.6116585615909907,0.8534604903376473,0.8526830745817373,0.07216190215336282,0.0007774157559099493,-0.01893969251926235,0.9730379361509417,-0.22986618467793796,0.18510592849425248,0.0,0.9827185737719016
112,09182024053647147,0,0,PianoTiles,0,0.0,0,5.8079332,0.96338316,-4.262362,7.268282120809417,1.1893450000000003,2.464825,0.8245610000000005,2.4172230734604816,1.3256383837426802,0.96338316,0.179884,True,0.5602834544114345,0.6053850014711712,0.9460058802546052,0.9450302344521099,0.04510154705973679,0.0009756458024953174,-0.016002552877793782,0.972124726644646,-0.23391757981704916,0.19472021994529462,0.0,0.9808588256953475
113,09182024053647657,0,0,PianoTiles,0,0.0,0,5.8008132,0.9932953979999999,-4.198617199999999,7.229416015219906,1.1851089999999997,2.35299881,0.8040600000000002,2.2421696072471162,1.300208918791042,0.9932953979999999,0.06977081,True,0.5205519513314691,0.5984843792357907,0.9629764425475198,0.9630334073019193,0.07793242790432153,5.696475439953552e-05,-0.015242923657721133,0.9712420120064629,-0.23760599191098386,0.17991512914011665,0.0,0.9836821368239312
114,09182024053648156,0,0,PianoTiles,0,0.0,0,5.79786,1.00220786,-4.1969304,7.227297278837362,1.179284,2.35021829,0.7741579999999999,2.1456368240724673,1.2910029096055435,1.00220786,0.06719029,True,0.4383388883181593,0.6157691209779848,0.9465211252283914,0.9468361328702131,0.17743023265982544,0.00031500764182168517,-0.010809724747344495,0.9714068620520889,-0.23717474192881582,0.17417321331296595,0.0,0.9847150307394704
115,09182024053648662,0,0,PianoTiles,0,0.0,0,5.8013365,1.0229669790000002,-4.348609699999999,7.322047046372395,1.5024730000000002,2.24887994,1.1021780000000003,3.724128732768403,1.3859799657500118,1.0229669790000002,0.03375506,False,0.40960006357543455,0.6118972269273985,0.8432289399358122,0.8412065557286513,0.2022971633519639,0.0020223842071608322,-0.0025343022723706573,0.9717784314117742,-0.235881872035271,0.20033182429548338,0.0,0.9797281052284065
116,09182024053649158,0,0,PianoTiles,0,0.0,0,5.786016399999999,0.9864313030000001,-4.2302317999999985,7.235046204298799,1.1566980000000004,2.37966283,0.772475,2.1262770161336477,1.3010594034275544,0.9864313030000001,0.09789383,True,0.4339066239342284,0.6029646793890089,0.9200296967221921,0.9222343839942999,0.16905805545478048,0.0022046872721077637,0.003095012525168243,0.9720860724161051,-0.23460411060358644,0.26146429124686876,0.0,0.9652131497253716
117,09182024053649654,0,0,PianoTiles,0,0.0,0,5.7829828,0.992248772,-4.2195179,7.2271556645095005,1.1712339999999992,2.34954108,0.7683010000000001,2.1142586317023926,1.2955535843903077,0.992248772,0.06835508,True,0.4335981400110014,0.6048065147296613,0.903840061538579,0.9048741031128252,0.1712083747186599,0.0010340415742462472,0.004958894451544395,0.9723522749151801,-0.23346619205592173,0.28113594387484353,0.0,0.9596679535451837
118,09182024053650160,0,0,PianoTiles,0,0.0,0,5.7827663000000005,0.9927136229999999,-4.2247984,7.230130561639122,1.1765629999999998,2.3522324799999996,0.7647099999999996,2.1163729336611956,1.2942688976782954,0.9927136229999999,0.07123148,True,0.43620486401918995,0.6063082568504572,0.8995482727761708,0.9002827497541203,0.17010339283126724,0.0007344769779494831,0.005344111870364712,0.9725914174648559,-0.23245940536364465,0.27522818956217543,0.0,0.9613789282433474
119,09182024053650653,0,0,PianoTiles,0,0.0,0,5.798061700000001,1.03633074,-4.4351921999999995,7.37308827633419,1.1768869999999998,2.1319861,1.421027,3.565508402491247,1.314179603889269,1.03633074,0.1495659,False,0.441804557164138,0.6065928888078477,0.859709398138842,0.8594568222209652,0.16478833164370965,0.0002525759178767517,0.0051544385627873435,0.9727845245569824,-0.23165426943086606,0.2663253184532511,0.0,0.9638832007825296
120,09182024053651161,0,0,PianoTiles,0,0.0,0,5.8021954000000004,1.0059143480000003,-4.3975061,7.349516653143297,1.1745979999999996,2.27210238,1.167707,3.11638451202388,1.2777723634168907,1.0059143480000003,0.01011062,False,0.4875881292607522,0.599410091415927,0.7979285889500628,0.797714638384857,0.11182196215517487,0.00021395056520578937,0.003573101265792538,0.972515521390282,-0.23281063893716822,0.23648199919615304,0.0,0.971635870095475
121,09182024053651705,0,0,PianoTiles,0,0.0,0,5.793356399999999,0.9799221599999999,-4.2248561,7.236894007983482,1.1763190000000003,2.3948498,0.8020899999999997,2.259573611811702,1.3091605804426725,0.9799221599999999,0.1128578,True,0.4921635399305804,0.6010331354654583,0.9652863395460486,0.9682053983046418,0.10886959553487796,0.002919058758593218,-0.002560209931147661,0.9708164822883523,-0.23980993107537873,0.21608853197634875,0.0,0.976373773894151
122,09182024053652146,0,0,PianoTiles,0,0.0,0,5.793777,1.0014077179999998,-4.213973499999999,7.233826235271429,1.1747880000000004,2.32728228,0.7835660000000004,2.1423190399327097,1.2888785004561794,1.0014077179999998,0.04581428,True,0.4532560173555337,0.6097407003561762,0.9145752300978671,0.9156939782667763,0.1564846830006425,0.0011187481689092227,-0.007407609088702487,0.9700527533346465,-0.2427813482857785,0.21388651563612168,0.0,0.9768585150517137
123,09182024053652668,0,0,PianoTiles,0,0.0,0,5.7984925,0.98450516,-4.3095985,7.291392522270703,1.2303930000000003,2.4148222,0.8617340000000002,2.5603671114613276,1.3344690878427983,0.98450516,0.1337332,True,0.4155853246711199,0.6288510952888609,0.9014785483505473,0.8998401961277622,0.21326577061774094,0.0016383522227850777,-0.007392026269453923,0.9705077326765862,-0.2409566325349513,0.19089370810242165,0.0,0.9816107131683657
124,09182024053653131,0,0,PianoTiles,0,0.0,0,5.800092899999999,1.0152446210000001,-4.369026300000001,7.332134075369294,1.282953,2.25507306,1.1591620000000002,3.3536327251511255,1.3531350095179375,1.0152446210000001,0.02571094,False,0.4107837847870825,0.6327994393011422,0.8453306624888679,0.8441668901015086,0.22201565451405975,0.0011637723873593186,-0.006057784113667413,0.9707770216896217,-0.23990680984719903,0.193232625825585,0.0,0.9811529709054289
125,09182024053653688,0,0,PianoTiles,0,0.0,0,5.7911398,0.9998987810000001,-4.2515006,7.2534374683449006,1.161327,2.32609812,0.7523510000000004,2.032371312210285,1.285575320413599,0.9998987810000001,0.04543912,True,0.4090012342524164,0.6303777344132643,0.8148812570019025,0.8149380004083088,0.22137650016084787,5.674340640626774e-05,-0.005858761942561995,0.9708355038728312,-0.2396749868644745,0.1812005865248926,0.0,0.9834461588938334
126,09182024053654228,0,0,PianoTiles,0,0.0,0,5.787813,0.9975264600000001,-4.214905,7.229056820941037,1.1595440000000004,2.3371638900000002,0.7523360000000001,2.0388639378878173,1.2910509178098328,0.9975264600000001,0.05673289,True,0.40665677629421126,0.6296211550745098,0.8892744617063485,0.8896465921364033,0.2229643787802985,0.0003721304300547956,-0.005530357082229094,0.9710764544140433,-0.23870470215978853,0.17301865031397498,0.0,0.9849185482279895
127,09182024053654647,0,0,PianoTiles,0,0.0,0,5.7845969,0.995281602,-4.199006799999999,7.216911033760604,1.1577950000000001,2.34732193,0.7681319999999996,2.087565850871661,1.2943276322352608,0.995281602,0.06682193,True,0.4011746355267241,0.6328375430057545,0.9349902441252487,0.9352220199806153,0.23166290747903034,0.0002317758553666005,-0.0037449153448733327,0.972563442263559,-0.23260766621398507,0.16574380157312024,0.0,0.9861688457054857
128,09182024053655118,0,0,PianoTiles,0,0.0,0,5.786484499999999,0.98261635,-4.248218400000001,7.245432860369774,1.1690509999999996,2.4108102,0.7760750000000001,2.1872587952989084,1.3014170698569434,0.98261635,0.1307652,True,0.4034487539675887,0.6345729178802151,0.9146719231668862,0.914357220913692,0.23112416391262636,0.0003147022531941879,-0.001588065966947228,0.9733635281707217,-0.22926168470446423,0.16945645728618786,0.0,0.9855376751215625
129,09182024053655647,0,0,PianoTiles,0,0.0,0,5.7924185999999995,1.011996837,-4.369806,7.326080487775162,1.206829,2.23899917,1.152294,3.1136010911944068,1.3238026539318575,1.011996837,0.03699183,False,0.41504864122654367,0.670737927343765,0.8268920217803148,0.8260541062845129,0.25568928611722136,0.0008379154958019219,0.00165697074356031,0.973992755622576,-0.22657309293624422,0.20101139948073882,0.0,0.9795889021823362
130,09182024053656152,0,0,PianoTiles,0,0.0,0,5.783977000000001,0.9759297400000001,-4.2468033,7.2416964216153366,1.1672080000000005,2.4040659,0.7698370000000003,2.1601972269485317,1.3017057962531309,0.9759297400000001,0.1302339,True,0.42181793047949034,0.643357602425906,0.9250595768697334,0.9273037034700983,0.22153967194641566,0.002244126600364882,0.00437707415190412,0.9739388892837503,-0.22676834250530492,0.18748571129127942,0.0,0.9822673302424362
131,09182024053656637,0,0,PianoTiles,0,0.0,0,5.7892004,0.987326701,-4.3330905,7.298309980198016,1.1775000000000002,2.33664274,0.9886699999999995,2.720223500307453,1.2883191932440832,0.987326701,0.06130874,True,0.48244151299406235,0.6136505047614728,0.8303821956317375,0.8281849490896477,0.1312089917674104,0.002197246542089859,0.0053351727890868185,0.9736939139899723,-0.22779749294098772,0.16026106820275268,0.0,0.9870746628388922
132,09182024053657157,0,0,PianoTiles,0,0.0,0,5.7824993,0.9963766412,-4.3806357,7.3225701568331845,1.2853269999999997,2.285710178,1.0540340000000001,3.096630684370151,1.2827001742770567,0.9963766412,0.007101178,True,0.5659008317064043,0.6313525792420269,0.7976470458585254,0.7958452143891476,0.06545174753562266,0.0018018314693778459,0.0056723326470663185,0.973386526174222,-0.2290993131915094,-0.455918121548217,0.0,0.8900217224562248
133,09182024053657626,0,0,PianoTiles,0,0.0,0,5.8165890000000005,1.081561803,-4.329348000000001,7.331148452577783,1.146338,2.3835709,0.8054069999999998,2.200676285987815,1.2096984539646252,1.081561803,0.1029239,True,0.689447861472497,0.6287187889501951,0.940056915372596,0.9435560617734978,0.060729072522301975,0.003499146400901876,0.008921766495201294,0.9729088311741011,-0.23101690047710707,0.7035826633547969,0.0,-0.7106134222110997
134,09182024053658158,0,0,PianoTiles,0,0.0,0,5.8379325,1.129944978,-4.3447077,7.364422348446818,1.1182489999999996,2.43531589,0.8078650000000005,2.2000503193202805,1.2733335154529362,1.129944978,0.06410289,True,0.8868575643388288,0.6203086656388174,0.8937783834078289,0.8966972487778989,0.2665488987000114,0.002918865370070023,0.011676318296157069,0.9726392233020155,-0.23202716411122837,0.8881801036666143,0.0,-0.45949548795473777
135,09182024053658643,0,0,PianoTiles,0,0.0,0,5.8626694,1.1438288040000002,-4.502965099999999,7.4803697447635855,1.3143329999999995,2.20502915,1.3327240000000002,3.862424168865189,1.4381966041867924,1.1438288040000002,0.06087285,False,0.7705591226070846,0.620051020709756,0.8523529153342542,0.8496610341848237,0.15050810189732855,0.0026918811494304196,0.00978504777161726,0.9709029817715151,-0.23927317615497176,0.9081799854702036,0.0,-0.4185798776713241
136,09182024053659149,0,0,PianoTiles,0,0.0,0,5.8507842,1.08915336,-4.331671500000001,7.360795390477932,1.05802,2.3677667000000002,0.8635729999999997,2.163375171967256,1.23607870544569,1.08915336,0.1158317,True,0.6718606217281976,0.62382919784986,0.9300878547008394,0.9316939693216918,0.04803142387833759,0.0016061146208523613,0.006761675046922976,0.9705077346248413,-0.24097513727336795,0.923412982761973,0.0,-0.38380784680180285
137,09182024053659658,0,0,PianoTiles,0,0.0,0,5.8461269,1.099099909,-4.2792236,7.327821979255799,1.0735040000000007,2.27739682,0.8705210000000001,2.1282450363802767,1.1737544769672885,1.099099909,0.02839482,True,0.6279515181556614,0.6273538393271297,0.9156460244936974,0.9161462318507282,0.0005976788285316781,0.0005002073570308241,0.002274795715651414,0.9705850334023886,-0.240747831225405,0.9538786030133337,0.0,-0.3001926226830551
138,09182024053700145,0,0,PianoTiles,0,0.0,0,5.8433318000000005,1.0841053718000002,-4.2892029,7.32919316837981,1.083583,2.2813650300000003,0.8686339999999997,2.1473052580088945,1.1814844814781538,1.0841053718000002,0.02033603,True,0.5216620313239215,0.6282823302463314,0.8915612155339154,0.8913710895159302,0.10662029892240987,0.00019012601798518158,-0.004219412063897582,0.9711317169618162,-0.23850657196947467,0.8595345216226931,0.0,-0.5110776909031037
139,09182024053700632,0,0,PianoTiles,0,0.0,0,5.8183419999999995,1.008041624,-4.392257000000001,7.359427498027925,1.3674859999999995,2.2537261699999998,1.2903129999999998,3.976665937950519,1.3258096362111054,1.008041624,0.02485383,False,0.6645266470721848,0.6248116557924954,0.8428800834081089,0.844719597701095,0.03971499127968936,0.0018395142929860109,-0.00900671026537916,0.9714999543297967,-0.23686856673564427,0.10968572166297917,0.0,0.9939663185758717
140,09182024053701125,0,0,PianoTiles,0,0.0,0,5.8213693,1.01620664686,-4.3483168,7.336816439660132,1.2056719999999999,2.2848537014,1.2968349999999997,3.572500479659259,1.295418104654957,1.01620664686,0.0003767014,True,0.5640490669312378,0.6419451879369765,0.8228880746893684,0.8231343903781503,0.07789612100573873,0.00024631568878186183,-0.009146975466455265,0.9709834539022913,-0.23897168260652338,0.19254063812307864,0.0,0.9812890005860443
141,09182024053701635,0,0,PianoTiles,0,0.0,0,5.8036116,1.002025242,-4.177717400000001,7.220753760067053,1.1873579999999997,2.36263301,0.9871650000000001,2.7692852928651464,1.299398186729975,1.002025242,0.07471001,True,0.5081146971560654,0.6492066756834836,0.9658412240210832,0.9666784428159452,0.14109197852741817,0.0008372187948619825,-0.01237168123719037,0.9710663156699839,-0.2384893122856629,0.2420403452799169,0.0,0.9702661857741816
142,09182024053702119,0,0,PianoTiles,0,0.0,0,5.8017429,1.010409052,-4.1809685000000005,7.2223018995370305,1.1901039999999998,2.33916204,0.9669059999999998,2.6917174976037956,1.2952063132187113,1.010409052,0.04546404,True,0.47635407865263407,0.6519508004742076,0.9304425359510954,0.9303862462324785,0.17559672182157354,5.6289718616930884e-05,-0.02421963254926538,0.9736118564661574,-0.2269214893915972,0.24283120380815956,0.0,0.9700685576066673
143,09182024053702620,0,0,PianoTiles,0,0.0,0,5.7963219,0.990753634,-4.1993345,7.225880608935776,1.1884510000000006,2.35392278,0.8498600000000001,2.3775019464782603,1.3126555318206836,0.990753634,0.05935478,True,0.6291563949593535,0.663476081869279,0.9120217790790484,0.9118660995112025,0.034319686909925484,0.0001556795678459011,-0.02507882351638161,0.9745723898949563,-0.22266501625865523,0.19728765126184658,0.0,0.9803456444844257
144,09182024053703140,0,0,PianoTiles,0,0.0,0,5.788283900000001,1.0062782010000002,-4.3565556,7.314123530587816,1.5942100000000003,2.20752848,1.2813590000000001,4.509440571715264,1.4446083564648562,1.0062782010000002,0.07536852,False,0.6711830239249872,0.6128194178785786,0.9154430281642181,0.9167597970975712,0.058363606046408556,0.0013167689333530852,0.014343178014805434,0.9761297590345109,-0.216714020708544,0.10985385712846137,0.0,0.9939477501730156
145,09182024053703643,0,0,PianoTiles,0,0.0,0,5.768506100000001,0.97222659,-4.2112152,7.207996991449933,1.2861219999999998,2.3935689,0.8036819999999998,2.474072045052446,1.3071589861548127,0.97222659,0.1184489,True,0.6700292270896546,0.5881273191834911,0.9616654551115995,0.9620814776773794,0.08190190790616347,0.0004160225657798833,0.028539839726645113,0.9768208093522615,-0.21214755234216237,0.13715240933344913,0.0,0.9905499566473313
146,09182024053704128,0,0,PianoTiles,0,0.0,0,5.7447153,0.9877506779999999,-4.1607118,7.161628862388974,1.1812770000000006,2.37431,0.7490059999999996,2.100750455915393,1.2890283883433546,0.9877506779999999,0.106181,True,0.6537230061572258,0.5770040689107488,0.9775571427503112,0.9784163421678115,0.07671893724647694,0.0008591994175002338,0.0471452156078435,0.9764369880086763,-0.21058997386825926,0.10338619791013515,0.0,0.9946412891498554
147,09182024053704628,0,0,PianoTiles,0,0.0,0,5.6955279999999995,1.0527793880999998,-4.2594514,7.189597336969169,2.05427,2.262117819,1.2463520000000003,5.791798706230022,1.4985965627014768,1.0527793880999998,0.002433181,False,0.6725884214740839,0.5535748640175417,0.9179384488205298,0.9283146041049645,0.11901355745654218,0.010376155284434696,0.09123262447436846,0.9664701487778258,-0.24002512317023375,-0.3124441165470533,0.0,-0.9499361420827884
148,09182024053705148,1,0,PianoTiles,0,0.0,0,5.666386900000001,1.073939359,-4.265558700000001,7.173303093446327,1.776509,2.2184244100000003,1.5408339999999998,6.072505268960197,1.4516893526141648,1.073939359,0.04520059,False,0.6463009904595538,0.5427482009230892,0.8879553956963437,0.9000870918285453,0.10355278953646463,0.012131696132201553,0.10697516563217109,0.9643300172406845,-0.24212379434196588,-0.45754335781079075,0.0,0.8891873119445793
149,09182024053705629,0,0,PianoTiles,0,0.0,0,5.6714552,0.98217414,-4.1727413,7.109278450280131,1.2410769999999998,2.5055511,1.0946519999999995,3.4039099830942923,1.297771566789591,0.98217414,0.2420791,True,0.6515550742416176,0.5426288121309447,1.0602814386146917,1.0485737477975308,0.10892626211067291,0.011707690817160943,0.1104058246089859,0.9648955723922632,-0.2383004160093236,-0.3888486682243324,0.0,0.9213016407345441
150,09182024053706168,0,0,PianoTiles,0,0.0,0,5.6795935,1.09353163,-4.3630763,7.245000245043087,1.4915669999999999,2.0585698,1.8964949999999998,5.823177999458566,1.4038578252077323,1.09353163,0.2127202,False,0.6438196814722268,0.550090702834769,0.8997784665061951,0.9049285239288017,0.09372897863745777,0.0051500574226066576,0.09966346602322715,0.963740917183295,-0.24752906513566916,-0.29666075544290754,0.0,0.9549829297846341
151,09182024053706651,0,0,PianoTiles,0,0.0,0,5.7092762,0.9850118699999999,-4.1995959,7.155605413605766,1.2108459999999992,2.3973626,1.0955650000000001,3.1802465245185996,1.305175045008855,0.9850118699999999,0.1206406,True,0.6384851092766373,0.5575518098669306,1.0183130984295794,1.0041525929474515,0.08093329940970662,0.014160505482127883,0.08171710013985695,0.962043972762038,-0.2603722527785315,-0.3229949203244013,0.0,0.9464006981425117
152,09182024053707156,0,0,PianoTiles,0,0.0,0,5.7267395,0.9434299100000001,-4.2694488999999995,7.205123122171755,1.102455,2.537268,0.8679480000000002,2.427844796634688,1.347793399549103,0.9434299100000001,0.252851,True,0.6500316941959446,0.5581386067547737,1.0040497885629227,1.00233379028845,0.09189308744117097,0.0017159982744727742,0.0635693558994784,0.9598694047391628,-0.27314769418065915,-0.16338519703304624,0.0,0.986562353523827
153,09182024053707625,0,0,PianoTiles,0,0.0,0,5.737996300000001,0.9818127569999999,-4.270689900000001,7.219927288455449,1.184977,2.3821586,0.7014039999999997,1.9799254215710373,1.2717897494029566,0.9818127569999999,0.1421796,True,0.5729021494007503,0.544954426112643,0.9257551599667011,0.9311103579483798,0.02794772328810735,0.0053551979816787165,0.019041087660593384,0.9363568516531378,-0.35053285629584796,0.031439217491148044,0.0,-0.9995056656185318
154,09182024053708123,0,0,PianoTiles,0,0.0,0,5.7966561,0.9230097500000001,-4.4082433000000005,7.340693286894444,1.072196,2.2619713999999997,0.8049289999999996,1.9521755385466997,1.2182620345169843,0.9230097500000001,0.1718024,True,0.5871224676206827,0.5584933331287043,0.8810878426287869,0.8824302191794489,0.028629134491978347,0.001342376550661939,-0.0014372308565054068,0.8117819078009136,-0.5839589613445231,0.862524495105756,0.0,-0.5060153113716627
155,09182024053708647,0,1,PianoTiles,0,0.0,0,5.7892965,0.9128607309999998,-4.672479300000001,7.495420701204343,1.362552,2.1919728,1.3154699999999995,3.928883891353677,1.2558099237998028,0.9128607309999998,0.1660728,True,0.5647409928648707,0.5641981029583846,0.8671509744906073,0.8724945176180628,0.0005428899064860992,0.005343543127455552,-0.007783728508501529,0.8295318292628936,-0.558405191424886,0.2735176071184547,0.0,-0.961866996313001
156,09182024053709161,0,1,PianoTiles,0,0.0,0,5.702226600000001,0.8902252,-4.845111899999999,7.53544945096072,1.121746,2.3985545000000004,1.0823539999999996,2.912148028678193,1.2787782638970135,0.8902252,0.3192525,True,0.6187367328630169,0.603584221667109,0.9301500369777393,0.928972234704913,0.01515251119590788,0.0011778022728263782,0.05096316411097163,0.9475988202752781,-0.31537157721757253,0.01739890376933932,0.0,-0.9998486276170134
157,09182024053709658,0,1,PianoTiles,0,0.0,0,5.6383277,0.8161527399999999,-4.9359446999999985,7.537930394282961,1.2661529999999992,2.5015398,1.0380989999999999,3.2880043089203115,1.3371134478770876,0.8161527399999999,0.4190388,True,0.6786355172594496,0.6001404730311397,1.047696601387162,1.0477228871227402,0.07849504422830988,2.6285735578168712e-05,0.043567566644080694,0.9655164941830229,-0.25667054096105024,-0.11719420068231633,0.0,-0.9931090168387522
158,09182024053710155,0,1,PianoTiles,0,0.0,0,5.643779200000001,0.74810388,-4.9068045,7.515892061149092,1.21026,2.3481391,0.859343,2.442131490113312,1.2235247033391459,0.74810388,0.3964591,True,0.681361358831193,0.5952152081171651,1.003097594625912,1.0090604717910667,0.08614615071402787,0.005962877165154756,-0.04006691360765869,0.8624753320549605,-0.5045105985315294,0.06463212588598224,0.0,-0.9979091583423105
159,09182024053710626,0,1,PianoTiles,0,0.0,0,5.6395653,0.68904226,-5.094146099999999,7.630845333066003,1.2343659999999996,2.0017939,0.9662559999999996,2.3875667162359733,1.0984356292500022,0.68904226,0.2831559,True,0.6506209014773193,0.5585454872081236,0.8116077829555419,0.8155662396145946,0.09207541426919574,0.0039584566590527,-0.016011612963494033,0.7276757256938974,-0.6857343993749819,0.23135044645431946,0.0,-0.9728704800359538
160,09182024053711141,0,1,PianoTiles,0,0.0,0,5.566914,0.59708518,-5.323613,7.725794300221864,1.0876669999999997,2.0540309999999997,0.7808659999999996,1.7445340859311549,1.1769155966138236,0.59708518,0.316065,True,0.6483313999886864,0.5493214881325962,0.849313029380711,0.8505193942148296,0.0990099118560902,0.0012063648341186228,0.06159398808467267,0.84358825707477,-0.5334463732723065,0.28479195667324303,0.0,-0.9585893497291871
161,09182024053759572,0,0,PianoTiles,0,0.0,0,5.8254193999999995,0.6701203099999999,-1.8815121999999995,6.158300136768236,0.9683009999999994,2.2343785,0.7030940000000001,1.521179681745712,1.2625835192272692,0.6701203099999999,0.3449395,True,0.6610280423471082,0.6508029566850555,0.9400178156184542,0.9383702027943392,0.010225085662052713,0.0016476128241149635,-0.020730675966303753,0.9997690667591628,0.005661468492610592,-0.07514210635183222,0.0,-0.9971728354969412
162,09182024053801552,0,0,PianoTiles,0,0.0,0,5.8209751999999995,0.76589331,-1.8994958,6.170772166879558,0.9802869999999997,2.2027335,0.7506030000000001,1.620785325427627,1.155697698067537,0.76589331,0.3231955,True,0.5598107401024031,0.6559181563723405,0.9446348457246588,0.9433548025318148,0.09610741626993746,0.001280043192844027,0.0052704549616526064,0.999515106085787,-0.030688353015685704,0.06326824270468613,0.0,-0.9979965578422909
163,09182024053802072,0,0,PianoTiles,0,0.0,0,5.8207736,0.76183204,-1.8993161000000005,6.170023906545803,0.978904,2.2029674,0.7530140000000003,1.6238698715067856,1.1570272672710058,0.76183204,0.3236184,True,0.5359817777676774,0.6566977257661548,0.9484073680442863,0.9484995710710733,0.1207159479984774,9.220302678702996e-05,0.0071731243339348705,0.999371345531417,-0.034719735281464055,0.07661725797668911,0.0,-0.9970605777885982
164,09182024053802586,0,0,PianoTiles,0,0.0,0,5.8299052,0.75744684,-1.8923526,6.175962979094012,0.9615579999999992,2.2120578,0.6937340000000001,1.4755873927738667,1.1558787761488944,0.75744684,0.3351238,True,0.5202294672094225,0.6547759719125007,0.9383642892746932,0.939080369760485,0.13454650470307816,0.000716080485791859,0.006549814252045126,0.9991897631777781,-0.039710415434739556,0.19318168046040873,0.0,-0.9811630029380911
165,09182024053803071,0,0,PianoTiles,0,0.0,0,5.8631245,0.6721814700000001,-2.0134412,6.235543464443901,0.9517790000000002,2.230561,0.9783459999999999,2.0770296518094167,1.2473801625218477,0.6721814700000001,0.369718,True,0.5641086674535412,0.6463349489457381,0.9948233486674907,0.9924428489793302,0.0822262814921969,0.0023804996881604534,0.0056946553630486275,0.9975728521189327,-0.06939723060464509,0.22608080985496334,0.0,-0.9741085501191968
166,09182024053803576,0,0,PianoTiles,0,0.0,0,5.866839099999999,0.6426812599999998,-1.9392626,6.212373110092692,0.9693379999999996,2.1961309,0.7109040000000002,1.513367554377829,1.2377408760598472,0.6426812599999998,0.3475029,True,0.6387239326226944,0.6574981561656654,0.9368735618296418,0.9267474426406634,0.01877422354297098,0.010126119188978322,-0.0037426338363540676,0.9958043515925666,-0.091431318711231,0.0725203458294341,0.0,-0.9973669332000029
167,09182024053804102,0,0,PianoTiles,0,0.0,0,5.7961267,1.1106136400000002,-4.471704,7.404369253584194,1.0036519999999998,2.1922095,0.6949300000000003,1.528995722038894,1.2298065151976305,1.1106136400000002,0.1209905,False,0.6586575868939792,0.6729409193064423,0.9405694940703532,0.9292911558875184,0.014283332412463046,0.011278338182834746,-0.010930998022816496,0.9956330887550732,-0.09271065665962001,-0.009782212212334739,0.0,-0.9999521530174496
168,09182024053804571,1,0,PianoTiles,0,0.0,0,5.785183099999999,1.1218378199999999,-4.4632612,7.392399078400286,1.0200820000000004,2.1897206999999996,0.6793100000000001,1.5173711270231753,1.2195348272205768,1.1218378199999999,0.1252213,False,0.6027861405656235,0.6692582867279272,0.9420979483734643,0.933660301942741,0.06647214616230368,0.008437646430723311,-0.013822234890329325,0.9959840339005455,-0.08845761718378899,-0.061994911828348286,0.0,-0.9980764654611366
169,09182024053805057,1,0,PianoTiles,0,0.0,0,5.7750467,1.1281542100000002,-4.4739415,7.3918907496082396,0.995247,2.1900714,0.6775830000000003,1.4769019106009778,1.2129876372349404,1.1281542100000002,0.1297516,False,0.6142982024106856,0.6463745537240774,0.9390652064186172,0.9330198318121701,0.032076351313391815,0.0060453746064471625,-0.012203199320241286,0.9926672683062444,-0.1202612837107983,-0.055004745884906225,0.0,-0.998486093007878
170,09182024053805581,0,0,PianoTiles,0,0.0,0,5.762074800000001,1.124848027,-4.467143200000001,7.377137483736297,0.9965469999999996,2.2450496199999996,0.6631600000000004,1.4836861860021848,1.2100618903934617,1.124848027,0.08028138,False,0.5871324110258269,0.6576036872661217,0.9271679219307601,0.9262417882482782,0.07047127624029481,0.0009261336824819555,0.011667252119631035,0.9836397150907914,-0.17976870173665818,-0.04248038820959968,0.0,-0.9990973008759265
171,09182024053806087,0,0,PianoTiles,0,0.0,0,5.7491593000000005,1.11667862,-4.4539941999999995,7.357843986574819,0.9115990000000007,2.1999117,0.6682689999999996,1.340171582915207,1.214997491454807,1.11667862,0.1258073,False,0.6272087819649846,0.6771875751577258,0.9172194703333603,0.9121207263221301,0.04997879319274112,0.005098744011230116,0.02513902429986525,0.9793862872908884,-0.20042587089450264,-0.04937153705776438,0.0,-0.9987804820522644
172,09182024053806555,0,0,PianoTiles,0,0.0,0,5.742747,1.1151130999999999,-4.4078496000000005,7.324736065417017,0.8665989999999999,2.1793714,0.6729019999999997,1.2708703572341318,1.2234909917048715,1.1151130999999999,0.1550626,False,0.6373854702430867,0.6278059299457117,0.9108436363369732,0.9055978822839862,0.009579540297374955,0.005245754052986995,0.028879562119654822,0.9795209338600532,-0.19926041007110853,-0.0852133529497419,0.0,-0.9963627273634149
173,09182024053807078,0,0,PianoTiles,0,0.0,0,5.7847783,1.1792498560000002,-4.084870199999999,7.1791681101555875,0.858587,2.39676628,0.6385690000000004,1.314067958708135,1.2620042032148984,1.1792498560000002,0.02767372,False,0.6457855674324102,0.6175850816211478,0.958085216195053,0.9559879926460951,0.028200485811262443,0.002097223548957916,0.0012003947161951438,0.9924340624939313,-0.12277292313175867,-0.07880781933229976,0.0,-0.9968898272186789
174,09182024053807565,1,0,PianoTiles,0,0.0,0,5.865256799999999,1.2549917594999997,-3.8683608,7.1372583619577465,1.0552479999999997,2.512875555,0.7004859999999997,1.8574835621190269,1.389273522367789,1.2549917594999997,0.005788445,False,0.629625433233125,0.6141173173083463,1.0595515591087759,1.0609768596805598,0.015508115924778743,0.0014253005717839162,-0.02171289723042981,0.9887366026535562,-0.148082681860387,-0.09061608558388837,0.0,-0.9958858996056995
175,09182024053808066,0,0,PianoTiles,0,0.0,0,5.9061574,1.38449084,-3.7938235,7.15490089859887,1.3824119999999995,2.2967999,1.2591039999999998,3.9978110057580363,1.4869912701807357,1.38449084,0.3085081,False,0.6235135899192574,0.6237503992423566,1.0924505574819803,1.0934630562929,0.00023680932309921854,0.001012498810919693,0.010351510018844365,0.9899440604460743,-0.14108013122998184,-0.09371143313671937,0.0,-0.9955994010140133
176,09182024053808555,1,0,PianoTiles,0,0.0,0,5.9342821,1.38992827,-3.5174757999999997,7.037061932490806,0.8681100000000006,2.4434893,0.6232599999999997,1.3220700166959474,1.2772496364711416,1.38992827,0.2190077,False,0.5965418014992748,0.6300523712113144,0.988774466770355,0.9867038342124196,0.033510569712039584,0.0020706325579353813,0.011041667425070664,0.9841467615565614,-0.17701195806556907,-0.0836527858177307,0.0,-0.996494963070528
177,09182024053809091,1,0,PianoTiles,0,0.0,0,5.934047500000001,1.4147217699999999,-3.4961529999999996,7.0311765173530665,1.3661660000000007,2.2922358999999997,0.6910780000000001,2.1641624154670898,1.2721961849189132,1.4147217699999999,0.2605631,False,0.5818289071840623,0.6156354971653276,0.9528695119492543,0.9746015572897265,0.03380658998126529,0.02173204534047224,-0.23690456036029195,0.8877904956700513,-0.39459379756709473,-0.02201720451077213,0.0,-0.9997575919719394
178,09182024053809570,1,0,PianoTiles,0,0.0,0,5.858003300000001,1.4311150000000001,-3.4505462000000002,6.947701913897166,1.1401890000000003,2.3298632,0.638274,1.6955649189118307,1.2367342323927848,1.4311150000000001,0.2748488,False,0.5804445491526302,0.6114868177401703,0.8992300135893153,0.8880423071629189,0.03104226858754011,0.011187706426396438,-0.06582665386862052,0.905283876814802,-0.41967601077452976,-0.04075533140062303,0.0,-0.9991691563306112
179,09182024053810213,1,0,PianoTiles,0,0.0,0,5.869681099999999,1.5094432,-3.5691534,7.033521947250538,0.8766369999999997,2.0499554,1.2462600000000004,2.239612410334808,1.2034708666343898,1.5094432,0.6353986,False,0.6145595848776587,0.6374381560794742,0.8348518263743333,0.8288467554116143,0.022878571201815467,0.006005070962718961,0.05083635113026896,0.9552081375152516,-0.2915357258183024,-0.017180881424280394,0.0,-0.9998523977635324
180,09182024053810669,1,0,PianoTiles,0,0.0,0,5.8850379,1.47339263,-3.5476613,7.027834490516437,0.866358,2.2216823,1.1485539999999999,2.210704848522454,1.2454545512570407,1.47339263,0.4803267,False,0.6380356111252725,0.6539860622253354,0.8945261440750014,0.8948358139354724,0.01595045110006288,0.00030966986047098466,0.06494929975516903,0.9626091884161496,-0.26299265928560617,-0.013941117055255955,0.0,-0.9999028179054461
181,09182024053811180,1,0,PianoTiles,0,0.0,0,5.8902237,1.4326049800000002,-3.4137150999999997,6.957049881144342,0.8694060000000006,2.4157326,0.6522410000000001,1.3698707366092697,1.2674274455078287,1.4326049800000002,0.2825324,False,0.6328788215456417,0.6603210885879688,0.951074409274248,0.9549331176668657,0.027442267042327106,0.0038587083926177046,0.029417274469226495,0.9625762088576988,-0.26940984782287003,-0.0515831551024399,0.0,-0.9986687028788265
182,09182024053811549,1,0,PianoTiles,0,0.0,0,5.857608699999999,1.41054345,-3.4576656999999997,6.946701706537432,1.3080670000000003,2.3749212,0.6382919999999999,1.982889873832817,1.2822342347666216,1.41054345,0.2514318,False,0.6360383592614522,0.6156575620570254,0.9512175372727524,0.963145780189837,0.02038079720442687,0.011928242917084608,-0.1203835899843704,0.9081894522299482,-0.40087368349736047,-0.04703841917990299,0.0,-0.9988930809256092
183,09182024053812086,1,0,PianoTiles,0,0.0,0,5.7666444,1.4005712600000002,-3.489771600000001,6.884351335496752,0.9767320000000002,2.3727400999999997,0.6414659999999999,1.4866174580608436,1.2314073960278566,1.4005712600000002,0.2586799,False,0.6174872180911927,0.6497089944098046,0.9474853027130341,0.9460817212845253,0.032221776318611894,0.0014035814285088266,-0.026123000638492995,0.9347207094098204,-0.35442176039013645,-0.10489067949977267,0.0,-0.9944837582153245
184,09182024053812582,1,0,PianoTiles,0,0.0,0,5.762281300000001,1.5087703500000003,-3.6545259000000003,6.988263969194326,1.2600189999999998,1.9666588999999999,1.4230209999999999,3.526285285657869,1.3445564486113861,1.5087703500000003,0.6972251,False,0.6170351598620618,0.6430149348234452,0.9635567313659379,0.9587121166512709,0.025979774961383373,0.004844614714667017,0.008593075578591255,0.9745271581802124,-0.22410483489050337,-0.054639651258800125,0.0,-0.9985061384439842
185,09182024053813048,1,0,PianoTiles,0,0.0,0,5.7657715,1.4163838700000002,-3.4287595000000004,6.856140019445977,1.1241829999999995,2.4267823,0.6479760000000003,1.7677740437841107,1.3048630674775912,1.4163838700000002,0.2407087,False,0.6408819924806751,0.6511517967885831,1.0117574172595376,1.0068169758665177,0.010269804307908026,0.0049404413930198565,0.011351311109568364,0.9811688582683005,-0.19281809899636923,-0.04511945700452077,0.0,-0.9989815987292344
186,09182024053813557,1,0,PianoTiles,0,0.0,0,5.779363900000001,1.50442331,-3.6044429,6.975410038388782,1.550306,1.9971049,1.3428020000000003,4.157481108826094,1.381624735423398,1.50442331,0.6713991,False,0.6494038464699758,0.6508742585215672,0.9381643476165626,0.9351965591949104,0.0014704120515913743,0.00296778842165224,0.0007191097465157569,0.980005889115713,-0.19896718367533164,-0.06744840750091978,0.0,-0.9977227632592082
187,09182024053814080,1,0,PianoTiles,0,0.0,0,5.7550659,1.40224302,-3.4757703999999996,6.8678998881752555,0.8780030000000005,2.4336474,0.6550879999999997,1.3997590993583375,1.2615075563480111,1.40224302,0.2217066,False,0.6428801867758875,0.6536028368734333,0.9938874804418053,0.9942778155532586,0.010722650097545805,0.00039033511145325495,-0.006340717962848301,0.9806952334132277,-0.195439644024161,-0.09012822066878062,0.0,-0.995930170162085
188,09182024053814584,1,0,PianoTiles,0,0.0,0,5.7683811999999985,1.3909740300000002,-3.3412510000000006,6.809771557522974,1.224831,2.3913610000000003,0.7368860000000002,2.158348736146679,1.2743203278084914,1.3909740300000002,0.272868,False,0.5870831103293638,0.602854607966133,0.970704095401374,0.970518284156919,0.015771497636769216,0.00018581124445504749,-0.013215091753843038,0.9755886337716859,-0.21920807240024817,0.4080886787417205,0.0,-0.9129422929642578
189,09182024053815082,1,0,PianoTiles,0,0.0,0,5.7806262,1.42687052,-3.4596294,6.8862641780805856,1.2521490000000002,2.1785258,1.345252,3.669630738518239,1.2708432607588485,1.42687052,0.4956232,False,0.5944900981799445,0.6199998871653122,0.8257914195517169,0.8257855808162312,0.02550978898536771,5.838735485652613e-06,-0.009052224012012564,0.9749366222048902,-0.2222985378362975,0.7650044388759463,0.0,0.6440250061139696
190,09182024053815587,1,0,PianoTiles,0,0.0,0,5.8042824,1.4482454599999999,-3.5034802,6.932638935005372,1.1830110000000005,2.1390160000000003,1.473675,3.729104314053844,1.3027945231872338,1.4482454599999999,0.542188,False,0.5779870043919673,0.6058507804228694,0.8264782332826436,0.8264438463728553,0.027863776030902176,3.4386909788297615e-05,-0.006512802464366667,0.9740268860063844,-0.226338703585502,0.862104455353258,0.0,0.5067306069896139
191,09182024053816067,1,0,PianoTiles,0,0.0,0,5.8059988,1.38468632,-3.382682,6.860722686679632,1.1318479999999997,2.4056759,0.915082,2.4916396767732243,1.297473226054142,1.38468632,0.2756701,False,0.5645584044374862,0.5956869563839718,0.8996987584476318,0.8996946643288543,0.031128551946485672,4.0941187775533905e-06,-0.0027708893589353236,0.9745137729406596,-0.22431056266061383,0.9644385592687231,0.0,0.2643071421578872
192,09182024053816554,1,0,PianoTiles,0,0.0,0,5.803683400000001,1.47884796,-3.3779776,6.876079185286735,1.1589079999999994,2.0879119,0.967422,2.3408688891398017,1.1996368953978207,1.47884796,0.5901461,False,0.530742542452553,0.5906847957557398,0.7505241999168382,0.7489796748685842,0.05994225330318681,0.0015445250482539752,0.004701111674075135,0.9774960200897734,-0.21090147049672517,0.5901091583846194,0.0,0.8073234675089014
193,09182024053817078,1,0,PianoTiles,0,0.0,0,5.7872272,1.42341857,-3.3945067,6.858629223553755,1.3058829999999997,2.2967876,0.9745020000000002,2.9228588151455677,1.30177540894815,1.42341857,0.3779204,False,0.5596777881942429,0.617023556274799,0.9209426482620349,0.9209559383752081,0.057345768080556137,1.3290113173192175e-05,0.02412318387445882,0.9796140095060127,-0.19943536391350566,0.8430827404601942,0.0,0.5377838717720428
194,09182024053817596,1,0,PianoTiles,0,0.0,0,5.716221800000001,1.4198001599999999,-3.2938532,6.74836965972386,1.2281890000000004,2.1047977,0.8925800000000002,2.3073990809116207,1.2346343755371572,1.4198001599999999,0.5438663,False,0.6530779499546742,0.6040442978490898,1.0007069222361211,0.9945726267014844,0.04903365210558441,0.006134295534636736,0.04759366396846378,0.9775915605341612,-0.2050599520199891,0.4253547470703714,0.0,0.9050267063157309
195,09182024053818092,1,0,PianoTiles,0,0.0,0,5.7088130999999995,1.4159767799999998,-3.3243514,6.756245220750408,1.1469490000000002,2.0823655,0.929065,2.2189482127382867,1.207477694239384,1.4159767799999998,0.5405475,False,0.5811827110203813,0.5840013938519326,0.9221317918108506,0.916869308855548,0.002818682831551289,0.0052624829553026276,0.030720367210016787,0.9877976257875858,-0.15268303614642478,0.9710958088118931,0.0,0.23869002934344624
196,09182024053818568,1,0,PianoTiles,0,0.0,0,5.7205556,1.4227349,-3.3423423,6.77644324249371,1.0821779999999999,2.0409028,0.894136,1.97480675094177,1.1659759179463614,1.4227349,0.5318592,False,0.6347963244049227,0.5532136260812818,0.9038112669494888,0.9035142162320636,0.08158269832364096,0.0002970507174251402,0.03513457622840814,0.9454671528755675,-0.323816961239862,0.8108015585727842,0.0,0.5853211363140272
197,09182024053819092,1,0,PianoTiles,0,0.0,0,5.7378219999999995,1.452867,-3.4072124,6.829532938795065,1.007187,1.9906986999999998,0.7479460000000002,1.4996361066485775,1.1804166584863838,1.452867,0.5607983,False,0.5203804536038995,0.5566499388915801,0.7828570153876697,0.7798484208268232,0.03626948528768059,0.003008594560846567,0.035735110771078826,0.7681377832463627,-0.6392865928576498,0.39000193559811114,0.0,-0.9208140367249658
198,09182024053819592,1,0,PianoTiles,0,0.0,0,5.7359062000000005,1.49307852,-3.3893969,6.827731303135285,1.1038709999999998,2.0513112,0.6782030000000003,1.535711306892194,1.1462637882737987,1.49307852,0.5614848,False,0.5086692441272616,0.5443042805178,0.7805515213608647,0.7766957827891433,0.035635036390538444,0.00385573857172139,0.017376462020714363,0.8611065887625139,-0.5081274459792834,0.29927212267562964,0.0,-0.9541678031610702
199,09182024053820093,1,0,PianoTiles,0,0.0,0,5.791898300000001,1.53305275,-3.3691349,6.87367489966055,1.0298489999999996,2.1472363000000003,0.6727059999999998,1.4875743914305266,1.1683327781413406,1.53305275,0.5501997,False,0.615491580496435,0.5634300206636136,0.8256163551179444,0.8172332838049916,0.05206155983282146,0.008383071312952795,0.015433432789626403,0.9412851367650359,-0.337259692903786,0.6522482971447561,0.0,-0.7580053818224287
200,09182024053820582,1,0,PianoTiles,0,0.0,0,5.787605899999999,1.5183481100000003,-3.3393349,6.852220122793296,1.0301549999999997,2.1610171,0.6885089999999998,1.5327467355360043,1.188900263605771,1.5183481100000003,0.5442789,False,0.5116002209782554,0.5663390428409468,0.8360407682520273,0.8278103366974888,0.05473882186269141,0.008230431554538509,0.028900846373904526,0.955972298485749,-0.2920303162460119,0.7005676199535392,0.0,-0.713586021354562
201,09182024053821212,1,0,PianoTiles,0,0.0,0,5.764128199999999,1.50748385,-3.3465289,6.833515723445821,1.0306059999999997,2.1658682000000002,0.7019730000000002,1.566913778782121,1.1974290025158372,1.50748385,0.5371178,False,0.5483250301800935,0.575302086453717,0.8367405374958777,0.8293160855241146,0.026977056273623568,0.007424451971763113,0.03255276551932416,0.9530076979620181,-0.30119204020388496,0.3932723817269605,0.0,-0.9194220107060761
202,09182024053821673,1,0,PianoTiles,0,0.0,0,5.7269364,1.4872352500000001,-3.3391461000000007,6.79408315342348,1.226082,2.1869084,0.7113450000000001,1.9073499952095236,1.2230136810211207,1.4872352500000001,0.5200026,False,0.6453539817139116,0.5772361269515275,0.8374003015741098,0.8310106443792163,0.06811785476238408,0.006389657194893483,0.029412456840036082,0.9508228866693065,-0.3083354432569831,-0.241491535943105,0.0,-0.9704029256282362
203,09182024053822127,1,0,PianoTiles,0,0.0,0,5.7264145,1.4656777399999998,-3.3046204,6.772041808157855,1.1345410000000005,2.2021965,0.7411910000000002,1.8518525346100052,1.253305323426705,1.4656777399999998,0.5098785,False,0.5946458882738533,0.5587573411651965,0.8385637899709301,0.8349424849594432,0.035888547108656854,0.0036213050114868306,0.02465606569410847,0.9502588457612664,-0.3104838232129871,-0.2891448340566075,0.0,-0.9572853623337071
204,09182024053822591,0,0,PianoTiles,0,0.0,0,5.7199235,1.4359493200000002,-3.408995,6.811807557872265,1.1098619999999997,2.3557195,0.8569049999999998,2.2403983075048197,1.2763612803852333,1.4359493200000002,0.3563025,False,0.5491405660293184,0.5621260613154313,0.9003940345651397,0.900339045403036,0.012985495286112925,5.498916210366911e-05,0.031418930599637115,0.9571440978288819,-0.28790280789063366,0.9199511354440105,0.0,-0.392033045029722
205,09182024053823082,0,0,PianoTiles,0,0.0,0,5.7427583,1.4497847099999999,-3.5313083000000005,6.895744115555447,1.1122759999999996,2.2091952,1.3477080000000004,3.3116349982092887,1.3145829701948704,1.4497847099999999,0.4916958,False,0.5523195113012033,0.5657186589295072,0.818196647405769,0.8136242284258072,0.013399147628303965,0.004572418979961856,0.04422432351485862,0.9615447740243215,-0.2710643037291508,0.9996560319106126,0.0,-0.026226281946325633
206,09182024053823595,1,0,PianoTiles,0,0.0,0,5.687123,1.3912289799999997,-3.3297964,6.735460649233562,1.1206389999999997,2.3431775999999997,0.8020050000000003,2.105949803675105,1.2774408222568594,1.3912289799999997,0.3078644,False,0.5172679566858939,0.5637783468899812,1.039940185928191,1.0409555079765707,0.046510390204087315,0.0010153220483797298,0.013770767678604258,0.9523755096694343,-0.30461656970596185,0.9961982885500413,0.0,0.0871146938809315
207,09182024053824112,1,0,PianoTiles,0,0.0,0,5.641483199999999,1.3932386700000001,-3.3431402000000006,6.7040311070520575,1.3228839999999993,2.2905157,0.6376119999999998,1.9320195588862168,1.2608781208566147,1.3932386700000001,0.3441253,False,0.6607680031644996,0.5861964676565359,0.9766920249461903,0.9801634854963533,0.0745715355079637,0.003471460550163008,0.015116528461394167,0.9485272021876601,-0.3163346918650017,-0.9980278035660614,0.0,-0.06277342836824328
208,09182024053824653,1,0,PianoTiles,0,0.0,0,5.5750092,1.5753114799999999,-3.5779966,6.809140438316424,1.795229,2.3993059,0.9407319999999997,4.052018265843128,1.5517216378197243,1.5753114799999999,0.3924291,False,0.757739946832025,0.5837209608828519,0.961975882344921,0.9455735157908188,0.1740189859491731,0.01640236655410221,0.04706142003141194,0.9520468206593435,-0.30231122046173337,0.15933049894174386,0.0,-0.9872252995679228
209,09182024053825161,1,0,PianoTiles,0,0.0,0,5.5799681,1.5606719000000002,-3.5186909999999996,6.778858836850655,1.2168920000000005,2.6403315,0.6313120000000003,2.0284043699527055,1.3643250482902598,1.5606719000000002,0.2532665,False,0.6935200068036969,0.5630887031765068,0.9540679051489206,0.9672651929213878,0.13043130362719002,0.013197287772467203,0.06388652456054779,0.9597175285337576,-0.27360697616221447,0.3477075088654132,0.0,-0.9376030547511077
210,09182024053825592,1,0,PianoTiles,0,0.0,0,5.607039500000001,1.5498010399999997,-3.5283344999999997,6.803669565906003,1.1362059999999996,2.5548893,0.6662839999999997,1.9341428657059678,1.3458760717342348,1.5498010399999997,0.2637277,False,0.614923709347753,0.5541207282289664,0.9275366984665835,0.9238699909449867,0.06080298111878657,0.0036667075215968126,0.05424597316635796,0.9583161828611915,-0.2805128661248719,0.4355340134345766,0.0,-0.9001722741462158
211,09182024053826091,1,0,PianoTiles,0,0.0,0,5.6404974,1.54729888,-3.6938921999999996,6.91767188645695,1.0977240000000004,2.4978860999999997,1.1675689999999999,3.2014619633204626,1.3961015342379224,1.54729888,0.2941839,False,0.5942444925432631,0.559632059715131,0.9571507083922624,0.9603076984290035,0.03461243282813209,0.003156990036741192,0.043199225329888936,0.9526435340527234,-0.30100518925499464,0.47408529583976305,0.0,-0.8804789221034905
212,09182024053826586,1,0,PianoTiles,0,0.0,0,5.6900395,1.5304786499999998,-3.6157511999999996,6.9132171345884625,1.0769349999999998,2.5401342000000002,0.774651,2.1191038438854624,1.331615223062087,1.5304786499999998,0.2197158,False,0.6016073053454387,0.5670211067932126,0.9434357580156109,0.9444641253191357,0.03458619855222611,0.0010283673035248464,0.03299114624036825,0.951240197014537,-0.30668171098631153,0.4835246308554657,0.0,-0.8753307554039704
213,09182024053827090,1,0,PianoTiles,0,0.0,0,5.6937815,1.53206174,-3.5410157,6.87787417248677,1.0983529999999995,2.5065626,0.7196250000000002,1.9811927880496414,1.2961437326200547,1.53206174,0.2496944,False,0.605785072772514,0.5619391724884464,0.9301902105811479,0.930705034391219,0.04384590028406765,0.0005148238100710634,0.02674024496635318,0.9559242063517658,-0.2923933498044815,0.5027821293721622,0.0,-0.8644131711074249
214,09182024053827611,1,0,PianoTiles,0,0.0,0,5.773512,1.64268922,-3.5504632999999997,6.9740704278272885,1.1517369999999998,2.2485557999999997,1.2241100000000005,3.170132643523967,1.3170877555983624,1.64268922,0.5573282,False,0.5962272212395204,0.5712988998562837,0.8128653890505119,0.8101970320971315,0.02492832138323675,0.002668356953380413,-0.00786623348060873,0.961863884390339,-0.2734154170421942,0.45800080557891726,0.0,-0.8889517771448926
215,09182024053828126,1,0,PianoTiles,0,0.0,0,5.7878529,1.6752549799999996,-3.5264324,6.981507424032647,1.2189159999999992,2.3638733,1.2928309999999996,3.725115392289376,1.371483687383881,1.6752549799999996,0.5191457,False,0.5647752448540918,0.5773574739873034,0.8586157538179053,0.8564274095018269,0.012582229133211609,0.0021883443160783944,0.0003499790890615837,0.965676628105992,-0.25974704511212204,0.4843620441058564,0.0,-0.8748676529793501
216,09182024053828636,1,0,PianoTiles,0,0.0,0,5.7683096,1.63840823,-3.3079180999999998,6.848364719105686,1.2449019999999997,2.5372947,0.7361070000000001,2.3251288486192663,1.295300401986081,1.63840823,0.3537453,False,0.571841932782128,0.5812207138884505,0.9533138980601773,0.9618654541545819,0.009378781106322509,0.008551556094404611,0.004050695430670281,0.9607149036362183,-0.27750759592807556,0.4897273162180434,0.0,-0.8718756538348071
217,09182024053829127,1,0,PianoTiles,0,0.0,0,5.7798273,1.6584324699999997,-3.4687922999999996,6.941852915174368,1.232551,2.5063505999999998,1.1335939999999995,3.501904182918616,1.3787312520330364,1.6584324699999997,0.4267324,False,0.5900891600673581,0.58206672413908,0.8754538030647647,0.8763962889756493,0.008022435928278115,0.0009424859108845274,0.007857921219207408,0.960389233875125,-0.2785512027094178,0.5401248497883098,0.0,-0.8415849016238087
218,09182024053829633,1,0,PianoTiles,0,0.0,0,5.7982642,1.70582031,-3.537751300000001,7.003240316001003,1.1971340000000001,2.3614476,1.362911,3.8529074345763643,1.375114604931326,1.70582031,0.5972154,False,0.5864344122013985,0.5812937191730184,0.8239788702864657,0.8217781961695566,0.00514069302838005,0.0022006741169090516,0.018971049245554497,0.967611822463974,-0.25172894215498864,0.5761279873394886,0.0,-0.8173594938606575
219,09182024053830146,1,0,PianoTiles,0,0.0,0,5.7535144,1.46973258,-3.2495258,6.76922888759026,1.1771209999999996,2.3791311000000004,0.759862,2.128012663993176,1.251621325171498,1.46973258,0.3414089,False,0.6077473777697437,0.5833058659537034,1.0125228045599812,1.01930956674163,0.024441511816040373,0.006786762181648864,0.020360284836978094,0.9695039954570447,-0.24422829810278682,0.08034937808154963,0.0,-0.9967667618063456
220,09182024053830657,1,0,PianoTiles,0,0.0,0,5.791981,1.4861578500000001,-3.3103035999999997,6.834750835520675,1.259411,2.2051201999999996,1.645896,4.570904415314656,1.3544597873117765,1.4861578500000001,0.5267248,False,0.5138093957159602,0.5704197879211416,0.8647959530677972,0.8650013393128879,0.05661039220518138,0.00020538624509069958,0.023934483367594888,0.9748339989831339,-0.22164344098681932,0.08537530324363053,0.0,0.9963488633987888
221,09182024053831063,1,0,PianoTiles,0,0.0,0,5.806016299999999,1.5142066399999998,-3.3943641999999996,6.893791072169754,1.221819,2.0320356,1.6577769999999998,4.11589509061195,1.3718102842912305,1.5142066399999998,0.6853914,False,0.6017357749361428,0.5834890594038589,0.813625505188081,0.8121847128566257,0.018246715532283964,0.0014407923314552207,0.02677724954384487,0.9820390418551738,-0.18676803575301307,0.15766519550285812,0.0,0.9874926258595784
222,09182024053831650,1,0,PianoTiles,0,0.0,0,5.7725995999999995,1.4324636600000002,-3.1202756999999997,6.716470704406537,1.166061,2.3476861,0.8670150000000003,2.3734927528369933,1.2767390556662725,1.4324636600000002,0.3569459,False,0.4661441648524628,0.587069123952197,0.984691695962249,0.9884161164792336,0.12092495909973422,0.003724420516984517,0.021929610853363157,0.98427453499277,-0.1752790116716393,0.13259963745952474,0.0,0.9911696808042519
223,09182024053832108,1,0,PianoTiles,0,0.0,0,5.7952733,1.5152367199999999,-3.2816281000000003,6.830096479994911,2.000107,2.0759442999999997,1.3140590000000003,5.456118468549528,1.52607743901555,1.5152367199999999,0.6262777,False,0.4406956022710007,0.534026199185021,0.8772628101961749,0.8736895765128767,0.09333059691402035,0.003573233683298205,0.021008180504750174,0.9841771207431406,-0.17593763485286842,0.1310188866796027,0.0,0.991379872366409
224,09182024053832594,1,0,PianoTiles,0,0.0,0,5.722384700000001,1.43212547,-3.1495509999999998,6.687027853853894,1.5757279999999998,2.4098813999999997,0.7474479999999999,2.838297444482621,1.3652916284838592,1.43212547,0.2853406,False,0.5272235184331215,0.5653788487280011,1.0653993257670147,1.0666392155150493,0.03815533029487961,0.0012398897480345727,0.07198877452313013,0.971738278025985,-0.22481622575283897,0.23723424899430426,0.0,0.9714524749590732
225,09182024053833091,1,0,PianoTiles,0,0.0,0,5.671517100000001,1.4329080800000003,-3.1987040999999996,6.667161292535115,1.498139,2.4357480000000002,0.44842499999999985,1.6363427675474689,1.313237035132219,1.4329080800000003,0.247976,False,0.5326454572659001,0.5691884638140516,0.99606898008142,0.9955624238720544,0.03654300654815157,0.0005065562093655718,0.1130324427932881,0.9576311586044918,-0.26488909178371417,0.36497660691202854,0.0,-0.9310166896500741
226,09182024053833615,0,0,PianoTiles,0,0.0,0,5.598518100000001,1.4467605300000002,-3.3016674999999998,6.658643197209905,2.48184,2.3228007,0.8056069999999997,4.644179095428236,1.5767893366210606,1.4467605300000002,0.3314643,False,0.8177989297296738,0.5735204720304236,0.8895644598082822,0.9209308817032305,0.24427845769925027,0.031366421894948204,0.1720412733487342,0.9386860152696589,-0.2987814669649309,-0.07736271132764513,0.0,-0.997003014486935
227,09182024053834170,0,0,PianoTiles,0,0.0,0,5.6262479,1.38811275,-3.2982129999999996,6.6678130921866705,1.8247090000000004,2.489814,0.7899669999999999,3.588967026021074,1.4570313180694752,1.38811275,0.151727,False,0.8909548576729351,0.5836412087036008,0.9796960304514104,1.0090076463436737,0.30731364896933433,0.029311615892263276,0.13885539563534466,0.949991052934569,-0.279707308533797,-0.05641515215631027,0.0,-0.9984073971116102
228,09182024053834575,0,0,PianoTiles,0,0.0,0,5.7280880000000005,1.3737477099999995,-3.2623736,6.7335916428345435,1.3010839999999995,2.4313096,0.4995780000000001,1.5803340811589257,1.2746448456575996,1.3737477099999995,0.2126364,False,0.7417655208258199,0.5670242767219055,1.05077812531642,1.0421365139084993,0.17474124410391445,0.008641611407920635,0.06540553669516437,0.9576295725421824,-0.2804776596492037,0.19283435962518167,0.0,-0.981231323260701
229,09182024053835104,1,0,PianoTiles,0,0.0,0,5.7637960999999995,1.4256734,-3.242369299999999,6.765120013970576,1.3571860000000004,2.3214692,0.763134,2.4043799638998142,1.2890726015475082,1.4256734,0.3449128,False,0.545842420004162,0.5332041149109785,1.0254955566027772,1.0310318314467504,0.012638305093183533,0.005536274843973121,-0.003056493718302408,0.9596643488173495,-0.2811316336791765,-0.005950209023136574,0.0,-0.9999822973495985
230,09182024053835618,1,0,PianoTiles,0,0.0,0,5.8064935,1.48062301,-3.4847580999999996,6.931893700771768,1.6820599999999999,1.9242437000000003,1.744996,5.648016962974959,1.5205706917530288,1.48062301,0.7539233,False,0.6455930094176983,0.5779192781141671,0.8816401700532306,0.8838945632121744,0.06767373130353116,0.0022543931589438237,-0.03037083411660567,0.958491357286406,-0.2834994364056564,-0.1568591608253641,0.0,0.9876209817866177
231,09182024053836102,1,0,PianoTiles,0,0.0,0,5.796395499999999,1.3932130500000002,-3.3417990000000004,6.83424201733532,1.6329000000000002,2.3872584000000003,1.004401,3.915310018176227,1.405608978192717,1.3932130500000002,0.2889956,False,0.5566573844313932,0.584059849800515,0.8871093692487754,0.8921467416457958,0.02740246536912172,0.005037372397020401,-0.04570545137633793,0.9541831760420147,-0.29571181625504694,-0.5893132327264048,0.0,0.8079046439608788
232,09182024053836657,1,0,PianoTiles,0,0.0,0,5.685442,1.3444310700000002,-3.3093411,6.71442359056193,1.2079090000000008,2.4523379,0.8548980000000004,2.532379727981607,1.3204951515581627,1.3444310700000002,0.2108831,False,0.6275974406416903,0.5917576351463496,0.9253440372193253,0.9213907466834088,0.035839805495340715,0.003953290535916532,0.03496486291775969,0.9793496912541687,-0.19912719704125434,0.158021941768234,0.0,0.9874356008974949
233,09182024053837068,1,0,PianoTiles,0,0.0,0,5.683564500000001,1.34891687,-3.3089952000000005,6.713563240296013,1.197222,2.4318523,0.8614000000000002,2.5079377378111514,1.3106636285654787,1.34891687,0.2266867,False,0.6099588656901381,0.5909940000626065,0.911843316542376,0.9156815185359427,0.018964865627531635,0.003838201993566659,0.042760025384757504,0.9829810486891913,-0.1786612385129818,0.20383780472508647,0.0,0.979004672800318
234,09182024053837588,1,0,PianoTiles,0,0.0,0,5.7337226999999995,1.46982465,-3.5549059,6.904586624852911,1.1727629999999998,1.9734185,1.7587679999999999,4.07040859064449,1.3773580433536234,1.46982465,0.6857955,False,0.5554776188092551,0.5831993996824756,0.8545014388993154,0.8548040508533229,0.027721780873220525,0.0003026119540074923,0.03402375295280287,0.9826751342214717,-0.18218662085295723,0.194300012815455,0.0,0.9809421517194141
235,09182024053838093,1,0,PianoTiles,0,0.0,0,5.7103444,1.3600266600000002,-3.3137022000000003,6.74079579521639,1.173623,2.4436429,0.92625,2.656406742273731,1.3028278464025533,1.3600266600000002,0.2171441,False,0.5610221511972587,0.5762724335433719,0.9883590891377738,0.985629967539142,0.015250282346113142,0.002729121598631812,0.026871830321970654,0.9777295262742389,-0.20814148598177057,0.14238763538213398,0.0,0.9898109725044901
236,09182024053838625,1,0,PianoTiles,0,0.0,0,5.7100875,1.5877376699999999,-3.5427987,6.904884705417967,1.1964889999999997,1.7381603,1.5989559999999994,3.325332290673647,1.242368917279263,1.5877376699999999,0.9250777,False,0.643520846296373,0.5644565175299155,0.811022725026247,0.8115202552819556,0.07906432876645741,0.0004975302557086447,0.023821415099264612,0.9771568460846123,-0.21118010875232027,0.02412232393600312,0.0,0.9997090144076558
237,09182024053839153,1,0,PianoTiles,0,0.0,0,5.663385299999999,1.3379496999999998,-3.3361813999999996,6.707767794854868,1.140854,2.5201544,0.7983009999999999,2.29521773942695,1.3290629616757594,1.3379496999999998,0.1437756,False,0.6294950244426082,0.5364687256653456,0.9358176926348207,0.9357648481722104,0.09302629877726254,5.284446261033526e-05,0.046782516862572746,0.9754443366411093,-0.21522021798796964,0.0886473885573046,0.0,0.9960630705442153
238,09182024053839592,1,0,PianoTiles,0,0.0,0,5.6651892,1.5372767699999998,-3.4503195,6.808986208787512,1.1600960000000002,1.907525,1.2136149999999999,2.6856233454264764,1.128063115453485,1.5372767699999998,0.75633,False,0.6486069367452065,0.5248181952771835,0.777399239576223,0.7732217087543524,0.12378874146802299,0.0041775308218706675,0.05778726486452427,0.970976326085737,-0.23208965121375347,0.03923643886727027,0.0,0.999229954447431
239,09182024053840118,1,0,PianoTiles,0,0.0,0,5.655855900000001,1.34358899,-3.3492021000000003,6.7090306335757965,1.1676149999999996,2.5072856999999997,0.8935379999999999,2.615872161479932,1.3223888077896604,1.34358899,0.1551203,False,0.6510571021700018,0.5175314381619729,0.9365928621699826,0.935937220942564,0.1335256640080289,0.0006556412274185686,0.06010883987978523,0.9649013792047854,-0.2556408726651695,0.059637971339644213,0.0,0.9982200721156091
240,09182024053840629,1,0,PianoTiles,0,0.0,0,5.691604699999999,1.56480892,-3.4821518000000005,6.853347516025791,1.1493469999999997,1.8227129,1.2144429999999997,2.544172592434567,1.099332115095514,1.56480892,0.8396301,False,0.6472726882273034,0.5221685931124161,0.7996121254584687,0.783297153675417,0.1251040951148873,0.016314971783051746,0.036313586721920574,0.9729023170335487,-0.22834711500288765,-0.052560132412527945,0.0,0.9986177609479904
241,09182024053914755,0,0,PianoTiles,0,0.0,0,5.9013480000000005,0.9530319000000003,-0.8819385400000002,6.042515503319702,1.3759520000000007,2.395557,1.1568188000000001,3.813073095904569,1.237837919950517,0.9530319000000003,0.223999,True,0.6041211220938147,0.5360611773632187,0.8995666351351411,0.8992020148776582,0.06805994473059607,0.00036462025748296156,-0.03015106502681049,0.9629280617185785,-0.2680680160568408,0.09572712973498072,0.0,0.9954076133085893
242,09182024053916768,0,0,PianoTiles,0,0.0,0,5.9158165,0.86611799,-1.30338636,6.119302348937167,0.8385569999999998,2.2680365,0.7725694,1.4693326551979138,1.1649999009407082,0.86611799,0.2418625,True,0.5620896594859223,0.6484297765170953,0.8727607926954786,0.866854755095085,0.08634011703117306,0.005906037600393543,0.018017284468233297,0.8749420943242737,-0.48389224941080067,0.13741021334636216,0.0,-0.9905142266863749
243,09182024053917264,0,0,PianoTiles,0,0.0,0,5.878941200000001,0.81282537,-1.28626744,6.072653344492607,0.7963850000000008,2.3032933,0.6700446000000001,1.229068327410005,1.227276593921146,0.81282537,0.2634823,True,0.618200763124052,0.6388435775677487,0.9141093257313865,0.9120268764333866,0.020642814443696644,0.0020824492979998332,0.01692178261113926,0.9394100741891513,-0.3423775193922559,-0.039483822228643856,0.0,-0.9992202098547731
244,09182024053917770,0,0,PianoTiles,0,0.0,0,5.899380600000001,0.8561595900000001,-1.28284198,6.097653995829516,0.9034699999999996,2.3164021,0.6126132,1.2820767856762452,1.1927389960598287,0.8561595900000001,0.2683301,True,0.6101158858290775,0.6018349307418438,0.9323555055732176,0.9365966598497134,0.008280955087233699,0.004241154276495851,0.01635226079871977,0.9616361998015631,-0.2738401409544969,-0.0011087583910676126,0.0,-0.9999993853272262
245,09182024053918261,0,0,PianoTiles,0,0.0,0,5.916967499999999,0.87133331,-1.28489786,6.117245184215226,0.9105990000000004,2.3263884,0.6259574,1.3260325069718044,1.1857211221798512,0.87133331,0.2712414,True,0.5677172659916201,0.6209238158920062,0.9440304683194076,0.9472105073853223,0.05320654990038609,0.003180039065914686,0.004946516994737424,0.9691775796592219,-0.24631352186900587,0.06607102441019869,0.0,-0.9978149225850388
246,09182024053918754,0,0,PianoTiles,0,0.0,0,5.9023669,0.83331808,-1.3102536100000002,6.103205597650183,0.8759830000000006,2.3430332,0.7531089,1.5457238230763108,1.2425803246089842,0.83331808,0.2750432,True,0.5221196109599792,0.8181326222828973,0.9547526609778262,0.9540058968251981,0.29601301132291813,0.0007467641526280877,-0.009655973144671703,0.9809380481399699,-0.19408067367457277,0.0323284914675232,0.0,-0.9994772977108757
247,09182024053919263,0,0,PianoTiles,0,0.0,0,5.9278267,0.82047321,-1.30306047,6.124563026211519,0.9872839999999998,2.2850094,0.6136193,1.3842964359773011,1.1761090981580644,0.82047321,0.2976154,True,0.5556210764297914,0.5778118533320341,0.9517991479743034,0.9496197434062805,0.022190776902242693,0.0021794045680229024,-0.03126704629670203,0.9046772413975556,-0.4249487742224807,0.1998007682190103,0.0,-0.9798365440312446
248,09182024053919757,0,0,PianoTiles,0,0.0,0,5.907319299999999,0.64969641,-1.4536748,6.118144911774681,0.9915710000000004,2.1663158,0.789866,1.6966763405623906,1.1892694495948923,0.64969641,0.3992118,True,0.5976867131980098,0.5663625282882334,0.7678068902336381,0.7666015377741491,0.0313241849097764,0.0012053524594890508,-0.042344714455769795,0.73030691896035,-0.6818054922602927,0.2593093253943166,0.0,-0.965794322702067
249,09182024053920268,0,0,PianoTiles,0,0.0,0,5.8531962,0.46221496999999995,-1.6056358000000004,6.087003758535737,0.813542,1.9295835,0.9999739999999999,1.569756405029286,1.1623882181654202,0.46221496999999995,0.4653835,True,0.611910279613155,0.6485884813832958,0.7615015420046699,0.7602608153072272,0.036678201770140806,0.0012407266974426845,-0.027585965776677396,0.5324240241594321,-0.8460281750568619,0.06967414931039644,0.0,-0.9975698035314984
250,09182024053920734,0,0,PianoTiles,0,0.0,0,5.9166489,0.5908156700000001,-1.7734592,6.204913770219003,0.8396460000000001,1.8966936,1.254012,1.9970783084741963,1.1868991941167955,0.5908156700000001,0.3408686,True,0.6247189924446029,0.6231584770235017,0.9029546844255253,0.9032486252214061,0.0015605154211012495,0.00029394079588085376,-0.04159069482177752,0.4503774231787981,-0.8918690435232449,-0.00031500463642824395,0.0,-0.9999999503860383
251,09182024053921237,0,0,PianoTiles,0,0.0,0,5.9085358999999995,0.49386417,-1.8723151000000002,6.217737702226317,0.9524460000000001,1.9845499,0.9984139999999999,1.887178793945508,1.1960361813942206,0.49386417,0.3853889,True,0.6298433605889325,0.5670369981650578,0.9343979155907615,0.9369660354719164,0.06280636242387472,0.0025681198811549066,-0.02251137623252447,0.7130834723685893,-0.7007176316997262,0.005015071857534439,0.0,-0.9999874244480597
252,09182024053921784,0,0,PianoTiles,0,0.0,0,5.758718099999999,0.8868509799999998,-4.6191135,7.435425229391848,1.3091249999999999,2.2685947,0.7498620000000003,2.2269956848610697,1.2704040442219207,0.8868509799999998,0.1965547,True,0.5941389482236374,0.6159385617532317,0.8251009124841945,0.8287777309761646,0.021799613529594253,0.003676818491970102,-0.016566015890365507,0.8562569183025609,-0.5162844729182952,0.05026590249104171,0.0,-0.998735870511699
253,09182024053922225,0,0,PianoTiles,0,0.0,0,5.702696899999999,1.3647703400000002,-4.1660629,7.193012588684224,1.031625,2.3919275,1.262623,3.115613422955703,1.3943442221848081,1.3647703400000002,0.2168475,False,0.5934268111283816,0.6355668559435741,0.9872721339139527,0.9901463474626419,0.04214004481519251,0.0028742135486891085,0.015168401406864497,0.8906323960139116,-0.4544709614147849,0.36933982099300544,0.0,-0.9292944079401612
254,09182024053922743,0,0,PianoTiles,0,0.0,0,5.5080886,1.47608608,-3.9433554,6.93310334206327,1.119148,2.4070014,1.2324739999999998,3.3200271258990006,1.398486733648055,1.47608608,0.3139666,False,0.6334507164334098,0.5982091903155613,0.912555815271899,0.9202934929168195,0.035241526117848476,0.007737677644920504,0.006229398048914154,0.8767219782098444,-0.4809571368882734,0.954432946741727,0.0,0.29842545161883177
255,09182024053923247,0,0,PianoTiles,0,0.0,0,5.6379380999999995,1.30558951,-3.7061892,6.872172027405185,1.2166960000000007,2.073339,0.7582740000000006,1.9128396358769708,1.1848215685098455,1.30558951,0.263069,False,0.5668463769391141,0.5589847947082281,0.7791496703344296,0.779048224454276,0.007861582230885955,0.00010144588015359446,-0.12561454828859225,0.701861626630047,-0.7011499428242702,0.8554678542122106,0.0,-0.5178559166501392
256,09182024053923757,1,0,PianoTiles,0,0.0,0,5.707940600000001,1.36514017,-3.4300614000000005,6.7977580704704375,1.1784879999999998,2.3279302,0.946876,2.59769541555622,1.2375055201794651,1.36514017,0.2621248,False,0.60719764517824,0.6102931154404414,0.9538567922287076,0.9547964084754457,0.003095470262201361,0.0009396162467381064,0.01517662037281114,0.9425071106263357,-0.33384130453383903,0.6124859871697215,0.0,0.7904814453994043
257,09182024053924235,1,0,PianoTiles,0,0.0,0,5.807591799999999,1.4744050999999998,-3.2805896000000003,6.831124434378385,1.1467789999999995,2.0602437,0.8889290000000001,2.1002229549886913,1.1861927624100608,1.4744050999999998,0.5826893,False,0.6307221825209574,0.6131660177684342,0.8967567006981828,0.8790728757982985,0.017556164752523196,0.017683824899884293,0.048636024417383544,0.9343218226475718,-0.3530966848518845,0.5735357284536754,0.0,0.8191805467582296
258,09182024053924751,1,0,PianoTiles,0,0.0,0,5.915049999999999,1.4955625100000003,-3.2836809000000002,6.928714453406368,1.1263129999999997,1.9488075000000002,0.715722,1.5709863298835638,1.1294437310733412,1.4955625100000003,0.6136145,False,0.5775713120117723,0.5912522705385577,0.8372387870468975,0.8353807202241685,0.013680958526785414,0.001858066822728932,0.03593816059566561,0.7708001825485536,-0.6360625183078442,-0.06848993119494219,0.0,-0.9976518076588206
259,09182024053925274,1,0,PianoTiles,0,0.0,0,5.9438637000000005,1.4642777000000002,-3.3985119000000004,7.001678941606549,0.9618380000000002,1.9355284999999998,0.8070810000000002,1.5025143379898536,1.1512467285676815,1.4642777000000002,0.5753295,False,0.5809203095313507,0.55516786622156,0.8381989783358424,0.8472330588222168,0.02575244330979065,0.00903408048637433,0.04707500326043909,0.7201347620022523,-0.6922354141648555,0.2178336472325431,0.0,-0.9759859128764964
260,09182024053925773,1,0,PianoTiles,0,0.0,0,5.9389353,1.4429023500000002,-3.4498106,7.018127447196579,1.2637210000000003,2.0839221,0.641842,1.6902884167391117,1.1723291398229305,1.4429023500000002,0.4869919,False,0.5121758879642812,0.5676612532611328,0.8284536024491413,0.8339846721356516,0.05548536529685166,0.005531069686510293,0.02459452211753546,0.8365183474797055,-0.5473866675501264,-0.08878140090133292,0.0,-0.9960511346582548
261,09182024053926310,1,0,PianoTiles,0,0.0,0,5.973544800000001,1.5143848,-3.4370005,7.056172562875595,1.75835,2.0719016999999997,0.976817,3.5586697095596973,1.1112880534506477,1.5143848,0.5107983,False,0.5213653801673063,0.6101892474265669,0.7949185191445031,0.7991144053353625,0.08882386725926061,0.004195886190859421,0.02330896645330423,0.86111694469449,-0.5078723261242981,0.558265220547433,0.0,-0.8296625479838933
262,09182024053926819,1,0,PianoTiles,0,0.0,0,5.9363097,1.5385415100000002,-3.4442549,7.033475289533701,1.9630960000000002,2.0862888,1.267445,5.190928981437288,1.2995734965620216,1.5385415100000002,0.5107952,False,0.5755617035444595,0.6287562031964378,0.7820356709691765,0.7826734670381,0.05319449965197831,0.0006377960689235573,0.047853150501435265,0.9017361428585853,-0.42963007884645116,0.9205430496948819,0.0,0.3906411315497208
263,09182024053927309,1,0,PianoTiles,0,0.0,0,5.8097012,1.4996800199999998,-3.6697169999999995,7.0333840401159415,1.4362589999999997,2.0917565000000002,1.5812830000000004,4.750654998473863,1.3017097158050832,1.4996800199999998,0.5154685,False,0.5598438326149532,0.5463546501431097,0.836029436584915,0.8343076468666996,0.013489182471843497,0.0017217897182154607,0.06633195149519129,0.9329003440264138,-0.3539731915360801,-0.3467844603074123,0.0,0.9379448481063781
264,09182024053927818,1,0,PianoTiles,0,0.0,0,5.735681799999999,1.45538852,-3.4698778,6.859756074521299,1.3538759999999996,2.0383736,1.1503309999999995,3.1745743228714383,1.1759728406782661,1.45538852,0.5543354,False,0.5556231929662401,0.5361580084396763,0.8807817920505847,0.8551696644453425,0.01946518452656376,0.02561212760524223,0.05375587388934851,0.9314972628100404,-0.35975429865367126,-0.42285607601728203,0.0,0.9061968544280357
265,09182024053928316,1,0,PianoTiles,0,0.0,0,5.721246900000001,1.4126383399999998,-3.5780025,6.8942233108888935,1.3397689999999995,2.0277474,0.752227,2.043584949850792,1.1899602480547558,1.4126383399999998,0.5553436,False,0.6118602832444674,0.5525502477729966,0.8540080809005494,0.8300635604105021,0.059310035471470846,0.02394452049004725,0.04002859371703045,0.9294536621542052,-0.36676095974513623,-0.5206802723533643,0.0,-0.8537517519642501
266,09182024053928801,1,0,PianoTiles,0,0.0,0,5.7744335,1.4418188600000001,-3.6814763,6.998299194692638,1.0093630000000005,2.0089689,0.8674010000000001,1.7588974246570779,1.1249627079881892,1.4418188600000001,0.5536121,False,0.6505659831446766,0.5609415723780866,0.8779271211081534,0.8841763669979024,0.08962441076659,0.0062492458897489556,0.09680422432771357,0.9700841655197057,-0.22263345202427673,0.2221879354964896,0.0,-0.9750038570794517
267,09182024053929306,1,0,PianoTiles,0,0.0,0,5.834273100000001,1.44686298,-3.6379717000000005,7.02616489831252,1.0903619999999998,2.0372943,0.6866840000000001,1.5253917948387825,1.1134231968679027,1.44686298,0.5209897,False,0.5696238312483072,0.5527130767043602,0.8703920003080279,0.8691108282127719,0.01691075454394697,0.0012811720952560224,0.10233287459748625,0.9808348825246428,-0.16580384796344522,0.6986556781011107,0.0,-0.715458065477689
268,09182024053929837,1,0,PianoTiles,0,0.0,0,5.8768871,1.46200279,-3.8998133000000004,7.2030408800013825,1.667923,2.0763176,1.5430869999999999,5.343923042367615,1.520540679342984,1.46200279,0.4837734,False,0.5862553937201774,0.5702109153409815,0.9000711191001795,0.9032677036524438,0.01604447837919598,0.0031965845522643477,0.1325430457349203,0.9765201594264062,-0.1698255553829786,0.7628929808747692,0.0,-0.6465247866338992
269,09182024053930282,0,0,PianoTiles,0,0.0,0,5.8479042,1.3413658299999998,-3.7214602,7.060206218125167,1.0592389999999998,2.4249324999999997,0.7761360000000002,1.9935697945595658,1.3048427766268245,1.3413658299999998,0.1159655,False,0.5683711792086226,0.5690008094941517,0.8999022031135882,0.8978941765202622,0.0006296302855290925,0.0020080265933259955,0.13084364293998954,0.975139345604821,-0.17883846833272254,0.8190206661758711,0.0,-0.5737640180220718
270,09182024053930784,1,0,PianoTiles,0,0.0,0,5.8545143,1.3998769599999998,-3.7463352999999997,7.090135497440752,0.9769699999999997,2.1478946000000003,0.7934520000000003,1.665002359499554,1.1412602929130158,1.3998769599999998,0.3884814,False,0.5764346637330197,0.5580944200169,0.7487259486803164,0.7398633885988414,0.018340243716119642,0.008862560081475013,0.10978663962390728,0.9778390612291584,-0.17826290723133825,0.8688947201726572,0.0,-0.49499693459260896
271,09182024053931300,1,0,PianoTiles,0,0.0,0,5.8516584,1.3270010380000001,-3.8470253999999997,7.127583195823728,0.9858689999999992,2.47996032,1.1308900000000004,2.764931056052068,1.4183241315867987,1.3270010380000001,0.06932068,False,0.5667400399133631,0.6223625721595091,1.0197245637319374,1.0216895445064234,0.055622532246145995,0.001964980774485925,0.09120536523684675,0.96839502528878,-0.23214791911183866,0.8444677148559833,0.0,-0.5356064586671018
272,09182024053931790,1,0,PianoTiles,0,0.0,0,5.8444478,1.30039214,-3.7572400999999997,7.06862383875013,0.9577850000000003,2.2982713,0.6967850000000002,1.5337978259160696,1.2075475048078248,1.30039214,0.1577607,False,0.5571041066425558,0.5997313102998708,0.9147075532451288,0.9131095720941106,0.04262720365731498,0.0015979811510181685,-0.00017148446727677734,0.8839006099084576,-0.46767476134225383,0.7633356743585641,0.0,-0.646002049727055
273,09182024053932288,1,0,PianoTiles,0,0.0,0,5.8414350000000015,1.24609922,-3.9109481,7.139372603121597,1.2100649999999993,2.1112093,0.7536689999999995,1.9253985572703793,1.1747641846325423,1.24609922,0.1814967,False,0.6188005993629934,0.6287844920765777,0.8740119576888464,0.8797622491265752,0.009983892713584352,0.005750291437728761,-0.05129164805036971,0.7722349612512166,-0.6332632402576429,0.41211466738203784,0.0,-0.911131988752778
274,09182024053932788,1,0,PianoTiles,0,0.0,0,5.825292299999999,1.28129782,-4.1067705000000005,7.241637827428702,1.2419460000000004,2.0915201999999997,0.9763750000000004,2.5361879059776467,1.1877697245649421,1.28129782,0.2446898,False,0.5661358652920695,0.5330421005286542,0.7983578455811905,0.8048108196786127,0.0330937647634153,0.006452974097422182,-0.022503847951315735,0.8827667902913174,-0.46927217133146665,0.3927152743461298,0.0,-0.9196601074827829
275,09182024053933284,0,0,PianoTiles,0,0.0,0,5.74193,1.205306933,-4.1856707,7.207105114848566,1.0067949999999994,2.30875215,0.8741629999999998,2.031939549370683,1.2342594440400936,1.205306933,0.06508785,False,0.49798856095898386,0.5751348746094261,0.9116479449052076,0.9120046062688293,0.07714631365044228,0.00035666136362166867,0.03106381908592203,0.9784712526259852,-0.20403197525959607,0.6437756011835115,0.0,-0.7652143329295448
276,09182024053933797,0,0,PianoTiles,0,0.0,0,5.709643699999999,1.1714851849000003,-4.1991151,7.183660372152756,0.9986640000000007,2.371821331,0.8262159999999996,1.9570186581384574,1.2294720171692781,1.1714851849000003,0.003179669,False,0.5513725921969646,0.5830438299150418,0.9349004055540291,0.9320526551538422,0.03167123771807723,0.0028477504001869214,0.03651827294140976,0.9867189333508567,-0.15827874875776685,0.8042632898823249,0.0,-0.5942731363166768
277,09182024053934298,0,0,PianoTiles,0,0.0,0,5.7456599,1.1990153744999998,-4.1074146,7.1638746674581455,0.9926070000000005,2.408990685,0.7546680000000006,1.804547795636078,1.3023501505667798,1.1990153744999998,0.005613685,True,0.6188797889202722,0.5544568210834818,0.9541675089584455,0.9535098410622822,0.06442296783679036,0.0006576678961632831,0.02389545234845774,0.9785280133275898,-0.20472404472905154,0.8539035701771827,0.0,-0.5204312565927044
278,09182024053934794,0,0,PianoTiles,0,0.0,0,5.7814148,1.2452501496,-3.9904555999999998,7.134363385776563,1.048305,2.45534902,0.7312850000000002,1.8822944294510218,1.387116983373843,1.2452501496,0.00216198,False,0.6343116551333422,0.49692916877760357,0.9830304583208593,0.9833351926351169,0.13738248635573863,0.0003047343142575931,0.018666634364682015,0.9773003642211019,-0.2110344873588126,0.8187065734320018,0.0,-0.574212109432769
279,09182024053935283,0,0,PianoTiles,0,0.0,0,5.8035154,1.2676490697,-3.8787919000000004,7.094557897815342,1.1017219999999996,2.52010165,0.7503329999999995,2.0832631308571767,1.4307588097498878,1.2676490697,0.02521265,True,0.592344545527347,0.5251612131612535,1.0097074986422319,1.0102207515136592,0.06718333236609353,0.0005132528714273388,0.046946576850636405,0.983495627596042,-0.17473514077447197,0.8221109119796552,0.0,-0.5693273648824372
280,09182024053935807,0,0,PianoTiles,0,0.0,0,5.8054689999999995,1.40186412,-3.9098746999999996,7.138334083706398,1.001639,2.0793685,0.9250730000000003,1.926720383789341,1.109972527695864,1.40186412,0.4156845,False,0.5730110863744262,0.5585553430986047,0.7709772766998326,0.7687801587945996,0.014455743275821553,0.002197117905233026,0.07088059524157471,0.9846428552833901,-0.1595443159676111,0.7854555451839534,0.0,-0.6189180774058701
281,09182024053936385,1,0,PianoTiles,0,0.0,0,5.8256734,1.5238637,-4.0545290000000005,7.259465307547537,1.0495960000000002,1.7700006,1.4716239999999998,2.7339618018764784,1.1968495334845435,1.5238637,0.7174724,False,0.6136413100370606,0.5670221812275074,0.8058256082381345,0.8088078714190161,0.04661912880955321,0.0029822631808815725,0.09407008227538896,0.9838565513575614,-0.15224029023720165,0.8305911743886177,0.0,-0.556882663608535
282,09182024053936791,0,0,PianoTiles,0,0.0,0,5.779924100000001,1.2415181619999998,-3.9093582000000007,7.08745169184552,1.0620779999999996,2.5880889000000002,0.8534229999999998,2.345848419387868,1.4080284706320099,1.2415181619999998,0.1110679,True,0.5466648578397918,0.6883584922356956,1.0261236618842107,1.0241906225440705,0.14169363439590377,0.001933039340140219,0.10715535813962257,0.9838277259165973,-0.1435295612051607,0.6935441131215518,0.0,-0.720414160850854
283,09182024053937321,1,0,PianoTiles,0,0.0,0,5.803524300000001,1.45025058,-4.0275556,7.211471774649901,0.9157929999999999,1.8398731,1.206759,2.0333200161427234,1.044646297448101,1.45025058,0.6326129,False,0.5350997836721667,0.5350674409174978,0.77916478637167,0.7631428914527146,3.234275466890146e-05,0.016021894918955337,0.09239683980620866,0.9816876313142109,-0.16658997124232866,0.7506322069442481,0.0,-0.6607202811311359
284,09182024053937782,1,0,PianoTiles,0,0.0,0,5.798428599999999,1.44572733,-4.1847297,7.295468758350554,0.9313630000000002,1.8532799999999998,1.7669370000000004,3.0498682924563805,1.3212174668381702,1.44572733,0.620445,False,0.529032292077714,0.530695419368775,0.921451511223293,0.9124570753942343,0.001663127291060995,0.008994435829058789,0.06364169683039513,0.9800637828968599,-0.1882145474676294,0.7234124425751548,0.0,-0.6904161338840863
285,09182024053938320,0,0,PianoTiles,0,0.0,0,5.7992224000000006,1.4295004400000002,-4.151672700000001,7.273983651380257,0.8963850000000004,1.9109365,1.7365639999999996,2.9746209332985485,1.3443160206225544,1.4295004400000002,0.5706675,False,0.5343549022325895,0.587262072993821,0.9144299091378243,0.9115256574634909,0.052907170761231526,0.0029042516743333913,0.02817805467314805,0.9812724273388757,-0.19055293379874252,0.6102973727923272,0.0,-0.7921724034342419
286,09182024053938827,0,0,PianoTiles,0,0.0,0,5.7972929,1.3215329800000002,-3.8451335999999996,7.080967927301115,0.9256139999999995,2.3070009999999996,0.8018529999999999,1.7122708210521553,1.1721291861403202,1.3215329800000002,0.182647,False,0.5364073466993152,0.5488821436018846,0.8837280904678995,0.8797511051769132,0.012474796902569363,0.0039769852909862236,0.026882363288627184,0.9823435943646924,-0.18514427119053675,0.6573106121479736,0.0,-0.7536197709439796
287,09182024053939325,1,0,PianoTiles,0,0.0,0,5.790710600000001,1.46068577,-3.9067522999999995,7.136430880011951,1.657489,1.9434665000000002,0.9974479999999999,3.2130536534884815,1.3063230230949607,1.46068577,0.5527955,False,0.5366333770657583,0.577343609476194,0.7949983472194392,0.8036510656928475,0.0407102324104357,0.008652718473408316,0.052770423261672035,0.9792517138113194,-0.19565623789283496,0.7375297178843865,0.0,-0.6753146786775611
288,09182024053939822,1,0,PianoTiles,0,0.0,0,5.7436389000000005,1.33241052,-3.8360540999999997,7.034203342634239,1.3648600000000002,2.3052072999999997,0.7290480000000001,2.293792958354765,1.3464360349860005,1.33241052,0.1768857,False,0.5415203148562386,0.5900452956460206,0.8322330918121739,0.834856959859526,0.04852498078978196,0.0026238680473521514,0.09945063689759236,0.9739801769930959,-0.20364720878313325,0.7059725061742887,0.0,-0.7082392396118656
289,09182024053940321,1,0,PianoTiles,0,0.0,0,5.7322878,1.3143539199999998,-3.7921185,6.997629053264431,0.9892220000000007,2.2615205,0.7062789999999999,1.5800491211151493,1.1512949006578534,1.3143539199999998,0.2015815,False,0.5414030808057895,0.5408157863875644,0.9081430879050998,0.9010900063341567,0.0005872944182250261,0.007053081570943087,0.10936330036742184,0.9754224894702387,-0.19128678879741556,0.7413852223665822,0.0,-0.6710796912859556
290,09182024053940810,1,0,PianoTiles,0,0.0,0,5.779348799999999,1.4272281500000001,-4.0588634,7.205013868416452,0.9243629999999996,1.9564337000000003,1.490271,2.6950879283917852,1.2727480223266514,1.4272281500000001,0.5082253,False,0.5387923484191283,0.5075872260410026,0.9620745522804818,0.9503220107542707,0.03120512237812567,0.01175254152621108,0.06710435086155382,0.981744422893183,-0.17797442011025275,0.750358474050707,0.0,-0.6610311342291635
291,09182024053941294,0,0,PianoTiles,0,0.0,0,5.8007785,1.2745753831,-3.8676503999999996,7.087474390069209,1.0013969999999999,2.458209599,0.898298,2.21128962842111,1.3116734726516317,1.2745753831,0.005053401,False,0.5871625572905687,0.5566750432801887,1.0216205706151404,1.0205998085733579,0.030487514010379968,0.0010207620417825858,0.03556085203897218,0.9861691924220356,-0.16188190053224702,0.8579590064801251,0.0,-0.513718155411736
292,09182024053941810,1,0,PianoTiles,0,0.0,0,5.8280458,1.4385438499999998,-3.8916807000000007,7.1540691166652115,1.0416870000000005,1.8897412,0.9969030000000001,1.9624223385525716,1.041114443314496,1.4385438499999998,0.5734398,False,0.6105455076380467,0.5795774839984729,0.740313951369073,0.7288137135878001,0.03096802363957385,0.011500237781272848,0.002271555666712647,0.9885939413526241,-0.15058837656252735,0.899746883340669,0.0,-0.4364121285193074
293,09182024053942295,0,0,PianoTiles,0,0.0,0,5.837138400000001,1.35304514,-4.013744600000001,7.212008150692936,1.0232920000000005,2.2159481,1.520927,3.448796213920541,1.41977391942791,1.35304514,0.2526969,False,0.5785399221255179,0.584936841703444,1.014771083127249,1.0169514532406205,0.006396919577926097,0.002180370113371577,0.00836838099807844,0.9875735625356825,-0.15693447288614146,0.896051517808866,0.0,-0.44395008439285993
294,09182024053942783,1,0,PianoTiles,0,0.0,0,5.797111800000001,1.36199774,-3.7704550000000006,7.048253256835296,0.9662540000000002,2.1241059,0.9236099999999996,1.8956410137332094,1.1039380197471902,1.36199774,0.3403141,False,0.5965257866521784,0.6320201056525022,0.9609022999412009,0.955718068877747,0.03549431900032385,0.005184231063453892,0.02938839758245852,0.9883944028488542,-0.14903968097319742,0.8561046427677457,0.0,-0.5168025160847328
295,09182024053943295,1,0,PianoTiles,0,0.0,0,5.7521906000000005,1.4076636299999998,-3.9542433000000003,7.120762155103065,1.3388869999999997,2.0868764,1.204615,3.365804752195205,1.40372836948205,1.4076636299999998,0.3690406,False,0.6480778463224924,0.591072217564825,0.9561285070780444,0.9590315676301591,0.05700562875766746,0.0029030605521146446,0.08682431787781526,0.982534534540029,-0.16458258188903344,0.811258222862873,0.0,-0.5846880329178741
296,09182024053943815,1,0,PianoTiles,0,0.0,0,5.7299588,1.3079186100000002,-3.7806969,6.988329413368505,1.120539,2.3091945,0.7499070000000003,1.940416230424513,1.184176572641683,1.3079186100000002,0.1459215,False,0.6983192751499848,0.5814645420909171,0.9887648714542806,0.9840380629031634,0.11685473305906768,0.004726808551117179,0.10873991462300464,0.976402161904395,-0.1865863049535132,0.7618661320692688,0.0,-0.6477345110504854
297,09182024053944317,1,0,PianoTiles,0,0.0,0,5.739212500000001,1.4612539400000002,-4.013447300000001,7.154130445218279,1.0993380000000004,1.8218551,1.388814,2.7815646515073618,1.20917348888206,1.4612539400000002,0.6333079,False,0.709939781013855,0.5744373640006367,0.8220003701521368,0.8205112916970796,0.1355024170132183,0.0014890784550571912,0.09829019186397175,0.975842180687723,-0.1951181092927379,0.7474264281957812,0.0,-0.6643445901296231
298,09182024053944833,0,0,PianoTiles,0,0.0,0,5.738233800000001,1.26089240066,-3.8820442000000006,7.041835269321361,1.0470310000000005,2.5221503100000002,0.77014,2.033762269885373,1.405778319479306,1.26089240066,0.06859231,True,0.7012136790622389,0.5744698029896783,1.0458924734513664,1.0449862750857468,0.12674387607256055,0.0009061983656195594,0.09504949038793598,0.977090139764885,-0.19042177698790413,0.7742354654848924,0.0,-0.6328976568019444
299,09182024053945333,1,0,PianoTiles,0,0.0,0,5.759801699999999,1.3298733600000001,-3.8169671000000003,7.036555735545835,0.9129610000000001,2.1855549,0.7795069999999997,1.5553708859971218,1.1257050351351323,1.3298733600000001,0.2680751,False,0.6797172622833703,0.5192691616512576,0.8496790054375181,0.8470999461921186,0.16044810063211268,0.002579059245399473,0.08616326681466838,0.9806580559729846,-0.17574318964645777,0.8699230017550158,0.0,-0.4931875617019784
300,09182024053945806,0,0,PianoTiles,0,0.0,0,5.787759899999999,1.3749742600000001,-4.0391183,7.190493412632088,0.9963830000000007,2.1362110000000003,1.5511820000000003,3.301666571932082,1.3883467032110588,1.3749742600000001,0.326332,False,0.6516597942799602,0.5452520593065192,1.0258165185448909,1.0225994456843794,0.10640773497344103,0.0032170728605114274,0.06801572862826084,0.9836316032150054,-0.16686140900713065,0.935425386988789,0.0,-0.35352417933837893
301,09182024053946323,0,0,PianoTiles,0,0.0,0,5.8039236,1.28593171,-3.7712125,7.039971110564072,1.0368560000000002,2.3440598,0.9249039999999997,2.2479352094527134,1.1859404568012049,1.28593171,0.1260412,False,0.6082942085430374,0.5772192660445421,0.9865902437555522,0.9891641861913573,0.031074942498495295,0.00257394243580511,0.04936217532456758,0.9849972891947844,-0.16535935391187578,0.9477972849487956,0.0,-0.3188734963017332
302,09182024053946830,1,0,PianoTiles,0,0.0,0,5.8076019,1.37667034,-3.7353959000000003,7.0410683552750815,1.0248080000000002,1.980469,0.9581579999999996,1.944677931879058,1.08150633492923,1.37667034,0.476612,False,0.6018667963777368,0.5794706763193458,0.99243353197459,0.9757829951874546,0.022396120058390978,0.01665053678713546,0.03639113356449083,0.9884630637181568,-0.1470253619713504,0.9384104640170495,0.0,-0.3455225043659326
303,09182024053947313,1,0,PianoTiles,0,0.0,0,5.8118089,1.3770007499999999,-3.7399797999999995,7.047035026167233,1.0189430000000002,1.9753812999999998,0.932035,1.8760009315373973,1.086482675818631,1.3770007499999999,0.4867527,False,0.6044729619180669,0.5709496007275947,0.9698425242502204,0.9514540979627393,0.03352336119047217,0.018388426287481163,0.031325204255701185,0.9885521444894455,-0.1475919686285702,0.9391449114259296,0.0,-0.34352122982835126
304,09182024053947816,1,0,PianoTiles,0,0.0,0,5.8147818000000004,1.37842292,-3.7421149,7.050897889828967,1.0261380000000004,1.9992713,0.9182000000000001,1.883713242124418,1.092021563627338,1.37842292,0.4698407,False,0.6288327102369922,0.5644727642437676,0.9571723878963757,0.9397636265645155,0.06435994599322459,0.0174087613318602,0.03397475453375585,0.9881953021128023,-0.14938460742847193,0.9455246546206061,0.0,-0.32555049916193246
305,09182024053948324,1,0,PianoTiles,0,0.0,0,5.813963599999999,1.3766264599999998,-3.7407589999999997,7.049152505697268,1.0175580000000002,2.0034927000000002,0.9122530000000002,1.8597828461581412,1.0882177580305756,1.3766264599999998,0.4604923,False,0.633924501451868,0.5628857347144267,0.9531739283656946,0.9385548831039613,0.07103876673744125,0.014619045261733299,0.04266345140379636,0.9902623695181095,-0.1325151667949566,0.9499902523957038,0.0,-0.3122795548113051
306,09182024053948820,0,0,PianoTiles,0,0.0,0,5.787304300000001,1.38692873,-3.9154786,7.123723396508028,1.1953079999999998,2.1591236,1.0473210000000002,2.702944587021608,1.2951322838197337,1.38692873,0.2976664,False,0.6315116163254638,0.6536644302560759,0.8540465186110238,0.858161295070548,0.02215281393061208,0.004114776459524183,0.054213673488122054,0.9920270163473125,-0.11376852132278209,0.524137470684714,0.0,-0.8516336723170537
307,09182024053949307,0,0,PianoTiles,0,0.0,0,5.7832732,1.3221156940000003,-3.920308000000001,7.110770255677182,1.731795,2.4409534600000002,1.1491529999999996,4.857735182195124,1.5936296854449863,1.3221156940000003,0.03340554,False,0.6245432172123876,0.6414019624377524,1.0587275511642078,1.0699407380645771,0.01685874522536479,0.01121318690036932,0.06017188066645644,0.9866002945098462,-0.1516548833705876,0.5695663258763402,0.0,-0.8219453755741477
308,09182024053949835,1,0,PianoTiles,0,0.0,0,5.7542134,1.3841359299999998,-3.7653261000000002,7.0145908479966055,1.0549990000000005,2.0327695,0.8833119999999997,1.8943242301064278,1.0954217863092168,1.3841359299999998,0.4462715,False,0.5756563123070917,0.6207366086739207,1.0056290366543916,0.9882360260470422,0.045080296366828976,0.017393010607349435,0.061708921397335234,0.9836450861158584,-0.16921688325962855,0.5538207313799279,0.0,-0.8326359333428998
309,09182024053950294,1,0,PianoTiles,0,0.0,0,5.710722800000001,1.37053028,-3.7977932999999995,6.993850305544266,1.0050369999999997,1.9686234000000002,0.8914949999999999,1.76385794323588,1.0882144430460607,1.37053028,0.4879276,False,0.576467409600057,0.6096018792014999,0.9936620598311278,0.9785830655634506,0.03313446960144284,0.015078994267677115,0.051055139870548966,0.9900524313929137,-0.13110894624616162,-0.12060632064907963,0.0,-0.9927004157445948
310,09182024053950814,1,0,PianoTiles,0,0.0,0,5.671055699999999,1.33728777,-3.7723166,6.941151479612703,1.193543,1.9773526000000001,0.8949469999999997,2.1121244591305346,1.1115172736024768,1.33728777,0.4672684,False,0.6269687068586435,0.6058341489376445,0.9708972939816499,0.9594695239677806,0.021134557920998942,0.011427770013869298,0.04335641982945854,0.9935099365164485,-0.10515810431276493,-0.5981582609617455,0.0,-0.8013779974788553
311,09182024053951300,1,0,PianoTiles,0,0.0,0,5.6768985999999995,1.3214001200000003,-3.7440617000000005,6.927573457223306,1.068288,1.9895562999999998,0.9053140000000002,1.9241716857599052,1.123640741008363,1.3214001200000003,0.4527847,False,0.5592402141173325,0.6032127754126234,0.9631084860882757,0.9540038697264754,0.043972561295290924,0.009104616361800266,0.040165817835924156,0.9941226318658001,-0.10053307858504316,-0.8102140882187464,0.0,-0.5861340557004563
312,09182024053951827,0,0,PianoTiles,0,0.0,0,5.6882582,1.28660833,-3.9919846,7.067360426023975,1.0436010000000007,2.2737165999999998,1.441453,3.4203559564553996,1.3881002374979,1.28660833,0.2008364,False,0.5217757399438957,0.6056678843813665,1.040821071018938,1.040831849569353,0.08389214443747084,1.0778550414869414e-05,0.05637679411477568,0.9795490841303319,-0.19314566747604853,-0.8857048421155815,0.0,-0.4642487831465073
313,09182024053952320,0,0,PianoTiles,0,0.0,0,5.698409900000001,1.227667571,-3.8788536000000002,7.0017532306941535,1.0606720000000003,2.36352539,0.8678160000000004,2.175549801499834,1.2288365325901718,1.227667571,0.08897161,False,0.5171752762594131,0.6208990764439906,0.9122005553527633,0.9119611471170272,0.1037238001845775,0.00023940823573609382,0.04585688752048455,0.9500922568391513,-0.308580377472745,-0.8665472649584615,0.0,-0.49909501860167865
314,09182024053952813,1,0,PianoTiles,0,0.0,0,5.728837700000001,1.22135979,-3.8684588000000004,7.019706163142983,1.2054359999999997,2.2305625,0.7692079999999999,2.0682467302000016,1.2339431051236007,1.22135979,0.2139925,False,0.5160118010627276,0.5484985287582821,0.7743353122585139,0.7735340913932883,0.032486727695554496,0.0008012208652256048,0.03817956122573229,0.9315870892001608,-0.3615076988670949,0.9561041192579641,0.0,-0.2930271542672328
315,09182024053953321,0,0,PianoTiles,0,0.0,0,5.7099267000000005,1.193162209,-3.8836178000000006,7.007808943802299,1.165197,2.33721941,0.7792970000000001,2.1222759203069947,1.2504177469449365,1.193162209,0.09997159,False,0.5170655885146486,0.6189539622346721,0.903252249407711,0.9043396466833201,0.10188837372002357,0.0010873972756091366,0.00701824663211434,0.9398889024717582,-0.34140825301191075,0.38247243607791426,0.0,-0.9239669018101382
316,09182024053953842,1,0,PianoTiles,0,0.0,0,5.6887122,1.23271989,-3.8811314999999995,6.996015047291044,1.1630899999999995,2.1754546,0.7923910000000003,2.004946924196357,1.2014411425859621,1.23271989,0.2526834,False,0.5071275490525041,0.5463383916200653,0.7739470896909945,0.7803704055948365,0.03921084256756113,0.006423315903842042,-0.04616321544469536,0.9455130635786169,-0.3222949024449274,0.9058195046281243,0.0,0.4236638113354257
317,09182024053954295,1,0,PianoTiles,0,0.0,0,5.683584199999999,1.2363713199999997,-3.8730486999999996,6.988007558094071,1.159833,2.1559517,0.8011199999999996,2.003235751652313,1.1931155137423843,1.2363713199999997,0.2671163,False,0.507000734597101,0.5452339183332232,0.7617859841198773,0.7648129683726668,0.03823318373612217,0.0030269842527894664,-0.046441430130405914,0.9460116986436525,-0.3207881849395236,0.8795037460915733,0.0,0.4758919631711481
318,09182024053954821,1,0,PianoTiles,0,0.0,0,5.7049024,1.2383471700000002,-3.8582024999999995,6.997509674018252,1.159637,2.1593014,0.8212619999999995,2.0564448093418357,1.194493113017383,1.2383471700000002,0.2698076,False,0.5306957056779337,0.553894779839998,0.7600238640192556,0.7573055757877465,0.023199074162064348,0.002718288231509103,-0.00038722177613310867,0.9495315833527435,-0.3136712009014025,0.9465979481510153,0.0,0.32241638382112
319,09182024053955305,1,0,PianoTiles,0,0.0,0,5.716292,1.24230074,-3.8628120000000004,7.01003722566525,1.1276320000000002,2.1645826,0.8680200000000005,2.118708879410107,1.201577155426129,1.24230074,0.2774124,False,0.5426340004247798,0.6165346133908461,0.7868931863787868,0.7866234071561818,0.07390061296606631,0.00026977922260496,0.05251012875223662,0.9572618591282933,-0.28441592683369005,-0.10831850469091114,0.0,-0.9941162414635047
320,09182024053955924,0,0,PianoTiles,0,0.0,0,5.741594,1.34349169,-4.0507952000000005,7.1540068027838855,1.2335650000000005,1.9860919000000001,1.5896029999999999,3.8944851533898808,1.3856891642494473,1.34349169,0.4657571,False,0.530601827757877,0.6205349942396481,0.9863769563140858,0.9803536548278945,0.08993316648177108,0.006023301486191346,0.1072364188382998,0.9655567405067588,-0.23706651247424287,-0.39803067153506294,0.0,-0.9173721079896352
321,09182024054046208,0,0,PianoTiles,0,0.0,0,5.8500703,0.9540233899999999,-1.56689033,6.130956568909674,0.9508730000000005,2.4028438999999997,1.2739618,2.9107471406246574,1.4290878831081282,0.9540233899999999,0.1604059,True,0.5754462521052682,0.6453743324373847,1.0038466551219363,1.0061807155347593,0.0699280803321165,0.0023340604128230247,0.027497012066596174,0.9054822794938608,-0.42349233269329795,0.5873666287149396,0.0,0.8093209767898311
322,09182024054048257,0,0,PianoTiles,0,0.0,0,5.8600074,1.0047917899999999,-1.49430824,6.130436394371779,1.0276510000000005,2.414735,1.2515264999999998,3.1056690639906717,1.4077678109307947,1.0047917899999999,0.164186,True,0.5104309274103599,0.6406834359668198,0.9615261048478976,0.9616025693722381,0.13025250855645987,7.646452434051376e-05,-0.022175493902973742,0.8819187065180409,-0.4708796476422664,-0.48594678178274175,0.0,0.8739884011101041
323,09182024054048780,0,0,PianoTiles,0,0.0,0,5.8662382,0.9893302799999999,-1.47079301,6.128193624578859,1.0072150000000004,2.3959239,1.2767635000000002,3.0810990726473597,1.4383016842776202,0.9893302799999999,0.1483159,True,0.558353079770319,0.6044590887909619,0.9552695876484133,0.9546718672558335,0.04610600902064288,0.0005977203925797703,-0.0042079596697205965,0.8679345310119575,-0.4966607926467234,-0.24134759774201012,0.0,0.970438734317711
324,09182024054049261,0,0,PianoTiles,0,0.0,0,5.8678646,0.96122901,-1.57540928,6.151236507655095,0.9694500000000001,2.3869901000000002,1.2830209000000001,2.968997033798782,1.4173775911863498,0.96122901,0.1424001,True,0.6386308674501725,0.610700280768529,0.9243282944715314,0.9226224898194386,0.0279305866816435,0.0017058046520928016,0.0040031008424280985,0.8615732401849209,-0.5076175006645277,0.05386436819667071,0.0,-0.9985482611465374
325,09182024054049785,0,0,PianoTiles,0,0.0,0,5.8897949,0.87678308,-1.36595318,6.109358446137565,0.9297680000000001,1.9503748,1.2005183000000001,2.177015175642414,1.1741894291888038,0.87678308,0.1408768,True,0.5645877938703954,0.5933942692605736,0.8172268001067573,0.8174214213640967,0.02880647539017822,0.00019462125733937796,-0.06275129242306676,0.47080808745123176,-0.8800011477775174,-0.00039625061792084975,0.0,-0.9999999214927208
326,09182024054050274,0,0,PianoTiles,0,0.0,0,5.8640282,0.6293473100000001,-1.4494222,6.073197632289955,0.945449,1.9019853,1.2156771000000002,2.186067152978778,1.2590698441322608,0.6293473100000001,0.2398213,True,0.5562011391008561,0.640390801716858,0.8077410992549654,0.8067033543073006,0.08418966261600191,0.0010377449476648426,-0.06784570441070575,0.6517901198424647,-0.7553585903852293,-0.47800440146369305,0.0,-0.878357439873618
327,09182024054050784,0,0,PianoTiles,0,0.0,0,5.8426985,0.5329138299999999,-1.52813213,6.062698303465698,0.9470859999999997,2.0535724,1.0912187,2.1223218017436367,1.2462639779716478,0.5329138299999999,0.3880944,True,0.5376441002549734,0.6085522479265112,0.8958341784932299,0.896949876758278,0.07090814767153775,0.0011156982650480929,-0.04629357577281667,0.8419758847267802,-0.5375253616162889,-0.21496170068562379,0.0,0.9766224793840987
328,09182024054051268,0,0,PianoTiles,0,0.0,0,5.7719802,1.0258270719999998,-4.1588198,7.187757559886961,0.9509750000000006,2.06111947,1.0027039999999996,1.965373125613157,1.2371412725007367,1.0258270719999998,0.09125853,False,0.48365736108633745,0.6136955971622169,0.8923311240935895,0.8916831537316159,0.13003823607587944,0.0006479703619736155,-0.044793483066262484,0.8610748815641522,-0.5065013249874806,0.0160164365391077,0.0,0.9998717286535252
329,09182024054051768,0,0,PianoTiles,0,0.0,0,5.796919,1.2242015000000002,-4.0366439,7.169200316672039,0.9561840000000004,1.9876539,1.0867560000000003,2.0654480879149935,1.1864132092303508,1.2242015000000002,0.2357151,False,0.5559019445810564,0.6008147915913855,0.8810703658312431,0.8825755936683269,0.04491284701032916,0.0015052278370838446,-0.08645171801007014,0.6071815928916712,-0.7898459430209414,-0.3412700680882438,0.0,-0.9399652869266212
330,09182024054052267,0,0,PianoTiles,0,0.0,0,5.8193687,1.3497465100000001,-3.820201,7.090895809994522,1.0740550000000004,1.9282944,1.273768,2.638093570178913,1.3051713302716048,1.3497465100000001,0.3341816,False,0.564996932601408,0.691590575616094,0.7173081104856964,0.7223294728967178,0.126593643014686,0.005021362411021357,-0.09737347662899934,0.5060966027728389,-0.8569624464998296,0.4170935852535012,0.0,0.9088635437404123
331,09182024054052758,1,0,PianoTiles,0,0.0,0,5.7987138,1.2839052900000003,-3.6305594,6.960923508050406,1.0048189999999995,2.0590903000000003,0.9436640000000001,1.9524531366241118,1.2342324180796107,1.2839052900000003,0.2320727,False,0.5736357187510207,0.5218839237177172,0.7505973206822751,0.7496452587030747,0.051751795033303516,0.0009520619792003915,-0.03983785616463211,0.6219980260408278,-0.7820047319661946,0.8783385909474973,0.0,0.47803903569935036
332,09182024054053271,1,0,PianoTiles,0,0.0,0,5.799294000000001,1.4594881599999998,-3.5308800000000007,6.9447123887182105,1.0088,1.9713584,0.7181850000000001,1.4282590727900353,1.1644706707658832,1.4594881599999998,0.6262736,False,0.6015352519262689,0.5277903603032172,0.8745584841052998,0.871439108340336,0.07374489162305164,0.0031193757649637943,-0.01175451580772696,0.8981819149472885,-0.4394668121937623,0.055330665059783596,0.0,-0.9984680853708053
333,09182024054053765,1,0,PianoTiles,0,0.0,0,5.813105999999999,1.54362032,-3.4300549999999994,6.923889251177974,1.0218439999999998,1.8396998999999998,0.8777840000000001,1.6501341200106996,1.1272758803082688,1.54362032,0.8119081,False,0.6173202341621405,0.5899998597228647,1.0523093896836662,1.0465640876688873,0.02732037443927582,0.0057453020147788525,-0.0037732708566614458,0.9153286072157878,-0.4026900833636809,-0.008269700423895092,0.0,-0.9999658054428157
334,09182024054054275,1,0,PianoTiles,0,0.0,0,5.8284851,1.4965224400000001,-3.5527774,6.988064483696206,0.9692850000000002,1.7604231000000001,0.8511179999999996,1.452306650016587,1.1121771623914616,1.4965224400000001,0.7546569,False,0.7251360716486253,0.55297498840906,0.9353451821790764,0.9268403169760419,0.17216108323956525,0.008504865203034506,0.008874458462227421,0.7220389262423484,-0.691795513846251,0.26742062496630103,0.0,-0.9635798925582832
335,09182024054054739,1,0,PianoTiles,0,0.0,0,5.8250991999999995,1.4628905,-3.5686098,6.986186743101484,0.948944,1.9147304000000003,0.645502,1.1728590113361506,1.1623405224744296,1.4628905,0.6815816,False,0.6407430703331877,0.5692393071819618,0.8347746398047559,0.8312478520233059,0.07150376315122586,0.0035267877814499915,0.01202802215480721,0.8348700049276744,-0.5503157289730217,0.10661939528106644,0.0,-0.9942999067433829
336,09182024054055275,1,0,PianoTiles,0,0.0,0,5.7929958,1.4882521599999996,-3.4402915999999997,6.89994935659624,1.1294339999999998,2.0779943999999997,0.8793890000000002,2.0638886328601473,1.2288392006962288,1.4882521599999996,0.6321316,False,0.5534231541849328,0.6071299636502882,0.8542188462882332,0.8478678633148917,0.05370680946535533,0.006350982973341468,0.026988105818131318,0.9614327841567406,-0.27371270283450055,-0.8481627283386312,0.0,-0.5297357702262229
337,09182024054055783,1,0,PianoTiles,0,0.0,0,5.7827978,1.54908647,-3.3836497000000003,6.876736477394782,1.1651220000000002,2.0922601,1.2505739999999999,3.0485721020585115,1.1847152081265737,1.54908647,0.6327199,False,0.558473008055,0.5776456880891605,0.809978252462151,0.8037437388980458,0.019172680034160505,0.006234513564105204,0.05194249028871506,0.97132663957886,-0.2320054674938637,-0.19957245190578293,0.0,0.9798830728409967
338,09182024054056265,1,0,PianoTiles,0,0.0,0,5.765974300000001,1.56813693,-3.7714077,7.066047629269818,1.1582400000000002,2.1174172,1.5056819999999997,3.6926509225976907,1.3743266148885847,1.56813693,0.5650948,False,0.7071313913644339,0.603374892756568,0.8642351848312181,0.8687068411408074,0.10375649860786595,0.004471656309589345,0.1151541136710487,0.9694758356626525,-0.2164627777952525,-0.13528364041307472,0.0,-0.9908069118837362
339,09182024054056757,1,0,PianoTiles,0,0.0,0,5.754384,1.54832518,-3.7219344,7.025883699605438,1.098134,2.3057913,0.9568739999999996,2.4228698664807755,1.2583305777612457,1.54832518,0.3629287,False,0.6496924891946955,0.5767361591412486,0.8219043129922181,0.8147278080551135,0.07295633005344682,0.007176504937104644,0.07866853309237197,0.980174180017664,-0.1818511444225592,0.5163622793775717,0.0,-0.856370244950161
340,09182024054057283,1,0,PianoTiles,0,0.0,0,5.8096890000000005,1.6845849000000002,-3.8824098,7.187726929785596,0.9605669999999993,1.8205804,1.5568880000000003,2.7226693140374008,1.2364680562617423,1.6845849000000002,0.8237056,False,0.7148653627767956,0.5809031975845887,0.8316261759787028,0.828145269008741,0.13396216519220683,0.003480906969961839,0.03792614373686111,0.9850341876295635,-0.16813463897191763,0.652118591692443,0.0,-0.7581169714292543
341,09182024054057776,1,0,PianoTiles,0,0.0,0,5.8066557,1.5569698300000003,-3.7760752,7.0993062608911135,0.9528619999999997,2.1969966,1.1647010000000004,2.4382253420859112,1.2701311005216807,1.5569698300000003,0.4438344,False,0.6800661760843574,0.5846607166913131,0.8168348930649391,0.8150960946830502,0.09540545939304423,0.0017387983818888397,0.035471787957394106,0.985574430735234,-0.16548351500988034,0.6573973073032299,0.0,-0.7535441462518719
342,09182024054058408,1,0,PianoTiles,0,0.0,0,5.813372800000001,1.57040728,-3.7082509999999997,7.071959262881669,0.9419269999999997,2.1388631,0.8781459999999996,1.7691593883279335,1.1450078430716641,1.57040728,0.4977959,False,0.6450330370368639,0.5856100433812589,0.7842720549950827,0.7775618597691182,0.059422993655604994,0.006710195225964499,0.03455936774579272,0.9862815466635039,-0.16141363267102823,0.6650607488060368,0.0,-0.7467892610352357
343,09182024054058874,1,0,PianoTiles,0,0.0,0,5.8126693,1.57138163,-3.7686185,7.1034393090112475,1.014824,2.1134481000000003,1.2559899999999997,2.6938195376422596,1.3073252305171628,1.57138163,0.5200229,False,0.5971698589187167,0.5919866772842107,0.8158240745805185,0.8219753194676893,0.005183181634505929,0.0061512448871707814,0.042782800766416065,0.9864734290796712,-0.15823970954970806,0.641413924663312,0.0,-0.7671950060108623
344,09182024054059266,1,0,PianoTiles,0,0.0,0,5.7539646,1.34317457,-3.4898165,6.862291581332004,1.3502470000000004,2.4783349,0.8337439999999998,2.790011126691218,1.3122166183578132,1.34317457,0.1743571,False,0.6711364355926449,0.56169297366978,0.9240398714433051,0.9214484195378545,0.10944346192286492,0.0025914519054506258,0.06132126339974906,0.9798596682821435,-0.19003876743724202,-0.05114641511911048,0.0,0.9986911655864709
345,09182024054059777,1,0,PianoTiles,0,0.0,0,5.7693863,1.54849081,-3.7169461,7.035576051581516,1.3740260000000006,1.8042944999999997,1.9390780000000003,4.807260481989188,1.3429054942249603,1.54849081,0.8608375,False,0.6092351903739639,0.5538127810605314,0.8461317985468697,0.8456664003691118,0.05542240931343245,0.00046539817775792525,0.06517622219616717,0.977954872341784,-0.19838429303551422,-0.06604532708790556,0.0,0.9978166238191521
346,09182024054100273,1,0,PianoTiles,0,0.0,0,5.7491662,1.45331952,-3.6662694,6.971842004507262,1.2645559999999998,2.1166053,1.5882769999999997,4.25112810837701,1.354097512641272,1.45331952,0.5512847,False,0.5371818357223183,0.5529226534009977,0.8236845352665363,0.8241346116614021,0.01574081767867941,0.0004500763948658282,0.0756220817845695,0.9778410906651266,-0.1952129661508259,0.061481181540881724,0.0,0.9981082427854893
347,09182024054100794,1,0,PianoTiles,0,0.0,0,5.7417563,1.45805681,-3.5917786,6.92781124029769,1.260224,2.1215528999999997,1.1096000000000004,2.966661936100317,1.211882617259166,1.45805681,0.5446121,False,0.5675311428688296,0.5482118065392242,0.800463845939965,0.8023780658058954,0.019319336329605363,0.0019142198659304333,0.0817139069759637,0.9827897475163236,-0.1656718128817463,0.014403832115084409,0.0,0.9998962594291472
348,09182024054101284,1,0,PianoTiles,0,0.0,0,5.7289029,1.5112162899999997,-3.7115710000000006,6.991413476603338,1.3632469999999994,1.9640507,1.7773560000000006,4.758846206250859,1.3316958978808147,1.5112162899999997,0.7001253,False,0.6214413870559313,0.5613219918104047,0.8311338019425998,0.8293978288028553,0.060119395245526674,0.0017359731397444955,0.07228743213821617,0.9852257117129513,-0.15525728367639174,-0.23312561397316126,0.0,0.972446629954383
349,09182024054101786,1,0,PianoTiles,0,0.0,0,5.728406399999999,1.4079074999999999,-3.4884601,6.853188840343538,1.119154,2.4221002,1.3550920000000004,3.6732521220854406,1.2993728609305566,1.4079074999999999,0.2119238,False,0.47910306462075597,0.5535453540713715,0.9131669339484648,0.9118979788471077,0.07444228945061554,0.001268955101357161,0.057945374832160064,0.9659404123056302,-0.25219328581544265,0.16248670911399807,0.0,0.9867107323634942
350,09182024054102295,1,0,PianoTiles,0,0.0,0,5.7524769,1.3840752699999999,-3.4593645000000004,6.853747703404279,1.1090869999999997,2.4623432,1.3027349999999998,3.5577078384532386,1.3305120394683772,1.3840752699999999,0.1146718,False,0.5020307666717251,0.5553341202501425,0.9786203431219944,0.9763317136982902,0.05330335357841742,0.002288629423704225,0.03979121781860755,0.9280159142928874,-0.3704093975638963,0.23975316155367482,0.0,0.9708338794690973
351,09182024054102777,1,0,PianoTiles,0,0.0,0,5.787616900000001,1.35804382,-3.5405977,6.919293639631945,1.1427370000000003,2.4411892,1.56787,4.37378851257478,1.3283814063030916,1.35804382,0.1124468,False,0.6391773106462711,0.5724849189463421,0.9985252892584945,0.997947852093505,0.06669239169992902,0.0005774371649894805,0.023033905299379938,0.9521491002427114,-0.3047647127107306,0.11016665938785064,0.0,0.9939131285778054
352,09182024054103267,1,0,PianoTiles,0,0.0,0,5.822554600000001,1.3917833899999998,-3.6880347999999996,7.0314154877003325,1.1568520000000007,2.2215569,1.5482359999999997,3.978985939336503,1.1955773723172012,1.3917833899999998,0.3203841,False,0.5349828563860713,0.5929935035942636,0.8153374084776438,0.81135346034451,0.05801064720819227,0.003983948133133852,0.040257912101753994,0.9726221034288817,-0.22887888595234251,0.11387379050219124,0.0,0.9934952238620289
353,09182024054103774,1,0,PianoTiles,0,0.0,0,5.807406200000001,1.50657475,-3.8866510000000005,7.148551618680319,1.2924109999999995,1.7826331000000002,1.9281599999999997,4.442277464775487,1.2153758692865364,1.50657475,0.7439799,False,0.6319276823292361,0.5717343087326489,0.8040600771030484,0.7977391760074277,0.060193373596587274,0.006320901095620668,0.08724770868153599,0.9774023196918722,-0.19254231428641574,-0.03425249534182204,0.0,0.9994132111208349
354,09182024054104257,1,0,PianoTiles,0,0.0,0,5.8029709,1.3099831300000002,-3.9762017999999997,7.15546698835615,1.1992180000000001,2.3283616,1.531532,4.276363776612427,1.4710289383979378,1.3099831300000002,0.1963094,False,0.5992867537247923,0.5634419545561016,1.0082954643458482,1.0094957979548798,0.035844799168690766,0.0012003336090316008,0.10148185744280672,0.9804969852399942,-0.16830654932366793,0.05302490939540873,0.0,0.9985931899345242
355,09182024054104804,1,0,PianoTiles,0,0.0,0,5.807699900000001,1.4107698499999999,-3.8311324,7.099100306690898,1.2366389999999994,2.0043238,0.9412540000000003,2.333015676650261,1.1204837870354005,1.4107698499999999,0.5224282,False,0.6461452294306598,0.5496073608040561,0.7851601911810673,0.7832948290651739,0.09653786862660363,0.0018653621158933875,0.09098780052706969,0.9792511431248684,-0.18107572682136236,-0.02129769565841049,0.0,0.9997731783557917
356,09182024054105281,1,0,PianoTiles,0,0.0,0,5.7622702,1.3244526799999998,-3.9213905,7.0947329909488115,1.42481,2.271769,1.4334029999999998,4.639695003872491,1.465277973467776,1.3244526799999998,0.252614,False,0.661156860296405,0.5549505234288911,1.017652431519544,1.0194871726093468,0.1062063368675139,0.0018347410898027494,0.10307750745238883,0.971295117168645,-0.21438475417284478,-0.06179038770793473,0.0,0.9980891483163732
357,09182024054105785,0,0,PianoTiles,0,0.0,0,5.783243099999998,1.2916438099999996,-3.8614170000000003,7.072820210743229,1.1923820000000003,2.365107,1.1185189999999996,3.1543477522458514,1.3033887933584405,1.2916438099999996,0.158273,False,0.5916262823210272,0.556951076577647,1.0198320720382401,1.0184556643276133,0.03467520574338023,0.001376407710626859,0.09507810070748166,0.9716931652885478,-0.21626961713884144,0.15244864415529136,0.0,0.9883113936888582
358,09182024054106276,1,0,PianoTiles,0,0.0,0,5.7944095,1.4353738200000001,-4.0569455,7.217637165084007,1.3536959999999993,1.8346942,1.7728779999999995,4.403152066759779,1.316562347275669,1.4353738200000001,0.6883108,False,0.6401000881971501,0.5499219524014294,0.8858218167484705,0.8845856725269967,0.09017813579572076,0.0012361442214737783,0.061594330766850246,0.9798280082864017,-0.1901136833446952,-0.4154230540085589,0.0,0.9096283231068621
359,09182024054106757,0,0,PianoTiles,0,0.0,0,5.8455259999999996,1.36322602,-4.017541899999999,7.222825092478471,1.146242,2.0757641,1.699496,4.043658407662009,1.4398163939475788,1.36322602,0.4467099,False,0.5293588042197841,0.5584262965307059,0.9480826449231577,0.9490963462088613,0.02906749231092176,0.00101370128570355,0.05102889957505704,0.9837286665589315,-0.17226131892663893,0.01543142381173477,0.0,0.9998809284905591
360,09182024054107254,0,0,PianoTiles,0,0.0,0,5.822048,1.258284782,-3.8409042999999996,7.087458595905535,1.5061789999999995,2.46105768,1.1201200000000004,4.152053418060736,1.5028589003176633,1.258284782,0.06044632,False,0.617443117712069,0.5547168296545545,1.0539749688760405,1.058239997232529,0.06272628805751446,0.004265028356488454,0.06462018061642316,0.9785393366408083,-0.19566552814348265,0.004534112296551191,0.0,0.9999897208600107
361,09182024054131179,0,0,PianoTiles,0,0.0,0,5.842165100000001,0.91603651,-0.7419444600000001,5.9599075097719165,1.0442359999999997,2.2165581,0.8553914,1.9798972865770907,1.20605186672268,0.91603651,0.1323811,True,0.6468220779305928,0.5249087284165601,0.9181325185383916,0.9184671715905257,0.12191334951403265,0.0003346530521340929,0.022601161391791615,0.8984841328070021,-0.4384238253081046,0.6239777348720854,0.0,0.7814421196633193
362,09182024054133328,0,0,PianoTiles,0,0.0,0,5.8511562,0.8750278899999999,-0.8255238599999999,5.97354102091093,1.0563159999999998,2.2227939,0.8050226999999999,1.8901713718059623,1.2642574044749557,0.8750278899999999,0.1307399,True,0.5392276793703007,0.5317363268340805,0.9921874161336153,0.9932408176041347,0.0074913525362202416,0.001053401470519466,-0.0027234564040532257,0.9402239855210988,-0.34054579697308807,0.08804265245101767,0.0,0.9961167056873352
363,09182024054133840,0,0,PianoTiles,0,0.0,0,5.848380000000001,0.88739206,-0.80486541,5.9698259288496445,1.0889449999999998,2.2844314,0.7083675,1.7621492672235297,1.2527580295435232,0.88739206,0.1778824,True,0.5421754449596643,0.5362698734062264,1.0558634581533022,1.0482634417094254,0.0059055715534378495,0.007600016443876756,0.028318836390571183,0.9594919200998517,-0.28030929126338994,0.05404373750283252,0.0,0.9985385693285588
364,09182024054134356,0,0,PianoTiles,0,0.0,0,5.8363977,0.91653386,-0.74775667,5.95505772151885,1.0931639999999998,2.2061955,0.7198693999999999,1.7361331458498581,1.22767722156118,0.91653386,0.1026155,True,0.5306162594388152,0.570715999191936,1.0777709714806805,1.0696471546582078,0.04009973975312087,0.008123816822472651,0.0284083750897588,0.9680987013260594,-0.24895354730462685,-0.018991821883085472,0.0,0.9998196390857509
365,09182024054134837,0,0,PianoTiles,0,0.0,0,5.828231100000001,0.85698999,-0.78716321,5.943259671017658,1.1695130000000002,2.2722736,0.7904879,2.1006848482277225,1.2628031405120335,0.85698999,0.1775886,True,0.5380012302612792,0.5623178762680855,1.0183872374326821,1.0173968644760263,0.024316646006806275,0.0009903729566558273,0.025108604762237963,0.9728522460431326,-0.23006100350934325,0.13911907729949685,0.0,0.9902756597692062
366,09182024054135371,0,0,PianoTiles,0,0.0,0,5.8060944999999995,0.8495020500000001,-0.80062664,5.922279129909543,1.1813399999999996,2.2747663,0.7946361,2.1354036761354447,1.2606527653682602,0.8495020500000001,0.1896173,True,0.5261209143725994,0.5641110502426718,1.0067504369348195,1.0111549927588006,0.03799013587007238,0.004404555823981138,0.027062010897131766,0.9695365313369462,-0.2434472467893742,0.4075681964874248,0.0,0.9131747725446581
367,09182024054135832,0,1,PianoTiles,0,0.0,0,5.790457200000001,1.004061421,-4.131850900000001,7.183990936937715,1.328627,2.3629898999999996,0.7421139999999995,2.3298907856142677,1.3052028308409978,1.004061421,0.1149199,True,0.5045723075744446,0.5560765298490845,1.041172488742982,1.0509986683864063,0.05150422227463991,0.009826179643424249,0.027589305306032225,0.9633022979030144,-0.2669972155051488,0.5584951163180101,0.0,0.8295078089137754
368,09182024054136335,0,1,PianoTiles,0,0.0,0,5.783079699999999,1.029451017,-4.113589200000001,7.171150278672945,1.2097920000000002,2.23345163,0.8085619999999998,2.184744157499526,1.2505328957636426,1.029451017,0.01049137,False,0.4927074764452028,0.5512770520291954,0.9992635952737595,1.0045399221456264,0.05856957558399262,0.005276326871866854,0.02922708275571344,0.9613126586494999,-0.273904636605189,0.5859314643218798,0.0,0.8103606105417622
369,09182024054136830,0,1,PianoTiles,0,0.0,0,5.7746944,1.032041011,-4.1459276,7.183378016380526,0.9850139999999996,2.3289995699999997,0.7244820000000001,1.6620321149313788,1.2450335450646812,1.032041011,0.06852257,True,0.490755057883258,0.5823732142844482,1.0287958887091495,1.0280085610466252,0.0916181564011902,0.0007873276625243175,0.024010470090605134,0.9734717868422957,-0.22754379259407648,-0.7564901625023139,0.0,-0.6540050718742346
370,09182024054137370,0,1,PianoTiles,0,0.0,0,5.8040346,1.1014220989999997,-4.2163576,7.2579349466112255,0.9555319999999998,2.2102640399999998,0.8659809999999997,1.8289328365852406,1.1774823581780247,1.1014220989999997,0.06713396,False,0.6405277117455573,0.729776291548307,1.0446676938705062,1.0451283693427929,0.0892485798027497,0.0004606754722866757,0.015025967507207706,0.9798353592484577,-0.19924078163598502,-0.10050001090385219,0.0,-0.9949370572093119
371,09182024054137880,0,0,PianoTiles,0,0.0,0,5.8339799,1.1931967300000001,-4.2116072,7.29360508371399,1.0073359999999996,1.8090062,0.7706220000000004,1.4042867998392825,1.0888659098923992,1.1931967300000001,0.4267828,False,0.5435091894255332,0.6649910169663945,1.0062710415395248,0.9878499987539859,0.12148182754086134,0.01842104278553891,0.018758856990040724,0.8451000941903323,-0.5342788935414899,-0.3929365883604402,0.0,-0.9195655699990393
372,09182024054138385,1,0,PianoTiles,0,0.0,0,5.8343286,1.22274945,-4.197686600000001,7.290752994175075,0.969576,1.7341975,0.942421,1.5846208559668045,1.078936505678588,1.22274945,0.4372995,False,0.589458292837585,0.601343549393356,0.823860876970287,0.8225471061556293,0.011885256555770995,0.0013137708146576665,0.007075006939617439,0.606448570636389,-0.7950912371859503,-0.44628984765946067,0.0,-0.8948884689591745
373,09182024054138835,1,0,PianoTiles,0,0.0,0,5.8551849,1.2168537899999998,-4.076143100000001,7.237324500884494,0.9452409999999993,1.9275517000000002,0.6771470000000002,1.233762441034996,1.1593816593247905,1.2168537899999998,0.4308143,False,0.5882863265791581,0.5600198328970146,0.760857257530143,0.75976961084434,0.028266493682143512,0.0010876466858029676,-0.004443198449189038,0.8607324614356275,-0.5090381987812969,-0.04577618849992694,0.0,-0.9989517208386095
374,09182024054139343,1,0,PianoTiles,0,0.0,0,5.838260499999999,1.2847038999999998,-3.9519921000000005,7.166169920885065,1.3260759999999996,2.0781449,0.7169780000000001,1.9758322536700093,1.2168857826185127,1.2847038999999998,0.4221911,False,0.5527006727560587,0.5639493493320122,0.7892235446941571,0.7871088334300471,0.01124867657595352,0.002114711264110003,-0.03962008751378659,0.9807785403996584,-0.19105942362761263,-0.25445662739623887,0.0,-0.9670841870148286
375,09182024054139852,1,0,PianoTiles,0,0.0,0,5.865723,1.30438421,-4.01472,7.226762840887082,1.2047669999999995,2.130805,0.9516900000000001,2.4431058088584146,1.2214504455822774,1.30438421,0.385574,False,0.5820581308675277,0.5232298982187467,0.7650975723906068,0.7611184629449019,0.05882823264878101,0.003979109445704898,-0.0006791268239571606,0.9940730280415404,-0.10871225187199403,0.6887246941117688,0.0,-0.7250229622023364
376,09182024054140354,1,0,PianoTiles,0,0.0,0,5.8659572,1.30027626,-4.269216500000001,7.370643238444233,1.3309569999999997,2.0299748,1.6885559999999997,4.562156084661971,1.3473490427306698,1.30027626,0.4200382,False,0.6058190050130485,0.6159957943801239,0.8611070607023028,0.8611056984780906,0.010176789367075334,1.3622242122091066e-06,0.07738934606519447,0.9831372571930598,-0.1656865191695114,-0.11527625046813611,0.0,-0.9933334717394796
377,09182024054140837,1,0,PianoTiles,0,0.0,0,5.8412933,1.27058638,-4.1621728000000004,7.28414576890978,1.1650960000000001,2.0267295,1.0012340000000002,2.364248320222979,1.1658016675738607,1.27058638,0.4024495,False,0.5776429787238828,0.5937248016463521,0.803703198631491,0.7927426211830987,0.01608182292246929,0.010960577448392295,0.09236376514379763,0.9737445965303947,-0.20806344132576654,-0.09581705050902721,0.0,-0.995398961638875
378,09182024054141361,0,0,PianoTiles,0,0.0,0,5.8689598,1.28987418,-4.3219387,7.401865890490343,1.1095450000000007,1.9157118999999998,1.5198019999999999,3.230443348755064,1.1618226422830538,1.28987418,0.5027151,False,0.5823296523250382,0.5798459763437184,0.7673839901850245,0.7634380577382882,0.0024836759813198217,0.0039459324467362444,0.06183576588190744,0.974410575024328,-0.21610268239555946,-0.23060551825155842,0.0,-0.9730473241070704
379,09182024054141858,1,0,PianoTiles,0,0.0,0,5.8715399,1.1606796499999998,-4.262029399999999,7.347588220203994,1.1014270000000002,2.2512595,1.3986840000000003,3.468174045264646,1.2978181173710719,1.1606796499999998,0.1585615,False,0.5709966886287521,0.5694058427246773,0.804744205903491,0.8051879778474653,0.001590845904074767,0.00044377194397426933,0.05135191864733351,0.9794330120361571,-0.1951254862518442,-0.32317632830354975,0.0,-0.9463387664173102
380,09182024054142358,1,0,PianoTiles,0,0.0,0,5.877324700000001,1.3362236600000001,-4.218623200000001,7.356984504697025,1.1143030000000005,1.8357766999999998,1.1947629999999996,2.444020913625678,1.078868357125004,1.3362236600000001,0.5701193,False,0.5726753167982711,0.5654197518675839,0.8204374143443788,0.8173847060730276,0.007255564930687242,0.003052708271351179,0.04615380150643219,0.981067582649076,-0.18808568494599234,-0.6674372621731657,0.0,-0.7446660332409346
381,09182024054142858,1,0,PianoTiles,0,0.0,0,5.8729857999999995,1.16754222,-4.2467293,7.34096906341136,1.162757,2.239491,1.3989540000000003,3.6428536042686264,1.3566678150521223,1.16754222,0.159729,False,0.5612257314717493,0.5662953257744584,0.816063982442805,0.8195507817421994,0.005069594302709146,0.0034867992993944386,0.04589553209693594,0.9810236889512461,-0.18837760442798887,0.046413557920430344,0.0,-0.9989223101128369
382,09182024054143360,1,0,PianoTiles,0,0.0,0,5.8514478,1.18506637,-4.184027500000001,7.290398464980228,1.1251380000000006,2.1382235,0.9777200000000001,2.3521953660479995,1.194932352335381,1.18506637,0.2393115,False,0.5959701528323378,0.5680918262305842,0.7920518219214194,0.791716361631645,0.0278783266017536,0.0003354602897743808,0.049991910689085484,0.9792527604143985,-0.19637932703427644,-0.23177336436125381,0.0,-0.9727698122231516
383,09182024054143864,1,0,PianoTiles,0,0.0,0,5.8654992,1.36530799,-4.4150694999999995,7.467327866284481,1.0322760000000004,1.773622,1.4565860000000002,2.6668158571767053,1.1342548577002964,1.36530799,0.599438,False,0.6567315415929094,0.5679735763712959,0.8412033991846503,0.8418856303922762,0.0887579652216135,0.0006822312076258941,0.05430338747611671,0.9778235453702859,-0.20226778346564042,0.16078940472860875,0.0,-0.9869887371834694
384,09182024054144350,1,0,PianoTiles,0,0.0,0,5.813987900000001,1.125623673,-4.193151500000001,7.256170026709455,1.3456779999999995,2.39609988,0.9886849999999998,3.1878950471294227,1.3754833147209715,1.125623673,0.02219188,True,0.6565493358042482,0.5804990485875063,0.927126343081468,0.9285731210040568,0.0760502872167419,0.0014467779225887378,0.07142283219207116,0.9778301438698499,-0.19684254819812652,0.20176838850892467,0.0,-0.9794332633714824
385,09182024054144862,1,0,PianoTiles,0,0.0,0,5.8206093999999995,1.25341601,-4.2931216,7.340397710879107,1.0015,1.9707274000000001,0.9930940000000001,1.960053232910464,1.1361362089814147,1.25341601,0.3992316,False,0.8005284410000684,0.57126459156769,0.7841801108165459,0.7827091387024686,0.22926384943237832,0.001470972114077318,0.08234686006600214,0.9800127197315338,-0.18109131343516285,0.18196623002491757,0.0,-0.9833047803862843
386,09182024054145336,1,0,PianoTiles,0,0.0,0,5.8177668,1.250536,-4.4082977,7.4056289022812605,1.0670760000000001,1.9218217,1.6895990000000003,3.464911040215397,1.289457584995575,1.250536,0.4479293,False,0.5307409249549163,0.548524906544817,0.8364541701002451,0.835950771930435,0.017783981589900688,0.0005033981698101542,0.07645666995688558,0.981052539758131,-0.17801767286768194,0.3895595008363602,0.0,-0.9210013003835151
387,09182024054145866,1,0,PianoTiles,0,0.0,0,5.8154233,1.1493007199999998,-4.2245038,7.2791807684237275,1.7100480000000005,2.2033221,1.1488210000000003,4.328512312686929,1.4081357585114591,1.1493007199999998,0.1703089,False,0.6030702839263429,0.8492866177451521,0.8138269400592797,0.8217632925925874,0.24621633381880925,0.007936352533307711,0.04987990983754898,0.9839275243803626,-0.17146026175568888,-0.6033133233381682,0.0,-0.7975042532066239
388,09182024054146330,1,0,PianoTiles,0,0.0,0,5.8207644,1.2533457700000001,-4.1364748,7.250006730377517,1.1804760000000005,2.0053795,0.8444410000000002,1.9990471811673025,1.123992208252465,1.2533457700000001,0.3703665,False,0.47331807510277896,0.5481798772711381,0.8457420185641956,0.8455366521862021,0.07486180216835919,0.00020536637799350999,0.06551010754144655,0.9824523308499367,-0.17463059129899025,0.4243504368289118,0.0,-0.9054980434893892
389,09182024054146853,0,0,PianoTiles,0,0.0,0,5.7925529,1.3490641399999999,-4.378487999999999,7.3854451673055115,1.0579969999999994,1.7792563000000001,1.2492679999999998,2.3516818327290476,1.0661890286879665,1.3490641399999999,0.5970207,False,0.6832297402638446,0.564350255889018,0.8340929733817986,0.8320307702963216,0.11887948437482665,0.002062203085476999,0.07490218079632516,0.9799999313762816,-0.18436322251045034,0.1370480103836635,0.0,-0.9905644062098533
390,09182024054147350,1,0,PianoTiles,0,0.0,0,5.7743806,1.098640514,-4.228571199999999,7.2409458419551775,1.0674280000000005,2.32085968,1.1427379999999996,2.830962677374071,1.27473204974724,1.098640514,0.04001832,False,0.5918760530584085,0.5489267367918966,0.8052138212156014,0.804578126128987,0.04294931626651188,0.0006356950866143185,0.07925501354479891,0.9837941426405723,-0.16083447308992796,0.9340475159893338,0.0,-0.3571487615464392
391,09182024054147858,1,0,PianoTiles,0,0.0,0,5.804967400000001,1.2106803899999998,-4.1999583000000005,7.266570253120259,1.053439,2.0299731999999997,0.9409359999999998,2.0121473535145245,1.1601731644683402,1.2106803899999998,0.3322408,False,0.5766064351895492,0.5323127482871324,0.7877756216304487,0.7845501924718455,0.04429368690241686,0.0032254291586031325,0.07050730795705056,0.9859596599449015,-0.15136799029512085,0.7665063323328778,0.0,-0.6422367495663882
392,09182024054148330,1,0,PianoTiles,0,0.0,0,5.892552299999998,1.29866633,-4.317989399999999,7.419820705611645,1.2044510000000006,1.7603517,1.6279310000000002,3.451632693140176,1.1911717201122904,1.29866633,0.6075693,False,0.5767196105014986,0.5867173011970928,0.8120558381675489,0.8066142879367374,0.009997690695594197,0.005441550230811498,0.024686390083393808,0.9876269044234777,-0.1548666516831476,0.11850563793587308,0.0,0.9929533794581757
393,09182024054148836,1,0,PianoTiles,0,0.0,0,5.8966966,1.1096136140000001,-4.1976173,7.322722455622976,1.20871,2.29015556,1.4092470000000006,3.9009844321209415,1.3554328843728043,1.1096136140000001,0.08008844,False,0.5015119514946778,0.5944563156431262,0.8202965726406517,0.825854692706277,0.09294436414844842,0.005558120065625283,0.024725522264287068,0.9888792132722445,-0.14665111696412314,0.058616545229479046,0.0,0.9982805720965225
394,09182024054149369,1,0,PianoTiles,0,0.0,0,5.861078299999999,1.15236998,-4.0389188,7.2106213659108125,1.1766270000000008,2.1552235,1.0484320000000005,2.658712587146569,1.2031034337307538,1.15236998,0.1999515,False,0.48628925555578556,0.5694030161634202,0.8854313331214118,0.8813242390935587,0.08311376060763459,0.004107094027853031,0.039678195438607414,0.9926335617965224,-0.11447380836630223,0.07764366854550818,0.0,0.996981173711317
395,09182024054149856,1,0,PianoTiles,0,0.0,0,5.9482193,1.3654012,-4.351647099999999,7.4954963652043975,1.5947450000000005,1.8610422,1.5598959999999997,4.629596219127543,1.310931534202721,1.3654012,0.4983068,False,0.6301796889506993,0.5812281531386791,0.840886117567557,0.8418300678912817,0.048951535812020164,0.0009439503237246294,0.045912004958296726,0.9922104981973303,-0.11580334653072327,0.9080975801959565,0.0,-0.41875862360344096
396,09182024054150328,1,0,PianoTiles,0,0.0,0,5.9437973,1.2361751930000002,-4.252666799999999,7.412289144596163,1.7007330000000005,2.32653277,1.1470399999999996,4.538620555418211,1.4010259624052015,1.2361751930000002,0.03900123,False,0.5550141954806203,0.5409076385613357,0.8192260828047165,0.8230426644175094,0.01410655691928453,0.0038165816127928576,0.055995796737055174,0.9906113290250874,-0.12471433580359653,0.922028118612055,0.0,-0.3871229113456271
397,09182024054150857,1,0,PianoTiles,0,0.0,0,5.902625800000001,1.4017844799999997,-4.2307996,7.396327218191113,2.036771,1.8863936,0.9786379999999997,3.760075732761199,1.1097587334825116,1.4017844799999997,0.4854984,False,0.5749168095655232,0.5867681027876348,0.7748347153242168,0.7643542825877017,0.011851293222111647,0.01048043273651511,0.05881301737117617,0.989655709678679,-0.1308533732392406,0.5480581019685542,0.0,-0.8364402649721173
398,09182024054151369,1,0,PianoTiles,0,0.0,0,5.893556,1.4317163599999998,-4.3786459,7.480397982608577,1.928115,1.98257,1.625334,6.2130390588359035,1.3944428409872878,1.4317163599999998,0.394053,False,0.6142001323803183,0.5669629343634378,0.767939381913677,0.7669845696355305,0.04723719801688053,0.0009548122781465329,0.04717926938121305,0.9920118669138779,-0.1169896253635237,0.21451674457089084,0.0,-0.9767203111938991
399,09182024054151833,0,0,PianoTiles,0,0.0,0,5.8547101999999995,1.3164318830000001,-4.177596800000001,7.311835573365501,1.551114,2.3908007400000004,0.9581690000000003,3.553278230425674,1.41795794476138,1.3164318830000001,0.01225674,True,0.6028519491384265,0.5864114918962621,0.8566789264303056,0.8582992541765813,0.016440457242164475,0.0016203277462756294,0.04978199019948369,0.9917923390413431,-0.11776973155560896,0.20495905798009925,0.0,-0.9787705474481291
400,09182024054152353,1,0,PianoTiles,0,0.0,0,5.853129999999999,1.49923727,-4.263814,7.39506274586315,1.6913550000000006,1.9106047000000002,1.142055,3.690563080819509,1.4168399989365619,1.49923727,0.4687683,False,0.5899659166231553,0.5175435860398622,0.8471582295506314,0.8484637517745173,0.07242233058329317,0.0013055222238859132,0.07369923650906715,0.9876542355532771,-0.1382300022847877,0.43881450841766423,0.0,-0.8985776689870296
401,09182024054152950,0,0,PianoTiles,0,0.0,0,5.808318999999999,1.3042286410000001,-4.1625898999999995,7.26393396372432,1.5714260000000007,2.5916848,0.8447969999999998,3.4405547962551157,1.651179406216401,1.3042286410000001,0.2144418,True,0.5853894324567193,0.5615214355472102,1.0508213777258228,1.0568883906701076,0.023867996909509026,0.0060670129442848,0.09740347237863435,0.984822499147696,-0.14365656525571913,0.3392368981812216,0.0,-0.9407009763534763
402,09182024054153356,1,0,PianoTiles,0,0.0,0,5.8252285,1.45188982,-4.2312607,7.344714986845737,1.1807610000000004,2.0018841,0.9967329999999999,2.3560243114233295,1.1605621214105457,1.45188982,0.3683349,False,0.5876912067965627,0.5687774031824756,0.7685542293472141,0.7557094174284251,0.01891380361408712,0.012844811918788945,0.11419813435089274,0.9843894866435723,-0.1339258178857973,0.286253176720808,0.0,-0.958154016229774
403,09182024054153853,1,0,PianoTiles,0,0.0,0,5.8305977,1.4815145699999999,-4.3019934,7.3958030107630055,1.4329840000000003,2.0300538,1.3188589999999998,3.836606482696555,1.4193696840828562,1.4815145699999999,0.3392522,False,0.5821018855037322,0.541741983110964,0.8465165728709921,0.8595269796451072,0.04035990239276821,0.013010406774115024,0.1154391074222169,0.9842971345870254,-0.13354011877085056,0.3925416273869153,0.0,-0.9197342392063221
404,09182024054154362,0,0,PianoTiles,0,0.0,0,5.802124600000001,1.3732719249999998,-4.1573655,7.2687147113164805,1.6633570000000004,2.5898409,0.6075179999999998,2.617084259804858,1.689615843764416,1.3732719249999998,0.2121899,True,0.5722933563068859,0.5733463896049228,1.0232976681558121,1.0305147982319371,0.001053033298036854,0.007217130076125011,0.10260779067636085,0.9858432297702122,-0.1326075699526707,0.23354922943482295,0.0,-0.9723449786111926
405,09182024054154843,1,0,PianoTiles,0,0.0,0,5.790656,1.7655277800000004,-4.3134060000000005,7.433320696238239,1.6689110000000005,2.4752257,0.6605119999999998,2.7285297596962668,1.3971521628265722,1.7655277800000004,0.4324703,False,0.4336605078699237,0.5645939353349446,0.7805006316507693,0.7683412190794465,0.1309334274650209,0.012159412571322803,0.09427862073411043,0.9856291491964269,-0.14016676470120096,0.036600148006365095,0.0,-0.9993299901263407
406,09182024054155363,0,0,PianoTiles,0,0.0,0,5.771545800000001,1.613864843,-4.2845424,7.366994246663073,1.7534229999999997,2.9409590999999997,0.6818010000000001,3.5158741213752505,1.8058043070528467,1.613864843,0.1033701,True,0.4528392339605749,0.5598638244073284,1.0815892418166964,1.0948220385260108,0.1070245904467535,0.013232796709314432,0.08311217906512823,0.9848712458293741,-0.15205589376785916,0.06093384144249571,0.0,-0.9981418070429977
407,09182024054155827,0,0,PianoTiles,0,0.0,0,5.783460599999999,1.324526479,-4.287856100000001,7.320416438948791,1.3617239999999997,2.3690551699999998,0.6066840000000004,1.9571621485908295,1.3481124591983211,1.324526479,0.01855683,False,0.5432949250766106,0.701888957263896,0.8847226711710985,0.8846358742264193,0.1585940321872854,8.679694467916832e-05,0.09133946304709589,0.987089404044968,-0.13157359504253943,0.10586444261459543,0.0,-0.9943805709032639
408,09182024054156360,1,0,PianoTiles,0,0.0,0,5.8091694,1.43443219,-4.3022724,7.3697756159469545,1.3302890000000005,1.8752734,1.12859,2.8154433365320615,1.252303726930457,1.43443219,0.4999706,False,0.5454305316912504,0.6663671324172589,0.7671039820391301,0.7722703314396844,0.12093660072600843,0.005166349400554271,0.0968529055225743,0.9859246321012133,-0.13627961882806466,0.23068240757729047,0.0,-0.9730290986575606
409,09182024054156860,0,0,PianoTiles,0,0.0,0,5.7759779,1.2475661753999998,-4.165419900000001,7.229734781207856,1.5165379999999997,2.556008,0.6059299999999999,2.3487563159160016,1.5779732610037451,1.2475661753999998,0.191614,True,0.5571222540968909,0.6274970077554162,1.0445695062604192,1.051176313485711,0.0703747536585253,0.006606807225291833,0.10394973168216755,0.9833483704525682,-0.14906520590494618,0.14031227166689308,0.0,-0.9901073004577211
410,09182024054157352,1,0,PianoTiles,0,0.0,0,5.7070588,1.38105944,-4.386427599999999,7.3292968566918,0.8631140000000004,1.9800726,0.7395960000000001,1.263990555270178,1.052490922800459,1.38105944,0.3670574,False,0.5806989081331215,0.6101535019861805,0.7861332152364512,0.7834220356795946,0.02945459385305893,0.0027111795568566244,0.1108670798159986,0.9810647325122409,-0.15880957538435242,-0.10937353512195565,0.0,-0.9940007192225397
411,09182024054157840,1,0,PianoTiles,0,0.0,0,5.6836256,1.41169592,-4.5268606,7.401955972805592,0.704269,1.7871500999999999,1.37838,1.7348765032618032,1.1691502005503485,1.41169592,0.5456409,False,0.49156764112581725,0.5558457669066126,0.8600979670300877,0.8622354098495434,0.06427812578079534,0.002137442819455715,0.10427256619602646,0.9830730071490172,-0.15064758396298175,-0.16878707843486918,0.0,-0.985652536218226
412,09182024054158366,0,0,PianoTiles,0,0.0,0,5.8048454,1.201637695,-4.304468999999999,7.325886747685024,1.556388,2.4731904,0.5752490000000003,2.21427368137945,1.5527698959261451,1.201637695,0.1484674,True,0.6054839922590852,0.5218007603606948,1.0313091410490856,1.0250804965686402,0.08368323189839044,0.006228644480445356,0.07949574001563019,0.9910403167079469,-0.10732901741271893,0.24375831154685554,0.0,-0.9698360096180314
413,09182024054158866,1,0,PianoTiles,0,0.0,0,5.831922499999999,1.3298440100000002,-4.3653683,7.405149933092781,0.8113709999999994,1.9646010999999999,0.722,1.1508826992760472,1.0271299866756007,1.3298440100000002,0.3512089,False,0.6558192423488348,0.5140185879323826,0.7798636614068127,0.7862715649590858,0.14180065441645218,0.006407903552273053,0.07335746095969649,0.9920607774811449,-0.10214742632613524,0.35996215152651245,0.0,-0.9329669069524407
414,09182024054159490,1,0,PianoTiles,0,0.0,0,5.8286398,1.33260906,-4.4819524,7.472401631390265,0.7151389999999997,1.949557,1.170363,1.631725060945272,1.2004802088062145,1.33260906,0.364719,False,0.6565900826368001,0.513916747014533,0.8006212356210396,0.8007617966330562,0.14267333562226703,0.00014056101201664895,0.0680412540309418,0.9922579151811872,-0.10389714871054334,0.34819583850640917,0.0,-0.9374218143647067
415,09182024054200089,1,0,PianoTiles,0,0.0,0,5.826397999999999,1.25237234,-4.3573689,7.38254792487582,0.6673150000000003,2.1678877,0.7129989999999999,1.0314699714507014,1.1393610731692552,1.25237234,0.1459513,False,0.6488852193369793,0.5096536711248142,0.7820377267062568,0.7839874322608813,0.1392315482121651,0.0019497055546244813,0.058463903582037235,0.9933155822665013,-0.0995295232808416,0.32858089155675296,0.0,-0.9444758322497031
416,09182024054200563,1,0,PianoTiles,0,0.0,0,5.834430200000001,1.29449539,-4.514112,7.4895594811675865,0.671405,2.0287724999999996,1.2753949999999996,1.73725124102233,1.2592416060850107,1.29449539,0.2835895,False,0.6368587527898155,0.5056879610402051,0.8268281074741536,0.8277611300238973,0.13117079174961044,0.0009330225497437006,0.05021746775309395,0.9939313168830258,-0.09787105420726343,0.30749708487245614,0.0,-0.9515490228017375
417,09182024054200983,0,0,PianoTiles,0,0.0,0,5.8403545999999995,1.1777662640000002,-4.3499685999999995,7.376930394638656,0.6667950000000005,2.3950978000000003,0.6629989999999997,1.0588354174570758,1.3162950632358634,1.1777662640000002,0.0841248,True,0.6217201018963439,0.4990492834370172,0.8521884794028065,0.8515194943954072,0.12267081845932665,0.0006689850073993142,0.04352362964066909,0.9949061118931658,-0.09092591589049447,0.3071252881403874,0.0,-0.9516690902749149
418,09182024054201513,1,0,PianoTiles,0,0.0,0,5.849146200000001,1.3492671,-4.3812044,7.431553334982951,0.6722619999999999,1.9238423999999998,0.776805,1.0046622118011332,1.014151582872013,1.3492671,0.3907976,False,0.62080974440967,0.49592734406261596,0.7802500117487726,0.7813288159829763,0.124882400347054,0.0010788042342037008,0.03865315035349392,0.9960372438227773,-0.08009833260234259,0.29977905808614463,0.0,-0.9540086563197337
419,09182024054202003,1,0,PianoTiles,0,0.0,0,5.8580782,1.26175395,-4.3829288,7.424228451059765,1.534427,2.1807817000000003,0.8945169999999996,2.9932777989140535,1.4185803929781988,1.26175395,0.1371273,False,0.6069514986042952,0.49196612825376534,0.8445032608652788,0.848861633304486,0.11498537035052986,0.004358372439207225,0.031039594249513424,0.996449091338661,-0.07826718315604886,0.2913671928566226,0.0,-0.9566112893578309
420,09182024054202483,0,0,PianoTiles,0,0.0,0,5.8532474,1.2160702405000001,-4.350534,7.393678248381686,0.781561,2.3162043750000003,0.6681280000000003,1.209482057670587,1.287968938936006,1.2160702405000001,0.004472375,True,0.6152378064277255,0.48441849709832463,0.8668581143377365,0.8659962106845217,0.1308193093294009,0.0008619036532148128,0.03151278943432176,0.9952163981319682,-0.09247305008108972,0.3267247230775523,0.0,-0.945119545523156
421,09182024054202985,1,0,PianoTiles,0,0.0,0,5.8579886000000005,1.38455737,-4.5060074,7.519117783184809,0.6760149999999996,1.7996626999999998,1.2476710000000004,1.517915266150877,1.1467479004003647,1.38455737,0.5099493,False,0.5927633114270819,0.4840296417741376,0.810074401455422,0.8083214355249339,0.10873366965294434,0.0017529659304881262,0.02156740576988994,0.9951245353210756,-0.09623931738312771,0.1629277900479954,0.0,-0.9866379960401263
422,09182024054203488,0,0,PianoTiles,0,0.0,0,5.853418800000002,1.193259196,-4.368655,7.400778720246744,0.674601,2.3427760600000003,0.7136499999999999,1.1278803443408725,1.2868568289226803,1.193259196,0.03040206,True,0.6026573327331208,0.4858878433476193,0.8380221182324524,0.837934925025638,0.11676948938550152,8.719320681438436e-05,0.016216502571218084,0.9962015420220303,-0.08555415078934706,0.19672276528039956,0.0,-0.9804591544885656
423,09182024054203983,1,0,PianoTiles,0,0.0,0,5.8587047000000005,1.36855565,-4.3484659,7.423376658395546,0.6687500000000002,1.8496028,0.7798050000000005,0.9645578607848635,0.9886320795321293,1.36855565,0.4669672,False,0.6109351496656577,0.48707150722968845,0.7759746513124577,0.7750292121426392,0.1238636424359692,0.000945439169818485,0.007910576363178228,0.9970790213319792,-0.07596609770986595,0.20533010959281991,0.0,-0.9786927741097308
424,09182024054204490,1,0,PianoTiles,0,0.0,0,5.8616445,1.31033033,-4.536824200000001,7.527191749902735,0.8044159999999998,1.9595558,1.431962,2.257198891681669,1.349049777442157,1.31033033,0.3608142,False,0.6188378882760818,0.48802187376489536,0.8398860895212459,0.8398143076716664,0.1308160145111864,7.178184957945533e-05,0.005981940448753972,0.997484489706701,-0.07063221066220528,0.19484354036658288,0.0,-0.9808343360514128
425,09182024054204991,0,0,PianoTiles,0,0.0,0,5.830972600000001,1.211475411,-4.298287200000001,7.344602575163086,0.6659369999999996,2.3091134700000002,0.6694609999999996,1.0294463116156165,1.218399387461473,1.211475411,0.01285553,False,0.6044645967548469,0.4852369715479231,0.8690198788201142,0.8708099278231163,0.11922762520692376,0.0017900490030020588,0.021625566474490935,0.9978250084609777,-0.06227027673382678,0.1948256326499722,0.0,-0.980837893263988
426,09182024054205475,0,0,PianoTiles,0,0.0,0,5.771950400000001,1.3608162199999998,-4.444490099999999,7.410851803515792,0.8713600000000001,1.7464198999999998,0.8434079999999993,1.283464932607129,1.041415436408381,1.3608162199999998,0.5768851,False,0.7162645578094731,0.49539622747251505,0.7875996444336488,0.7886531374230435,0.22086833033695802,0.001053492989394722,0.011643450900240262,0.9990459318178891,-0.042091046188700944,-0.520850628116877,0.0,-0.8536478332370175
427,09182024054205978,0,0,PianoTiles,0,0.0,0,5.714796300000001,1.115842541,-4.3259933,7.253841696538733,0.9310330000000002,2.3911808999999997,0.6365069999999995,1.4170353739308512,1.2921227043286931,1.115842541,0.0660789,True,0.6573184656473605,0.5006287969164381,0.8661297592265631,0.8660261969824932,0.15668966873092238,0.00010356224406993242,0.037151151289318195,0.9980384103969162,-0.05038971452860871,-0.909412683298053,0.0,-0.4158949043407902
428,09182024054206482,1,0,PianoTiles,0,0.0,0,5.7346029000000005,1.27760401,-4.4200004999999996,7.352166132988069,0.6682509999999997,1.946305,0.7762569999999998,1.0096155831501559,1.1158396689883543,1.27760401,0.37876,False,0.6264425949478531,0.5125644619655169,0.7749426845909315,0.7791949480533161,0.11387813298233629,0.004252263462384609,0.0439749609481571,0.9973813747233972,-0.05741599223626087,-0.4669581838312105,0.0,-0.8842793984669424
429,09182024054206956,1,0,PianoTiles,0,0.0,0,5.7457761,1.1884810599999998,-4.546816699999999,7.422935559784202,0.6679210000000007,2.1981889,1.2062489999999997,1.7710347190174835,1.2587185553159936,1.1884810599999998,0.1267721,False,0.8313431204863615,0.520405670102662,0.8964740326740147,0.8965485537115151,0.31093745038369947,7.452103750038575e-05,0.03205817712000812,0.9974857460128911,-0.06320173874861573,-0.35031141488446504,0.0,-0.9366332860846043
430,09182024054207506,0,0,PianoTiles,0,0.0,0,5.7624073,1.129302294,-4.3563715,7.311541165058102,0.655818,2.36013684,1.0954540000000001,1.695565853618806,1.2333417264770907,1.129302294,0.03861284,True,0.9267473271857875,0.5145270816050401,0.8985180933153437,0.900011025770899,0.4122202455807473,0.0014929324555552625,0.03130998793470393,0.997662971902752,-0.060731204085686344,-0.2826907297221069,0.0,-0.9592111088437115
431,09182024054207981,0,0,PianoTiles,0,0.0,0,5.7708593,1.14985107448,-4.391512400000001,7.342367173686771,0.6573719999999996,2.3171941682,1.0757679999999996,1.6386728196710354,1.2178187193112116,1.14985107448,0.0004751682,True,0.9065355317961893,0.5054222045043135,0.8786257049831501,0.8805062943180493,0.40111332729187577,0.0018805893348992075,0.030935290552684992,0.9977620696587802,-0.05927782172657906,-0.27006348788607615,0.0,-0.9628425169833368
432,09182024054208472,1,0,PianoTiles,0,0.0,0,5.770914,1.3582467299999998,-4.4750189,7.427925466125041,0.6718000000000002,1.7663599,0.9033470000000001,1.0719482087620051,1.0485764858740843,1.3582467299999998,0.5477011,False,0.6310303391169081,0.507524946214469,0.7686251718371186,0.7699742533377398,0.12350539290243912,0.0013490815006211854,0.020679816597018945,0.9977064172030242,-0.06445347358691388,-0.41227367827827505,0.0,-0.9110600497216973
433,09182024054208982,1,0,PianoTiles,0,0.0,0,5.7682325,1.1958972899999998,-4.5435667,7.439534586224766,0.6770309999999995,2.1391321,1.1903600000000005,1.7239492794542945,1.2418420488752793,1.1958972899999998,0.1715599,False,0.8125827563153182,0.5098997601891966,0.8351286104686211,0.8350996654438083,0.3026829961261216,2.8945024812765396e-05,0.019426732210739577,0.9974904985796261,-0.0680830912854358,-0.37143196096168957,0.0,-0.9284601759774912
434,09182024054209493,0,0,PianoTiles,0,0.0,0,5.763421,1.1770450700000001,-4.3516976000000005,7.317084714686449,0.6785909999999999,2.1548416,0.9979529999999999,1.459262877915768,1.1601634193615504,1.1770450700000001,0.1473554,False,0.895929959589476,0.5074669028005669,0.8339144201534173,0.838992442690183,0.388463056788909,0.005078022536765703,0.023636506771476547,0.9954752311036782,-0.09203466633133714,-0.32593170554197126,0.0,-0.9453933167325131
435,09182024054209970,1,0,PianoTiles,0,0.0,0,5.7664320999999985,1.2396007500000001,-4.2551182,7.272852265740189,0.9304119999999996,1.8733062999999999,0.791433,1.3794255049100166,1.0374829532859864,1.2396007500000001,0.4014677,False,0.5229612728080347,0.6030612961639966,1.0150688209971972,1.0201211071425245,0.08010002335596189,0.005052286145327267,0.023414675782375743,0.9686032910174845,-0.2475063990851636,-0.31534001442411586,0.0,-0.9489787538733406
436,09182024054210478,1,0,PianoTiles,0,0.0,0,5.786788200000001,1.2380409,-4.189921600000001,7.250869324148562,1.102767,1.8394769,0.7510669999999999,1.5235502418256204,1.0135827215328848,1.2380409,0.3961941,False,0.4714063334216036,0.5263079466975588,0.9764447537574719,0.9679191411353585,0.05490161327595516,0.008525612622113377,0.013745146554580517,0.9331099833132125,-0.3593283039052303,-0.33361637435055513,0.0,-0.9427089236690138
437,09182024054210988,1,0,PianoTiles,0,0.0,0,5.8207352,1.1811296599999999,-4.0587249,7.193696779551579,1.099215,1.8360666,1.2681690000000003,2.5594591909068574,1.1070945930464327,1.1811296599999999,0.3891594,False,0.689200977069824,0.5993677488662533,0.958611253062371,0.9467522253191119,0.08983322820357065,0.011859027743259198,0.0093677416928867,0.9130668433909591,-0.4077023239026792,0.2684819829500266,0.0,0.9632847060091952
438,09182024054211484,1,0,PianoTiles,0,0.0,0,5.8633592,1.19014334,-4.1973037,7.308404793660836,0.9359719999999996,1.9149812,0.7381279999999997,1.322997585594399,1.1477187926136634,1.19014334,0.3954378,False,0.7576574838500574,0.5571615851582018,0.8999740923567524,0.8978472170236094,0.20049589869185558,0.0021268753331430412,0.0050959293205443,0.8764558336683574,-0.48145529712847107,0.4167886358446284,0.0,-0.9090034285033108
439,09182024054211970,1,0,PianoTiles,0,0.0,0,5.8821204,1.2209953299999996,-4.122438600000001,7.285922728573776,0.8922460000000001,1.9194835,0.8182580000000002,1.401390770582273,1.149226489366456,1.2209953299999996,0.4182895,False,0.7354852818058295,0.5384734400673817,0.8216074680941259,0.820802314797083,0.19701184173844777,0.0008051532970428932,0.010059483193687097,0.825948517173394,-0.563655793704764,0.3330544257561785,0.0,-0.9429076038956428
440,09182024054212489,1,0,PianoTiles,0,0.0,0,5.8410627999999996,1.2801486499999999,-3.964370700000001,7.174470729375035,1.1058020000000006,1.9147979999999998,0.7334780000000003,1.5530571179159915,1.1311857065635829,1.2801486499999999,0.429914,False,0.50968195803854,0.5039603946531909,0.796614381890818,0.79760259515478,0.0057215633853491266,0.0009882132639620345,0.012620230693983474,0.8485864300445553,-0.5289062303674135,-0.07204259344123025,0.0,0.9974015564105873
