GlobalID,EntryID,Spatial,Temporal,App,missing_joints_count,missing_joints_ratio,collapsed_joints_count,center_of_mass_x,center_of_mass_y,center_of_mass_z,distance_from_origin,bbox_width,bbox_height,bbox_depth,bbox_volume,max_joint_distance_from_com,distance_from_floor,min_foot_height_above_floor,below_floor,left_forearm_length,right_forearm_length,left_shin_length,right_shin_length,arm_length_symmetry,leg_length_symmetry,body_upright_x,body_upright_y,body_upright_z,body_forward_x,body_forward_y,body_forward_z
5101,08062025071039871,0,0,Sea,0,0.0,45,0.0,0.0,0.0,0.0,0.0,0.0,0.0,0.0,,0.0,0.0,False,0.0,0.0,0.0,0.0,0.0,0.0,,,,,,
5102,08062025071044823,0,0,Sea,0,0.0,0,0.13551641699999997,0.28148227000000003,-0.068142383,0.31975045263734886,4.184078,9.077138999999999,0.04359999999999999,1.6559043510479108,6.461764191770644,0.28148227000000003,2.3369,True,2.4876852235345392,2.4224686333014698,0.9310964214473226,0.8253980846191734,0.06521659023306947,0.10569833682814922,-0.01996494669612711,0.9997987476593908,0.0019659812142457677,-0.9998594172021694,0.0,-0.016767403858020252
5103,08062025071045188,0,0,Sea,0,0.0,0,0.56540355,0.23994521999999985,-0.067952386,0.6179582588788208,4.227669000000001,9.103038999999999,0.043399999999999994,1.670233193116349,6.526252229998528,0.23994521999999985,2.3369,True,2.4738344128121916,2.5437834778865436,0.749364159984323,0.45185542570716136,0.06994906507435195,0.2975087342771617,0.014700428675018964,0.9998901456048623,0.001895816198334949,0.9997228953195006,0.0,-0.023540020688067497
5104,08062025071045481,0,0,Sea,0,0.0,0,0.6412277599999998,0.24156208000000007,-0.068162386,0.6886010380138538,3.841221,9.143629,0.043699989999999994,1.5348616270180957,6.565688402832507,0.24156208000000007,2.3369,True,2.445196652463407,2.4516162078571764,0.7156066744443139,0.459317641549941,0.006419555393769372,0.25628903289437294,0.018770447368007686,0.9998223564212465,0.001710527950837553,-0.5471558325518654,0.0,-0.8370307610264242
5105,08062025071045724,0,0,Sea,0,0.0,0,0.5144736099999999,0.21935766000000007,-0.067012384,0.5632863729902146,3.9014439999999997,9.18846,0.04259999,1.5271356085212024,6.632336051730334,0.21935766000000007,2.3369,True,2.539319397391004,2.4503324336543826,0.6667921109508197,0.44196083164122146,0.0889869637366214,0.22483127930959823,0.0036247847634057677,0.999992557908827,0.001321008092435359,-0.9997687576835654,0.0,-0.02150421260730292
5106,08062025071045954,0,0,Sea,0,0.0,0,0.38122201999999994,0.17663248000000015,-0.065482382,0.4252260620848924,4.061568,9.224907,0.04359999999999999,1.6335867964340733,6.683861175838024,0.17663248000000015,2.3369,True,2.495672616496701,2.5685350031325815,0.826559410722599,0.6085799677577302,0.0728623866358804,0.21797944296486882,-0.010502073714337121,0.999943852622389,0.0014135241039438464,-0.9902069432871456,0.0,-0.13960734030103036
5107,08062025071046152,0,0,Sea,0,0.0,0,0.16998702660000006,0.09712753000000011,-0.064592386,0.20615897415679738,4.097843,9.403624,0.046399989999999995,1.788003884586937,6.7538115429316665,0.09712753000000011,2.3369,True,2.5486639119509444,2.5239270293555016,0.9937382263238946,0.7039799837907325,0.024736882595442822,0.2897582425331622,-0.03678934653126703,0.9993215152044596,0.001747349783418225,-0.6143557335796807,0.0,-0.7890291709548971
5108,08062025071046361,0,0,Sea,0,0.0,0,0.013437890000000046,-0.009287269999999959,-0.063422384,0.06549220613132876,4.237397,10.283994999999999,0.05039999999999999,2.1962994258751554,6.86216450968929,0.009287269999999959,2.3369,True,2.587653518698454,2.4793241089020532,1.114607730513188,1.1812715620889211,0.10832940979640071,0.06666383157573308,-0.05787932353785849,0.9983213882138623,0.00209517100652491,-0.9995354962943809,0.0,-0.03047608320545647
5109,08062025071046563,0,0,Sea,0,0.0,0,0.024526680000000096,-0.08851509800000001,-0.060582384999999996,0.11003047749628389,4.502242,10.424063,0.05589999,2.6234790032163087,6.98772787088136,0.08851509800000001,2.3369,True,2.627529051590296,2.5556020883299415,1.146185413713523,1.2700240662471716,0.07192696326035453,0.12383865253364856,-0.05885513613342867,0.998263851925898,0.002314063262793808,-0.9995560681094224,0.0,-0.02979373601332524
5110,08062025071046752,0,0,Sea,0,0.0,0,0.2662722900599999,-0.3134663000000001,-0.056902383,0.41521071142320676,4.737727,10.51566,0.060099999999999994,2.994201610919682,7.286494261962481,0.3134663000000001,2.3369,True,2.7809156527095533,2.765842645746068,1.6960456321930877,1.2700240662471716,0.015073006963485458,0.4260215659459161,-0.02447735164981386,0.9996989486801472,0.001694480457206339,-0.9989646541488036,0.0,-0.04549307377350014
5111,08062025071046958,0,0,Sea,0,0.0,0,0.6574610999999998,-0.41826707999999985,-0.051462385,0.7809294624323148,4.975761,10.976044,0.0676,3.691918004857118,7.850018333389891,0.41826707999999985,2.3369,True,3.201968057346138,3.0975670035661866,1.6960456321930877,1.2700240662471716,0.10440105377995135,0.4260215659459161,0.024878921265655364,0.9996893906246024,0.0014702208230901702,0.6800666724905883,0.0,-0.7331502717503275
5112,08062025071047159,0,0,Sea,0,0.0,0,0.85111916,-0.49164014999999994,-0.04904238400000001,0.9841336377949549,5.267004,11.09752,0.07099999,4.149997853828857,8.052410596692829,0.49164014999999994,2.3369,True,3.3889380014401267,3.257975790640103,1.6960456321930877,1.2700240662471716,0.1309622108000239,0.4260215659459161,0.04119127313124044,0.9991502912238351,0.0014051922121323163,0.999911661327751,0.0,-0.013291709475342943
5113,08062025071047366,0,0,Sea,0,0.0,0,0.85880457,-0.5608588,-0.046402385000000004,1.026772157941582,5.389916,11.336381,0.07529999,4.600990631428486,8.373979734138707,0.5608588,2.3369,True,3.5691659810679863,3.3395816307154402,1.6960456321930877,1.2700240662471716,0.2295843503525461,0.4260215659459161,0.0511911203572277,0.9986883186537583,0.0010542206130947761,-0.9988048281328614,0.0,-0.04887653116256452
5114,08062025071047549,0,0,Sea,0,0.0,0,0.7263959599999998,-0.616208,-0.04566238300000001,0.9536500632776993,5.619803,11.348419,0.07409998999999999,4.725792006623172,8.449675363363045,0.616208,2.3369,True,3.7058233822384197,3.5728218451972946,1.6960456321930877,1.2700240662471716,0.13300153704112505,0.4260215659459161,0.06843795324749358,0.9976551808703894,0.0006218020300065158,-0.9995826789435022,0.0,-0.02888715901800556
5115,08062025071047746,0,0,Sea,0,0.0,0,0.62677181,-0.6546573,-0.044862384,0.9074313834952644,5.623847,11.348419,0.07409998999999999,4.729192677941149,8.497245607886551,0.6546573,2.3369,True,3.83875113112559,3.511310570049736,1.6960456321930877,1.2700240662471716,0.3274405610758544,0.4260215659459161,0.09218109948503857,0.9957421509621494,0.00046227156683460247,-0.9990445776982058,0.0,-0.04370276618034383
5116,08062025071047956,0,0,Sea,0,0.0,0,0.5661572899999998,-0.6569083999999998,-0.04482238400000001,0.8683730587242716,5.652046,11.348419,0.07409998999999999,4.752905717133942,8.505690978915586,0.6569083999999998,2.3369,True,3.679761465337665,3.4503578808978643,1.6960456321930877,1.2700240662471716,0.22940358443980058,0.4260215659459161,0.10432840546100501,0.9945428148127298,0.0004163151887139147,-0.998181504528953,0.0,-0.06028004658521471
5117,08062025071048159,0,0,Sea,0,0.0,0,0.5111685699999999,-0.6744002,-0.044902387,0.8474226578716093,5.702955,11.348419,0.07409998999999999,4.795715998075315,8.529071570242206,0.6744002,2.3369,True,3.7577654732147665,3.487510628644019,1.6960456321930877,1.2700240662471716,0.27025484457074755,0.4260215659459161,0.11326380223164309,0.9935648546216499,0.0004367661742504062,-0.9991159146497102,0.0,-0.04204032699293913
5118,08062025071048353,0,0,Sea,0,0.0,0,0.48299127000000003,-0.6756838999999999,-0.045142384,0.8317855098813793,5.766705,11.348419,0.07409998999999999,4.849324503644323,8.53355095867721,0.6756838999999999,2.3369,True,3.8208913891170733,3.4602663363603963,1.6960456321930877,1.2700240662471716,0.360625052756677,0.4260215659459161,0.11837654552437908,0.992968629075126,0.0005432700798896378,-0.9994948146225213,0.0,-0.031782314936010504
5119,08062025071048559,0,0,Sea,0,0.0,0,0.5933175800000001,-0.6709596,-0.045722385,0.8968294553923308,5.657597,11.348419,0.07409998999999999,4.757573651477683,8.516837529155143,0.6709596,2.3369,True,3.7108222815783023,3.629067315293283,1.6960456321930877,1.2700240662471716,0.08175496628501921,0.4260215659459161,0.10545055009692476,0.9944243399951561,0.000643047007591879,-0.9645658427737018,0.0,-0.2638422539212742
5120,08062025071048759,0,0,Sea,0,0.0,0,0.71551765,-0.6296398,-0.045912386000000006,0.9542115763255943,5.471252,11.291485,0.0775,4.7878383914145495,8.384872861622714,0.6296398,2.3369,True,3.599674246004213,3.451317762273564,1.6960456321930877,1.2700240662471716,0.14835648373064902,0.4260215659459161,0.03944628965804832,0.9992210220798295,0.001157266587283714,-0.9853055189233415,0.0,-0.17080115450196742
5121,08062025071048952,0,0,Sea,0,0.0,0,0.8814999699999999,-0.6101502999999999,-0.046812386000000004,1.0730875943664169,5.302852,11.199843,0.07729999,4.590932197666744,8.291078493054982,0.6101502999999999,2.3369,True,3.4549765709071023,3.5604255924573116,1.6960456321930877,1.2700240662471716,0.1054490215502093,0.4260215659459161,0.058725457622420964,0.9982730630983072,0.0014873195219611273,-0.9993372230722084,0.0,-0.036402123321685714
5122,08062025071049149,0,0,Sea,0,0.0,0,0.9355280699999999,-0.5637863,-0.047462386,1.0933071114332091,5.383417,11.170020000000001,0.07819999,4.702390267333432,8.220694719158447,0.5637863,2.3369,True,3.2706673480138577,3.4055497985037597,1.6960456321930877,1.2700240662471716,0.134882450489902,0.4260215659459161,0.07271881178985258,0.9973510063888251,0.0017159449494772321,-0.9877774682419236,0.0,-0.15587069395359646
5123,08062025071049363,0,0,Sea,0,0.0,0,0.76777142,-0.5560417000000001,-0.048272386,0.949202585730696,5.426475,11.100877,0.07449998999999999,4.487777445747522,8.11927460315827,0.5560417000000001,2.3369,True,3.315242502217447,3.4208863263489184,1.6960456321930877,1.2700240662471716,0.10564382413147122,0.4260215659459161,0.05096015917032664,0.9986996551722316,0.0014355961133758672,0.9937365912207926,0.0,-0.11174787366603123
5124,08062025071049563,0,0,Sea,0,0.0,0,0.31811104999999995,-0.5455189,-0.049082384,0.633399234928837,5.209882,10.975052,0.07209999,4.122585562997336,7.973423613731836,0.5455189,2.3369,True,3.239790482179519,3.3193745495808393,1.6960456321930877,1.2700240662471716,0.07958406740132018,0.4260215659459161,0.014357320990886609,0.9998960652788218,0.0013137632567356496,-0.998807270428637,0.0,-0.04882659663436876
5125,08062025071049761,0,0,Sea,0,0.0,0,-0.11895304999999998,-0.52241576,-0.050152383999999994,0.5381294602802968,5.230016,10.868889,0.07139999,4.05869411633216,7.874241117552089,0.52241576,2.3369,True,3.106380060577263,3.1694919747393273,1.6960456321930877,1.2700240662471716,0.06311191416206441,0.4260215659459161,-0.041416995625637304,0.9991407265777199,0.0015623594631463634,-0.999690601957976,0.0,-0.02487368804378571
5126,08062025071049953,0,0,Sea,0,0.0,0,-0.39460149,-0.50218473,-0.05162238500000001,0.6407532361123751,5.40704,10.751506,0.07089999,4.121687469520586,7.778820597692274,0.50218473,2.3369,True,3.038653163701807,3.0150957651301886,1.6960456321930877,1.2700240662471716,0.023557398571618204,0.4260215659459161,-0.08011825306131072,0.9967836578754049,0.001845242241951664,-0.9997510191681022,0.0,-0.022313665596238534
5127,08062025071050159,0,0,Sea,0,0.0,0,-0.5126251300000001,-0.4908599599999999,-0.051912384,0.711633978848173,5.644149,10.736267999999999,0.07009999,4.24785584437387,7.768040459117573,0.4908599599999999,2.3369,True,3.1189335644168503,3.0044307147865803,1.6960456321930877,1.2700240662471716,0.11450284963027002,0.4260215659459161,-0.09391316115035463,0.9955788110345897,0.001774593390213473,-0.9998296268348988,0.0,-0.018458529280164813
5128,08062025071050349,0,0,Sea,0,0.0,0,-0.51366039,-0.4682254800000001,-0.051592383000000006,0.6969532770278085,5.637041,10.783339,0.06969998999999999,4.2367922391137185,7.785689305884789,0.4682254800000001,2.3369,True,3.026475102766418,2.9971323485850605,1.6960456321930877,1.2700240662471716,0.029342754181357567,0.4260215659459161,-0.08532149639128747,0.9963519663621142,0.0017324491045262976,-0.9998804585478561,0.0,-0.015461843814019624
5129,08062025071050553,0,0,Sea,0,0.0,0,-0.4127008200000001,-0.42728510999999986,-0.052472386999999995,0.5963622082709988,5.3251669999999995,10.769141999999999,0.06949999,3.985649258496826,7.726546706995326,0.42728510999999986,2.3369,True,3.0159578900243287,3.001007548472346,1.6960456321930877,1.2700240662471716,0.014950341551982493,0.4260215659459161,-0.07889237805764562,0.9968808661494883,0.002128706051888618,-0.9994710909422002,0.0,-0.03251981504880014
5130,08062025071050753,0,0,Sea,0,0.0,0,-0.36473845999999993,-0.3377174899999999,-0.054622384,0.5000708470696078,5.225409,10.64066,0.06939999999999999,3.8587649567778355,7.513948201471508,0.3377174899999999,2.3369,True,2.9751536879998315,2.6251511892867505,1.6960456321930877,1.2700240662471716,0.350002498713081,0.4260215659459161,-0.1011975015588467,0.9948621270209591,0.002900671918771978,-0.9998409747239725,0.0,-0.01783326282586801
5131,08062025071050963,0,0,Sea,0,0.0,0,-0.28285833000000005,-0.28795391,-0.057562387000000007,0.407725051391026,4.9363,10.362712,0.06429999,3.2891666607575276,7.230903121425059,0.28795391,2.3369,True,2.9053156317538034,2.607559608565764,1.6960456321930877,1.3997460872980676,0.2977560231880392,0.2962995448950201,-0.07647967739753439,0.9970676220183253,0.002648786116525529,-0.99986619710642,0.0,-0.016358113703776715
5132,08062025071051139,0,0,Sea,0,0.0,0,0.07420825200000006,-0.1047949179999998,-0.06082238499999999,0.14208519282673485,4.754992,10.268382,0.05809999,2.8367944264163034,6.917286884308233,0.1047949179999998,2.3369,True,2.7061344214876413,2.557784544846866,1.6960456321930877,0.8522316542199602,0.14834987664077515,0.8438139779731275,-0.015890758981650994,0.9998700765833083,0.0027043912949713807,-0.9999862015353833,0.0,-0.005253259829459999
5133,08062025071051360,0,0,Sea,0,0.0,0,0.39650180999999984,0.02155160999999999,-0.063812387,0.4021817722889811,4.394848,10.057306,0.05429998999999999,2.4000775399568868,6.721114994331108,0.02155160999999999,2.3369,True,2.3885833836867176,2.518917416571246,1.8245010648660664,0.7173703326713478,0.13033403288452838,1.1071307321947188,0.04710473240285163,0.9988853661386617,0.0030281181099029767,0.9999047621204575,0.0,-0.013800966952770824
5134,08062025071051548,0,0,Sea,0,0.0,0,0.3992799400000001,0.014256069999999977,-0.064012384,0.40462982011168186,4.510114,10.080751,0.03710000000000001,1.6867639735992797,6.760987015421522,0.014256069999999977,3.314641,True,2.4118420155997446,2.4430900760574685,0.7724273497229625,0.7124810553874397,0.03124806045772388,0.05994629433552279,0.06741336073779654,0.9977212241293704,0.002792439046147261,0.9994776885676467,0.0,-0.03231640536127127
5135,08062025071051748,0,0,Sea,0,0.0,0,0.33572521999999994,0.04228752000000009,-0.064332383,0.3444391284309282,4.548953,10.094801,0.034300000000000004,1.5750825925620082,6.744931288483645,0.04228752000000009,3.314641,True,2.5315949111340084,2.3508544529157396,0.930327597739769,0.7060845182738393,0.18074045821826878,0.2242430794659297,0.05208740551025652,0.9986400106227308,0.002243071697982809,-0.6388976557420335,0.0,-0.7692917427656001
5136,08062025071051948,0,0,Sea,0,0.0,0,0.2345942500000001,0.03235889000000003,-0.063312384,0.24513265360383568,4.312687,10.103859,0.03300001,1.4379682205992028,6.758367974051618,0.03235889000000003,3.314641,True,2.5591866968227017,2.3618257260643847,0.9271366217236219,0.7597390390370893,0.19736097075831704,0.1673975826865326,0.022728276043924273,0.9997397171366125,0.001980769465970468,-0.9989982965627406,0.0,-0.04474822303446884
5137,08062025071052148,0,0,Sea,0,0.0,0,0.005294538999999987,-0.01534279000000005,-0.061662384,0.06376270813547742,4.199633,10.126874,0.031800010000000004,1.3524275300358382,6.831058209749277,0.01534279000000005,3.314641,True,2.5378534622603723,2.506477884842961,0.8540310837500528,0.8717056036454566,0.03137557741741137,0.017674519895403806,-0.01951080613549476,0.9998085132142904,0.0015051073627107333,-0.9380272020174348,0.0,-0.3465616370508173
5138,08062025071052356,0,0,Sea,0,0.0,0,-0.34099140000000006,-0.06704741000000017,-0.061702385000000005,0.35295562663932184,4.736732,10.129614,0.033300010000000005,1.5977766636348865,6.900687997454343,0.06704741000000017,3.314641,True,2.5665656350908232,2.518850878972396,0.9042989180552027,1.015940985741416,0.04771475611842746,0.11164206768621321,-0.05856137731623543,0.9982823275596269,0.0017203397801513348,-0.9997623674713373,0.0,-0.021799279531823892
5139,08062025071052556,0,0,Sea,0,0.0,0,-0.5205972400000001,0.2382104,-0.059522386000000004,0.5755941238398031,10.012285,10.125504,0.03320000000000001,3.3657971363124486,6.58827635026411,0.2382104,3.314641,True,3.2449609480458177,2.9341698891965153,0.9543350120133968,1.1740123330097516,0.31079105884930236,0.21967732099635484,-0.06340915509828074,0.9979862740460581,0.0016358072588969646,-0.9999869645628957,0.0,0.005105947932170264
5140,08062025071052755,0,0,Sea,0,0.0,0,-0.4608357099999999,0.8349184700000002,-0.058842385,0.9554689055279787,12.174149,10.129246,0.033400000000000006,4.118719332059245,6.586157191123334,0.8349184700000002,3.314641,True,2.4066481375543876,3.2027052839825894,0.9767325154134114,1.2190100104421455,0.7960571464282018,0.24227749502873408,-0.06135589354468152,0.9981146555486781,0.001608945703708245,-0.9992317047038553,0.0,0.039191839898470894
5141,08062025071052965,0,0,Sea,0,0.0,0,-0.3846835500000001,1.9192131500000003,-0.05769238699999999,1.9582361860335653,12.938472999999998,10.184647,0.03440000000000001,4.533018039706667,7.706612445814628,1.9192131500000003,3.314641,True,2.3437905609716916,3.186056563541834,1.132655233537377,1.2476069233111082,0.8422660025701423,0.11495168977373127,-0.0511139641893344,0.9986912668030554,0.001765297753940758,0.9999998419729818,0.0,-0.0005621868120189178
5142,08062025071053150,0,0,Sea,0,0.0,0,-0.3436762399999999,1.8029021299999997,-0.05803238200000001,1.8362835308469296,12.724345,10.221194,0.03470001,4.5130138578271595,7.359788844147616,1.8029021299999997,3.314641,True,2.164735304037655,2.933132516605583,1.1194402873582896,1.2307176246470997,0.7683972125679279,0.11127733728881006,-0.04409860078367878,0.9990260301332421,0.001518066248914322,-0.8053771622627417,0.0,-0.5927627067432748
5143,08062025071053354,0,0,Sea,0,0.0,0,-0.31678722000000004,1.7874251700000001,-0.058162385999999996,1.8162119216242554,12.674958,10.223791,0.03470001,4.496639712805712,7.376414781121648,1.7874251700000001,3.314641,True,2.1440985187357877,2.9296628365578186,1.1116674765113037,1.205029217765565,0.7855643178220308,0.09336174125426133,-0.045883546794397934,0.9989455933521841,0.0015497276596602722,-0.050258481716324375,0.0,-0.9987362439681309
5144,08062025071053561,0,0,Sea,0,0.0,0,-0.24808432999999996,1.7827428300000001,-0.058012386000000006,1.8008562601266576,12.817183,10.230744999999999,0.03470001,4.550189093222633,7.562446885743479,1.7827428300000001,3.314641,True,2.1695573001001844,3.057553254897288,1.0951356354075097,1.1546921388617357,0.8879959547971037,0.05955650345422603,-0.0530523281775834,0.9985906034049971,0.0015024201083167594,0.9982111446861468,0.0,-0.05978721121086486
5145,08062025071053769,0,0,Sea,0,0.0,0,-0.20334333999999998,1.7491948299999998,-0.057992387,1.7619291087245939,12.918359,10.236514,0.03460001000000001,4.5754694339038275,7.600861622315468,1.7491948299999998,3.314641,True,2.203961500993155,3.1144100092902027,1.0811610989871077,1.1262119379940703,0.9104485082970477,0.045050839006962606,-0.054508062905397586,0.9985122944908056,0.0014383424515533028,0.999213395200249,0.0,-0.03965590564330622
5146,08062025071053956,0,0,Sea,0,0.0,0,-0.18522758000000006,1.72951146,-0.058022384999999996,1.7403694273989865,12.905687,10.238678,0.03490001000000001,4.611588678678068,7.559957744554238,1.72951146,3.314641,True,2.2155336417967124,3.093453397110744,1.0746189006894538,1.1112004355613616,0.8779197553140317,0.03658153487190785,-0.0510809477466015,0.9986934829276716,0.0014366402143875894,0.9990562824018813,0.0,-0.043434371105523034
5147,08062025071054160,0,0,Sea,0,0.0,0,-0.16731534000000003,1.7158699000000006,-0.057982384,1.724982867619169,12.911292,10.239532,0.035100000000000006,4.640416124596576,7.525515451064713,1.7158699000000006,3.314641,True,2.2662122716173347,3.064425918059041,1.0607620213910425,1.0490964996429117,0.7982136464417064,0.011665521748130736,-0.046255546206452135,0.9989285179299,0.0014968338305687895,0.9983645834444168,0.0,-0.05716781020693269
5148,08062025071054354,0,0,Sea,0,0.0,0,-0.05945998000000009,1.70401933,-0.057142386,1.7060136630499247,12.962017,10.25282,0.036000000000000004,4.78430017696584,7.53023318182949,1.70401933,3.314641,True,2.3481644091870995,3.0178362898389635,1.0195529284758147,0.6938825492379814,0.669671880651864,0.32567037923783326,-0.03898209354910253,0.9992385829534352,0.0016281031110119775,0.9906517498079144,0.0,-0.13641521397013304
5149,08062025071054559,0,0,Sea,0,0.0,0,0.31852117999999985,1.69649268,-0.055732382999999996,1.7270348154907107,13.043931,10.303881,0.03660001000000001,4.9191552723724525,7.53468196000996,1.69649268,3.314641,True,2.628011535902002,2.715740801631297,0.8838702890574838,0.39998878405775345,0.08772926572929496,0.4838815049997303,-0.007390649719348586,0.9999718371267792,0.0013050862117819334,-0.9984228704015281,0.0,-0.05614064355859526
5150,08062025071054747,0,0,Sea,0,0.0,0,0.6634595599999997,1.7272768400000005,-0.054982385,1.851131257479077,13.140577,10.410995,0.03780001000000001,5.171286366652363,7.524160333640413,1.7272768400000005,3.314641,True,3.033953516610959,2.3030808165624586,0.8953191995095885,0.25772477937520893,0.7308727000485002,0.6375944201343795,0.01095467546568752,0.9999390536778759,0.0013725943447797926,-0.9999020379995357,0.0,-0.013996942679569503
5151,08062025071054969,0,0,Sea,0,0.0,0,0.9315366599999999,1.7418723299999996,-0.054462385,1.9760682969784904,12.816592,10.456676999999999,0.03900001000000001,5.226740888796204,7.4504481887998235,1.7418723299999996,3.314641,True,3.113648356092736,1.8410312257916759,0.9652095370548511,0.41381174202165916,1.2726171303010603,0.551397795033192,0.045884149712598986,0.9989454976257675,0.0015929778277408426,-0.9999549560729888,0.0,-0.009491355280835998
5152,08062025071055142,0,0,Sea,0,0.0,0,1.06240536,1.7497801199999998,-0.054542388,2.047781846142964,12.527173000000001,10.463842,0.040100000000000004,5.2564025950445075,7.365602562316711,1.7497801199999998,3.314641,True,3.0063554125369145,1.6033188613435567,0.9820398157203404,0.5134479065815732,1.4030365511933578,0.46859190913876714,0.0563926470356944,0.9984073308818731,0.001634319932514903,-0.9999037941819086,0.0,-0.013870918521256728
5153,08062025071055349,0,0,Sea,0,0.0,0,0.9838578999999997,1.7353439699999995,-0.054992386000000004,1.9955999659565395,12.689959,10.416943,0.038900000000000004,5.14221354548061,7.425976302192959,1.7353439699999995,3.314641,True,3.0031447268137113,1.8016274014262768,0.9704089907377405,0.5124706410507829,1.2015173253874345,0.45793834968695757,0.025330183288691514,0.9996781635590453,0.0013968241750974405,-0.9998844276456508,0.0,-0.01520300469411955
5154,08062025071055549,0,0,Sea,0,0.0,0,0.6582564700000001,1.7166803899999998,-0.056722385,1.8394321326614638,13.02322,10.364575,0.038000000000000006,5.129245336397002,7.497947636703695,1.7166803899999998,3.314641,True,2.942586847964219,2.325599296444897,0.8881367226919514,0.28661508625506804,0.6169875515193222,0.6015216364368834,-0.015325937852694666,0.9998808857843499,0.0018247936977274356,-0.9999114120472844,0.0,-0.013310449188736468
5155,08062025071055749,0,0,Sea,0,0.0,0,0.4285622399999999,1.7152315000000002,-0.057552384,1.7688971052749654,13.14951,10.335424,0.03710000000000001,5.042103742087104,7.544825285745863,1.7152315000000002,3.314641,True,2.9254940855392273,2.6100740763894037,0.8289416120942656,0.21070503743859553,0.3154200091498236,0.6182365746556702,-0.03446688420771068,0.9994045393726833,0.001612629618672305,-0.9997170827259535,0.0,-0.023785594504006143
5156,08062025071055960,0,0,Sea,0,0.0,0,0.3032293999999999,1.6952535100000006,-0.057692385,1.7231253417783252,13.056059000000001,10.315598999999999,0.037000000000000005,4.983199559080618,7.4798215141193625,1.6952535100000006,3.314641,True,2.7508184518806402,2.6921152011344165,0.8100464556284721,0.3233084849659842,0.058703250746223734,0.4867379706624879,-0.030546514727477853,0.9995320380630841,0.001617196172761595,-0.9992211798692441,0.0,-0.039459266347913455
5157,08062025071056167,0,0,Sea,0,0.0,0,0.28464991000000006,1.6851947199999997,-0.057052387,1.7100180672850458,13.070547999999999,10.312612,0.038000000000000006,5.122076625752289,7.488034508774347,1.6851947199999997,3.314641,True,2.747715511700038,2.7203582518622427,0.7977935203265379,0.36609725261192544,0.027357259837795134,0.4316962677146125,-0.025057090515493097,0.999684969038888,0.0014508248054073533,-0.9985208417914034,0.0,-0.05437029067594903
5158,08062025071056361,0,0,Sea,0,0.0,0,0.31676150999999986,1.6888943900000002,-0.056522386,1.7192721991907174,13.115828,10.335864,0.038100010000000004,5.164967446384581,7.488243886727297,1.6888943900000002,3.314641,True,2.900229438390177,2.6942380997686524,0.7859790286116799,0.3731045381190103,0.20599133862152463,0.4128744904926696,-0.01811188378041125,0.9998348818484546,0.001472652372988711,-0.9988125903711355,0.0,-0.04871764891804972
5159,08062025071056560,0,0,Sea,0,0.0,0,0.37169868,1.6964675799999995,-0.056192386000000004,1.7376189867025424,13.143467,10.342217999999999,0.038700000000000005,5.260591658305493,7.516497003867668,1.6964675799999995,3.314641,True,2.947932331561225,2.6044812589738475,0.7864120020733661,0.34502185898722443,0.3434510725873774,0.4413901430861417,-0.008053063994306307,0.9999663624025095,0.0015563495098430396,-0.999217709072817,0.0,-0.03954705899647983
5160,08062025071056749,0,0,Sea,0,0.0,0,0.4190534800000001,1.69897675,-0.055932384999999994,1.7507873222731711,13.160067000000002,10.340907,0.03970001000000001,5.4026564106128205,7.535750947338186,1.69897675,3.314641,True,2.960919264014134,2.5660421484537235,0.781543939790905,0.3092606420804302,0.3948771155604107,0.4722832977104748,-0.009413669795461094,0.9999544366129478,0.0015835147818233145,-0.9993480731890125,0.0,-0.03610302775956833
5161,08062025071056961,0,0,Sea,0,0.0,0,0.4436309699999999,1.6932753500000004,-0.055782382000000005,1.7513142272597337,13.19446,10.351822,0.04020001000000001,5.490786758373038,7.544567723185187,1.6932753500000004,3.314641,True,2.963475695214151,2.5591330523050186,0.7633735342281655,0.29335114801207135,0.40434264290913235,0.4700223862160941,-0.012599352911129225,0.9999193788528785,0.0015786388739481084,-0.9993842054186932,0.0,-0.03508860156300412
5162,08062025071057156,0,0,Sea,0,0.0,0,0.42634123000000007,1.68973223,-0.055262389,1.743564104108786,12.886802,10.383395,0.04070000000000001,5.446016346928554,7.51643560325832,1.68973223,3.314641,True,2.96143218031293,2.1941780728101805,0.7536889979813224,0.2873273429331084,0.7672541075027497,0.466361655048214,-0.013763452679408003,0.9999040710809722,0.001554350681026848,-0.9997428090970408,0.0,-0.022678528584498432
5163,08062025071057350,0,0,Sea,0,0.0,0,0.4810542299999999,1.6988247799999996,-0.054782387,1.7664710343700398,12.996248000000001,10.396393,0.04120001000000001,5.566702342559736,7.482706069345217,1.6988247799999996,3.314641,True,2.865687779877285,2.3741303434959087,0.7438227096607096,0.3006285051421438,0.49155743638137617,0.44319420451856584,-0.008851738834616957,0.9999596917690697,0.0015038473029771334,-0.9995131888191819,0.0,-0.031199124611283286
5164,08062025071057550,0,0,Sea,0,0.0,0,0.52099365,1.70196756,-0.054762387,1.7807658121332557,12.796926,10.401549,0.041600000000000005,5.5372866780763585,7.427388315970581,1.70196756,3.314641,True,2.650560003086329,2.37455298075701,0.7463131095031361,0.31216107266922327,0.2760070223293192,0.43415203683391285,-0.003995702297607876,0.999990708262172,0.0016179469918485771,-0.9989885797270799,0.0,-0.04496462581710012
5165,08062025071057749,0,0,Sea,0,0.0,0,0.5504417399999999,1.6975563800000004,-0.054292385,1.7853939160537995,12.987157,10.404709,0.04200000000000001,5.675358751537148,7.484805111896765,1.6975563800000004,3.314641,True,2.762957612109531,2.4201925176904835,0.7498818274044515,0.3310563952727695,0.3427650944190477,0.41882543213168205,-2.977401204626106e-05,0.9999987872813777,0.0015570964266617526,-0.999078900329922,0.0,-0.04291096498045414
5166,08062025071057961,0,0,Sea,0,0.0,0,0.5687869900000001,1.6852560500000002,-0.054402385,1.7794848168918305,12.770081999999999,10.401443,0.04200000000000001,5.578745761189693,7.4321750117620855,1.6852560500000002,3.314641,True,2.6037985677165967,2.3464102738449215,0.7460587053001996,0.33671410032993887,0.25738829387167517,0.4093446049702607,-0.0008683087435161505,0.9999984790704045,0.0015125795198620614,-0.9983570111880117,0.0,-0.05729989713551403
5167,08062025071058153,0,0,Sea,0,0.0,0,0.5811572099999998,1.68323081,-0.054482385,1.781566162886893,12.740377,10.404834000000001,0.04150000000000001,5.501302572970348,7.501008824601053,1.68323081,3.314641,True,2.513155079158467,2.4177140950343987,0.7344957601350808,0.33815835460032617,0.09544098412406843,0.3963374055347546,-0.004271984335713281,0.9999898215028842,0.0014515648333050023,-0.9958781625694825,0.0,-0.09070107671483973
5168,08062025071058363,0,0,Sea,0,0.0,0,0.5299394099999999,1.6497354899999999,-0.054332383,1.7336132709111183,13.010602,10.407349,0.04140001000000001,5.6058046086224165,7.590140481418494,1.6497354899999999,3.314641,True,2.759308638500775,2.4555158900768697,0.698628374636931,0.3400933731389074,0.30379274842390513,0.35853500149802353,-0.017582571240361396,0.9998445082172935,0.0013463195370762224,-0.9989595105660853,0.0,-0.045605879550415535
5169,08062025071058551,0,0,Sea,0,0.0,0,0.5175871200000002,1.62899976,-0.05415238600000001,1.7101079281084703,13.043709,10.40419,0.04190001000000001,5.686217957528017,7.60286578408866,1.62899976,3.314641,True,2.794082025864846,2.461443459270597,0.6841086561563158,0.3476427154680506,0.33263856659424906,0.3364659406882652,-0.019494036634218906,0.9998090079844565,0.001389276373061334,-0.9990921327484241,0.0,-0.04260176381566213
5170,08062025071058767,0,0,Sea,0,0.0,0,0.5166130400000001,1.6079784099999999,-0.053622384,1.6897807432297283,13.210270999999999,10.387288,0.04200000000000001,5.7631933562720175,7.605631909963403,1.6079784099999999,3.314641,True,3.0447176549606363,2.436428318153645,0.6862214862549042,0.36221876549952536,0.6082893368069913,0.32400272075537884,-0.01843282462471076,0.9998288522154862,0.0015802701724860536,-0.9998471550993027,0.0,-0.0174833189020543
5171,08062025071058957,0,0,Sea,0,0.0,0,0.5487129799999999,1.5969037100000003,-0.054032386,1.6894102202156522,13.271459,10.370599,0.04170001000000001,5.739296618725136,7.64658418914941,1.5969037100000003,3.314641,True,3.1899514069686075,2.3925064318126714,0.7014994072911894,0.850490959869651,0.797444975155936,0.14899155257846153,-0.015048465561751162,0.9998855570576998,0.001554500450322044,-0.9999586914695803,0.0,-0.009089298897319728
5172,08062025071059149,0,0,Sea,0,0.0,0,0.57760902,1.59397201,-0.05384238699999999,1.6962540939631239,13.311641999999999,10.360398,0.04100000000000001,5.654470275294157,7.708197627681825,1.59397201,3.314641,True,3.2489255732688,2.3315947199507034,0.7144931904957808,0.8557241914478053,0.9173308533180964,0.14123100095202457,-0.00877030268585433,0.9999604382444375,0.001484498834992469,-0.9999825162197419,0.0,-0.005913311663857294
5173,08062025071059360,0,0,Sea,0,0.0,0,0.63484898,1.5874526399999995,-0.053862384,1.710538005441613,13.345179000000002,10.358813,0.041100000000000005,5.681672783584861,7.75950940315252,1.5874526399999995,3.314641,True,3.2895675468079393,2.2835438367222123,0.7355459309871887,0.8684894779857728,1.006023710085727,0.13294354699858413,0.005492390771739837,0.9999837699291172,0.0015144378366059954,-0.9999764866259331,0.0,-0.006857564819617462
5174,08062025071059549,0,0,Sea,0,0.0,0,0.66584211,1.60102123,-0.053842385000000006,1.734795001371186,13.342773999999999,10.354997000000001,0.04150000000000001,5.7338219667796375,7.797137204987255,1.60102123,3.314641,True,3.307392049463897,2.230270464012829,0.7488175663057055,0.875020098354889,1.077121585451068,0.12620253204918352,0.012431456390694384,0.9999214865896944,0.0015746581413083967,-0.9999824393057739,0.0,-0.005926304082149762
5175,08062025071059756,0,0,Sea,0,0.0,0,0.6216347200000001,1.6059381699999995,-0.054052385,1.722901271488478,13.387066,10.291104,0.040300010000000004,5.552039222649705,7.7796874346889044,1.6059381699999995,3.314641,True,3.198978880988745,2.3159163166878467,0.7640050317966236,0.8574458110393917,0.8830625643008982,0.09344077924276806,0.004663980565514073,0.9999881434687442,0.001400074004707881,-0.9999813138455489,0.0,-0.006113260973481088
5176,08062025071059983,0,0,Sea,0,0.0,0,0.4563054,1.6462522499999999,-0.05391238500000001,1.7091716221478785,12.782034,10.323951000000001,0.040100000000000004,5.291639817122995,7.676908460730168,1.6462522499999999,3.314641,True,2.3700489961855222,2.5784775709623697,0.6898637591474783,0.3607469807829305,0.2084285747768475,0.32911677836454784,-0.04106811681648297,0.9991553567648772,0.0014081296810720195,-0.9993754509218008,0.0,-0.03533706403830524
5177,08062025071100159,0,0,Sea,0,0.0,0,0.1847253100000002,1.6375201599999998,-0.054452385000000006,1.6488058638885323,12.808241,10.314725,0.039400000000000004,5.205271255759766,7.561703613475604,1.6375201599999998,3.314641,True,2.562968322876426,2.4771400633700553,0.6534852790576081,0.426331569987492,0.08582825950637085,0.22715370907011612,-0.07289852447535011,0.9973384287042472,0.0013651956123664811,-0.9999273499722696,0.0,-0.0120538283310461
5178,08062025071100349,0,0,Sea,0,0.0,0,0.07634424000000004,1.6512545700000003,-0.054662385,1.6539220278661724,13.262272,10.295335,0.039200000000000006,5.352349697563904,8.041131455025907,1.6512545700000003,3.314641,True,2.479355409660543,3.1157320528667096,0.6537213317460352,0.5098979741811098,0.6363766432061668,0.14382335756492537,-0.09056267111528168,0.9958897115227429,0.0014439818604473,-0.9994681497136538,0.0,-0.03261008598524981
5179,08062025071100555,0,0,Sea,0,0.0,0,-0.08172038200000009,1.6592953299999997,-0.055412383999999995,1.6622303526571152,13.207117,10.259287,0.03830001000000001,5.189482978411715,8.117433466576676,1.6592953299999997,3.314641,True,2.333998705352255,3.243333188967023,0.7143910070049595,0.6108666637728728,0.9093344836147681,0.1035243432320867,-0.11161510446262919,0.99375035481627,0.0015168250834190211,-0.9988658437529531,0.0,-0.047613298391325866
5180,08062025071100759,0,0,Sea,0,0.0,0,-0.26502432,1.7447241599999999,-0.056282387,1.7656352940982984,13.153433,10.472897,0.037200000000000004,5.124469223000918,8.526306884190468,1.7447241599999999,3.314641,True,2.1570713302039874,3.719313041169296,0.8698329721468429,0.7986799482786644,1.5622417109653086,0.07115302386817846,-0.1299508201269473,0.9915188976380594,0.001749278405875555,0.9995829666484863,0.0,0.028877201841783582
5181,08062025071100966,0,0,Sea,0,0.0,0,-0.48189313999999994,2.22115256,-0.054362387,2.2734764046046205,11.836495,11.070469,0.035800000000000005,4.691072724588349,7.946609283195909,2.22115256,3.314641,True,2.8481342337044087,2.8321973896254122,0.9894252026398002,0.9361062746611839,0.015936844078996426,0.05331892797861626,-0.11509667450982164,0.9933525092389394,0.0018835884590407271,-0.9998021065974314,0.0,0.019893407031943446
5182,08062025071101150,0,0,Sea,0,0.0,0,-0.3295729199999998,2.5497563099999994,-0.05423238500000001,2.5715397530594246,10.971105999999999,11.299385000000001,0.04220000000000001,5.231396874045983,7.997784860932501,2.5497563099999994,3.314641,True,2.758964664524901,2.4683157092013173,1.0937459757170354,1.1525345961283808,0.2906489553235838,0.05878862041134547,-0.06099028770251973,0.9981369184464951,0.0016961250243904915,-0.998446261681469,0.0,0.05572308798244416
5183,08062025071101373,0,0,Sea,0,0.0,0,-0.09056852399999994,2.7845897,-0.056032385000000004,2.7866255728128273,10.971105999999999,11.299385000000001,0.04220000000000001,5.231396874045983,8.020529423660822,2.7845897,3.314641,True,3.4770998917114815,2.2541860542379815,1.3518167162453052,1.257945040628421,1.2229138374735,0.09387167561688425,-0.016856906347816253,0.9998558866759788,0.0020126072078555613,-0.9992553933159687,0.0,0.03858314306726144
5184,08062025071102633,0,0,Sea,0,0.0,0,-0.08520006199999983,2.7713724000000006,-0.06327238399999999,2.773403581274029,10.971105999999999,11.299385000000001,0.10340000999999999,12.818163248585858,8.033212795639571,2.7713724000000006,3.314641,True,3.8475641719616576,2.19017491744381,1.4989427278981977,1.6910066949528737,1.6573892545178475,0.192063967054676,-0.0003560324293201639,0.9999973750341568,0.0022634411203601473,-0.9993719434280767,0.0,0.03543612124357194
5185,08062025071102668,0,0,Sea,0,0.0,0,-0.08520006199999983,2.7713724000000006,-0.06327238399999999,2.773403581274029,10.971105999999999,11.299385000000001,0.10340000999999999,12.818163248585858,8.033212795639571,2.7713724000000006,3.314641,True,3.8475641719616576,2.19017491744381,1.4989427278981977,1.6910066949528737,1.6573892545178475,0.192063967054676,-0.0003560324293201639,0.9999973750341568,0.0022634411203601473,-0.9993719434280767,0.0,0.03543612124357194
5186,08062025071102799,0,0,Sea,0,0.0,0,-0.3189936799999999,2.76001674,-0.063742388,2.7791208079153584,10.971105999999999,11.299385000000001,0.10340000999999999,12.818163248585858,7.864349600562384,2.76001674,3.314641,True,3.465176627532859,2.771606432759529,1.6169282346297282,1.7376759216540811,0.6935701947733302,0.1207476870243529,-0.011846244664847795,0.9999290240443703,0.0012701814885043754,-0.9983557339218757,0.0,0.057322147075218564
5187,08062025071102988,0,0,Sea,0,0.0,0,-0.38847440000000005,2.70061471,-0.063512382,2.7291511489822358,10.971105999999999,11.299385000000001,0.10340000999999999,12.818163248585858,7.8524046763925215,2.70061471,3.314641,True,3.165724056769951,2.77756033622404,1.545240874919768,1.687769697646006,0.388163720545911,0.142528822726238,-0.02402399877192048,0.9997106540989262,0.001206467614094182,-0.9978189392855853,0.0,0.06601033557701041
5188,08062025071103189,0,0,Sea,0,0.0,0,-0.4709538199999999,2.53835441,-0.06553238499999998,2.582505586600507,10.986543000000001,11.073233,0.09770000999999999,11.885846200759312,7.852333220248057,2.53835441,3.178993,True,2.959169582438796,2.7786587304782504,0.954192114830656,1.5939434412995968,0.18051085196054562,0.6397513264689407,-0.03001850558594791,0.9995489039088565,0.0009370256079746067,-0.998548656469701,0.0,0.05385703911797316
5189,08062025071103390,0,0,Sea,0,0.0,0,-0.40936103999999984,1.87181257,-0.06691238299999999,1.9172209119657089,13.069325,9.973205,0.09290000999999999,12.108871339293035,7.667469619769207,1.87181257,3.178993,True,2.638278419540478,3.543276469295615,0.9047149707449301,1.5331917813525615,0.9049980497551369,0.6284768106076314,-0.02675455606673075,0.9996415314844761,0.0010011298833817578,0.997475474251801,0.0,0.07101181779214288
5190,08062025071103593,0,0,Sea,0,0.0,0,-0.39178578000000003,1.4145854900000003,-0.06960238499999999,1.4694872227843416,12.360835,9.97057,0.08840001,10.894821275779687,6.709711328386362,1.4145854900000003,3.178993,True,2.5140793308891425,3.104345807231856,0.7912131660171045,1.4795660364865133,0.5902664763427135,0.6883528704694089,-0.02120129653387175,0.9997745264693854,0.0011837432995726346,0.9236700338462017,0.0,0.3831888158265539
5191,08062025071103799,0,0,Sea,0,0.0,0,-0.37838207999999984,1.29199815,-0.07021238799999999,1.3480956930044732,12.096395000000001,9.966677,0.08810000999999999,10.62141313278008,6.549011572418624,1.29199815,3.178993,True,2.5397539266314766,2.957817377481071,0.8234750328250701,1.45822992966476,0.4180634508495946,0.63475489683969,-0.01676190941768421,0.9998587188657325,0.0012572592610273331,-0.9938125653655507,0.0,0.11107018016345854
5192,08062025071104001,0,0,Sea,0,0.0,0,-0.41875946,1.1810068300000005,-0.069192387,1.2549598416941075,12.251922,10.334389,0.09060001999999999,11.471423724199173,6.659872124363107,1.1810068300000005,3.545928,True,2.554656063087945,3.0345077359548775,1.441908979274295,1.4317483248052505,0.4798516728669324,0.010160654469044461,-0.015782605621026798,0.9998745998848738,0.0013014856412319098,-0.9501262513427488,0.0,0.3118655263240484
5193,08062025071104181,0,0,Sea,0,0.0,0,-0.42594216000000007,1.03324854,-0.06883238700000001,1.1197174494387925,11.746986,10.330266,0.09190002,11.152020565183365,6.4849567868456965,1.03324854,3.545928,True,2.5712201619734936,2.755841991752974,1.449860688953818,1.1454734394938235,0.1846218297794806,0.3043872494599944,-0.018588015057894813,0.9998256119378249,0.0017976121276077502,-0.9992847240590076,0.0,0.03781587315285814
5194,08062025071104390,0,0,Sea,0,0.0,0,-0.31109633000000003,0.5331770799999997,-0.069232386,0.6211697420577148,10.81148,10.320697,0.09500001999999999,10.600293105788381,6.241686674612099,0.5331770799999997,3.545928,True,3.0549834685641097,2.894313751394447,1.3451194509637572,0.9810560028628795,0.16066971716966272,0.36406344810087765,-0.017610813477181825,0.9998432961683157,0.0018006543115889795,-0.9997273584987215,0.0,0.023349703834707757
5195,08062025071104596,0,0,Sea,0,0.0,0,0.11475177999999993,0.24773055,-0.070032384,0.281856224386112,9.09915,10.357509,0.09180001999999998,8.651649556883289,6.584624870472616,0.24773055,3.545928,True,2.986568456584783,2.7129503569640265,1.2771340290613236,0.9943643034195468,0.27361809962075645,0.2827697256417767,0.04757908744843803,0.9988659148988118,0.0017647920369596392,-0.9999981153827844,0.0,0.001941450715142586
5196,08062025071104785,0,0,Sea,0,0.0,0,0.45218725000000004,0.18322435949999996,-0.07000238699999999,0.49289431845218656,8.109301,10.391964999999999,0.09420002,7.938383783512445,6.717521995616821,0.18322435949999996,3.545928,True,2.878504576874119,2.711160643769697,1.339082003525012,1.1461360236707685,0.16734393310442197,0.19294597985424344,0.08421563631264783,0.9964453881079874,0.0020772863977211826,-0.9999971547704217,0.0,-0.002385466633835598
5197,08062025071104995,0,0,Sea,0,0.0,0,0.8232610600000004,0.07156120000000002,-0.06974238799999999,0.8293031887926797,6.311973,10.391955,0.09570000999999999,6.277321514336869,6.870390027420176,0.07156120000000002,3.545928,True,2.7761652142568893,2.6291298056869103,1.379609852723095,1.3398268747964568,0.147035408569979,0.03978297792663832,0.12312533912248393,0.9923887871965433,0.0021554379014931324,-0.9999777574499307,0.0,-0.006669678058766784
5198,08062025071105181,0,0,Sea,0,0.0,0,0.9641292875999999,-0.01489556200000015,-0.069532386,0.9667481128392402,5.9641459999999995,10.382383,0.09610002,5.95071005507708,6.942565087344155,0.01489556200000015,3.545928,True,2.776207526414911,2.7548372928148135,1.4934865907568704,1.3575279142057597,0.0213702336000976,0.1359586765511107,0.11866127125689095,0.9929326741653908,0.0020511651480286776,-0.9999452031577521,0.0,-0.010468556815608513
5199,08062025071105392,0,0,Sea,0,0.0,0,0.996704989,-0.04446313000000002,-0.069712385,1.0001288025295918,5.6597,10.3781,0.09500001999999999,5.580009768888651,6.952758843914623,0.04446313000000002,3.545928,True,2.7730090371176543,2.696052200407887,1.557718821079929,1.35248014126901,0.07695683670976727,0.20523867981091914,0.10732988275096503,0.9942217113843461,0.001866783502766426,-0.9998475626568248,0.0,-0.017459995681748965
5200,08062025071105587,0,0,Sea,0,0.0,0,0.983746351,-0.04505916400000012,-0.069852385,0.9872520281348538,5.565107,10.374184,0.09500001999999999,5.48467833444924,6.941312131417575,0.04505916400000012,3.545928,True,2.720089975552901,2.68779314365815,1.555298765524681,1.3465412105086276,0.032296831894750966,0.20875755501605342,0.10060937888528723,0.9949241916428004,0.0018988849982709754,-0.9997945021876146,0.0,-0.02027198548292778
5201,08062025071105811,0,0,Sea,0,0.0,0,0.8897801629999998,-0.04299236499999996,-0.070132387,0.8935746379698325,5.440576,10.374573,0.09560000999999999,5.396013779195517,6.924279911711752,0.04299236499999996,3.545928,True,2.6640515279457553,2.6949031800186236,1.484713685188084,1.3105719550175186,0.03085165207286833,0.17414173017056545,0.0893964760990446,0.9959935996506841,0.0022404276256686446,-0.9998843665527021,0.0,-0.015207022177328892
5202,08062025071105993,0,0,Sea,0,0.0,0,0.7190307699999998,-0.028557772899999945,-0.070402384,0.7230333949913268,5.516724,10.349581,0.09670002,5.521163250934313,6.86493655325187,0.028557772899999945,3.545928,True,2.6726176929678416,2.721914251478316,1.3010763937315477,1.2209192668745303,0.04929655851047432,0.08015712685701737,0.0729624484556421,0.9973309965618654,0.0027137450643192917,-0.9998705677100161,0.0,-0.016088748467486955
5203,08062025071106199,0,0,Sea,0,0.0,0,0.003998984999999988,0.011239530000000109,-0.07065238700000001,0.07165248568227692,6.7500610000000005,10.318202,0.09680000999999999,6.741974810204098,6.761185915079217,0.011239530000000109,3.545928,True,2.789842660955863,2.630558535028599,1.1156784063185456,0.980184149754239,0.15928412592726415,0.1354942565643067,-0.04366812984223747,0.999042954896527,0.002503738743898096,-0.9999770875528877,0.0,-0.006769369929640101
5204,08062025071106389,0,0,Sea,0,0.0,0,-0.54544649,0.04036247999999985,-0.07052238599999999,0.5514656926520484,7.196633,10.302924,0.09790000999999998,7.258929664957554,6.725136183944806,0.04036247999999985,3.545928,True,2.838209879163562,2.5142347874829905,1.1096427405445592,0.8230190968631532,0.3239750916805715,0.286623643681406,-0.10575527829404353,0.9943884543474206,0.0027245134422542536,-0.9999894100475742,0.0,-0.0046021508780476035
5205,08062025071106599,0,0,Sea,0,0.0,0,-0.74550724,-0.0075097100000000696,-0.070092386,0.7488326803845268,6.275887000000001,10.311677,0.09890000999999998,6.400306198803347,6.793012664690022,0.0075097100000000696,3.545928,True,2.8386793788607214,2.5107638957928797,1.1719602388183823,0.888731107058401,0.3279154830678417,0.2832291317599813,-0.11968550069804294,0.9928077238992177,0.0028643129566079677,-0.9999916875688754,0.0,-0.004077351242263586
5206,08062025071106783,0,0,Sea,0,0.0,0,-0.6313150700000001,-0.07596824000000005,-0.06958238599999998,0.6396652245817773,5.167591,10.314847,0.09960000999999999,5.308970421177373,6.8713892965071475,0.07596824000000005,3.545928,True,2.6227630463392995,2.5820667170690013,1.1907968985119337,0.9181839826031603,0.040696329270298204,0.27261291590877346,-0.09971433943713914,0.9950122109040967,0.002784001141574745,-0.9998728550590243,0.0,-0.0159459623765788
5207,08062025071106987,0,0,Sea,0,0.0,0,-0.41122718,-0.10241308000000009,-0.06871238899999998,0.42932228561760705,5.213958,10.330866,0.09870000999999999,5.316446569553897,6.89337814367159,0.10241308000000009,3.545928,True,2.5815123456784494,2.5961027184716783,1.110454328100278,0.8217236409494622,0.014590372793228834,0.28873068715081596,-0.04190693249871691,0.9991188310737581,0.0023174128581657876,-0.9973458043590749,0.0,-0.07281034629329694
5208,08062025071107186,0,0,Sea,0,0.0,0,-0.20264250999999994,-0.09433766000000002,-0.06896238699999999,0.2339217642164009,5.532211,10.347617,0.09800001,5.610030230388332,6.8961352303989445,0.09433766000000002,3.545928,True,2.627797876061294,2.6180326406771193,1.035350821896926,0.7556184492899577,0.00976523538417462,0.27973237260696837,-0.0016428889957856392,0.9999963292822014,0.0021546085190631294,-0.999007952149926,0.0,-0.04453214054153667
5209,08062025071107382,0,0,Sea,0,0.0,0,0.27302652000000005,-0.06559576999999983,-0.069332385,0.2892287421315377,5.47989,10.390443000000001,0.09720000999999999,5.534421281376291,6.9260405617371825,0.06559576999999983,3.545928,True,2.5640295480148056,2.658688271543883,1.081032376101942,0.7675470683504956,0.09465872352907745,0.31348530775144645,0.06649933240485768,0.9977840806612963,0.002183384666071847,0.9995865447806483,0.0,-0.02875307798280067
5210,08062025071107589,0,0,Sea,0,0.0,0,0.4640813799999998,-0.04676286999999997,-0.069352388,0.47155916595337605,5.387499999999999,10.405394000000001,0.09730001999999999,5.454547676208703,6.933795810674741,0.04676286999999997,3.545928,True,2.5388846909708698,2.630198448461827,1.1199736203235147,0.8140236389626777,0.09131375749095705,0.30594998136083695,0.09350166471662226,0.9956166312783884,0.0022276034417956503,0.9998674013308235,0.0,-0.016284340820121018
5211,08062025071107792,0,0,Sea,0,0.0,0,0.4723449299999999,-0.04922147000000012,-0.069172385,0.47991385149030025,5.4523600000000005,10.40371,0.09740000999999998,5.524993384943162,6.939795968161536,0.04922147000000012,3.545928,True,2.585425652471022,2.62164507279499,1.1192836152947336,0.8208554607958948,0.03621942032396808,0.29842815449883886,0.09899235363323665,0.9950858313340922,0.0021684557387262435,0.9996589713370567,0.0,-0.02611400056172325
5212,08062025071107993,0,0,Sea,0,0.0,0,0.3086357400000001,-0.07114705999999989,-0.06921238599999999,0.32420406926472134,5.366374,10.394580999999999,0.09570000999999999,5.338262280098527,6.940265226333735,0.07114705999999989,3.545928,True,2.6282221780584702,2.56238027334671,1.0709802801912323,0.7823397927148027,0.06584190471176044,0.28864048747642956,0.06598876699790915,0.9978185611144464,0.0018978212749057957,-0.9979641173047112,0.0,-0.06377790034352541
5213,08062025071108196,0,0,Sea,0,0.0,0,-0.12728029899999987,-0.0969413599999999,-0.069022384,0.17424692618586535,5.199344,10.380127,0.09610002,5.186503764022737,6.931569152527826,0.0969413599999999,3.545928,True,2.5730144943549695,2.492796691662048,0.9970671084292372,0.694846205600355,0.08021780269292167,0.30222090282888214,0.003814597344945131,0.9999907327897599,0.0019957909947640935,-0.9997862775877903,0.0,-0.02067363410603262
5214,08062025071108384,0,0,Sea,0,0.0,0,-0.3655088,-0.10729056999999997,-0.068922386,0.3871152859036929,5.155247,10.368993,0.09670002,5.169072498535806,6.931819580705272,0.10729056999999997,3.545928,True,2.5704682609706135,2.467615568876165,1.0155071300815368,0.6938189990577448,0.10285269209444836,0.321688131023792,-0.026114306791192213,0.9996568192181902,0.002070451976280944,-0.9999239854994137,0.0,-0.012329769785691242
5215,08062025071108593,0,0,Sea,0,0.0,0,-0.5624686200000001,-0.11597587999999988,-0.06885238599999999,0.5784133507141513,5.0634630000000005,10.360692,0.09660000999999999,5.06773125022166,6.936645949981618,0.11597587999999988,3.545928,True,2.5599976078010327,2.4236578714489303,1.0472310270043759,0.7231313665816472,0.1363397363521024,0.32409966042272864,-0.04726755707177943,0.998880055253105,0.00210077747991697,-0.999967308800922,0.0,-0.008085872212778367
5216,08062025071108803,0,0,Sea,0,0.0,0,-0.80681384,-0.15141900999999997,-0.06820238699999999,0.823728022224219,5.004436,10.354084,0.09680000999999999,5.01582326753271,6.974089429600527,0.15141900999999997,3.545928,True,2.6243875686536926,2.415209104763333,1.112566635270643,0.8184306426875768,0.20917846389035955,0.2941359925830661,-0.06349194667596811,0.9979804299299176,0.0019581072985635152,-0.9999578006072314,0.0,-0.009186784244151562
5217,08062025071108984,0,0,Sea,0,0.0,0,-0.8559693300000001,-0.17388821000000004,-0.06773238499999999,0.876075498718827,5.096863,10.352519000000001,0.09740000999999998,5.139347667718877,6.997867532841364,0.17388821000000004,3.545928,True,2.679702018130561,2.4541294118932075,1.1021747272425726,0.8471488384203811,0.2255726062373533,0.25502588882219146,-0.06621913511123376,0.9978032250896335,0.0019365293301096113,-0.9999464824915942,0.0,-0.010345634474876114
5218,08062025071109179,0,0,Sea,0,0.0,0,-0.8533782500000001,-0.18310676099999998,-0.06764238599999998,0.8754187660090151,5.0432690000000004,10.35378,0.09820000999999999,5.127699876978701,7.00852751043042,0.18310676099999998,3.545928,True,2.681688026128573,2.4581656280448905,1.089439529720507,0.8396474718871549,0.22352239808368246,0.24979205783335212,-0.06575539657863082,0.9978339016791596,0.0019319628703079598,-0.9998951721608937,0.0,-0.014479112173628383
5219,08062025071109390,0,0,Sea,0,0.0,0,-0.78732559,-0.191197424,-0.06741238699999999,0.8130082838041207,5.000741,10.359860000000001,0.09790000999999998,5.07190353271762,7.020673012068387,0.191197424,3.545928,True,2.651407988934312,2.5038055385502065,1.0442877273058606,0.7960059206880378,0.14760245038410558,0.24828180661782284,-0.06148042577635079,0.9981067576434213,0.0017485974080022513,-0.9997855078949038,0.0,-0.02071082333778946
5220,08062025071109593,0,0,Sea,0,0.0,0,-0.60467019,-0.24435680500000018,-0.067752385,0.6556879383499687,5.034756,10.36824,0.09790000999999998,5.110533104005761,7.076285112182833,0.24435680500000018,3.545928,True,2.5989026504540647,2.573049550955449,0.6309459102964688,0.6830122894238437,0.025853099498615695,0.052066379127374884,-0.046250175431344756,0.9989286153689738,0.0015945750514580787,-0.9988300185818954,0.0,-0.048359011359732126
5221,08062025071109783,0,0,Sea,0,0.0,0,-0.47986246999999993,-0.2512946189999998,-0.067332384,0.5458485372225332,5.017098,10.371851,0.09740000999999998,5.068364669643893,7.0824125257018995,0.2512946189999998,3.545928,True,2.5827560203046747,2.601668946637016,0.5206790918650757,0.6139483172279573,0.018912926332341318,0.09326922536288162,-0.03386724941780584,0.9994252767333576,0.0014579586151521387,-0.9972471202228013,0.0,-0.07414972155935554
5222,08062025071109989,0,0,Sea,0,0.0,0,-0.35182769999999997,-0.256421348,-0.06755238599999999,0.44056550370145875,4.996697,10.373835,0.09750001,5.053904265091115,7.085357466063976,0.256421348,3.545928,True,2.5852112965214276,2.596037525396621,0.4363235239856316,0.573164679357068,0.010826228875193245,0.13684115537143643,-0.019232994950817674,0.9998140953128908,0.0013662792129155602,-0.9982660653214104,0.0,-0.05886308544163701
5223,08062025071110196,0,0,Sea,0,0.0,0,-0.27429112,-0.25884293200000014,-0.067642383,0.383158940826297,4.992907000000001,10.369618,0.09770000999999999,5.058372909609073,7.082635413519797,0.25884293200000014,3.545928,True,2.604064653789112,2.60369666103901,0.3953087165219608,0.5622891367366089,0.0003679927501019087,0.16698042021464804,-0.010238015314810792,0.9999466360285872,0.0013813535123192633,-0.9983845062088982,0.0,-0.056818815211287635
5224,08062025071110399,0,0,Sea,0,0.0,0,-0.22156282000000008,-0.258343036,-0.067602389,0.3469888909670698,4.974145,10.36468,0.09830001,5.067898419376592,7.077234673122746,0.258343036,3.545928,True,2.610335190876406,2.590129956900311,0.3711756507000963,0.5586623477330562,0.02020523397609475,0.18748669703295995,-0.0038319887430463095,0.9999914648090471,0.0015447237065640688,-0.9985498675514473,0.0,-0.05383458008554648
5225,08062025071110583,0,0,Sea,0,0.0,0,-0.19417957000000005,-0.25936968600000004,-0.067632388,0.3309871286435563,4.9763459999999995,10.363306,0.09830001,5.069468777889773,7.077164824372678,0.25936968600000004,3.545928,True,2.619029529670248,2.5818058989290114,0.35490693383088473,0.5565820299531422,0.03722363074123658,0.20167509612225748,-0.0003378818120075714,0.9999987730675317,0.0015296075680410139,-0.9989237116686335,0.0,-0.046383383513505246
5226,08062025071110805,0,0,Sea,0,0.0,0,-0.18060826800000007,-0.263147275,-0.067282385,0.3261790216141647,4.985547,10.359874,0.09860001999999998,5.092655412863064,7.077784572949244,0.263147275,3.545928,True,2.629263440183887,2.5779613483644397,0.33593334024958,0.5478987930311587,0.05130209181944734,0.21196545278157874,0.0018122717928664408,0.9999972114037305,0.0015142178547112328,-0.999081276850073,0.0,-0.04285559762303877
5227,08062025071110993,0,0,Sea,0,0.0,0,-0.17503469700000002,-0.2693698614,-0.06717238700000001,0.3281910982336584,4.983425,10.359085,0.09870000999999999,5.095261992733769,7.083393186303813,0.2693698614,3.545928,True,2.6336305770292627,2.6042493953747767,0.32448773284338484,0.5368231025493322,0.029381181654486,0.21233536970594735,0.0033501705148000793,0.9999932209464545,0.001527880445914272,-0.9991947516032202,0.0,-0.04012291575370824
5228,08062025071111199,0,0,Sea,0,0.0,0,-0.17423723900000004,-0.2730509743999999,-0.06733238499999998,0.3308309238038681,4.9729589999999995,10.357246,0.09880001,5.088809094499899,7.085331085218143,0.2730509743999999,3.545928,True,2.640635866396198,2.60655616843027,0.3240573146849799,0.5260946791770855,0.03407969796592791,0.20203736449210563,0.003928991716033479,0.9999911146759247,0.0015276103222685326,-0.9992489482043587,0.0,-0.03874970338574066
5229,08062025071111385,0,0,Sea,0,0.0,0,-0.17204889900000006,-0.2704972298,-0.06730238699999999,0.32756554500204077,4.963448,10.355437,0.09900002,5.088469661584285,7.081087088847742,0.2704972298,3.545928,True,2.6264620054292447,2.575056066556059,0.32471999163038934,0.5097231802520366,0.051405938873185786,0.18500318862164722,0.0054537508174735605,0.9999837983645389,0.0016308312145076232,-0.9994425656137031,0.0,-0.033384997221783584
5230,08062025071111601,0,0,Sea,0,0.0,0,-0.05871420390000005,-0.2310642609999999,-0.067532386,0.2477875574155003,5.470574,10.357987999999999,0.09890000999999998,5.604083997322974,7.04558573363218,0.2310642609999999,3.545928,True,2.650424242384243,2.6231700707966707,0.347605856589385,0.5538883099219919,0.027254171587572262,0.20628245333260692,0.018279999849672237,0.9998312156900191,0.0018389500575757862,0.8046995159811086,0.0,-0.5936823131774851
5231,08062025071111790,0,0,Sea,0,0.0,0,0.16656071000000003,-0.18317852,-0.068622386,0.2569160800055682,6.142511,10.363800999999999,0.09830001,6.257755206233386,7.010861443872832,0.18317852,3.545928,True,2.6900997251033276,2.7971152435348263,0.35976296292453436,0.6410154860596121,0.1070155184314987,0.28125252313507776,0.053973029667132855,0.9985407183268709,0.0018291833718090992,0.9998759432848738,0.0,-0.01575112821939376
5232,08062025071111999,0,0,Sea,0,0.0,0,0.4582429300000001,-0.10581810000000007,-0.06827238599999999,0.4752317033539829,5.711062,10.370239999999999,0.09770000999999999,5.7862912594706115,6.958526380180057,0.10581810000000007,3.545928,True,2.674531693060301,2.688119622138308,0.9089903203516524,0.7645697559161234,0.013587929078006766,0.14442056443552898,0.09172262345792632,0.9957827972635009,0.0018923583362382287,0.999927024103245,0.0,-0.012080830601757981
5233,08062025071112187,0,0,Sea,0,0.0,0,0.5694547100000001,-0.11560346999999997,-0.06828238699999999,0.5850686398976132,4.782781,10.363195000000001,0.09750001,4.832577479815185,6.988610957211611,0.11560346999999997,3.545928,True,2.690768537577733,2.602235173748107,0.9590349576211288,0.8349954622813469,0.08853336382962596,0.12403949533978187,0.11801578074231651,0.9930097383171528,0.0019837094246366533,0.9997563377438343,0.0,-0.02207408301688173
5234,08062025071112393,0,0,Sea,0,0.0,0,0.5251908799999998,-0.10113565999999996,-0.068082385,0.5391559081620992,4.31134,10.361412999999999,0.09820000999999999,4.386749045275587,6.992194355785995,0.10113565999999996,3.545928,True,2.691703543544291,2.582861729123882,0.985263521803426,0.835541577551854,0.10884181442040886,0.14972194425157204,0.11720192042589178,0.99310580775056,0.002136459826605042,-0.9999179229388733,0.0,-0.012812001623846226
5235,08062025071114318,0,0,Sea,0,0.0,0,0.000496540000000023,-0.2982805667999999,-0.067282385,0.3057751827957741,4.2938469999999995,10.370749,0.10030001999999999,4.4664009615929094,7.129496113071742,0.2982805667999999,3.545928,True,2.632045435446784,2.7369053399284744,0.3382702649610811,0.5127315379221768,0.10485990448169025,0.17446127296109576,0.0358878285375611,0.9993536595660156,0.0020801141484687847,-0.9993416644041886,0.0,-0.03627999153619367
5236,08062025071116321,0,0,Sea,0,0.0,0,0.009862649999999973,-1.5901334999999999,-0.037131831600000005,1.5905975583425378,6.887605000000001,4.181602,0.072599994,2.090968605609709,3.557346861606807,1.5901334999999999,1.713449,True,1.9360478170698674,2.186774440511387,1.629022776677604,1.6037496910025455,0.25072662344151975,0.025273085675058482,-0.2002757941371411,0.9797357812771488,0.0027212438318777884,-0.9976646118794377,0.0,-0.06830316393441055
5237,08062025071118321,0,0,Sea,0,0.0,0,-0.20947275000000012,-1.43005905,-0.0521118261,1.4462584008049673,6.44288,5.419636,0.105699969,3.69083832374058,3.7113792064329467,1.43005905,1.713449,True,2.1861536956593786,2.522902328094768,3.1062110536752665,1.6037496910025455,0.33674863243538944,1.502461362672721,0.0844314770350599,0.9960673146465638,0.026855732692692508,0.5107764444165197,0.0,0.8597135708067064
5238,08062025071119185,0,0,Sea,0,0.0,0,-0.16416811799999995,-0.28407644999999987,-0.0411918297,0.3306771344473309,4.400558,9.132163,0.054300003,2.182133203579441,6.545196406470923,0.28407644999999987,2.875188,True,2.436847370629035,2.838292966072741,0.5043851055661734,0.6996048070677118,0.40144559544370617,0.19521970150153833,-0.06262916550723492,0.9980062912523061,0.007812185909513994,-0.9995372828004798,0.0,0.030417434011333427
5239,08062025071119371,0,0,Sea,0,0.0,0,-0.29119708999999994,0.07176975000000016,-0.0388718289,0.302419677470831,4.497768,10.011469,0.051500001000000004,2.3190071874406533,6.988068344675648,0.07176975000000016,2.964826,True,2.5940611772480637,2.815898681225651,0.8883789746014928,0.8525439145568043,0.22183750397758706,0.035835060044688505,-0.06634204960273384,0.9977832910361363,0.005218868038705719,-0.9991983001533842,0.0,0.04003444729963929
5240,08062025071119576,0,0,Sea,0,0.0,0,-0.46527095999999996,0.043670489999999826,-0.035841831899999996,0.46868839843771415,4.573411,10.344704,0.048000001,2.2709080344470953,7.239138732835934,0.043670489999999826,2.875188,True,2.7387986374240803,2.9532179123979745,0.7629603664005097,0.2166320279737278,0.21441927497389424,0.5463283384267819,-0.05954450660882806,0.9982193192457983,0.0035556176912190963,-0.9993909546779952,0.0,0.03489584083820283
5241,08062025071119776,0,0,Sea,0,0.0,0,-0.6443372500000001,-0.10371363999999997,-0.0341218321,0.6535222339641344,4.744102,10.38196,0.046999999,2.3148945791431625,7.418619224202273,0.10371363999999997,2.875188,True,2.984547874551293,3.231728741534631,0.5371030696486474,0.2166320279737278,0.2471808669833382,0.3204710416749196,-0.04332628123191705,0.9990578194828482,0.002511311368427939,-0.9999910506671523,0.0,0.00423067200393113
5242,08062025071119976,0,0,Sea,0,0.0,0,-0.5660487,-0.1940016980000002,-0.0312918291,0.5991885914860169,5.046197,10.525352,0.050099999,2.660961231172835,7.575315358892192,0.1940016980000002,2.875188,True,2.9020054107979125,3.345750349228705,0.5528301127769722,0.2166320279737278,0.4437449384307923,0.3361980848032444,-0.015875280811486217,0.9998719061394445,0.002036362499718913,-0.9999948551059077,0.0,-0.0032077658447211056
5243,08062025071120179,0,0,Sea,0,0.0,0,-0.15991627199999994,-0.29325409,-0.027521829209999998,0.33515463063363826,5.4635359999999995,10.866709,0.0562999999,3.3425679168991853,8.011634542802113,0.29325409,2.875188,True,2.843062327049655,3.767372155293289,0.5528301127769722,0.2166320279737278,0.9243098282436337,0.3361980848032444,0.019700207054183988,0.9998045914190625,0.0016373207944434481,-0.9998104747550371,0.0,-0.019468296538407072
5244,08062025071120381,0,0,Sea,0,0.0,0,0.25946725,-0.40279375,-0.02370183018,0.4797164116595413,5.992951,10.969207,0.062,4.075751043711135,8.23895219118761,0.40279375,2.875188,True,2.9646856946766147,3.9195488146013746,0.5528301127769722,0.2166320279737278,0.9548631199247599,0.3361980848032444,0.06729240940276283,0.9977315725657033,0.0018549238095767059,0.9999980564795287,0.0,-0.001971557040870787
5245,08062025071120585,0,0,Sea,0,0.0,0,0.40663937999999994,-0.41697761999999994,-0.021621830999999998,0.5828322438947945,6.161721,11.028528,0.064799999,4.403465307014669,8.325737055618866,0.41697761999999994,2.875188,True,3.134551795898418,3.5545122925018,0.5528301127769722,0.2166320279737278,0.4199604966033821,0.3361980848032444,0.08227189129323971,0.9966079785439723,0.0019679953075430858,0.9995931009600946,0.0,0.028524244301684983
5246,08062025071120775,0,0,Sea,0,0.0,0,0.27087937,-0.53164776,-0.02039183078,0.5970266330467802,6.490586,11.337106,0.06709999999999999,4.937517365584183,8.757903376809816,0.53164776,2.875188,True,3.4041286225777365,4.308089085386034,0.5528301127769722,0.2166320279737278,0.9039604628082976,0.3361980848032444,0.08644238933249651,0.9962554535309843,0.0016687229433909956,-0.9999997973662342,0.0,0.000636606228614662
5247,08062025071120982,0,0,Sea,0,0.0,0,0.19568673999999975,-0.492746,-0.01995182959,0.5305563082574892,6.574638,11.337106,0.06709999999999999,5.001457387272839,8.726545622116083,0.492746,2.875188,True,3.3939256052510047,3.661975845577286,0.5528301127769722,0.2166320279737278,0.2680502403262812,0.3361980848032444,0.09706529980675487,0.995277246565082,0.0012369491718481529,-0.9998384598897605,0.0,-0.017973706497877925
5248,08062025071121170,0,0,Sea,0,0.0,0,0.11501890999999986,-0.4961515,-0.01941182989,0.5096788005690608,6.830368,11.337106,0.06709999999999999,5.195996264949036,8.738552312519714,0.4961515,2.875188,True,3.373274757146355,3.5848234638736227,0.5528301127769722,0.2166320279737278,0.2115487067272679,0.3361980848032444,0.10305001737996725,0.9946755225636513,0.0011396186710990774,-0.9999550429083179,0.0,-0.00948220239311605
5249,08062025071121376,0,0,Sea,0,0.0,0,0.0739139439999999,-0.5229675,-0.018631830139999996,0.5284935404224455,6.907731,11.337106,0.06709999999999999,5.25484783181121,8.769860673681505,0.5229675,2.875188,True,3.2345651862411122,3.3861628903118355,0.5528301127769722,0.2166320279737278,0.15159770407072326,0.3361980848032444,0.12074660663933025,0.9926826714237299,0.001170828823410939,-0.9999947208692359,0.0,-0.0032493435735429367
5250,08062025071121578,0,0,Sea,0,0.0,0,0.015898509999999855,-0.64248253,-0.01876183024,0.6429530078080167,6.932894,11.337106,0.06709999999999999,5.273989824455665,8.895394001076031,0.64248253,2.875188,True,3.344977319660628,4.000384857230901,0.5528301127769722,0.2166320279737278,0.655407537570273,0.3361980848032444,0.133194901838637,0.9910891852782274,0.0011597192485260739,-0.9999604582777727,0.0,-0.00889279938527624
5251,08062025071138057,0,0,Sea,0,0.0,45,0.0,0.0,0.0,0.0,0.0,0.0,0.0,0.0,,0.0,0.0,False,0.0,0.0,0.0,0.0,0.0,0.0,,,,,,
5252,08062025071141748,1,1,Sea,0,0.0,0,0.2010961,3.6678926498999997,0.02082377692,3.67346018929168,2.850131,9.015434020999999,0.042399989799999996,1.0894748603336526,5.353451523051297,3.6678926498999997,0.005496979,False,1.7795377549296332,1.8918734757150122,2.3582347293892267,2.3710554844610106,0.11233572078537901,0.012820755071783818,0.018925394919306525,0.9998187897285048,0.002053565917224394,0.9926359329490066,0.0,-0.12113589318800183
5253,08062025071142101,1,1,Sea,0,0.0,0,0.1828755800000001,3.6613366640000002,0.0214132498,3.665963471200713,2.7354060000000002,9.01855836,0.043699998000000004,1.0780535456353177,5.3718662334282605,3.6613366640000002,0.01447964,False,1.8057932923128275,1.8916582091815637,2.334964791470432,2.3527152668997267,0.08586491686873621,0.017750475429294532,0.010016390472398155,0.9999479609190771,0.0019358139591536742,-0.9917457194632623,0.0,-0.12822023212541858
5254,08062025071142414,1,1,Sea,0,0.0,0,0.15890909,3.6437922360000004,0.0211989111,3.647317281489278,2.7474480000000003,9.063271890000001,0.043300003000000004,1.078207668959275,5.39757765010987,3.6437922360000004,0.02196789,True,1.8121803678221435,1.9196405919025576,2.384449012765627,2.3827831860900313,0.10746022408041411,0.0016658266755955609,-0.0007256231887558832,0.99999779261427,0.001971861449333475,-0.9900418043554001,0.0,-0.1407736680942268
5255,08062025071142661,1,1,Sea,0,0.0,0,0.11386669400000007,3.648569421,0.021568922600000002,3.650409519804715,2.7418180000000003,9.07258599,0.043899996000000004,1.092029063794001,5.395868132793369,3.648569421,0.02874899,True,1.827230910344393,1.8917446315108175,2.317835093530099,2.4098286393776926,0.06451372116642462,0.09199354584759378,-0.012668590604765235,0.9999176879980541,0.0020307734277972807,-0.9946642694288748,0.0,-0.1031648734866808
5256,08062025071142883,1,1,Sea,0,0.0,0,0.060571402000000066,3.6722241649999994,0.020965019499999998,3.672783514555796,2.733297,9.088234550000001,0.044399995,1.102933359643803,5.391634816392415,3.6722241649999994,0.02656555,True,1.8399773527519299,1.8769889674033782,2.331279711520323,2.449836883670328,0.03701161465144831,0.11855717215000494,-0.025283026745435054,0.9996779653142516,0.0021758271410440002,-0.9921376990329519,0.0,-0.1251510533619265
5257,08062025071143083,1,1,Sea,0,0.0,0,0.002276985000000009,3.683866277000001,0.02042015174,3.6839235760362374,2.722861,9.09061553,0.0430000126,1.0643570590644267,5.392978818137537,3.683866277000001,0.01798153,True,1.8428609687692126,1.8640143750360407,2.3834594950224535,2.4510462761947482,0.021153406266828156,0.06758678117229477,-0.034108532259226484,0.9994158963015685,0.0021152415592189462,-0.987751880820015,0.0,-0.15603275917743353
5258,08062025071143272,1,1,Sea,0,0.0,0,-0.036643668000000025,3.6848806569,0.020088074500000004,3.6851176025654033,2.732204,9.076515531,0.043100002,1.068832296515764,5.387886218023455,3.6848806569,0.009520531,True,1.8498150664447512,1.850567545672678,2.3826314590670146,2.449929425960832,0.0007524792279267611,0.0672979668938174,-0.04041247075715911,0.9991807511798945,0.002158397295166622,-0.9912153994102204,0.0,-0.13225744580944115
5259,08062025071143480,1,1,Sea,0,0.0,0,-0.05449839000000003,3.6875265885000004,0.019469780399999997,3.687980678875076,2.724727,9.066596815,0.042600004,1.0523905473776405,5.382795597061606,3.6875265885000004,0.003760815,True,1.8366277932920982,1.8498495173916172,2.346969292781331,2.4457492587883563,0.013221724099518939,0.09877996600702543,-0.045701650205394906,0.9989528847729143,0.002119710446342004,-0.985969928917642,0.0,-0.16692303397116828
5260,08062025071143670,1,1,Sea,0,0.0,0,-0.054233469999999985,3.6941933691999997,0.019693909099999997,3.694643929848332,2.724167,9.069167007999999,0.042600006999999995,1.0524725984185457,5.380892435478962,3.6941933691999997,0.003201008,True,1.8274994552144193,1.8496927859796064,2.3577164826056864,2.454052725094391,0.022193330765187147,0.09633624248870465,-0.050001679797741755,0.9987466611141883,0.0022223705057662735,-0.8233666262948613,0.0,-0.567509822561529
5261,08062025071143878,1,1,Sea,0,0.0,0,-0.046759059999999956,3.7027669083,0.019910627,3.703115663864843,2.735166,9.063813617,0.043499994,1.0784098666004518,5.37333031409828,3.7027669083,0.002143383,False,1.816329261928299,1.8291292429792925,2.3477689462520326,2.462032376033397,0.012799981050993559,0.1142634297813645,-0.05261131814295722,0.9986126354871078,0.002203054414470451,0.5503916135546303,0.0,-0.8349066245567407
5262,08062025071144081,1,1,Sea,0,0.0,0,-0.06562738100000001,3.7306025261,0.0204642445,3.731235847032934,3.795657,9.060963338999999,0.043300007,1.4891872171734928,5.342938822222161,3.7306025261,0.003331661,False,1.9457644877078517,1.862484189605377,2.3813899241707666,2.4733059442744674,0.08328029810247473,0.09191602010370081,-0.05760922463342745,0.9983366285613231,0.0022700902946673975,-0.9990542208655767,0.0,-0.04348176365644966
5263,08062025071144266,1,1,Sea,0,0.0,0,-0.07324547799999999,4.0712318682,0.023173779999999998,4.0719566364064095,7.8709039999999995,9.053010918,0.043200002999999994,3.078232623136229,4.999310343382524,4.0712318682,0.009962082,False,2.1772014532112087,2.0715309456288598,2.383553031801359,2.4967771290737804,0.10567050758234897,0.11322409727242144,-0.05492132191998975,0.9984880851301348,0.0022786512935033653,-0.9998329689027955,0.0,0.018276605128454047
5264,08062025071144469,1,1,Sea,0,0.0,0,-0.0562193340000001,4.500751774,0.024901271900000004,4.501171760555444,9.629717,9.05063906,0.0429,3.738953481846984,5.427292300743459,4.500751774,0.01484394,False,2.326180000220103,2.249074105665707,2.4187398312662736,2.4912690958250745,0.07710589455439587,0.07252926455880093,-0.041110260463448144,0.9991522191700725,0.0021884725602456015,-0.9989309982510834,0.0,0.04622619098621073
5265,08062025071144681,1,1,Sea,0,0.0,0,-0.047020941000000115,4.5423490242,0.0247786149,4.542659970358731,9.578821999999999,9.043260358,0.042800007,3.7074984446770265,5.45935348762777,4.5423490242,0.009672642,False,2.3139758192178674,2.1340024425489768,2.4189600626471717,2.491722751299205,0.17997337666889068,0.07276268865203317,-0.03200672669312563,0.9994853197819333,0.0021598580503793046,-0.9992384634435456,0.0,0.039019138573039645
5266,08062025071144879,1,1,Sea,0,0.0,0,-0.026614460999999957,4.537174120000001,0.0245785157,4.537318748794944,9.526192,9.0165207,0.041899994,3.5989206830326634,5.414385372244081,4.537174120000001,0.0225153,False,2.303553817655016,2.10752739435102,2.440763069292851,2.4691358121675955,0.1960264233039961,0.02837274287474445,-0.0282971058113463,0.9995970205485349,0.002251735595730647,-0.999251692964159,0.0,0.03867885867320639
5267,08062025071145081,1,1,Sea,0,0.0,0,0.003100766700000007,4.5369800089000005,0.0245488029,4.537047482629667,9.610503000000001,9.033374511,0.042399991,3.68096678699752,5.392439040445201,4.5369800089000005,0.001554489,False,2.305726743186408,2.2000513761946565,2.4214885931234633,2.505126352420172,0.1056753669917514,0.08363775929670858,-0.031086730182873175,0.9995140951236239,0.0022779059991227986,-0.998748984678993,0.0,0.05000465581003993
5268,08062025071145283,1,1,Sea,0,0.0,0,-0.04270181200000006,4.5295053888,0.0241077897,4.529770821734863,9.502514000000001,9.015855412,0.041999984000000004,3.598276904756567,5.299059362337857,4.5295053888,0.001216412,True,2.2743302840979367,2.1551297735797723,2.3999066072627455,2.5144387876387113,0.11920051051816438,0.1145321803759658,-0.058749525579519506,0.9982703695130377,0.002182337390181299,-0.9994325620004451,0.0,0.03368314138002272
5269,08062025071145483,1,1,Sea,0,0.0,0,-0.17817404,4.5140506049999995,0.022936898100000002,4.51762381726558,9.406782,8.99828515,0.041899991,3.5466208322731165,5.225640595517527,4.5140506049999995,0.01215315,True,2.2498849853354734,2.140300328487103,2.379598364128291,2.531911965577708,0.10958465684837027,0.15231360144941686,-0.10511083200726042,0.9944580450466742,0.0022157699990026686,-0.9997819061752745,0.0,0.020883967164662686
5270,08062025071145665,1,1,Sea,0,0.0,0,-0.30314443000000013,4.4833347634,0.022063094899999997,4.493625921937375,9.320611,8.946986166,0.042099997,3.5107767499714657,5.111215846481285,4.4833347634,0.008128166,True,2.210792629823295,2.2005987722067832,2.3958568945357066,2.5172920595638977,0.010193857616511703,0.12143516502819107,-0.16134675367604195,0.9868951348696292,0.002284261118855664,-0.9998628127322206,0.0,0.0165636866431518
5271,08062025071145867,1,1,Sea,0,0.0,0,-0.3779368699999999,4.47198661,0.021534020800000005,4.48797997230118,9.05376,8.9326159,0.041200001,3.331999014742062,5.008423090116949,4.47198661,0.0136919,True,2.2113023888672485,2.0603382014953278,2.3798376828514693,2.50924933653668,0.15096418737192074,0.12941165368521057,-0.1928498992237779,0.9812251979924562,0.0024550344282556974,-0.9999377946735635,0.0,0.011153778882982449
5272,08062025071146079,1,1,Sea,0,0.0,0,-0.38923216,4.4768333799,0.021561330700000002,4.49377387912951,9.009863,8.914719001,0.041699991,3.349359827116964,4.981768912164965,4.4768333799,0.004528999,False,2.1935801232740513,2.0668889105459924,2.3955409254680413,2.498518279785265,0.12669121272805883,0.10297735431722366,-0.1992531361961173,0.9799446961451461,0.0025651925870785286,-0.9999362595287425,0.0,0.011290565958674949
5273,08062025071146266,1,1,Sea,0,0.0,0,-0.3602049300000001,4.4817101448,0.021741687100000004,4.496214642847637,9.254266000000001,8.946498351999999,0.042199996000000004,3.4938758956852167,5.117185088333537,4.4817101448,0.007352352,True,2.184209912858423,2.205903032504829,2.3939031963716246,2.5103319308035954,0.021693119646406078,0.11642873443197077,-0.17612336471484613,0.9843645306554062,0.0026516389428474347,-0.9998687281671574,0.0,0.01620266747764869
5274,08062025071146472,1,1,Sea,0,0.0,0,-0.23249382000000005,4.50676347461,0.0225129012,4.512812562375866,9.421893,8.9918918539,0.04229999,3.5836823480988085,5.2580172789712085,4.50676347461,0.0003838539,True,2.239655371041938,2.231554137621581,2.3946120820441394,2.4955232299323145,0.008101233420357179,0.10091114788817501,-0.09774438228855994,0.9952082450474163,0.0025660710569680354,-0.9996745977537791,0.0,0.025508794675953912
5275,08062025071146675,1,1,Sea,0,0.0,0,0.037153754000000025,4.5215390674,0.02403712548,4.5217556018500265,9.668422,9.023557325999999,0.043100003,3.7601977050128372,5.33308842874455,4.5215390674,0.009836674,False,2.265422074894654,2.406187401058571,2.4020694137283813,2.4814139185442636,0.1407653261639168,0.07934450481588229,-0.022207772994729185,0.9997502819214065,0.0024876930443605808,-0.9911690154454681,0.0,0.13260461085822522
5276,08062025071146894,1,1,Sea,0,0.0,0,0.32427278999999976,4.5482006319999995,0.024093736900000003,4.559809463060643,9.638390000000001,9.02081408,0.043200004,3.756072914111445,5.350751676220827,4.5482006319999995,0.04449892,False,2.26026838759051,2.3053390572015653,2.3864279923177905,2.490460696761966,0.045070669611055436,0.10403270444417556,0.05159511435696533,0.9986646025961115,0.0026373653600669012,0.9884822034037459,0.0,0.15133715192931124
5277,08062025071147075,1,1,Sea,0,0.0,0,0.6032037800000001,4.5717149,0.024530741210000005,4.611402572358285,9.751174,9.01149776,0.0437000125,3.840037330579313,5.469615388230834,4.5717149,0.04803324,False,2.337597396156361,2.3341586885852474,2.425191546594538,2.4587281274733623,0.0034387075711137527,0.033536580878824385,0.14173483039466905,0.9899004500876738,0.0028873463968092216,0.9991312362056363,0.0,0.041674606635179905
5278,08062025071147287,1,1,Sea,0,0.0,0,0.76655881,4.59485494605,0.024913053100000002,4.658425167869881,9.613451,9.0306339195,0.046699999,4.054286410329634,5.466220608339989,4.59485494605,0.0009589195,True,2.272838590539372,2.345563583060796,2.470576172476104,2.5466056415888043,0.07272499252142373,0.07602946911270037,0.19883688946415548,0.9800282824443605,0.002908091706991692,0.9996124650882695,0.0,0.027837378471281576
5279,08062025071147475,1,1,Sea,0,0.0,0,0.8353285299999997,4.594292466,0.02498564716,4.669681070345203,9.648118,9.04143377,0.046099987599999996,4.0214319158019105,5.531648876990513,4.594292466,0.01433277,True,2.3139963234460854,2.396543716316896,2.5153534245533216,2.5781725422183124,0.08254739287081048,0.06281911766499082,0.22289466925818097,0.9748381505091138,0.0029234787936142847,0.9996684773584316,0.0,0.0257475314520645
5280,08062025071147679,1,1,Sea,0,0.0,0,0.8707389299999999,4.601198246,0.02461350291,4.6829282941057855,9.584534,9.06590342,0.046399997299999995,4.03180988942473,5.521738742592975,4.601198246,0.02685642,True,2.32372953226618,2.347895884793872,2.500639172996477,2.6217106663659697,0.024166352527691615,0.12107149336949252,0.23030002155997253,0.9731155316222173,0.0028393987190420654,0.9996541634213256,0.0,0.026297405849426386
5281,08062025071147864,1,1,Sea,0,0.0,0,0.89430397,4.607301543999999,0.024820768290000003,4.6933594768183955,9.586622,9.08694751,0.0442000001,3.850400395031049,5.508344703296475,4.607301543999999,0.04188251,True,2.3378898858742256,2.3418173689058253,2.5405742341805273,2.5342867788889882,0.003927483031599621,0.006287455291539068,0.23541613318748472,0.971890580439825,0.0028184902683246094,0.9996920311017259,0.0,0.024816183262257055
5282,08062025071148069,1,1,Sea,0,0.0,0,0.8970021500000002,4.613923660999999,0.0243409907,4.700371994903011,9.579001,9.08791751,0.044499991999999995,3.873865409345867,5.492860071225076,4.613923660999999,0.02467251,True,2.3262329009624123,2.346799112863519,2.538636238809739,2.623716268780452,0.020566211901106524,0.08508002997071307,0.23624149396644656,0.9716902203246405,0.0028411712290921424,0.9996724657873556,0.0,0.025592208709460267
5283,08062025071148281,1,1,Sea,0,0.0,0,0.8909016300000001,4.612572900999999,0.023933946589999998,4.697883280284386,9.596855999999999,9.04142701,0.044099997200000005,3.826524698528128,5.474914066716789,4.612572900999999,0.01934099,False,2.323387943170705,2.3718097042530624,2.4982665612052046,2.5919324006366313,0.048421761082357406,0.0936658394314267,0.23872934534211362,0.9710818630596261,0.0028835584217013544,0.9996965587067299,0.0,0.024633118152639043
5284,08062025071148469,1,1,Sea,0,0.0,0,0.86888198,4.608645737999999,0.024259861050000005,4.689899782981769,9.629404000000001,9.08632678,0.041499985600000004,3.6310790648454,5.439115799751279,4.608645737999999,0.01840878,True,2.3121070392533736,2.3611808299293813,2.584469912444047,2.588878504236191,0.0490737906760077,0.004408591792143923,0.23020118820094798,0.9731385832585505,0.0029513936391270673,0.9997021893371675,0.0,0.024403537335275362
5285,08062025071148673,1,1,Sea,0,0.0,0,0.7738029900000001,4.6113080349999995,0.024098354509999996,4.675843623527052,9.552913,9.1657454,0.041699991900000004,3.6512332924783,5.31883261522139,4.6113080349999995,0.0486784,True,2.195550820878442,2.272523358299756,2.6140369697330987,2.5653018059633537,0.07697253742131416,0.04873516376974507,0.1761868351922632,0.9843524922828264,0.002893102404458642,0.9996748055478814,0.0,0.025500650046724322
5286,08062025071148876,1,1,Sea,0,0.0,0,0.5555081199999998,4.6005545020000005,0.0241402145,4.634034284207931,9.864472,9.17519399,0.043500010000000006,3.937118228172605,5.486902934581433,4.6005545020000005,0.02902699,True,2.237719995466368,2.4256697572705566,2.5932302791824253,2.5113765939082215,0.18794976180418876,0.08185368527420378,0.09640114098899587,0.9953381737958659,0.002956315397626411,0.9994030469011744,0.0,0.034547790734703564
5287,08062025071149076,1,1,Sea,0,0.0,0,0.18208450000000026,4.590664670699999,0.024374691060000002,4.594339017695326,9.731684999999999,9.124689753,0.0453999965,4.031456419716018,5.316960277233461,4.590664670699999,0.007766247,False,2.2441190453086484,2.355983188795073,2.5302843819164447,2.5048937584273414,0.1118641434864247,0.02539062348910326,0.003382889060462066,0.9999902303751569,0.0028452092797115127,0.9959302305221116,0.0,0.09012755367906986
5288,08062025071149281,1,1,Sea,0,0.0,0,-0.2234832300000001,4.5601571895,0.02472972749,4.565697088776423,9.683437999999999,9.132678539999999,0.0443999884,3.926545227016884,5.358878697296861,4.5601571895,0.01296854,True,2.2232780898360422,2.2821506206672684,2.553143823253107,2.533901157584942,0.05887253083122612,0.019242665668164793,-0.07674574527565665,0.9970468679466016,0.002762915119237416,-0.9990465161981434,0.0,0.043658429568098844
5289,08062025071149474,1,1,Sea,0,0.0,0,-0.47945866000000004,4.563990874,0.023856029009999998,4.589167943617275,9.67022,9.12618907,0.0466000035,4.1125554416747825,5.377305772477791,4.563990874,0.01360607,True,2.1952004684237836,2.292285996447433,2.508580386759413,2.525574621502864,0.09708552802364956,0.016994234743450853,-0.14167983287506505,0.9899087100219481,0.0027515048930097943,-0.9996969921157589,0.0,0.024615522637234894
5290,08062025071149669,1,1,Sea,0,0.0,0,-0.6008037,4.566918892000001,0.02358693867,4.606329297359887,9.468245,9.128124600000001,0.0462000073,3.9929428196931442,5.36477699925801,4.566918892000001,0.0165906,True,2.162636516536008,2.1384136698637146,2.518263996141576,2.516711315949924,0.024222846672293574,0.0015526801916521116,-0.1632659014118207,0.9865780462955402,0.0028291348254058353,-0.9998733383210313,0.0,0.01591563114539459
5291,08062025071149871,1,1,Sea,0,0.0,0,-0.67130024,4.5705621910000005,0.023102066319999996,4.619655448135828,9.471907,9.13786361,0.0454999938,3.9381607036849293,5.368021964098225,4.5705621910000005,0.02421761,True,2.14524519529307,2.1779429701709363,2.508651054837902,2.5284518636662323,0.032697774877866514,0.01980080882833013,-0.17450853649297499,0.9846518328793056,0.0027456690448923807,-0.9998818257109182,0.0,0.015373178363658565
5292,08062025071150073,1,1,Sea,0,0.0,0,-0.6999540900000001,4.569828343,0.02269158402,4.62317874633668,9.46176,9.133181070000001,0.0451000044,3.8973605064020886,5.365319426494532,4.569828343,0.01469707,True,2.1502539687550866,2.1769885293831934,2.498156177802335,2.517801369471072,0.026734560628106863,0.019645191668737016,-0.17552570032215434,0.9844709081567146,0.002785591411304843,-0.9998966977893332,0.0,0.014373369472282767
5293,08062025071150279,1,1,Sea,0,0.0,0,-0.71378929,4.5657361209000005,0.02278176631,4.621250965386525,9.468535000000001,9.128982071,0.044100004899999996,3.8119200273319693,5.400159654334953,4.5657361209000005,0.009427071,True,2.161568602260637,2.177836723836064,2.502086726794135,2.529090019402917,0.01626812157542723,0.027003292608782203,-0.1704872854752698,0.9853556380912563,0.0028899780357086622,-0.9998662611821905,0.0,0.016354196695267883
5294,08062025071150464,1,1,Sea,0,0.0,0,-0.69174622,4.524672026,0.02278187707,4.577301474632632,9.468886,9.15093938,0.0426999883,3.699919902301319,5.442767614617686,4.524672026,0.02650738,True,2.2079050979224624,2.1862712439121084,2.5580385513708466,2.552175300282405,0.021633854010354003,0.005863251088441768,-0.15298492339780823,0.9882238967186802,0.0030237670403424704,-0.9998505047251018,0.0,0.01729069694833744
5295,08062025071150667,1,1,Sea,0,0.0,0,-0.46258675,4.2220567120000005,0.0218973009,4.247379059185385,7.402228,9.24071358,0.044200004,3.023362874649521,4.98433153116959,4.2220567120000005,0.07117558,True,1.7121505925499074,1.9349721150541168,2.496829987586888,2.5951877833886905,0.2228215225042094,0.0983577958018027,-0.1133494627859835,0.9935504724639281,0.0030590771212646796,-0.9996206063931342,0.0,0.027543479704328286
5296,08062025071150870,1,1,Sea,0,0.0,0,-0.1084859,3.855062752,0.0197745693,3.8566396054010057,3.171812,9.29292588,0.047099989,1.388291666753422,5.386191761286555,3.855062752,0.06202888,True,1.7739462751475876,1.837249574200794,2.4407126733678033,2.5534488333574936,0.06330329905320631,0.11273615998969033,-0.057421971531088044,0.998344186457899,0.0034062517814733486,-0.9998547586494306,0.0,-0.01704293419833361
5297,08062025071151073,1,1,Sea,0,0.0,0,0.19720804,3.871225725000001,0.020407453659999998,3.8762992775464733,2.732914,9.341144340000001,0.0473999824,1.2100525430666638,5.423812538418607,3.871225725000001,0.04667234,True,1.753503643554701,1.7515042279440838,2.5100558825065566,2.658509629116178,0.001999415610617117,0.14845374660962118,-0.006301665825363523,0.9999716628164982,0.004118564292702658,0.9999997684852402,0.0,-0.0006804626851356419
5298,08062025071151288,1,1,Sea,0,0.0,0,0.18653992000000003,3.898854962999999,0.0208888975,3.903370788216525,2.8049280000000003,9.35926271,0.044599995999999996,1.1708416833364834,5.431638577857561,3.898854962999999,0.02959871,True,1.6637590717121995,1.8622613765172706,2.551352190457228,2.6553313664359925,0.19850230480507114,0.10397917597876472,0.01103951231961563,0.9999312176724605,0.0039609458233216405,-0.9999989215926679,0.0,-0.0014686093766099282
5299,08062025071151476,1,1,Sea,0,0.0,0,-0.049945657599999936,3.8667254118,0.0207889602,3.8671038465289724,2.772058,9.44469095,0.044800008,1.1729193629751333,5.487199444036611,3.8667254118,0.09104395,True,1.9975080620217784,1.8760635810304538,2.6110024245201675,2.58537343913516,0.12144448099132465,0.025628985385007574,0.008930595945849806,0.9999524694622322,0.003911939728007417,-0.9999988971622719,0.0,-0.001485151251552844
5300,08062025071151677,1,1,Sea,0,0.0,0,-0.3495737,3.8439362183999997,0.0212562704,3.8598574134144252,2.9925949999999997,9.427285829999999,0.046799999,1.3203238387064216,5.55795325519106,3.8439362183999997,0.02663183,True,2.0588966086098153,2.000296471683275,2.61393128632609,2.468805660710809,0.05860013692654009,0.14512562561528108,-0.015533238740771794,0.9998712568025414,0.004023470433403651,-0.9999924859944691,0.0,-0.0038765905898718593
5301,08062025071151893,1,1,Sea,0,0.0,0,-0.44522344,3.8648160562,0.02159064769,3.8904361215491545,2.8050395999999997,9.6476506,0.0469000081,1.2692099880628405,5.599724201906737,3.8648160562,0.1844826,True,2.024370170333973,1.9869323361698652,2.633745595530988,2.5865141900417945,0.03743783416410773,0.04723140548919336,-0.023296743736374848,0.9997220150212972,0.003626901299849491,-0.9999112616653248,0.0,-0.013321741434896511
5302,08062025071152070,1,1,Sea,0,0.0,0,-0.3593504599999999,3.9278595579999993,0.021613472949999997,3.94432257842676,2.850168,9.63376047,0.0468000015,1.285026757153673,5.627873420684394,3.9278595579999993,0.07857847,True,1.9555808885060215,1.9314124696066968,2.4754594342890175,2.629167668378556,0.02416841889932475,0.15370823408953838,-0.00813023824480663,0.9999601561299126,0.00368583487469533,-0.997081972955204,0.0,-0.07633832070302658
5303,08062025071152266,1,1,Sea,0,0.0,0,-0.48953141,3.915536659,0.021906232499999997,3.9460801071914156,2.870185,9.7248088,0.044499996,1.2420839037324447,5.6805552609521035,3.915536659,0.1291728,True,1.911953207106283,1.8258360845127937,2.6397723234598547,2.5889672595433013,0.08611712259348936,0.05080506391655337,-0.007042179634766019,0.9999689613252003,0.003533283485935018,-0.9990845575404778,0.0,-0.042779047256195926
5304,08062025071152474,1,1,Sea,0,0.0,0,-0.886471155,3.884537214999999,0.020737033699999997,3.984456111934684,3.1983631999999997,9.735433780000001,0.044700015,1.3918446223299008,5.774528412447082,3.884537214999999,0.08172178,True,2.1376772069629695,1.7892354140502278,2.6723017500666963,2.4291792111054806,0.3484417929127417,0.24312253896121572,-0.0345533704216532,0.9993971840679048,0.0033664624825553878,-0.9969601995320555,0.0,-0.07791251856411753
5305,08062025071152677,1,1,Sea,0,0.0,0,-1.2188726209999998,3.9230536049999998,0.020377238399999997,4.108091440775353,3.0337347,9.9149759,0.04499999,1.3535729888931534,5.861654867120477,3.9230536049999998,0.1343989,True,2.0029551335961076,1.814323099127527,2.6582421720350657,2.57481322241603,0.18863203446858057,0.08342894961903591,-0.04383370293544723,0.9990336622433938,0.003216860506699353,-0.9996346133993462,0.0,-0.027030347647403374
5306,08062025071152885,1,1,Sea,0,0.0,0,-1.29448543,3.9658722209999993,0.019495061010000002,4.171835933876779,3.3289987,9.93705527,0.0446000019,1.4753878686271973,5.895546902498989,3.9658722209999993,0.08071327,True,2.0269220818018634,1.844088972223328,2.6301759541651406,2.5909090995897897,0.18283310957853538,0.03926685457535095,-0.04967181288680278,0.998760697523497,0.003127313050540621,-0.9997071760470244,0.0,-0.024198391683819657
5307,08062025071153064,1,1,Sea,0,0.0,0,-1.3125297059999999,3.993850088,0.01890138875,4.2040373472468975,3.2454611,9.93818261,0.0458999915,1.4804576403453495,5.9042561002505645,3.993850088,0.04932261,True,2.0423125191715883,1.8152984836970543,2.5898397683193144,2.582040662321886,0.22701403547453403,0.0077991059974285015,-0.0626242791733864,0.9980316943721423,0.003307066174768059,-0.9993777138963293,0.0,-0.03527300621362428
5308,08062025071153270,1,1,Sea,0,0.0,0,-1.1193638563000001,4.033914054,0.01886459583,4.186381959499796,3.4983347,9.83942602,0.0461999917,1.5902778871924934,5.888413627328446,4.033914054,0.05953598,False,2.101040986728484,1.790152437872823,2.631783361680432,2.6350695913265443,0.310888548855661,0.0032862296461124707,-0.09539152763488593,0.995433542565068,0.0035381904756418853,-0.9991716952753593,0.0,-0.04069303823216684
5309,08062025071153474,1,1,Sea,0,0.0,0,-0.5278011699999999,4.007123497,0.01857639984,4.041776574464984,4.045622,9.79639163,0.047500004,1.8825437897298234,5.817611985546331,4.007123497,0.02004337,False,2.109933700252214,1.8940818018159853,2.605673565931707,2.5490457490056255,0.21585189843622854,0.05662781692608165,-0.058303372257028814,0.9982938697031712,0.00317277426334001,-0.9994478937481784,0.0,-0.033225106204943414
5310,08062025071153683,1,1,Sea,0,0.0,0,0.3100610800000001,3.9674618800000006,0.017368086999999997,3.979597126975285,3.713985,9.6514176,0.044900014,1.6094508885946892,5.749660288128868,3.9674618800000006,0.0616374,False,1.9458454765710451,1.8521919727938567,2.5494327167901822,2.491602986014899,0.0936535037771884,0.057829730775283306,0.017068799218849514,0.999849221342927,0.0031922833785979466,-0.9993116391555823,0.0,-0.03709781460117702
5311,08062025071153873,1,1,Sea,0,0.0,0,0.8407260399999996,4.041860558,0.016610773900000004,4.128405619904578,3.351251,9.84291602,0.046200000000000005,1.5239569955582755,5.784929087699516,4.041860558,0.02894402,True,1.8607683789200338,1.7864387149832486,2.6898890853401523,2.5231868522847365,0.0743296639367852,0.16670223305541576,0.05884454685842097,0.9982607022290125,0.0035902214786787618,-0.985127243324202,0.0,-0.17182640792514617
5312,08062025071154075,1,1,Sea,0,0.0,0,1.21350902,4.001184439999999,0.0158740249,4.181187994958609,3.1895287000000003,9.6368615,0.045900015,1.4108308877025302,5.761731687373654,4.001184439999999,0.1131225,False,1.8607875501010314,1.7879232906327382,2.406729719951713,2.4887138527732455,0.07286425946829311,0.08198413282153272,0.07092523681907127,0.9974758115540172,0.0034082468826899964,-0.9849639195748422,0.0,-0.17276017230763524
5313,08062025071154279,1,1,Sea,0,0.0,0,1.33055992,3.966706262,0.01677670269,4.183949058898013,3.2006273000000003,9.661137779999999,0.045900019,1.4193066784551045,5.768881299427573,3.966706262,0.05802822,False,1.883476058838288,1.7931034405147968,2.4235290127375757,2.4810762833548323,0.0903726183234912,0.05754727061725662,0.07527912858581216,0.997156624806401,0.0034232154573278304,-0.9958070831900429,0.0,-0.09147815623709785
5314,08062025071154483,1,1,Sea,0,0.0,0,1.447626826,3.9348151430000007,0.0176141389,4.19269649448015,3.1678043,9.66571607,0.047200011,1.445221711864771,5.781012134720872,3.9348151430000007,0.02923393,False,1.9207056749601186,1.8544597513165384,2.405660426937312,2.4978523502205743,0.06624592364358017,0.09219192328326242,0.07614476354486896,0.9970914289915461,0.003264539215925196,-0.9969313426529234,0.0,-0.07828089189731742
5315,08062025071154684,1,1,Sea,0,0.0,0,1.5455565360999999,3.909963045,0.01855646872,4.204390605317072,3.1588243389999997,9.655719940000001,0.046700004,1.4243838934366428,5.803524516990392,3.909963045,0.02919006,False,1.9226610180142847,1.8550567276679164,2.3496302749608335,2.5068740393167834,0.06760429034636828,0.1572437643559499,0.08695961554006541,0.9962057031050592,0.003496050068108933,-0.9966522817928827,0.0,-0.08175713545031164
5316,08062025071154886,1,1,Sea,0,0.0,0,1.68545495,3.898627172999999,0.018861232240000005,4.247400142277047,3.0872756,9.8531468,0.0490999856,1.4935911051748638,5.855870027255576,3.898627172999999,0.1220798,True,1.8897305421838027,1.8705073852366896,2.5006634348293733,2.3690420518106348,0.019223156947113074,0.1316213830187385,0.08438510073447895,0.996425867581693,0.0038269032000221677,-0.9979420268459285,0.0,-0.06412262513840326
5317,08062025071155063,1,1,Sea,0,0.0,0,1.701724703,3.934556965,0.01966654934,4.286839424190436,3.12282087,9.84065665,0.0487000076,1.496580841259373,5.8679040235307305,3.934556965,0.05521965,True,1.9406825244650434,1.7986302149622078,2.5231391633407427,2.407739428652463,0.14205230950283565,0.11539973468827958,0.06812693013641781,0.9976687656513553,0.003969311513189127,-0.9990468619171194,0.0,-0.043650517677985064
5318,08062025071155268,1,1,Sea,0,0.0,0,1.9194444999999998,3.9678313440000004,0.020645049199999998,4.407763489692428,3.1980415,9.97265271,0.047799996000000004,1.524483228101876,5.9338525417429215,3.9678313440000004,0.08261871,True,1.9912997792527378,1.8329872287370146,2.4736637220584416,2.5833170373865353,0.15831255051572324,0.10965331532809364,0.05674362958309321,0.9983818153288033,0.0037297885328691016,-0.9988142152904425,0.0,-0.04868432328519624
5319,08062025071155479,1,1,Sea,0,0.0,0,2.09157642,4.000821161,0.020200394,4.514606288362603,3.2205826999999996,9.99296997,0.047400009,1.5254833158605479,5.966082481229323,4.000821161,0.04800797,True,1.9870609397939365,1.849755227007616,2.4720377299869307,2.6342897558337506,0.13730571278632042,0.16225202584681986,0.07926174161752284,0.9968466303084587,0.0037910365901884157,-0.9988635267068567,0.0,-0.04766188219888736
5320,08062025071155666,1,1,Sea,0,0.0,0,2.04063886,4.030015518900001,0.0194061623,4.517256760319492,3.3585018,9.951847701,0.04879996,1.6310556258242204,5.962413320677559,4.030015518900001,0.001414299,False,1.948405940153499,1.8832599912433763,2.5546689113279113,2.6340593213109833,0.06514594891012271,0.07939040998307201,0.1096884780163422,0.9939584748664927,0.0038714379156048716,-0.9938985307569822,0.0,-0.11029827994629862
5321,08062025071155869,1,1,Sea,0,0.0,0,1.6256415769999997,4.043788697999999,0.01858334178,4.358357822796941,4.274872,9.88764592,0.0500000164,2.1134217276682117,5.934362452626392,4.043788697999999,0.03352308,False,1.895326054290248,1.8452134812606367,2.6761670469544625,2.5667084663256725,0.05011257302961125,0.10945858062878999,0.12604357523482335,0.9920167921349864,0.003962482080012371,-0.9865379669583216,0.0,-0.16353238134920453
5322,08062025071156070,1,1,Sea,0,0.0,0,0.9327335699999999,3.912318424600001,0.018266493849999996,4.0220095764265835,4.116979,9.740215954,0.051599998,2.0691735699645517,5.836853776999825,3.912318424600001,0.003160954,True,1.85105717313718,1.8737273862766166,2.6179806637160707,2.5237441422733746,0.022670213139436513,0.09423652144269612,0.0697075628022416,0.9975597995481105,0.003911778841585606,0.9158327708006702,0.0,-0.4015598783837437
5323,08062025071156282,1,1,Sea,0,0.0,0,-0.08117171999999995,3.9082571249999996,0.017532206700000004,3.909139289090732,3.7023219999999997,9.749110949999999,0.059799979999999996,2.158441285560469,5.771013683430307,3.9082571249999996,0.07404995,True,1.8615771288044987,1.8318993695640058,2.4257182246381874,2.796423995151238,0.029677759240492874,0.37070577051305076,0.0036361086165270845,0.999984871264984,0.004127463540957131,0.9989529588594418,0.0,-0.045749163773408756
5324,08062025071156469,1,1,Sea,0,0.0,0,-0.99535953,3.9771014500000006,0.0194973694,4.099811786529651,3.6726558000000002,9.9113039,0.050999996,1.8564410498455477,5.846386841396906,3.9771014500000006,0.1038799,True,1.9184407084043542,1.8581094338426376,2.4224297531601118,2.369312707733958,0.06033127456171661,0.05311704542615381,-0.08394939233436212,0.9964623812142431,0.003901583208376983,-0.9992757492731892,0.0,-0.03805229184301947
5325,08062025071156674,1,1,Sea,0,0.0,0,-1.26373824,3.9233084199999992,0.02169736727,4.121875067663701,3.4729104,9.915923900000001,0.0496999873,1.711524189973189,5.912089762162227,3.9233084199999992,0.1038799,True,1.8895208955904672,2.0290487066464027,2.349190687246693,2.551312290131188,0.13952781105593548,0.2021216028844952,-0.07671495805051115,0.9970475662603445,0.003311468802840318,-0.9683173616986818,0.0,-0.2497228204087572
5326,08062025071156885,1,1,Sea,0,0.0,0,-1.479734758,3.8530746700000003,0.0246173648,4.127518065530256,3.2809117000000003,9.9100269,0.0461,1.4988918596824903,5.970731244362902,3.8530746700000003,0.1038799,True,1.6319133553795073,2.0866016792158812,2.204380454669602,2.4974415465627255,0.4546883238363739,0.29306109189312357,-0.05337629759389304,0.9985695125646159,0.003146336223835691,0.9952381878803077,0.0,-0.09747281356727798
5327,08062025071157072,1,1,Sea,0,0.0,0,-1.8607036999999997,3.7915805299999996,0.026657367999999997,4.22362543201187,3.6244679,10.0406178,0.0486,1.7686461899362549,6.1331650962177084,3.7915805299999996,0.1381478,True,1.7469542501576847,2.108530334662096,2.4992961302258765,2.541868327225708,0.36157608450441114,0.04257219699983139,-0.05191591059672802,0.9986474264861351,0.0028382740409972507,0.8167711796279761,0.0,-0.5769617319451303
5328,08062025071157274,1,1,Sea,0,0.0,0,-2.31927298,3.7691381300000004,0.028727365999999994,4.425636074095483,4.4703059,10.0926928,0.0508,2.2919651478729577,6.212557824738727,3.7691381300000004,0.1381478,True,1.8819003754426,2.134177522624772,2.676874211201423,2.6990736448888573,0.2522771471821721,0.022199433687434045,-0.05267537178961629,0.9986073380668785,0.00294780694905571,-0.9986204040134368,0.0,-0.0525098913352555
5329,08062025071157482,1,1,Sea,0,0.0,0,-2.60551431,3.75863833,0.028977365999999997,4.573500475904672,5.1635979,10.1228918,0.0513,2.68147884771289,6.251501179483862,3.75863833,0.1381478,True,2.1507793462308027,2.0562378135984174,2.7678978955837663,2.7710312474339256,0.0945415326323853,0.0031333518501592827,-0.06030246228543857,0.9981760381049082,0.00286530897146747,-0.9999029346786878,0.0,-0.013932739176052195
5330,08062025071157669,1,1,Sea,0,0.0,0,-2.66156161,3.7692470300000003,0.029257366999999996,4.614324367717704,5.2160139,10.1394378,0.051699999999999996,2.734281087604346,6.255258799632661,3.7692470300000003,0.1381478,True,2.2079032804817333,2.0141110232415196,2.8141739482809944,2.8014688863885,0.19379225724021376,0.012705061892494651,-0.05799400698297445,0.9983122082524242,0.003070831846160068,-0.9999360769725665,0.0,-0.011306722279855021
5331,08062025071157881,1,1,Sea,0,0.0,0,-2.60266821,3.8740791299999997,0.028047365999999997,4.667243037552866,4.9482379,10.1587978,0.05209999,2.618970023352381,6.174419153869806,3.8740791299999997,0.1381478,True,2.272508256904692,1.977805093679607,2.860504046036894,3.069648732127639,0.29470316322508494,0.20914468609074488,-0.08892938709532779,0.9960305263204969,0.003841191034485919,-0.9999657644983383,0.0,-0.008274649917289116
5332,08062025071158083,1,1,Sea,0,0.0,0,-2.3413666699999993,3.9624359399999998,0.024587364999999996,4.602553747704443,3.7826924999999996,10.1192598,0.05500001,2.1052930310861138,6.024857745408613,3.9624359399999998,0.1381478,True,2.3364619817450487,1.9171225361998256,2.812148664991245,2.412496748608976,0.41933944554522307,0.3996519163822687,-0.058508847740900295,0.9982806181301065,0.003538672322283601,-0.9998912675129681,0.0,-0.014746292798871588
5333,08062025071158283,1,1,Sea,0,0.0,0,-1.6974451,4.00730955,0.0189773645,4.352035137426923,3.3369560999999996,9.9477128,0.049100013,1.6298789041683484,5.802928095685456,4.00730955,0.1381478,True,2.338406975962054,1.4745324251757363,2.6335263497497494,2.389044223798348,0.8638745507863175,0.2444821259514014,-0.01394552274931933,0.9998986106889572,0.0028793640862569644,-0.9987894076629041,0.0,-0.049190640780385354
5334,08062025071158485,1,1,Sea,0,0.0,0,-1.1101762000000002,4.0333452,0.017557366989999997,4.183380565827726,2.6624115,9.9289308,0.043799992999999995,1.157848415010243,5.764406705074562,4.0333452,0.1381478,True,2.168891327451423,1.6347623500557902,2.6955276435631004,2.4748310307816737,0.534128977395633,0.22069661278142672,0.004998657218895012,0.9999845629522371,0.0024263724428362993,-0.9731611585966359,0.0,-0.230124660562169
5335,08062025071158665,1,1,Sea,0,0.0,0,-0.44365252800000005,4.218590666000001,0.0201667001,4.241903048002871,2.2643519000000003,9.68985104,0.044361186,0.973339101020813,5.549690008041541,4.218590666000001,0.07433796,False,2.435156563775777,1.6001357575370796,2.4652513658693147,3.1002543869476082,0.8350208062386972,0.6350030210782935,0.028784658788103844,0.9995831274960606,0.0022393400024689836,0.9993012431375939,0.0,-0.03737680381813282
5336,08062025071158886,1,1,Sea,0,0.0,0,-0.08537222,4.022386956,0.023742818399999997,4.0233628920558795,2.3508872,9.72422104,0.043299990999999996,0.9898614695219385,5.7794957489521055,4.022386956,0.07433796,False,2.4813879645952763,1.8550339051650129,2.2180757900228323,2.441055062062888,0.6263540594302635,0.22297927204005585,0.0018384853733437786,0.9999955333947806,0.0023565148036467677,0.9988022722460105,0.0,-0.048928733441675094
5337,08062025071159071,1,1,Sea,0,0.0,0,0.25531494,3.993268295999999,0.020272819,4.001473277383737,2.571287,9.76541704,0.049300003999999994,1.2379078117461122,5.849936250573246,3.993268295999999,0.07433796,False,2.367715834565722,1.6837177327467925,2.192504670513541,2.339501292430812,0.6839981018189294,0.1469966219172707,-0.005069520833706649,0.9999836440633337,0.002647935862606902,-0.995167804184589,0.0,-0.09818880544350865
5338,08062025071159273,1,1,Sea,0,0.0,0,0.6185020769999999,3.9720018359999996,0.0194328208,4.019915551223051,2.8856468,9.72586304,0.047900009,1.3443331788462738,5.838403285942501,3.9720018359999996,0.07433796,False,2.2520487351511043,1.8537662079480794,2.3409525572836145,2.4051496124259213,0.3982825272030248,0.06419705514230678,0.028251349364633496,0.9995973707808576,0.002637723843396619,-0.9998073349615594,0.0,-0.019628880688010625
5339,08062025071159479,1,1,Sea,0,0.0,0,1.003521599,4.039281561000001,0.0169365297,4.162107395867195,3.1495079,9.85796579,0.047099989,1.4623482658643339,5.748881492732931,4.039281561000001,0.08639479,True,1.9942910288886226,1.7413993427326198,2.5386498634986436,2.5164785638529805,0.2528916861560029,0.02217129964566311,0.041836599734742144,0.9991190469262854,0.0032907433424850963,-0.9997917686267004,0.0,-0.020406356516892505
5340,08062025071159678,1,1,Sea,0,0.0,0,1.28178609,4.0296876500000005,0.0151802365,4.228662740945441,3.3313992000000003,9.4790474,0.046599995,1.4715575192182346,5.671213200393205,4.0296876500000005,0.2113686,False,1.8643547919004042,1.7766826926733432,2.3082868365687617,2.462877847397747,0.08767209922706098,0.1545910108289852,0.05047984706431897,0.9987188730225357,0.003521038051375963,-0.9983387176162799,0.0,-0.057617748205581965
5341,08062025071159877,1,1,Sea,0,0.0,0,1.3833868099999997,3.93707175,0.01736128985,4.173079731459165,3.1838609,9.4661901,0.049099999000000005,1.4798264671506007,5.6484638737715835,3.93707175,0.1143389,False,1.8293419492834684,1.815907641472165,2.4010752069863144,2.4277025880512855,0.013434307811303281,0.02662738106497109,0.0398094898870128,0.9991980835363686,0.0042888660720375674,-0.9995011751696398,0.0,-0.03158165344799491
5342,08062025071200070,1,1,Sea,0,0.0,0,1.580960231,3.925718433,0.018555585599999997,4.2321442292242955,3.16001769,9.55316277,0.048299996,1.4580881689871128,5.637078646389158,3.925718433,0.00726223,False,1.8002475512604437,1.8520511454587318,2.411393325140969,2.5704121344685125,0.05180359419828817,0.1590188093275433,0.044501133132060694,0.9990013234451279,0.004000613058703418,-0.9861430612515601,0.0,-0.16589714507911754
5343,08062025071200285,1,1,Sea,0,0.0,0,1.5570422700000002,3.9262064865,0.0178279719,4.223718248390095,3.3128526000000003,9.558670535000001,0.048199992,1.5263234336272222,5.646588287142714,3.9262064865,0.009542465,False,1.7562407821334436,2.016824217869519,2.465521443148284,2.578927897429121,0.26058343573607545,0.11340645428083684,0.05340849896552931,0.9985636444726697,0.004263821725749632,0.9922570817443347,0.0,-0.12420098118862234
5344,08062025071200473,1,1,Sea,0,0.0,0,1.246423309,3.9524799599999993,0.016752944900000004,4.1443877184190825,3.6052592,9.5466329,0.051500004,1.77253157139735,5.602416822856032,3.9524799599999993,0.0027771,False,1.3461672870938377,2.0178059724480444,2.444070713502048,2.477793502352892,0.6716386853542067,0.03372278885084379,0.04656142139765975,0.998906926671766,0.004121393526053941,-0.8949757531140942,0.0,-0.44611478493528994
5345,08062025071200681,1,1,Sea,0,0.0,0,0.62861286,3.8296631286999996,0.017496651900000004,3.880950906660552,3.2439127,9.410536013000002,0.051500005,1.5721384528832572,5.574458782255153,3.8296631286999996,0.007102013,True,1.6867148887073231,1.9542331063041078,2.3646629819518656,2.5082446356893358,0.26751821759678474,0.14358165373747012,0.017589936295578184,0.9998381414183894,0.003779564278878159,0.9969032128246093,0.0,-0.0786383129267911
5346,08062025071200873,1,1,Sea,0,0.0,0,-0.22101245999999994,3.8913585059999996,0.017725327800000003,3.8976700369502058,3.664683,9.47652804,0.052500004999999995,1.8232449120209502,5.568564445250684,3.8913585059999996,0.03103304,True,1.8399467873879942,1.839546151235951,2.436793473874225,2.6199163284879177,0.0004006361520432211,0.1831228546136927,-0.033837356747684934,0.9994189191682693,0.004105763858087083,0.9940251806805809,0.0,-0.10915099712296947
5347,08062025071201074,1,1,Sea,0,0.0,0,-0.7835891199999999,3.9624999099999996,0.017430312,4.039272367829235,3.936345,9.7632127,0.054099995,2.0791371139540917,5.601955655759115,3.9624999099999996,0.2061777,True,1.9177641037849267,1.7243111137140572,2.4222406184647474,2.5822493658604566,0.19345299007086947,0.16000874739570925,-0.05221061477925774,0.9986276779617395,0.004100306466150121,-0.8805924879008051,0.0,-0.4738743190474353
5348,08062025071201274,1,1,Sea,0,0.0,0,-1.1730050200000002,3.9501310700000003,0.019826280079999998,4.120663700001052,3.9009929999999997,9.8056886,0.055800003,2.1344573952096804,5.652158026718572,3.9501310700000003,0.2040176,True,2.0243293390365116,1.4783303266295968,2.1602573736343755,2.568183150786207,0.5459990124069147,0.4079257771518314,-0.022296056401692684,0.9997443168029302,0.00376654870867431,0.9819913783349281,0.0,-0.18892573375765437
5349,08062025071201473,1,1,Sea,0,0.0,0,-1.41949131,3.89389435,0.023476283,4.144625426258799,3.7160241,9.909980899999999,0.05500001,2.0254154002789613,5.7792696301572475,3.89389435,0.2380219,True,1.9642751438894703,1.5201414479913011,2.6016209289275816,2.535924693263536,0.4441336958981692,0.06569623566404559,0.01594302712471411,0.9998658691368094,0.003750149516105974,0.9630959082595841,0.0,-0.2691584505335973
5350,08062025071201678,1,1,Sea,0,0.0,0,-1.76517576,3.85689985,0.026696281999999998,4.241725428182996,4.0843095,9.962136899999999,0.058299999000000005,2.3721366165221327,5.8683389957890215,3.85689985,0.2380219,True,2.179209183205917,1.4794419882223968,2.6530706633724273,2.5523274847505757,0.69976719498352,0.10074317862185156,0.021113911611144776,0.9997718137098217,0.003243955586987233,-0.9364161838981925,0.0,-0.35089133721644755
5351,08062025071201903,1,1,Sea,0,0.0,0,-2.2955929809999995,3.7874658499999994,0.028156277599999995,4.4289318661841,4.55215099,9.9609619,0.066799994,3.0289657399095953,5.9386588922592844,3.7874658499999994,0.2380219,True,2.2830789270395364,1.6585824013516848,2.9090659000080095,2.474706807934871,0.6244965256878516,0.4343590920731386,-0.00229713357893803,0.9999923525343839,0.003165130339965959,0.9977182221078383,0.0,-0.06751554838683016
5352,08062025071202074,1,1,Sea,0,0.0,0,-2.7550589000000003,3.82346595,0.017416283900000003,4.712700366055909,5.381283799999999,9.9853809,0.16649999,8.946738513579216,5.942123225948659,3.82346595,0.2380219,True,2.4218547908889994,2.0605072031999887,3.213705666842409,2.751837096856789,0.36134758768901065,0.46186856998562,-0.007238083404324636,0.9999673134859715,0.0036030692861359283,0.9995797200747107,0.0,-0.02898936383163489
5353,08062025071202277,0,1,Sea,0,0.0,0,-3.3682907,3.6944832000000005,0.03138628029999999,4.999557325741931,3.902996,10.0037579,0.054000017,2.1084105254667533,6.074868815347348,3.6944832000000005,0.2380219,True,2.4334392484122134,1.872354330207026,3.3471887768551105,2.519676288826208,0.5610849182051874,0.8275124880289026,-0.019683103795125795,0.9997995623472291,0.003662042501031117,-0.9998792148505864,0.0,-0.015542062597190622
5354,08062025071202482,0,0,Sea,0,0.0,0,-3.4849311999999997,3.69803672,0.030986282599999998,5.081454634345481,3.997273,9.998202899999999,0.053499984,2.1381560983382615,6.0661835651386555,3.69803672,0.2380219,True,2.4290985476707196,1.8946244405527972,3.450097000682649,2.5155785850901995,0.5344741071179224,0.9345184155924495,-0.020528546906415257,0.9997829876807206,0.003543487847178466,-0.9998968446952264,0.0,-0.014363146191915267
5355,08062025071202683,0,0,Sea,0,0.0,0,-3.516973599999999,3.7113235,0.030336281600000004,5.113115069576522,4.02291,9.9845279,0.053699994,2.1569599871048064,6.039377331291897,3.7113235,0.2380219,True,2.4370554106948408,1.7788601992638429,3.482884910026344,2.4741213072050465,0.6581952114309979,1.0087636028212974,-0.0127683758541445,0.9999129798161568,0.0033168318047971826,-0.9997881991664886,0.0,-0.020580495801351465
5356,08062025071202885,0,0,Sea,0,0.0,0,-3.5180507,3.7108487099999996,0.030186283999999997,5.113510544432355,4.03946,9.9613439,0.05159999,2.076303629498668,6.015467445987917,3.7108487099999996,0.2380219,True,2.4677769888968895,1.759797348217402,3.4931198117469733,2.4500795904766033,0.7079796406794874,1.04304022127037,-0.001614985358923818,0.9999935658732124,0.003203128855926364,-0.9995690425294917,0.0,-0.029355224691271487
5357,08062025071203087,0,0,Sea,0,0.0,0,-3.2009298999999998,3.778538905,0.028716282399999994,4.9521846801373925,4.4778910000000005,9.912406899999999,0.053000003,2.3524940483899712,5.90084960056993,3.778538905,0.2380219,True,2.4611572170038225,1.7961884677157354,3.4325375910068647,2.451922645124862,0.6649687492880871,0.9806149458820026,0.018810722725426072,0.9998176350456538,0.0032944441508288387,0.9989047347657307,0.0,-0.04679028598550291
5358,08062025071203273,0,0,Sea,0,0.0,0,-2.7804746500000004,3.8314663369999997,0.026726280459999995,4.73411954484929,4.497907499999999,9.8366849,0.054400009400000005,2.4069011499027515,5.767535955063981,3.8314663369999997,0.2380219,True,2.404810058522086,1.4355889553474321,3.232258045871092,2.4506083687067286,0.969221103174654,0.7816496771643635,0.04181763688686526,0.999120384178231,0.003121404290128254,0.9978365179945536,0.0,-0.06574407468741769
5359,08062025071203484,1,0,Sea,0,0.0,0,-2.2864343400000005,3.9178148650000004,0.024116280400000002,4.536258028653854,3.7101493000000003,9.8450649,0.056299998000000004,2.0564509213834516,5.695264413466013,3.9178148650000004,0.2380219,True,2.2638030367523143,1.2747004359457166,3.00693719160697,2.4771145154589447,0.9891026008065977,0.5298226761480254,0.0683977105965319,0.9976534488042017,0.0030576582927447104,0.47486166883293773,0.0,-0.8800604498971631
5360,08062025071203674,1,1,Sea,0,0.0,0,-1.9429993200000002,3.9191471889999994,0.023256280920000004,4.374414463807618,3.1321607,9.834836899999999,0.0473999928,1.4601231066279723,5.70133194230427,3.9191471889999994,0.2380219,True,2.23186448988217,1.4477206437329968,2.6826763917669627,2.5219795315341367,0.784143846149173,0.16069686023282603,0.09740206987230539,0.9952408332945966,0.002918994290405129,-0.9897879870001052,0.0,-0.1425473282467257
5361,08062025071203889,1,1,Sea,0,0.0,0,-1.7653548300000004,3.8496470630000004,0.0236962825,4.235188508115451,3.1756064999999998,9.825869899999999,0.044699995,1.3947782496044856,5.771645771325611,3.8496470630000004,0.2380219,True,2.257021257647566,1.783342674027257,2.5964586887864423,2.423973624130667,0.4736785836203088,0.1724850646557754,0.11099151260683543,0.9938166531573761,0.003056801648508692,-0.9887449147538101,0.0,-0.14961114112418544
5362,08062025071204076,1,1,Sea,0,0.0,0,-1.7022363999999999,3.830277225999999,0.025676279999999996,4.191573888273216,2.9544671,9.8606929,0.045600005,1.3284691753506275,5.825580382028605,3.830277225999999,0.2380219,True,2.364967157172378,1.8379886804709216,2.6079766459246545,2.3380929909086134,0.5269784767014563,0.26988365501604106,0.08756440947665056,0.9961550747088354,0.0027461472721188734,-0.9995152130951469,0.0,-0.031134206130286876
5363,08062025071204263,1,1,Sea,0,0.0,0,-1.5770577300000002,3.80207712,0.027976279799999997,4.116270664377124,3.0802257,9.948073899999999,0.047799991,1.464702280470131,5.922399574498894,3.80207712,0.2380219,True,2.4986738091143468,1.6280404699705988,2.5064545491267163,2.2986227217140636,0.870633339143748,0.20783182741265271,0.041455027421452545,0.9991367424615321,0.0026926872905251383,-0.9863616131025152,0.0,-0.16459273434086896
5364,08062025071204474,1,1,Sea,0,0.0,0,-1.19582798,3.8311545000000002,0.029186281599999996,4.013552192217608,3.3537185,9.9798169,0.051400003,1.7203322238054217,5.912234323033237,3.8311545000000002,0.2380219,True,2.4935949985512877,1.3681312070302174,2.4698162339958434,2.2246926548561374,1.1254637915210703,0.24512357913970595,0.0059829233919074295,0.9999775279418971,0.0030246055774309512,0.11874949933882836,0.0,-0.9929242450493279
5365,08062025071204682,1,1,Sea,0,0.0,0,-0.5326140899999999,3.703415092,0.0294662808,3.741634585876082,3.9969859999999997,9.8970769,0.049300002,1.9502330351609691,5.96208189127479,3.703415092,0.2380219,True,2.4199178975430145,1.6415901390775987,2.4176549680554937,2.2986922422426526,0.7783277584654158,0.11896272581284117,0.03724814770654682,0.9993018100802934,0.0029099592231451505,-0.9994838900748274,0.0,-0.03212403276194077
5366,08062025071204869,1,1,Sea,0,0.0,0,0.12145100000000013,3.7292969420000004,0.028346282599999995,3.731381719785419,3.6719109999999997,9.8401199,0.049700004,1.795762756283984,5.908340045805629,3.7292969420000004,0.2380219,True,2.2854225229698777,1.8441587778613313,2.586842190744743,2.4611602763059586,0.4412637451085464,0.1256819144387844,0.08434725864478619,0.9964310577323733,0.0032691199814604715,-0.9997936903350967,0.0,-0.020311985775122245
5367,08062025071205073,1,1,Sea,0,0.0,0,0.8668680999999999,3.8824394103000004,0.0244862719,3.9781145854487128,3.6167193,9.8226158,0.049900007,1.7727298912827214,5.873893518024753,3.8824394103000004,0.1205778,True,2.023874951036017,1.9543879052319684,2.536757009391071,2.5443390336274962,0.06948704580404841,0.007582024236425067,0.14934686950742324,0.9887774873501337,0.003820088727872675,0.9998690442855659,0.0,-0.016183148008627486
5368,08062025071205279,1,1,Sea,0,0.0,0,1.1701387009999997,3.914887972,0.0210416933,4.08607576603092,3.7629147,9.66494754,0.049699999,1.8075081103294703,5.852928032356915,3.914887972,0.05002546,False,2.0235476768707565,1.9682104011151857,2.4050732147158596,2.5232279634137753,0.05533727575557079,0.11815474869791576,0.16310139701312976,0.9866013629493953,0.003960419013309087,0.9998492342201628,0.0,-0.017364009598989903
5369,08062025071205482,1,1,Sea,0,0.0,0,1.1414950519999998,3.9118790500000005,0.0205252063,4.075074225049532,3.5172553000000004,9.676249460000001,0.0506,1.7221122886837414,5.84412265528596,3.9118790500000005,0.02553654,False,2.033519881967707,1.921765605310387,2.4585324676380194,2.6023714394232296,0.11175427665731985,0.1438389717852102,0.15042060775530247,0.9886126642517065,0.004317504333318103,0.9979359579214584,0.0,-0.06421700621627771
5370,08062025071205684,0,0,Sea,0,0.0,0,1.004488077,3.912662211,0.0208350884,4.039598491822077,3.7562732000000003,9.83527693,0.052400003,1.935865037320995,5.855071296932387,3.912662211,0.08702993,True,1.9114941381955532,2.0764302917651722,2.647984105624925,2.519777233668977,0.164936153569619,0.12820687195594793,0.09900997746061509,0.9950772799900136,0.004269802211408241,0.9997753746170801,0.0,-0.021194346163005955
5371,08062025071205879,0,0,Sea,0,0.0,0,0.5675601899999999,3.9182515349999996,0.0221264242,3.959205632377607,3.8878179999999998,9.92799625,0.051299995,1.9800896485249995,5.925401427770033,3.9182515349999996,0.08473825,True,1.9719786739597363,2.123254838088212,2.6432409366817327,2.3191855623742916,0.15127616412847567,0.324055374307441,0.026022386357757107,0.9996555486157424,0.003408743171149965,0.6670135022417756,0.0,-0.7450456280169429
5372,08062025071206066,1,0,Sea,0,0.0,0,0.26812300999999994,3.909891846,0.0224001136,3.9191384207499023,3.5833690000000002,9.9470324,0.052200002999999995,1.860611036736585,5.980184648385329,3.909891846,0.0583744,True,2.016963094424635,2.0574642919829738,2.6094711684465515,2.428329687926188,0.04050119755833892,0.18114148052036327,-0.016234953961865417,0.9998621319808413,0.003484723889047228,-0.9998972652972351,0.0,-0.014333835882643626
5373,08062025071206279,1,0,Sea,0,0.0,0,0.10353995599999996,3.9324560392000003,0.0225225313,3.9338833596263623,3.482433,9.99038463,0.048199989,1.6769183519981743,6.000161512188006,3.9324560392000003,0.06377363,True,2.0686057573781427,2.005538966204596,2.5750674130913485,2.5426519586123733,0.06306679117354674,0.0324154544789752,-0.045457480687527224,0.9989594157213476,0.0037017821663334395,-0.9999537726167816,0.0,-0.00961522903865127
5374,08062025071206464,0,0,Sea,0,0.0,0,0.07396470399999995,3.920566048,0.022246359599999998,3.9213267926409294,3.50609,9.9821168,0.046199977999999996,1.6169160650182166,6.040861856301868,3.920566048,0.0266428,True,2.061598987504845,2.045238734035711,2.5804606189934463,2.4622603422676725,0.016360253469133834,0.11820027672577371,-0.04130392970858897,0.9991423936328662,0.0029090610537939074,-0.9766561245414177,0.0,-0.21480878565770764
5375,08062025071206670,0,0,Sea,0,0.0,0,0.156470147,3.9319289448,0.021970668999999998,3.9351023930965954,3.446139,10.046304059999999,0.045700002999999996,1.5821779862378926,6.082194394817851,3.9319289448,0.03389406,True,2.0335364866244716,2.081883217762706,2.574510673986487,2.483490355437775,0.0483467311382344,0.09102031854871218,-0.014846049459403248,0.9998861901951739,0.002683555929985889,0.993966429174677,0.0,-0.10968471941771005
5376,08062025071206892,0,0,Sea,0,0.0,0,0.23288698000000002,3.9365470167999996,0.022067732,3.943491567852798,3.39839,10.042018892,0.04650004,1.5868927561487136,6.098285343161715,3.9365470167999996,0.007258892,True,2.0533726903024694,2.103111393996048,2.5158931858615015,2.4270630604336865,0.04973870369357858,0.08883012542781499,0.010675555112920149,0.9999397269521639,0.002564173524311848,0.8930991690437053,0.0,-0.44985983845353766
5377,08062025071207078,1,1,Sea,0,0.0,0,0.31919422999999997,3.9306952450000003,0.02194467957,3.9436951751488523,3.40538,10.01775208,0.045900021400000005,1.5658449233839444,6.105843866559452,3.9306952450000003,0.01777792,False,2.0663875014185993,2.136914241446764,2.4950500196589904,2.3690924909884865,0.07052674002816461,0.12595752867050392,0.02646809206629578,0.9996469923765962,0.002308838408316233,0.9944787096367607,0.0,-0.10493853476775622
5378,08062025071207282,1,1,Sea,0,0.0,0,0.4093323800000001,3.9151462810000006,0.02197182883,3.9365474924363273,3.491673,10.05643355,0.045600003699999996,1.6011883840499859,6.120982592197874,3.9151462810000006,0.02263355,True,2.0672257184804472,2.1608313930642535,2.4391791698308465,2.4340263476213986,0.09360567458380631,0.005152822209447905,0.03891680879120724,0.9992400423447352,0.002195397094035649,0.9991824888123307,0.0,-0.04042714497458788
5379,08062025071207469,1,1,Sea,0,0.0,0,0.4326477300000001,3.904937176,0.02135515263,3.9288897222147705,3.452819,10.05490448,0.0453999877,1.5761861144919895,6.125025869064767,3.904937176,0.02893448,True,2.052326415334072,2.157478432228234,2.443732598802166,2.4436359096717246,0.10515201689416198,9.668913044125205e-05,0.04546231084727433,0.9989633605706913,0.002320027960343843,0.9983770824340752,0.0,-0.05694911123471427
5380,08062025071207681,1,1,Sea,0,0.0,0,0.4294885600000001,3.902009149999999,0.020595629119999997,3.9256286133297733,3.421865,10.038845219999999,0.0461000088,1.5836078221455403,6.116572411280764,3.902009149999999,0.02526522,True,2.043521700395912,2.1565759965463775,2.419234004012435,2.4350214652289557,0.11305429615046547,0.015787461216520526,0.04835752630255243,0.9988267739908986,0.002573948102081488,0.9963207418457501,0.0,-0.08570285507457708
5381,08062025071207870,1,1,Sea,0,0.0,0,0.41751958999999994,3.9051038475000004,0.020139184669999997,3.927411902837828,3.392511,10.04331462,0.0460000145,1.5673150389861,6.11576717751272,3.9051038475000004,0.02798462,True,2.034934576332124,2.1514440230143097,2.4698489903096568,2.4437334226907423,0.11650944668218566,0.026115567618914426,0.05025599202735713,0.9987326649800705,0.0027201410169850854,0.9942953878950165,0.0,-0.10666152825971911
5382,08062025071208072,1,1,Sea,0,0.0,0,0.39000581000000006,3.9121558661,0.020119797720000002,3.9315992749458446,3.38138,10.013203974,0.046799998,1.5845752824717774,6.102654778250365,3.9121558661,0.003983974,True,2.0278577351246807,2.1445331426814094,2.485299995211982,2.4102404768837578,0.11667540755672867,0.07505951832822433,0.04994823592216859,0.9987479870888051,0.002762610056305975,0.9835628446426462,0.0,-0.1805661392356433
5383,08062025071208275,1,1,Sea,0,0.0,0,0.3621716200000001,3.9130920600000003,0.020652173279999998,3.9298707694566315,3.3693,10.02621672,0.0458999912,1.550562841280825,6.103160272317596,3.9130920600000003,0.01443672,True,2.055602217079219,2.1438025754264314,2.510745055491876,2.427659151356153,0.0882003583472124,0.08308590413572281,0.047084320385452745,0.998887135827565,0.0027489365295619217,0.9877878362590066,0.0,-0.1558049759755766
5384,08062025071208479,1,1,Sea,0,0.0,0,0.32901870000000005,3.9192185423,0.020987150530000002,3.933060862451177,3.368945,10.03190693,0.0453999842,1.5343806642382194,6.106276837664068,3.9192185423,0.01037693,True,2.0686819925440445,2.1400560361179797,2.5188368904357743,2.4181786073520137,0.07137404357393518,0.10065828308376057,0.04664337411199336,0.9989082115917776,0.002603932788178499,0.991919244331243,0.0,-0.1268708505738644
5385,08062025071208677,1,1,Sea,0,0.0,0,0.30219771999999995,3.9195864279400006,0.021206169209999997,3.931275992559822,3.368706,10.04737316,0.04499997,1.5230980657755055,6.11605045625973,3.9195864279400006,0.01532316,True,2.089877114187339,2.131734624539368,2.513239481194877,2.4149725687957733,0.04185751035202889,0.09826691239910357,0.04682756875952443,0.9988999737515369,0.0024538221718009875,0.9929238596142317,0.0,-0.11875272211102152
5386,08062025071208879,1,1,Sea,0,0.0,0,0.2820764399999999,3.9217807209,0.021296527779999998,3.9319695679037854,3.360913,10.05864267,0.0451000006,1.5246606736130266,6.124494355406076,3.9217807209,0.01531267,True,2.110469295143855,2.1215326223249553,2.512396592703899,2.4112777058646064,0.01106332718110048,0.10111888683929271,0.0439963181731682,0.9990291926998434,0.002235200372330385,0.9930769145477999,0.0,-0.11746591757706512
5387,08062025071209078,1,1,Sea,0,0.0,0,0.26643527,3.9206731934,0.021442852229999997,3.9297742732194023,3.367716,10.06274883,0.0453000033,1.5351482666483691,6.1296992812479605,3.9206731934,0.01423883,True,2.1206228487783965,2.1295835023633143,2.5132255397206866,2.4066144117391683,0.008960653584917821,0.10661112798151828,0.03854288007629453,0.9992544954954108,0.00221351025215675,0.9963603734421596,0.0,-0.08524087185265346
5388,08062025071209280,1,1,Sea,0,0.0,0,0.2521264199999999,3.928429011600001,0.02141195379,3.936569661851252,3.3586340000000003,10.053659354,0.0454000053,1.5330020996993938,6.121558918403266,3.928429011600001,0.004439354,True,2.110637920398475,2.1339848474281626,2.434942643918296,2.394028706542885,0.02334692702968777,0.040913937375410825,0.029687737309175653,0.9995566550376678,0.0022653086700267383,0.9973669054692162,0.0,-0.07252072720787724
5389,08062025071209481,1,1,Sea,0,0.0,0,0.24307818999999986,3.9167498640000007,0.02134637557,3.924343533808894,3.357166,10.06334498,0.0453000043,1.530429823747213,6.129866211947841,3.9167498640000007,0.01701498,True,2.1133423868105234,2.1389114260462025,2.4866979459681535,2.40086026160232,0.025569039235679103,0.0858376843658335,0.022500195625285605,0.9997443932480813,0.0022111910477304133,0.9976263737312461,0.0,-0.06885941065565525
5390,08062025071210059,1,1,Sea,0,0.0,0,0.23862780999999997,3.8984867396,0.0220335203,3.905845307556259,3.38274,10.064864980000001,0.0459857143,1.565667399996542,6.149409511774536,3.8984867396,0.01701498,True,2.1279137739076743,2.1477017050018836,2.4977608578207304,2.3832092412566404,0.019787931094209288,0.11455161656409008,0.01545325669853631,0.9998782790300231,0.002150344476734808,0.9985521335098346,0.0,-0.05379253352425021
5391,08062025071212072,1,1,Sea,0,0.0,0,0.21873673999999993,3.8845784878000003,0.02254708361,3.890797368186074,3.4106829999999997,10.07807494,0.047399995699999996,1.629285686661271,6.1715992273965785,3.8845784878000003,0.02225494,True,2.1536389128451874,2.142553572547487,2.4837202328438974,2.387069964779795,0.011085340297700252,0.09665026806410237,0.004139143931420916,0.9999888366906656,0.0022790308388266427,0.9983812846841733,0.0,-0.05687539355802119
5392,08062025071214047,0,1,Sea,0,0.0,0,-0.03483860600000009,3.626128124,0.03549782551,3.6264692189163443,3.8614050000000004,10.2999149,0.0621903536,2.473443630034609,6.658206654092074,3.626128124,0.0173049,True,2.4428501574971806,2.3828928523288666,2.076229275696304,1.9316604856002495,0.05995730516831399,0.1445687900960546,-0.015229750600156694,0.9998812398879158,0.0023581384313050365,-0.9887563730600579,0.0,-0.14953539625493217
5393,08062025071216048,1,1,Sea,0,0.0,0,-0.0016105999999999176,0.9035013540000001,0.03427782550999999,0.9041527857800846,4.222968,3.6725239000000003,0.0729903536,1.1320038108082218,2.765539520805181,0.9035013540000001,0.0173049,True,0.6142816196474464,0.3029773781410918,0.7834828138333987,0.15234949698393382,0.3113042415063546,0.6311333168494648,-0.10278803223893777,0.994553343291818,0.01727043066962456,0.9995343359794929,0.0,-0.03051411473456305
5394,08062025071216436,1,1,Sea,0,0.0,0,-0.04007854999999997,2.3598818239999995,0.029057824509999997,2.360400997835097,3.62639,6.8296499,0.0744903536,1.844900658375178,4.4586609916158455,2.3598818239999995,0.0173049,True,1.6671289315676818,2.0004079802502788,1.2439798282070855,1.7065730609140206,0.33327904868259695,0.4625932327069351,-0.04880095692430409,0.9987060860870791,0.014304552278906008,-0.9998763037048494,0.0,-0.015728232244212076
5395,08062025071216639,1,1,Sea,0,0.0,0,-0.21574697999999995,3.177959294,0.028487823640000003,3.1854016371245626,3.5377739999999998,9.000576859999999,0.093,2.961306632428796,5.80813513455912,3.177959294,0.01475286,True,1.9760713008758062,2.280905543552823,1.8292841473127486,1.9040932191051683,0.30483424267701675,0.07480907179241969,-0.01939650070188778,0.9997749802000566,0.00858863938572585,-0.9968511163133279,0.0,0.07929597659952338
5396,08062025071216848,0,1,Sea,0,0.0,0,-0.15996197000000006,3.628283794,0.030727821639999996,3.6319382319461404,3.6888769999999997,10.16169286,0.08699999,3.2612150764393344,6.5188851774368315,3.628283794,0.01475286,True,2.499945891278449,2.3476203492170535,2.2028448618472614,2.0388524462113766,0.1523255420613956,0.16399241563588474,-0.01289028809588902,0.9999071382482391,0.004422143487282434,0.9959928105143746,0.0,0.08943333496899837
5397,08062025071217049,0,1,Sea,0,0.0,0,-0.19978794999999996,3.682964894,0.033807824640000005,3.68853475033224,3.867244,10.31482286,0.0826,3.2949087810344615,6.617181575431759,3.682964894,0.01475286,True,2.587709742034064,2.4685186120979523,2.0399331682027233,2.0089720862007003,0.11919112993611147,0.030961082002022966,-0.009559660581177312,0.9999518787647703,0.0022029626367465207,-0.9980362687392224,0.0,0.06263869635529516
5398,08062025071217249,0,1,Sea,0,0.0,0,-0.24212091,3.6782033940000005,0.03430782264,3.6863233403198166,4.172651999999999,10.34601286,0.0815,3.5183803670628344,6.653158441538129,3.6782033940000005,0.01475286,True,2.5848563709192818,2.4411698678643807,1.9483268156541396,1.9589216488167878,0.14368650305490105,0.010594833162648198,-0.007822141898970287,0.9999682109479813,0.0015463471815570528,-0.999663270789728,0.0,-0.025948892731343237
5399,08062025071217450,0,1,Sea,0,0.0,0,-0.2623873800000001,3.7081715939999995,0.03379782464,3.7175968044803027,4.133949,10.37306286,0.0812,3.481995082367172,6.650350498742731,3.7081715939999995,0.01475286,True,2.494577322937896,2.362693793443831,1.9172928333871406,1.9734681292733744,0.13188352949406523,0.05617529588623382,-0.0062244983601673935,0.9999796062176614,0.0014292546782078534,-0.9989828211678298,0.0,-0.04509238307701061
5400,08062025071217653,0,1,Sea,0,0.0,0,-0.26844821999999996,3.719519894,0.03296782464,3.729340366089482,4.2053840000000005,10.37839286,0.08,3.4916101823326597,6.644210558815676,3.719519894,0.01475286,True,2.4497965428396298,2.3480280849037984,1.914018004468819,1.975816083492986,0.10176845793583134,0.06179807902416701,-0.006930268302356605,0.9999745218126891,0.0017108789382231883,-0.9990870818027585,0.0,-0.04272005354453665
