GlobalID,EntryID,Spatial,Temporal,App,missing_joints_count,missing_joints_ratio,collapsed_joints_count,center_of_mass_x,center_of_mass_y,center_of_mass_z,distance_from_origin,bbox_width,bbox_height,bbox_depth,bbox_volume,max_joint_distance_from_com,distance_from_floor,min_foot_height_above_floor,below_floor,left_forearm_length,right_forearm_length,left_shin_length,right_shin_length,arm_length_symmetry,leg_length_symmetry,body_upright_x,body_upright_y,body_upright_z,body_forward_x,body_forward_y,body_forward_z
176,06262025083949682,0,0,Archery,0,0.0,0,66.851634,3.8692909799999997,45.952918,81.21442639009764,4.624539999999996,5.7171857,0.9424500000000009,24.91776913684816,3.289257038532753,6.86929098,3.5924103,False,0.9325643015449327,0.9325609187693925,1.6158553803457323,1.6158553029974214,3.3827755402393578e-06,7.734831086736449e-08,0.004653968073400565,0.9997305167672603,-0.02274278842706524,0.1996762363281985,0.0,-0.9798619293787291
177,06262025083950492,0,0,Archery,0,0.0,0,66.851634,3.8692909799999997,45.952918,81.21442639009764,4.624539999999996,5.7171857,0.9424500000000009,24.91776913684816,3.289257038532753,6.86929098,3.5924103,False,0.9325643015449327,0.9325609187693925,1.6158553803457323,1.6158553029974214,3.3827755402393578e-06,7.734831086736449e-08,0.004653968073400565,0.9997305167672603,-0.02274278842706524,0.1996762363281985,0.0,-0.9798619293787291
178,06262025083950683,0,0,Archery,0,0.0,0,66.851634,3.8692909799999997,45.952918,81.21442639009764,4.624539999999996,5.7171857,0.9424500000000009,24.91776913684816,3.289257038532753,6.86929098,3.5924103,False,0.9325643015449327,0.9325609187693925,1.6158553803457323,1.6158553029974214,3.3827755402393578e-06,7.734831086736449e-08,0.004653968073400565,0.9997305167672603,-0.02274278842706524,0.1996762363281985,0.0,-0.9798619293787291
179,06262025083950959,0,0,Archery,0,0.0,0,66.851634,3.8692909799999997,45.952918,81.21442639009764,4.624539999999996,5.7171857,0.9424500000000009,24.91776913684816,3.289257038532753,6.86929098,3.5924103,False,0.9325643015449327,0.9325609187693925,1.6158553803457323,1.6158553029974214,3.3827755402393578e-06,7.734831086736449e-08,0.004653968073400565,0.9997305167672603,-0.02274278842706524,0.1996762363281985,0.0,-0.9798619293787291
180,06262025083951177,0,0,Archery,0,0.0,0,66.851634,3.8692909799999997,45.952918,81.21442639009764,4.624539999999996,5.7171857,0.9424500000000009,24.91776913684816,3.289257038532753,6.86929098,3.5924103,False,0.9325643015449327,0.9325609187693925,1.6158553803457323,1.6158553029974214,3.3827755402393578e-06,7.734831086736449e-08,0.004653968073400565,0.9997305167672603,-0.02274278842706524,0.1996762363281985,0.0,-0.9798619293787291
181,06262025083951382,0,0,Archery,0,0.0,0,66.851634,3.8692909799999997,45.952918,81.21442639009764,4.624539999999996,5.7171857,0.9424500000000009,24.91776913684816,3.289257038532753,6.86929098,3.5924103,False,0.9325643015449327,0.9325609187693925,1.6158553803457323,1.6158553029974214,3.3827755402393578e-06,7.734831086736449e-08,0.004653968073400565,0.9997305167672603,-0.02274278842706524,0.1996762363281985,0.0,-0.9798619293787291
182,06262025083951578,0,0,Archery,0,0.0,0,66.851634,3.8692909799999997,45.952918,81.21442639009764,4.624539999999996,5.7171857,0.9424500000000009,24.91776913684816,3.289257038532753,6.86929098,3.5924103,False,0.9325643015449327,0.9325609187693925,1.6158553803457323,1.6158553029974214,3.3827755402393578e-06,7.734831086736449e-08,0.004653968073400565,0.9997305167672603,-0.02274278842706524,0.1996762363281985,0.0,-0.9798619293787291
183,06262025083951779,0,0,Archery,0,0.0,0,66.851634,3.8692909799999997,45.952918,81.21442639009764,4.624539999999996,5.7171857,0.9424500000000009,24.91776913684816,3.289257038532753,6.86929098,3.5924103,False,0.9325643015449327,0.9325609187693925,1.6158553803457323,1.6158553029974214,3.3827755402393578e-06,7.734831086736449e-08,0.004653968073400565,0.9997305167672603,-0.02274278842706524,0.1996762363281985,0.0,-0.9798619293787291
184,06262025083951983,0,0,Archery,0,0.0,0,66.851634,3.8692909799999997,45.952918,81.21442639009764,4.624539999999996,5.7171857,0.9424500000000009,24.91776913684816,3.289257038532753,6.86929098,3.5924103,False,0.9325643015449327,0.9325609187693925,1.6158553803457323,1.6158553029974214,3.3827755402393578e-06,7.734831086736449e-08,0.004653968073400565,0.9997305167672603,-0.02274278842706524,0.1996762363281985,0.0,-0.9798619293787291
185,06262025083952187,0,0,Archery,0,0.0,0,66.851634,3.8692909799999997,45.952918,81.21442639009764,4.624539999999996,5.7171857,0.9424500000000009,24.91776913684816,3.289257038532753,6.86929098,3.5924103,False,0.9325643015449327,0.9325609187693925,1.6158553803457323,1.6158553029974214,3.3827755402393578e-06,7.734831086736449e-08,0.004653968073400565,0.9997305167672603,-0.02274278842706524,0.1996762363281985,0.0,-0.9798619293787291
186,06262025083952379,0,0,Archery,0,0.0,0,66.851634,3.8692909799999997,45.952918,81.21442639009764,4.624539999999996,5.7171857,0.9424500000000009,24.91776913684816,3.289257038532753,6.86929098,3.5924103,False,0.9325643015449327,0.9325609187693925,1.6158553803457323,1.6158553029974214,3.3827755402393578e-06,7.734831086736449e-08,0.004653968073400565,0.9997305167672603,-0.02274278842706524,0.1996762363281985,0.0,-0.9798619293787291
187,06262025083952584,0,0,Archery,0,0.0,0,66.851634,3.8692909799999997,45.952918,81.21442639009764,4.624539999999996,5.7171857,0.9424500000000009,24.91776913684816,3.289257038532753,6.86929098,3.5924103,False,0.9325643015449327,0.9325609187693925,1.6158553803457323,1.6158553029974214,3.3827755402393578e-06,7.734831086736449e-08,0.004653968073400565,0.9997305167672603,-0.02274278842706524,0.1996762363281985,0.0,-0.9798619293787291
188,06262025083952788,0,0,Archery,0,0.0,0,66.851634,3.8692909799999997,45.952918,81.21442639009764,4.624539999999996,5.7171857,0.9424500000000009,24.91776913684816,3.289257038532753,6.86929098,3.5924103,False,0.9325643015449327,0.9325609187693925,1.6158553803457323,1.6158553029974214,3.3827755402393578e-06,7.734831086736449e-08,0.004653968073400565,0.9997305167672603,-0.02274278842706524,0.1996762363281985,0.0,-0.9798619293787291
189,06262025083952989,1,1,Archery,0,0.0,0,56.06080899999999,3.53045264,37.436819,67.50402816437345,1.9736699999999985,5.5497229,1.6106399999999965,17.641857895450645,2.916946403216894,6.53045264,3.7410061,False,0.9169043455350193,0.7329159523581116,1.5906283922578794,1.5667939685485162,0.18398839317690774,0.023834423709363284,0.02146191029019996,0.9911061601920355,0.1313315104462544,0.03913248635466097,0.0,0.9992340309015212
190,06262025083953182,1,1,Archery,0,0.0,0,56.033208,3.65710538,37.416824000000005,67.47676293939023,1.8163699999999992,5.5644774,1.5501800000000046,15.667901500275647,3.0246484494394483,6.65710538,3.7604156,False,0.9320526129999328,0.7204346918187644,1.5707207495653184,1.548905955949088,0.2116179211811684,0.021814793616230288,0.049551977568214174,0.9955024025759598,0.0807438417749039,-0.4619460719682352,0.0,0.8869080147304557
191,06262025083953379,1,1,Archery,0,0.0,0,56.047843000000015,3.589796679999999,37.373335,67.46120006476771,1.6522199999999998,5.5537624999999995,1.3293600000000012,12.198257181421749,2.9252412358785342,6.589796679999999,3.7842155,False,0.8177655596740446,0.7932130971693497,1.569416599245112,1.5442009300509603,0.024552462504694894,0.025215669194151635,0.05112189352206377,0.9957117509059363,0.07710162845591244,0.02375170715982482,0.0,0.9997178884100224
192,06262025083953579,1,1,Archery,0,0.0,0,56.03083899999999,3.605810599999999,37.375093,67.44890188791543,1.5379900000000006,5.556714100000001,1.5738699999999994,13.450561708975842,2.949565305112754,6.605810599999999,3.7811289,False,0.801087662968914,0.7572749496715225,1.5616468815943008,1.5478439252592653,0.04381271329739145,0.013802956335035477,0.025421569250236146,0.9971269916131342,0.07135479250475321,-0.061329991218235264,0.0,0.9981175442687956
193,06262025083953777,1,1,Archery,0,0.0,0,56.00880500000001,3.5860298100000003,37.39248499999999,67.43918580322169,1.5450799999999987,5.5527758,1.792580000000001,15.379409336893861,2.933654696236466,6.58602981,3.7879932,False,0.755446993015401,0.7179865406294157,1.5616416732692597,1.5549321038149664,0.03746045238598528,0.0067095694542933515,-0.00991282791121476,0.9975972625007639,0.06856703066186151,-0.14316556972193487,0.0,0.9896987519675842
194,06262025083953981,1,1,Archery,0,0.0,0,55.993791,3.59451527,37.406898999999996,67.43516340437046,1.539900000000003,5.5471471,1.7880400000000023,15.27353033496334,2.9442486993422534,6.5945152700000005,3.7895319,False,0.7560721535283519,0.7122656074730793,1.5634058580640033,1.5602771406612388,0.043806546055272566,0.003128717402764547,-0.03139994559823538,0.9972974917282234,0.06642105395898497,-0.165605588917571,0.0,0.986192064924102
195,06262025083954183,1,1,Archery,0,0.0,0,55.994344999999996,3.594495530000001,37.380802,67.42114971029059,1.7316700000000012,5.5375233,1.544630000000005,14.811708802847576,2.927846627231195,6.594495530000001,3.7978017,False,0.8032429367283581,0.7643428737968325,1.562370742011051,1.5614811665533768,0.03890006293152559,0.0008895754576743187,-0.05159117783290092,0.9968440731630535,0.06033443601714432,-0.27475763742381537,0.0,0.9615135155978219
196,06262025083954378,1,1,Archery,0,0.0,0,56.014005,3.6132330599999998,37.354057999999995,67.42365948502992,1.765819999999998,5.5274094,1.4253500000000017,13.912000488582247,2.9360213006292994,6.61323306,3.8043296,False,0.7835665262126729,0.7815255344446543,1.5542620070683064,1.5578836858788772,0.0020409917680185297,0.0036216788105707387,-0.056961747001167046,0.9969967502200454,0.052467508319372455,-0.2669542810258784,0.0,0.9637091946442954
197,06262025083954578,1,1,Archery,0,0.0,0,56.02951399999999,3.63576996,37.35868000000001,67.4403160848215,1.6142600000000016,5.5259076,1.632950000000001,14.566324854099912,2.973314386761766,6.63576996,3.8058014,False,0.7630864297581244,0.8057042346196303,1.547554933752674,1.5491922803074374,0.042617804861505904,0.0016373465547634414,-0.04201841285260801,0.9981685947214154,0.04351907045448812,-0.38616041619050384,0.0,0.9224316413521257
198,06262025083954776,1,1,Archery,0,0.0,0,56.028566999999995,3.6314354,37.395936999999996,67.4599417969348,1.4174900000000008,5.5361593000000004,1.7351099999999988,13.616189743631471,2.991520154652964,6.6314354,3.7999487,False,0.7041240201811042,0.7862415762531292,1.5563035322124303,1.5432021353852816,0.08211755607202498,0.013101396827148726,0.006745197797659491,0.998711900533433,0.050289581819385754,-0.462755997695238,0.0,0.8864856945247819
199,06262025083954981,1,0,Archery,0,0.0,0,56.03516599999999,3.641620879999999,37.377976,67.4560176792092,1.402009999999997,5.5424147999999995,1.6454099999999983,12.785692915414655,3.014559596684694,6.64162088,3.7906332000000003,False,0.7779795518803797,0.8033798448704049,1.5643293678765224,1.5450118337620071,0.02540029299002522,0.01931753411451531,0.04217386959876293,0.9969266896578933,0.06601924091370043,-0.6038358758026995,0.0,0.7971086720727524
200,06262025083955190,1,0,Archery,0,0.0,0,55.998504000000004,3.65583423,37.319226,67.39378460506823,1.380590000000005,5.5236274,1.5430099999999953,11.766785571239666,3.015491435976572,6.65583423,3.7917426,False,0.7879674612165161,0.860901852666145,1.5700485044776464,1.547279402545822,0.07293439144962899,0.022769101931824354,0.1154444048415863,0.9879081807509597,0.10348920618161793,-0.7639379432131271,0.0,0.6452897170413433
201,06262025083955407,1,0,Archery,0,0.0,0,55.904742999999996,3.6845232599999997,37.300257,67.30694744092604,1.8978900000000039,5.527066400000001,1.4675899999999942,15.394672821986843,3.081069685722224,6.68452326,3.7704976,False,0.7849313138287966,0.8774758565504789,1.5731695787473146,1.5569300973408413,0.09254454272168233,0.016239481406473244,0.15468460690130637,0.9801260598109232,0.12419975550419912,-0.9144546763450989,0.0,0.40468833058364834
202,06262025083955591,1,0,Archery,0,0.0,0,55.849857,3.72066232,37.298842,67.2625710894319,2.1153699999999986,5.5425184,1.2673300000000012,14.858781623731517,3.157007508738558,6.720662320000001,3.7429886,False,0.7965084729549332,0.9159376890646039,1.5758556572306868,1.5665524763746523,0.11942921610967072,0.009303180856034432,0.16903150562772765,0.9784871454447568,0.11828464103422234,-0.9647192670263577,0.0,0.26328071677987946
203,06262025083955794,1,0,Archery,0,0.0,0,55.789615000000005,3.7510256400000004,37.320550000000004,67.22629535756573,2.469930000000005,5.549214200000001,1.1490999999999971,15.74976066979079,3.2213338368170015,6.75102564,3.7295918,False,0.8534208623117903,0.9271330003834405,1.5783099051935774,1.5699305185726036,0.07371213807165022,0.008379386620973817,0.1722545479938673,0.9793313555773722,0.10601163463702928,-0.981326358456167,0.0,0.19235014478590468
204,06262025083955987,1,1,Archery,0,0.0,0,55.78621400000001,3.7525564999999994,37.342459000000005,67.23572411230633,2.5206000000000017,5.5521695,1.142870000000002,15.99423529506572,3.2239651663225186,6.752556499999999,3.7294085,False,0.8544114119608907,0.9308943565351504,1.5782555024362344,1.5687832514105475,0.07648294457425975,0.009472251025686829,0.16655890013568664,0.9816208259465015,0.09315947001619637,-0.9753727166283092,0.0,0.22056306049996774
205,06262025083956184,1,1,Archery,0,0.0,0,55.780674,3.7589241400000004,37.335539,67.22763996307673,2.529600000000002,5.547594500000001,1.1706600000000051,16.42810011395524,3.2235235945526908,6.75892414,3.7336074999999997,False,0.8621893728085531,0.9311086678342133,1.5762146843215257,1.5659117179458923,0.06891929502566019,0.010302966375633327,0.1639219684407043,0.9820979246360974,0.09280762192834835,-0.978005001939433,0.0,0.20858143776820048
206,06262025083956385,1,1,Archery,0,0.0,0,55.77532,3.792518929999999,37.294847999999995,67.20249406294317,2.591479999999997,5.5453798,1.1855999999999938,17.037950344769595,3.246064757252811,6.792518929999999,3.7365741999999997,False,0.9003096917972149,0.9325573261333551,1.5748476655615964,1.5642855209381163,0.032247634336140196,0.010562144623480041,0.1630633695426541,0.9823012162157861,0.09216646968601357,-0.9953293588923784,0.0,0.09653738823319681
207,06262025083956589,1,1,Archery,0,0.0,0,55.752692,3.8133741299999997,37.208229,67.13685122805998,2.542839999999998,5.5440252999999995,1.1259299999999968,15.872876195026723,3.2596713026071233,6.81337413,3.7378397,False,0.9272801912178439,0.9291508326859568,1.5744946552755783,1.5641955604904687,0.001870641468112888,0.010299094785109597,0.16097670538442257,0.9818774544666452,0.1000158224166434,-0.9928555213703188,0.0,-0.11932272911927772
208,06262025083956794,1,0,Archery,0,0.0,0,55.76987799999999,3.815461150000001,37.155892,67.12225671293916,2.409309999999998,5.5427477000000005,1.312260000000002,17.52417916028604,3.2586159217698776,6.815461150000001,3.7357782999999998,False,0.9325599105478413,0.9243442523757048,1.5753193100719736,1.5673398225120445,0.00821565817213643,0.007979487559929055,0.1662638156258811,0.9790644396533453,0.11742728226355169,-0.9681219221854588,0.0,-0.25047942786570815
209,06262025083956987,1,0,Archery,0,0.0,0,55.794977,3.82558929,37.16657,67.1495980435564,2.275649999999999,5.5435212,1.4824000000000055,18.70064502143953,3.282232163420136,6.82558929,3.7166088,False,0.9303201721644007,0.9218243125352038,1.5789202632978037,1.571776998577291,0.008495859629196856,0.007143264720512743,0.17024836378720878,0.9767069833053948,0.13060996665742391,-0.9537581282363948,0.0,-0.3005751700041247
210,06262025083957193,1,0,Archery,0,0.0,0,55.828836,3.80543014,37.145838000000005,67.1651212191831,2.173789999999997,5.5514339,1.4858400000000032,17.930599301017182,3.2631424890694793,6.80543014,3.7038481,False,0.9265661693419404,0.917509809732844,1.5854916515571094,1.5780837285617053,0.009056359609096343,0.007407922995404048,0.17330763970309443,0.9748662157454462,0.14000115506200556,-0.9225184616037699,0.0,-0.38595296086468067
211,06262025083957389,1,0,Archery,0,0.0,0,55.837230999999996,3.80239252,37.146429,67.17225425780761,2.155229999999996,5.5542439,1.469450000000002,17.59030555828325,3.2638141442025552,6.80239252,3.6971951,False,0.9276363505037925,0.9152126661055381,1.5884462100025964,1.5807458929797686,0.012423684398254364,0.007700317022827807,0.1771788414342394,0.9733244952867283,0.14576379873911283,-0.917522959344137,0.0,-0.39768281214603346
212,06262025083957594,1,0,Archery,0,0.0,0,55.820343,3.7915803400000008,37.171082999999996,67.17124522818683,2.2737300000000005,5.5559089,1.2476100000000017,15.760603927180036,3.262682289833862,6.791580340000001,3.6948791,False,0.930434656007609,0.9138817688826064,1.5891331030257005,1.5813658367268486,0.01655288712500258,0.007767266298851938,0.18036998259774806,0.9726602960676977,0.14628266415124733,-0.9499017596004233,0.0,-0.31254863158878116
213,06262025083957792,1,0,Archery,0,0.0,0,55.79918299999999,3.7804806100000006,37.193709,67.16556294922835,2.383560000000003,5.5601135,1.0583500000000043,14.026168756282475,3.260550040750817,6.780480610000001,3.6952344999999998,False,0.919976600761673,0.9142396784044154,1.5885412905913898,1.5809394827956724,0.0057369223572575345,0.007601807795717397,0.17967640566564677,0.9739148007463713,0.1385869767843639,-0.9713444009489928,0.0,-0.23767636555838315
214,06262025083957996,1,0,Archery,0,0.0,0,55.786773,3.7676808299999998,37.20741,67.16212339926707,2.4653199999999984,5.564818600000001,1.0020000000000024,13.746496708133929,3.2503970640799955,6.76768083,3.7005993999999998,False,0.9153409989293602,0.9186637834817457,1.5865066782416049,1.5781685770637308,0.0033227845523855493,0.008338101177874035,0.1728913410613195,0.9779714991918839,0.11696294692934846,-0.9818185699941386,0.0,-0.18982174694872223
215,06262025083958186,1,0,Archery,0,0.0,0,55.785124999999994,3.7554099,37.20653800000001,67.15958416136961,2.4924999999999997,5.5639269,1.0379999999999967,14.395075134583452,3.236615147548725,6.7554099,3.7048821,False,0.9224094897191865,0.92086898801567,1.5849516264673857,1.5761807889681971,0.0015405017035164947,0.00877083749918861,0.173244293868141,0.978754785127049,0.10966077344717667,-0.9809928235926637,0.0,-0.1940440157791347
216,06262025083958384,1,0,Archery,0,0.0,0,55.787333000000004,3.74524233,37.20152,67.15807065181156,2.48677,5.563475199999999,1.1189299999999989,15.480489670827742,3.224409101715629,6.74524233,3.7077198,False,0.9290387420237156,0.9236214988965941,1.5837185371783231,1.5750533240799307,0.0054172431271215515,0.00866521309839241,0.16775323273008455,0.9802284387939187,0.10493360133075917,-0.9777902624453424,0.0,-0.20958578832322688
217,06262025083958592,1,0,Archery,0,0.0,0,55.795541,3.7401265200000005,37.193235,67.1600154231185,2.458210000000001,5.5602848,1.1861899999999963,16.213257356137305,3.21474731556191,6.7401265200000005,3.7108662,False,0.9312612352208195,0.9244009847463394,1.5826325542791027,1.5740020511552197,0.006860250474480134,0.008630503123882916,0.17236442906732452,0.9793097630213511,0.1060325027685392,-0.9727182619292621,0.0,-0.23198961810674917
218,06262025083958786,1,0,Archery,0,0.0,0,55.800035,3.75291776,37.183537,67.15909262002367,2.439320000000002,5.558725,1.2563600000000008,17.035624811416145,3.2234727125735643,6.75291776,3.712702,False,0.9323926244479853,0.9246838129485122,1.582112178673674,1.5734238064173933,0.007708811499473112,0.008688372256280719,0.1733055697440519,0.9791386424505072,0.10607873658687497,-0.9664215398637437,0.0,-0.2569618790548327
219,06262025083958990,1,0,Archery,0,0.0,0,55.805372,3.7832405000000002,37.171363,67.15848926246773,2.401939999999996,5.5580522000000006,1.3303500000000028,17.760316046451894,3.2489199962224196,6.7832405,3.7132937999999998,False,0.932491023495668,0.9240981989074505,1.5818105308507822,1.573248022887185,0.008392824588217551,0.008562507963597144,0.17516389911428432,0.9787192686464239,0.10689341245974937,-0.9575295110369019,0.0,-0.28833528312267215
220,06262025083959187,1,0,Archery,0,0.0,0,55.809527,3.7985075999999998,37.168383999999996,67.1611549418445,2.3824499999999986,5.5573941,1.3394499999999994,17.73460407108483,3.261906586278688,6.7985076,3.7134399,False,0.932561623926805,0.923402222332717,1.5816336524388985,1.5732426706069254,0.009159401594088012,0.008390981831973177,0.17663324032408692,0.9783082827785519,0.10822939646645993,-0.955433593644739,0.0,-0.29520611127668067
221,06262025083959390,1,0,Archery,0,0.0,0,55.812122,3.80012002,37.168684999999996,67.16356913490016,2.372240000000005,5.556328499999999,1.3398700000000048,17.66075240311199,3.263059409421237,6.80012002,3.7127895,False,0.9325664760010418,0.9224309784390419,1.5815602275715235,1.573422792650549,0.01013549756199994,0.008137434920974407,0.1787982853579181,0.9776513713897459,0.11058466970072114,-0.9545968030697646,0.0,-0.2979008955491495
222,06262025083959587,1,0,Archery,0,0.0,0,55.813467,3.7867574,37.169665,67.16447443685367,2.3633999999999986,5.5545165999999995,1.34234,17.6216281276755,3.2499360243207858,6.7867574,3.7112854,False,0.9325580960589007,0.9214251365580342,1.5813603573663257,1.5735376489046453,0.011132959500866568,0.007822708461680428,0.18691284101994837,0.9756616535846785,0.11466441290244463,-0.9539342117048314,0.0,-0.3000158658122633
223,06262025083959789,1,0,Archery,0,0.0,0,55.810059,3.77710835,37.16999400000001,67.16128115984058,2.3472599999999986,5.5551396,1.3538099999999957,17.652811869703793,3.239764705336284,6.77710835,3.7100754,False,0.9325132289335111,0.9227297982074735,1.5809308217442066,1.573236405704737,0.0097834307260376,0.0076944160394696315,0.1867159139213816,0.9755101885392745,0.11626280378767886,-0.9544040302846667,0.0,-0.29851791734565125
224,06262025083959993,1,0,Archery,0,0.0,0,55.808336999999995,3.77251271,37.168958999999994,67.15901908155271,2.3262200000000064,5.5553729,1.3756199999999978,17.777164149846683,3.2336384816738066,6.77251271,3.7090971,False,0.9322193907235624,0.9237507622492103,1.5806030905097588,1.5729008724790021,0.008468628474352147,0.007702218030756658,0.18684980382255423,0.9753451293708816,0.11742669808851514,-0.9532855481937234,0.0,-0.302070626849074
225,06262025084000189,1,0,Archery,0,0.0,0,55.812747,3.7708022400000005,37.161995000000005,67.15873397853197,2.2837099999999992,5.5547837,1.4270999999999958,18.103498575701323,3.2285409266815623,6.77080224,3.7082593,False,0.9305173054898014,0.9226468461312765,1.5805018835099203,1.5727178584705177,0.007870459358524928,0.0077840250394025645,0.1878013081516017,0.9749512323401994,0.11916695521357347,-0.9447487447981806,0.0,-0.3277953770300342
226,06262025084000422,1,0,Archery,0,0.0,0,55.823013,3.762281610000001,37.153435,67.16205234811052,2.2151899999999998,5.5539682,1.4906599999999983,18.33973131984659,3.215970096982162,6.7622816100000005,3.7070408,False,0.9270369616153409,0.9222136972898397,1.5806904889035327,1.5728334095932848,0.004823264325501175,0.007857079310247927,0.1896978456075848,0.9742725214754663,0.1216872272248741,-0.9328474312965417,0.0,-0.36027166128276594
227,06262025084000600,1,0,Archery,0,0.0,0,55.82714399999999,3.7583746600000003,37.151517,67.1642062610953,2.190089999999998,5.5541246,1.500399999999999,18.250914730919057,3.210898498268254,6.75837466,3.7059374,False,0.926681314535367,0.9219530788082413,1.581012692855766,1.5730968712128173,0.0047282357271256625,0.007915821642948684,0.1906441835101965,0.9739300565260771,0.12294324011039742,-0.92971578361277,0.0,-0.3682778322154256
228,06262025084000803,1,0,Archery,0,0.0,0,55.82334899999999,3.75896836,37.161488,67.16660127683569,2.2216400000000007,5.554875600000001,1.3979299999999952,17.251761626153623,3.2137950564352873,6.75896836,3.7040544,False,0.9324341642116106,0.9213771063988958,1.5815677575031812,1.5735987761041128,0.011057057812714821,0.007968981399068431,0.1911739521535519,0.973604515514224,0.1246866768676782,-0.9439228693362972,0.0,-0.3301660442019007
229,06262025084000993,1,0,Archery,0,0.0,0,55.809555,3.75848065,37.17864300000001,67.16460452809872,2.295490000000001,5.5558347,1.2544399999999953,15.998328676078732,3.2188563220484414,6.75848065,3.7028973,False,0.9294431911009974,0.9217157922532296,1.5813323233962064,1.57345350212254,0.007727398847767741,0.007878821273666459,0.19234212155359645,0.9733934668367289,0.12453781351796574,-0.9627356000738895,0.0,-0.2704443831000524
230,06262025084001201,1,0,Archery,0,0.0,0,55.792606,3.75832147,37.188966,67.15622872595107,2.357599999999998,5.5587189,1.2080100000000016,15.831255752153911,3.2228926387744625,6.75832147,3.7024691,False,0.929140672947319,0.9254168920524422,1.5792384061245341,1.5721505274603997,0.0037237808948767936,0.007087878664134406,0.18691835867103587,0.9750560605997343,0.11969630687474554,-0.9719929508259283,0.0,-0.23501000732884716
231,06262025084001394,1,0,Archery,0,0.0,0,55.779816000000004,3.7576006099999995,37.197700999999995,67.15040130202894,2.386259999999993,5.5619405,1.1986199999999982,15.90836767916614,3.2233987849589245,6.757600609999999,3.7019565,False,0.9298006591737783,0.9297872825738128,1.577192382169582,1.5708737866876017,1.3376599965475577e-05,0.006318595481980216,0.18428195070784284,0.9761115778392845,0.11509278974555548,-0.9793114270562512,0.0,-0.20235891094055808
232,06262025084001593,1,0,Archery,0,0.0,0,55.773253,3.7561057599999996,37.204221000000004,67.14847832154616,2.3947100000000034,5.5644197,1.1933600000000055,15.901726660985911,3.2223824875728058,6.75610576,3.7009263,False,0.9299793515686283,0.9310806241588366,1.5768979409674195,1.5704095370026554,0.0011012725902083131,0.006488403964764133,0.1792511783977439,0.9771585815316997,0.11414955795786902,-0.9826904541879371,0.0,-0.18525515174457624
233,06262025084001795,1,0,Archery,0,0.0,0,55.774457000000005,3.7547203799999997,37.202619000000006,67.14851330622294,2.3764699999999976,5.5648261,1.2626300000000015,16.697830084353733,3.2200546362246745,6.75472038,3.6990149,False,0.9323515379345874,0.9315237020607691,1.5776968130083848,1.570713576569199,0.0008278358738182945,0.006983236439185747,0.1762371931993946,0.977295305251065,0.11761946296181948,-0.9791171930779239,0.0,-0.20329663602531034
234,06262025084002003,1,0,Archery,0,0.0,0,55.771091,3.78601027,37.206701,67.14973614541033,2.3046000000000006,5.5643221,1.4438499999999976,18.51526348113027,3.2521941276232615,6.78601027,3.6964679,False,0.9313930543030643,0.9324793314175925,1.5790862502915555,1.571457687094888,0.0010862771145282446,0.007628563196667493,0.1739288993104316,0.9770944936176178,0.12261765177490953,-0.9780296982967553,0.0,-0.20846560687451002
235,06262025084002200,1,0,Archery,0,0.0,0,55.758235,3.8339237099999997,37.188849000000005,67.1318868442868,2.226699999999994,5.5619121,1.4676299999999998,18.17617145748767,3.301302747580117,6.83392371,3.6942239,False,0.9301342085790612,0.9299167379013037,1.5802838475346896,1.5718633878443788,0.00021747067775745865,0.0084204596903108,0.18077127834007045,0.9749636571135089,0.12948981517922145,-0.9664047982084196,0.0,-0.25702483537538523
236,06262025084002398,1,0,Archery,0,0.0,0,55.770285,3.84414139,37.181753,67.13854979190826,2.16451,5.5557003,1.4631000000000043,17.594317173730126,3.3092617649965277,6.84414139,3.6926737,False,0.928344466471904,0.9295150652361688,1.5804803895352957,1.571914407818598,0.0011705987642647298,0.008565981716697646,0.18749170065265924,0.9718242339187948,0.14284439280042205,-0.9587890217521285,0.0,-0.28411900986663363
237,06262025084002597,1,0,Archery,0,0.0,0,55.778881999999996,3.8531946999999995,37.18068799999999,67.14562045822031,2.147599999999997,5.5528385,1.4166799999999995,16.894299950696137,3.318236076811057,6.8531946999999995,3.6909785,False,0.9312975320492387,0.9278900258112477,1.5806925571028188,1.5724021584379264,0.0034075062379910204,0.00829039866489234,0.1892637795091078,0.970379726526301,0.15014129382907626,-0.9580732444338932,0.0,-0.2865233992188312
238,06262025084002801,1,0,Archery,0,0.0,0,55.78357100000001,3.86086642,37.18857800000001,67.1543253758625,2.1836100000000016,5.5568868,1.3416500000000013,16.27967982578217,3.3299542993832927,6.86086642,3.6891952,False,0.9320352959952718,0.9234569585443622,1.5828417314046273,1.5746796413663453,0.008578337450909634,0.008162090038281944,0.1790661981431871,0.9714763976365848,0.155463518285124,-0.9641399970826604,0.0,-0.26539417104647894
239,06262025084003002,1,0,Archery,0,0.0,0,55.789856,3.82026199,37.20732400000001,67.16760672685868,2.228290000000001,5.5592559,1.2858299999999971,15.92839184978652,3.2931388297734903,6.8202619900000006,3.6885571,False,0.9281423007497301,0.9300237354734543,1.5846191496340816,1.576258525879689,0.0018814347237241513,0.008360623754392504,0.1757127814250684,0.972112007540188,0.155316654741375,-0.9782581628412276,0.0,-0.2073908552335564
240,06262025084003195,1,0,Archery,0,0.0,0,55.960616,3.62160351,37.257925,67.3265143193135,1.8331800000000058,5.5489609,1.127670000000002,11.470934552355715,3.0173262131478733,6.62160351,3.7336371,False,0.8081128486022255,0.9103337666268345,1.5821854038718093,1.5760474291785804,0.10222091802460898,0.006137974693228854,0.18713381391107367,0.970862414308824,0.14969004032846306,-0.978980887358603,0.0,0.20395200951832318
241,06262025084003399,1,1,Archery,0,0.0,0,55.983136,3.54912913,37.334022999999995,67.38350768059229,1.5420100000000048,5.5316274,1.374689999999994,11.725864809048941,2.8975235918996116,6.54912913,3.7770026,False,0.7850081824694578,0.7317073021509368,1.551422269844057,1.5503055110320532,0.05330088031852098,0.001116758812003793,0.11892654001960529,0.9883821423759652,0.09464258402676017,-0.3697417095281817,0.0,0.9291345802601353
242,06262025084003595,0,1,Archery,0,0.0,0,56.033934,3.6064295800000004,37.409613,67.47063982682856,2.1791199999999975,5.5213582,1.4134799999999998,17.00657025714655,2.9454719794061957,6.60642958,3.7594798000000003,False,0.9145490822591218,0.8044174479342174,1.585307403202608,1.5806192670554926,0.11013163432490436,0.004688136147115385,0.07915325812195677,0.9946136151316695,0.06692173281819633,0.48435737094924686,0.0,0.8748702402111604
243,06262025084003797,0,1,Archery,0,0.0,0,56.051031,3.57690645,37.31431100000001,67.43048376898786,2.5685300000000026,5.5359935,1.3952600000000004,19.839711746454235,2.9120120388742072,6.57690645,3.7446795,False,0.9300865437629956,0.9034748268789821,1.6005148985526523,1.5928327259954975,0.026611716884013537,0.007682172557154754,0.06632709424556439,0.9933329904423964,0.09428831670841391,0.9976245310483016,0.0,0.06888610201380549
244,06262025084004003,0,1,Archery,0,0.0,0,56.03045000000001,3.5440250399999997,37.352892,67.43300365140435,2.1749599999999987,5.5390146,1.588409999999996,19.135790014162257,2.906173004016836,6.544025039999999,3.7403464,False,0.9325378707612915,0.9165271716588659,1.6039383432588696,1.5912602153058941,0.016010699102425585,0.012678127952975515,0.09401900716554432,0.9922652238522804,0.08105647306038641,0.7548967225748807,0.0,0.6558436843072468
245,06262025084004198,0,1,Archery,0,0.0,0,56.001959000000014,3.5462146199999993,37.353138,67.40958365407569,2.0159299999999973,5.5342237999999995,1.5137800000000041,16.888649732980166,2.894591059929713,6.546214619999999,3.7451382,False,0.9324463131011904,0.921856726852931,1.6030885832170978,1.586730008086517,0.010589586248259453,0.01635857513058081,0.12999095402426916,0.9908293063149293,0.03687326428913816,0.8446715077372117,0.0,0.5352850119487238
246,06262025084004400,0,1,Archery,0,0.0,0,55.983311,3.5450062700000005,37.358062000000004,67.39675790698618,1.9493700000000018,5.5530643,1.4856900000000053,16.082560011517806,2.901381522244187,6.54500627,3.7271867,False,0.9311951532283663,0.9239094403895866,1.608519421412435,1.588277191835005,0.007285712838779768,0.02024222957743005,0.15555388701514575,0.9877316725928569,0.013752497642123471,0.8547126547705155,0.0,0.5191014137672306
247,06262025084004598,0,1,Archery,0,0.0,0,55.97065299999999,3.5429890500000005,37.385076,67.40111776655193,2.0282999999999944,5.5727145,1.4665299999999988,16.576389241147826,2.918006902298246,6.542989050000001,3.7071395000000003,False,0.9305261030728795,0.9266239835148871,1.6126601806980256,1.5920809167477166,0.0039021195579924672,0.020579263950309068,0.16941444112044673,0.9854097738173191,0.016319460933093773,0.7352294129409764,0.0,0.6778183461270926
248,06262025084004799,0,1,Archery,0,0.0,0,55.985349,3.5330152200000002,37.39714599999999,67.41949293892581,2.0612100000000027,5.5789898,1.4613000000000014,16.804174876296074,2.913460457806248,6.53301522,3.7024252,False,0.9300059288520702,0.9239859754974635,1.61274467439952,1.593105048067779,0.0060199533546067,0.019639626331740878,0.17409873503833678,0.9845273088632832,0.019889911022233822,0.7285158334259684,0.0,0.6850289632181013
249,06262025084004994,1,1,Archery,0,0.0,0,55.997735,3.5190400900000007,37.394601,67.42763641293125,2.10313,5.5800031,1.4673200000000008,17.219692657218616,2.8983790276974832,6.519040090000001,3.7021279,False,0.9286623963551035,0.93087796988918,1.612589749864793,1.5934594272689888,0.0022155735340765315,0.01913032259580416,0.17969472340806716,0.9834748460070462,0.022068838907268424,0.7708941666792328,0.0,0.6369632515145056
250,06262025084005206,0,1,Archery,0,0.0,0,55.96319,3.5435766699999993,37.39427500000001,67.40005469855268,2.0368700000000004,5.5863343,1.467889999999997,16.702587092558936,2.928056768845704,6.543576669999999,3.6951957,False,0.9279352910499742,0.9230923516615235,1.6123835577892145,1.5935612882669086,0.004842939388450707,0.018822269522305923,0.17514652923433144,0.98426981457224,0.023165176863033557,0.6265377612506097,0.0,0.7793910659784816
251,06262025084005431,0,1,Archery,0,0.0,0,55.992002,3.5226919900000007,37.400647000000006,67.42641947221448,2.0993199999999987,5.5827071,1.4674200000000042,17.197999030916414,2.9057239853176875,6.52269199,3.6989058999999997,False,0.9274453348424347,0.928064062172434,1.6122942504273223,1.5936162610055202,0.0006187273299992357,0.0186779894218021,0.18039147569208697,0.9832428645541661,0.02631320582804264,0.7197573781245786,0.0,0.6942256957468748
252,06262025084005608,0,1,Archery,0,0.0,0,55.97433600000001,3.53430094,37.400725,67.41240096822696,2.0370300000000015,5.5852466000000005,1.465609999999998,16.674706463618836,2.919769121031896,6.53430094,3.6953244,False,0.9271206573062662,0.9246601939312616,1.6123316067797584,1.5938136188350762,0.0024604633750046068,0.01851798794468218,0.18015575313256238,0.9832591583752943,0.0273007707647065,0.6462062096550776,0.0,0.7631628493337566
253,06262025084005804,0,1,Archery,0,0.0,0,56.008613000000004,3.51125362,37.397169999999996,67.43768943385169,2.1353500000000025,5.5873308,1.463000000000001,17.454916683190174,2.892577214775441,6.51125362,3.6988962,False,0.9270282007409467,0.9325373234911305,1.6124121255749098,1.5940857427033972,0.005509122750183781,0.01832638287151256,0.1803689364460234,0.9831775153258787,0.028792709545330704,0.7889565302669556,0.0,0.6144490160697846
254,06262025084006010,0,1,Archery,0,0.0,0,56.07112099999999,3.80764847,37.437862,67.52823341535581,2.5393900000000045,5.5940973,1.4910799999999966,21.181678208866078,3.2601045490710465,6.80764847,3.6340067,False,0.9247674509605077,0.739049203428974,1.611525787122563,1.593384594342022,0.18571824753153376,0.01814119278054105,0.16853949600866028,0.9850064338688422,0.036834271027576915,0.8901532794876763,0.0,0.45566121078860206
255,06262025084006206,1,1,Archery,0,0.0,0,56.075672,3.6418779999999997,37.356274,67.47766647403823,2.7557699999999983,5.612934999999999,1.624130000000001,25.12197443968384,3.043076700137707,6.641878,3.674057,False,0.9133613504106707,0.932216289607191,1.6089564699071253,1.5915126834320226,0.01885493919652037,0.017443786475102696,0.08669789131718333,0.9946228174767024,0.05664738825277154,0.927655976462254,0.0,0.37343592400017195
256,06262025084006411,1,1,Archery,0,0.0,0,56.04388399999999,3.617924870000001,37.395811,67.47186817124705,2.326999999999998,5.6050933,1.5633499999999998,20.39085551476147,3.0112442335103937,6.617924870000001,3.6976407,False,0.8906212989256439,0.8113530198261445,1.6014800941454101,1.5935141395923953,0.0792682790994994,0.007965954553014853,-0.004548508358760681,0.9975326142631712,0.07005708067707245,0.5045869169094879,0.0,0.863360899788598
257,06262025084006606,1,1,Archery,0,0.0,0,55.979574,3.60355527,37.395022999999995,67.41725343690553,1.8895800000000023,5.5855903,1.5011500000000026,15.843767161287982,2.99115388837632,6.60355527,3.7208157,False,0.8370131832348856,0.7447953503486748,1.5804690209124637,1.5880711657755433,0.09221783288621077,0.007602144863079641,-0.03130437313336024,0.997649301508983,0.060958243260166564,-0.07586328723643955,0.0,0.9971182285214133
258,06262025084006814,1,1,Archery,0,0.0,0,55.987919999999995,3.5640822099999996,37.307559,67.37361372573478,1.4890199999999965,5.5692696999999995,1.4687899999999985,12.180314101678018,2.9422403027203314,6.56408221,3.7395813,False,0.7803580679124154,0.7850938826000369,1.5621993588169345,1.5769672488074353,0.00473581468762152,0.014767889990500827,-0.0007521160628214377,0.9983543490927616,0.05734132862950313,-0.6701196049489051,0.0,0.7422531340877743
259,06262025084007011,1,1,Archery,0,0.0,0,56.027319,3.56613075,37.282616999999995,67.39266498086083,1.511650000000003,5.5760301,1.3285699999999991,11.198524369446513,2.955911186936038,6.56613075,3.7352629,False,0.7819489173852748,0.8485277264792251,1.5586809640780763,1.5707135151866531,0.06657880909395031,0.012032551108576817,0.03364763184690483,0.9975857296052579,0.06074988855167162,-0.8406793910135525,0.0,0.5415331582877291
260,06262025084007212,1,1,Archery,0,0.0,0,55.92656000000001,3.722046340000001,37.335603000000006,67.34672221989959,2.3244399999999956,5.5892572,1.3028899999999979,16.927007478545587,3.151841495154819,6.72204634,3.7284398,False,0.7671103750315204,0.8770395453820745,1.5596458996311189,1.5705371803048909,0.10992917035055416,0.010891280673771986,0.052556432015532714,0.9970551411103515,0.05584681762834664,-0.8937070239192928,0.0,0.4486510396703886
261,06262025084007412,1,1,Archery,0,0.0,0,55.934893,3.8336204399999994,37.36164000000001,67.37433520331786,2.4401200000000003,5.5936155,1.247329999999998,17.024923238871168,3.2684744055230244,6.833620439999999,3.7219045,False,0.8013902338436624,0.8938797707991839,1.5605377985477973,1.5708627639651562,0.09248953695552153,0.010324965417358944,0.07696235213559614,0.9956761339361087,0.05201761878249368,-0.8872581508794706,0.0,0.4612732093867393
262,06262025084007614,1,1,Archery,0,0.0,0,55.920254000000014,3.8499127700000004,37.345911,67.35438890065775,2.56259,5.5989002,1.1577100000000016,16.610459169511447,3.2837331216163332,6.84991277,3.7146988,False,0.8399187195371963,0.9086776471642733,1.561486958820986,1.5705786910918662,0.06875892762707703,0.009091732270880115,0.09318930682812132,0.9944439552506592,0.04895889049313752,-0.9294863787933264,0.0,0.3688564377066897
263,06262025084007806,1,1,Archery,0,0.0,0,55.892583,3.8271200400000005,37.29734499999999,67.30319179846884,2.7198199999999986,5.6039991,1.0837199999999996,16.517918090790587,3.258496923343316,6.8271200400000005,3.7081919,False,0.9060336459983106,0.9180834533641284,1.5641997002020698,1.5713126817684662,0.012049807365817844,0.0071129815663963925,0.10110429180276857,0.993572475015981,0.05090833988334683,-0.9837013436124505,0.0,0.17981008474237337
264,06262025084008008,1,1,Archery,0,0.0,0,55.888166,3.8093950999999997,37.244727,67.26937103300423,2.625950000000003,5.6051126,1.0537400000000048,15.509730811484156,3.2365163307723774,6.8093951,3.7012324,False,0.9289592015158679,0.9265136150645625,1.5682193509900209,1.5723585792848165,0.002445586451305326,0.004139228294795627,0.11466342525836755,0.9913824674670174,0.06334904977209281,-0.9999748285021728,0.0,0.0070952351652398375
265,06262025084008215,1,1,Archery,0,0.0,0,55.78644999999999,3.8027182100000005,37.264211,67.19531301243924,2.3955100000000016,5.599396100000001,1.2403000000000048,16.63665161867917,3.2453986593090582,6.80271821,3.6808019,False,0.9325446001350338,0.931827991745254,1.572350378038698,1.5721906925833151,0.000716608389779827,0.00015968545538291856,0.1361639921062153,0.9861621887580067,0.09457010477797073,-0.9969481824839136,0.0,-0.07806613505241052
266,06262025084008413,1,0,Archery,0,0.0,0,55.800599,3.8058760600000006,37.243972,67.19601916542129,2.327060000000003,5.5968881999999995,1.4071400000000054,18.327005980403392,3.2572759380157343,6.805876060000001,3.6763158000000002,False,0.9301489142067514,0.9315046001094112,1.5752600385414595,1.5736666514466287,0.0013556859026597756,0.0015933870948308115,0.14788306568339427,0.982715935849706,0.11135523477195605,-0.9910958035139686,0.0,-0.13315069754605474
267,06262025084008610,1,0,Archery,0,0.0,0,55.82066100000001,3.79666528,37.219255,67.19846578963171,2.2715099999999993,5.5951789000000005,1.4141100000000009,17.972637865449098,3.2516579848419256,6.79666528,3.6705560999999998,False,0.9288894346697032,0.9314807849703607,1.5766345257471965,1.5750475487218811,0.002591350300657491,0.0015869770253154059,0.1540124932970597,0.9801751209766798,0.12464703817890944,-0.9809241061723978,0.0,-0.19439109529472437
268,06262025084008821,1,0,Archery,0,0.0,0,55.833453,3.7982125100000004,37.214459,67.20652387110205,2.2338099999999983,5.5929267000000005,1.4407399999999981,17.999936468424725,3.25585269310129,6.798212510000001,3.6660483,False,0.9284341040639331,0.9319544289507886,1.5770702164680055,1.5761505740139443,0.003520324886855497,0.0009196424540611758,0.1612533549939458,0.9777710217459306,0.1340193438915277,-0.9765141289277663,0.0,-0.21545337315634183
269,06262025084009017,1,0,Archery,0,0.0,0,55.83760099999999,3.7986413199999993,37.214315,67.20991446380836,2.225270000000002,5.5933644000000005,1.4527199999999993,18.081636846778224,3.257847081831928,6.79864132,3.6633036,False,0.928457739843873,0.932180977836923,1.577338107445883,1.5769067710959845,0.003723237993049966,0.00043133634989844793,0.16610200289796795,0.9765997519859696,0.13661277046537856,-0.9761195683636974,0.0,-0.21723394821590195
270,06262025084009207,1,0,Archery,0,0.0,0,55.836178999999994,3.7937844399999996,37.210879999999996,67.20655679375061,2.226320000000001,5.5951863,1.435379999999995,17.880062396064005,3.2553549328321094,6.79378444,3.6610487000000003,False,0.9288393799339044,0.9321136486201633,1.5771083545147067,1.5776566405769312,0.0032742686862589077,0.0005482860622245678,0.17035224839332774,0.975832605012701,0.13686065344526052,-0.9758643339272454,0.0,-0.21837765858423766
271,06262025084009406,1,0,Archery,0,0.0,0,55.838152,3.7993684599999993,37.216791,67.21178432245068,2.2249100000000013,5.5996651,1.4396099999999947,17.935742350960705,3.2615704259607314,6.799368459999999,3.6596649,False,0.9290954023075357,0.9269728415676477,1.5771385216671645,1.5781755054337947,0.0021225607398880353,0.001036983766630195,0.17553284694676355,0.9754457836937916,0.13301782856733502,-0.9836655151556897,0.0,-0.1800059840491184
272,06262025084009609,1,0,Archery,0,0.0,0,55.799589000000005,3.8698962000000003,37.241107,67.19724904899861,2.186969999999995,5.6020437,1.5138099999999994,18.546445501744685,3.3386465867005453,6.8698962,3.6524773,False,0.9295740108356081,0.9313049529257315,1.5766498753671623,1.5773795591311843,0.0017309420901233663,0.0007296837640220488,0.1847539360523008,0.9743235415642373,0.12868418499141326,-0.9938562143177874,0.0,-0.1106789287168809
273,06262025084009812,1,0,Archery,0,0.0,0,55.790369999999996,3.8739844999999997,37.246589,67.19286816901077,2.1927200000000013,5.6044393,1.5030500000000018,18.470930559576818,3.3437572704202454,6.8739845,3.6515427000000003,False,0.9308800474008456,0.9305102145710169,1.5767732259417937,1.5771889585238967,0.0003698328298287201,0.00041573258210303443,0.18344787349335137,0.9751158166400717,0.12448301831628922,-0.9964200828637035,0.0,-0.08454004060733786
274,06262025084010010,1,0,Archery,0,0.0,0,55.783802,3.85966639,37.24848899999999,67.18764412449971,2.2299500000000023,5.6069496,1.4892800000000008,18.620791401747258,3.3300696041506086,6.85966639,3.6538064,False,0.9317197638324529,0.9303348049175615,1.576846657655794,1.5772023199526937,0.001384958914891432,0.00035566229689965034,0.17699313526747334,0.9766486175776611,0.12178221484204357,-0.997222184256963,0.0,-0.07448432872605908
275,06262025084010218,1,0,Archery,0,0.0,0,55.779342,3.85024788,37.250152,67.18432277483723,2.2506599999999963,5.6068518,1.4758699999999934,18.62417631332999,3.320338741149345,6.8502478799999995,3.6557562,False,0.9318749637483533,0.9303182500762848,1.576612970546279,1.5769420353465864,0.0015567136720685548,0.00032906480030736596,0.1763947752259413,0.9767441300042891,0.12188432128520203,-0.997649260342315,0.0,-0.06852702633582997
276,06262025084010444,1,0,Archery,0,0.0,0,55.77655600000001,3.84535531,37.252168000000005,67.1828473449995,2.2659499999999966,5.6056388,1.4604700000000008,18.551031954437846,3.314657031182539,6.84535531,3.6578832,False,0.9320223125354833,0.9302497630507595,1.5761615187591695,1.5763287353233912,0.0017725494847238288,0.00016721656422169495,0.17462247910094442,0.9769866997234462,0.12249072763327369,-0.9981692734124921,0.0,-0.060482242147405815
277,06262025084010622,1,0,Archery,0,0.0,0,55.774060999999996,3.8370055800000005,37.260398,67.18486251657494,2.308259999999997,5.6056287000000005,1.406640000000003,18.20086451434715,3.305076089913878,6.8370055800000005,3.6614583,False,0.9325116621276079,0.9302093277322073,1.575313345465673,1.5754069608166923,0.002302334395400618,9.361535101937157e-05,0.1653879138071496,0.9788687057078895,0.12026177677167504,-0.9995187748241376,0.0,-0.031019651417364912
278,06262025084010827,1,0,Archery,0,0.0,0,55.765570000000004,3.8297599300000003,37.279476,67.18798396574279,2.35342,5.6026897,1.2500599999999977,16.482643621137097,3.2923952015062343,6.82975993,3.6691713,False,0.9286277839850604,0.9297688101893942,1.5733750934538786,1.5728898828934237,0.0011410262043337616,0.0004852105604549184,0.15297391307986133,0.9815328807212303,0.11485724173998912,-0.9992942062845335,0.0,0.03756446839986252
279,06262025084011023,1,1,Archery,0,0.0,0,55.766508,3.8216395999999997,37.33436699999999,67.21877195424683,2.458269999999999,5.587837700000001,1.2653399999999948,17.381233815901503,3.2585984494688933,6.821639599999999,3.6950343,False,0.8958564379547651,0.9233200890287195,1.5642286012778592,1.5657842993826725,0.02746365107395443,0.0015556981048132634,0.12204896355035186,0.988176020549445,0.09280195529916142,-0.9761547575689747,0.0,0.21707576851287702
280,06262025084011234,1,1,Archery,0,0.0,0,55.795531,3.8048789899999997,37.39350099999999,67.27475232758204,2.464980000000004,5.5756862,1.3183700000000016,18.119617912844454,3.232942185179347,6.80487899,3.7131178,False,0.8291607849874516,0.9142285830709961,1.5576646020791554,1.5652628519535108,0.08506779808354448,0.007598249874355423,0.10081106982553492,0.9917502829722512,0.0791738872677764,-0.9051887154252292,0.0,0.4250098698463641
281,06262025084011428,1,1,Archery,0,0.0,0,55.79687,3.7730319800000003,37.415403,67.28624565073765,2.4276900000000055,5.5659575,1.3975500000000025,18.884281681005294,3.18736864602956,6.773031980000001,3.7285585,False,0.8051878164850785,0.9055764570046011,1.5568213178872172,1.5657792394562684,0.10038864051952257,0.008957921569051175,0.07061167642837188,0.9956475182903551,0.060827711400575676,-0.863979056933378,0.0,0.5035277442013608
282,06262025084011629,1,1,Archery,0,0.0,0,55.77425700000001,3.7808883,37.426421,67.27406520426997,2.421680000000002,5.5577022000000005,1.4891799999999975,20.042838272370794,3.182844881729587,6.7808883,3.7405148,False,0.8020731940515176,0.8997317084003476,1.5584308871590178,1.566078492735992,0.09765851434883,0.007647605576974303,0.04493010315085948,0.9979185407795331,0.04625874835423623,-0.8511198149992267,0.0,0.5249714854310489
283,06262025084011824,1,1,Archery,0,0.0,0,55.811481,3.81115843,37.441947,67.31527118821353,2.4350299999999976,5.5528146,1.5144400000000005,20.47715234391271,3.2152776680833304,6.81115843,3.7388854,False,0.8062611456445119,0.8992034697336315,1.559725671661788,1.5667934029665056,0.09294232408911962,0.007067731304717606,0.036303908132317105,0.9983390604159695,0.04473417823185646,-0.8410422234785215,0.0,0.5409694800321962
284,06262025084012024,1,1,Archery,0,0.0,0,55.800711,3.8138156700000003,37.433118,67.30158141732022,2.4982400000000027,5.5501519,1.4612999999999943,20.261818059605158,3.2152789940309447,6.81381567,3.7411771,False,0.8179300779461517,0.8994091351554129,1.5605600934959727,1.5667371934787313,0.08147905720926119,0.006177099982758616,0.03381772532727254,0.9984369907189318,0.044496483207248916,-0.8599695144801156,0.0,0.5103454067245381
285,06262025084012223,1,1,Archery,0,0.0,0,55.77977,3.8144264,37.412054,67.27253804126043,2.6142499999999984,5.5496502,1.3375900000000058,19.40598717035388,3.214084919059881,6.8144264,3.7416668,False,0.8473443899082608,0.9132388901273281,1.5597820644494687,1.5658447016541082,0.06589450021906729,0.006062637204639509,0.03599227348062446,0.9982974992299686,0.04589835815023146,-0.9063124885099999,0.0,0.4226081792521428
286,06262025084012424,1,1,Archery,0,0.0,0,55.772407,3.8171410099999994,37.400525,67.2601755747002,2.651449999999997,5.5472432,1.3297200000000018,19.557838210276064,3.215106389388669,6.817141009999999,3.7432508,False,0.8626196676380653,0.9169932538465014,1.558568331176432,1.562609057794061,0.05437358620843613,0.004040726617628998,0.04385551928631591,0.9978859877731321,0.0479609094384998,-0.9260012946522458,0.0,0.3775203336276929
287,06262025084012623,1,1,Archery,0,0.0,0,55.76797499999999,3.8202868699999994,37.39438500000001,67.25326502778837,2.6394500000000036,5.5466396,1.3197900000000047,19.32182840137313,3.222451669610686,6.8202868699999994,3.7417274000000003,False,0.8695935529061861,0.9211821331989682,1.5576319012827422,1.56107342942975,0.05158858029278213,0.003441528147007711,0.048108442937822786,0.9976072510029392,0.049652295661498466,-0.9364654365649168,0.0,0.35075986959639466
288,06262025084012829,1,1,Archery,0,0.0,0,55.768602,3.81923603,37.389613,67.25107205968558,2.639719999999997,5.546648,1.3195900000000051,19.320905854259244,3.2239640885384286,6.81923603,3.741179,False,0.8730847667557797,0.9214668627362551,1.5569959005784466,1.5602785627265408,0.04838209598047538,0.00328266214809414,0.05841860843183203,0.9970233679204076,0.050315703408934945,-0.9406469276870412,0.0,0.33938673726728136
289,06262025084013030,1,1,Archery,0,0.0,0,55.771910000000005,3.7960492799999996,37.386623,67.25084025146762,2.61627,5.5446146999999995,1.2993200000000016,18.848207609330927,3.2009004991291743,6.79604928,3.7424593,False,0.8720762367253255,0.918332403524997,1.5565957270776036,1.559568147587689,0.04625616679967148,0.002972420510085394,0.05866750570950055,0.9969847874781332,0.05078835802629541,-0.939683667514416,0.0,0.3420447412352026
290,06262025084013223,1,1,Archery,0,0.0,0,55.775876999999994,3.8023455899999994,37.398515,67.26109730973876,2.584150000000001,5.5439619,1.321950000000001,18.9388230067588,3.206894088914034,6.80234559,3.7452211,False,0.8531008095670756,0.9202373011044479,1.5562950030730809,1.5594010073451956,0.06713649153737233,0.003106004272114715,0.06056100856842177,0.9968825501541367,0.05057218048849046,-0.9240537848988299,0.0,0.3822624786899009
291,06262025084013433,1,1,Archery,0,0.0,0,55.78761900000001,3.79075062,37.412984,67.27822527189944,2.4816900000000004,5.5434634,1.3493700000000004,18.563495865605468,3.1961238553554643,6.79075062,3.7475936,False,0.8197121234976354,0.9204932201493957,1.5560548240265044,1.5591493006093928,0.10078109665176027,0.003094476582888417,0.06023927696846128,0.9969363568263523,0.04989118106556493,-0.8955927409218483,0.0,0.4448748615151134
292,06262025084013621,1,1,Archery,0,0.0,0,55.80782599999999,3.80316587,37.429596,67.30491936110037,2.3743300000000005,5.5446032,1.492609999999999,19.649789309863817,3.2119155575748377,6.80316587,3.7449138,False,0.7827038458606177,0.9190595986354781,1.5558653111585263,1.5593191431487787,0.13635575277486045,0.0034538319902523984,0.058190594798125515,0.9971389017099305,0.048247957197729126,-0.8524050247486872,0.0,0.5228820840143503
293,06262025084013822,1,1,Archery,0,0.0,0,55.837798,3.85736548,37.441860000000005,67.3396750377866,2.149969999999996,5.5453684999999995,1.579349999999998,18.829604399688975,3.2720810711430377,6.85736548,3.7355545,False,0.7907475070943941,0.9181373446146228,1.5555554094915724,1.5596414896546742,0.1273898375202287,0.004086080163101746,0.05012486531638506,0.9977360422714504,0.04483623344480085,-0.7962045176868111,0.0,0.6050275745907061
294,06262025084014033,1,1,Archery,0,0.0,0,55.846558,3.8911662299999996,37.439869,67.34777654692111,2.0716000000000037,5.642646200000001,1.5604799999999983,18.240928020771815,3.301387579635426,6.89116623,3.7359078,False,0.8162706791628623,0.9170577135736877,1.5553343797737669,1.5588796728876264,0.10078703441082537,0.003545293113859538,0.04883538501569741,0.9978874757236971,0.042844964280023434,-0.7868744258321937,0.0,0.6171131484349166
295,06262025084014230,1,1,Archery,0,0.0,0,55.847201999999996,3.90082971,37.436326,67.34690006253813,2.08699,5.7143559999999995,1.5348100000000002,18.303842973928,3.3081613049569003,6.90082971,3.7372870000000002,False,0.8278399513287573,0.914937251813478,1.5550700700859794,1.5590795782127336,0.08709730048472064,0.004009508126754158,0.042228991170193714,0.9982019914242067,0.04253817839888679,-0.7921402514669222,0.0,0.6103391041101015
296,06262025084014423,1,1,Archery,0,0.0,0,55.841567,3.8985374800000003,37.436268999999996,67.34206290379598,2.1614699999999942,5.6679473,1.5296199999999942,18.739524600053105,3.3050577406036643,6.89853748,3.7393517,False,0.8214307458477508,0.9106855652314881,1.5550911721391834,1.5590967680750565,0.08925481938373736,0.00400559593587313,0.04092561980851204,0.9982633261221283,0.042372459957784867,-0.7998317769517805,0.0,0.6002242319151712
297,06262025084014627,1,1,Archery,0,0.0,0,55.848164999999995,3.88333924,37.446287,67.35222540945857,2.0615999999999985,5.5323287,1.6505399999999995,18.825149541445857,3.290287195821715,6.88333924,3.7419503,False,0.7704585418054597,0.9107079206447031,1.5551138371607445,1.5593945643340206,0.14024937883924338,0.0042807271732761,0.03693282246117488,0.9984352654250912,0.041987943276359775,-0.7529452484438752,0.0,0.6580831655997523
298,06262025084014831,1,1,Archery,0,0.0,0,55.85482900000001,3.8480830900000003,37.451984,67.35889526724026,1.9669799999999995,5.532100799999999,1.747249999999994,19.012756143285074,3.2563449443539394,6.84808309,3.7433262000000003,False,0.7413606098249328,0.9112719907711408,1.555148790249756,1.5595468166202122,0.16991138094620806,0.004398026370456165,0.03445604975425783,0.9985901220255878,0.04038005483222498,-0.7221518797482119,0.0,0.6917345318661804
299,06262025084015032,1,1,Archery,0,0.0,0,55.85569099999999,3.8394841899999994,37.455512000000006,67.36108101207168,1.9260200000000012,5.5317204,1.7826400000000007,18.992610441047752,3.2481334236062778,6.839484189999999,3.7438675999999997,False,0.7392410884143295,0.9103610628778018,1.5553832180618659,1.5603169553696319,0.17111997446347238,0.0049337373077660285,0.02902586848373117,0.9988332945421924,0.03859467155910433,-0.7076161347929454,0.0,0.706597060410452
300,06262025084015226,1,1,Archery,0,0.0,0,55.85596999999999,3.8264182200000008,37.457854000000005,67.36187116849237,1.942700000000002,5.5313167000000005,1.8118399999999966,19.46946907276657,3.233776452729691,6.826418220000001,3.7443433,False,0.7334603822463766,0.9022379590861849,1.5558277538887162,1.5614429449990452,0.16877757683980832,0.005615191110329043,0.024156650537121075,0.9989740963595561,0.03830419085995167,-0.6915376016899951,0.0,0.7223404636657493
301,06262025084015452,1,1,Archery,0,0.0,0,55.855664000000004,3.7994019299999997,37.451685000000005,67.35665791327395,1.9474400000000003,5.528522000000001,1.839269999999999,19.80243586660611,3.203098034507942,6.79940193,3.7476279999999997,False,0.7224700012658014,0.8946744226231121,1.5561381301019814,1.5614241353123757,0.17220442135731073,0.00528600521039424,0.017077990230809033,0.999224671905526,0.0354738961064355,-0.6803496345544244,0.0,0.7328876958727449
302,06262025084015635,1,1,Archery,0,0.0,0,55.98307800000001,3.6833180399999996,37.419022999999996,67.43778715536567,1.8345899999999986,5.5314219,1.7700599999999937,17.962376480710304,3.0392986627941294,6.68331804,3.7742281,False,0.796793260890177,0.7892532564798216,1.5580175717474072,1.5644434300671934,0.007540004410355405,0.0064258583197862595,0.023748317300641135,0.999065987737193,0.03609944005237544,-0.10131726587412461,0.0,0.9948541660141913
303,06262025084015832,0,1,Archery,0,0.0,0,56.063551000000004,3.61309524,37.31650499999999,67.44403423104178,2.7675700000000063,5.5375876,1.4731800000000064,22.577457734753132,2.9261729780788457,6.61309524,3.7806354,False,0.9041433624243495,0.9040045401523192,1.5776791893946636,1.5821458524930518,0.00013882227203021458,0.004466663098388279,0.0010780576468966377,0.9991333460294635,0.04161003056570264,0.8409964105909467,0.0,0.5410406984443444
304,06262025084016030,1,1,Archery,0,0.0,0,55.99891600000001,3.5250589799999994,37.213736999999995,67.32879662887719,2.1050399999999954,5.5557772,1.4975700000000032,17.514280681865873,2.8288173306333486,6.525058979999999,3.7618628,False,0.9325221717691249,0.851320861215674,1.5937801384206005,1.5881852957712583,0.08120131055345092,0.00559484264934218,-0.0031097498756338907,0.9989554847682054,0.04558803469366639,0.7853251887821809,0.0,-0.6190834740681033
305,06262025084016236,1,1,Archery,0,0.0,0,56.03258100000001,3.5133043,37.24289,67.37229620680937,1.9323199999999972,5.581252999999999,1.6188200000000066,17.45859618625483,2.8412918138881644,6.5133043,3.736366,False,0.9313607407063039,0.8624758566041162,1.6030420389213131,1.5891890450066042,0.06888488410218774,0.013852993914708955,0.024251560739105005,0.9996653182167813,0.009006295368197265,0.767456911335723,0.0,-0.6411005297478954
306,06262025084016438,1,1,Archery,0,0.0,0,56.015274,3.55095758,37.28027,67.38055173640933,2.019449999999999,5.596772199999999,1.8753799999999998,21.196297948784064,2.8871389435671246,6.55095758,3.7294688000000003,False,0.931933944569574,0.8631310563923645,1.6057386523167447,1.5883967989287329,0.06880288817720948,0.017341853388011863,0.052008614458136315,0.9986038374437288,-0.00924553215362296,0.861980633018699,0.0,-0.5069412079331125
307,06262025084016635,1,1,Archery,0,0.0,0,56.012986,3.5119431100000007,37.340061,67.40970627830826,1.903649999999999,5.6042749,1.3902,14.83145701518782,2.8689808669526085,6.511943110000001,3.7192361,False,0.9322870413821045,0.9190918256648779,1.6076634167013957,1.5890369557732786,0.013195215717226594,0.01862646092811704,0.07434719101667703,0.9970204874898271,-0.020558276033679497,0.9350509089816348,0.0,0.3545134660525868
308,06262025084016833,1,1,Archery,0,0.0,0,55.995202000000006,3.5435834,37.340923,67.39706344363594,1.9677699999999945,5.6088819999999995,1.5651699999999948,17.274765220618626,2.9032353995722358,6.5435834,3.713814,False,0.9295590872133909,0.9103356765990213,1.6090568499431586,1.5898526066324516,0.019223410614369607,0.019204243310706914,0.09227016179818333,0.9954298960917728,-0.024607706281963564,0.8488651553673159,0.0,0.5286094475160489
309,06262025084017034,1,1,Archery,0,0.0,0,56.002281999999994,3.541495930000001,37.339537,67.40206826206521,1.8919700000000006,5.6139947,1.5645600000000002,16.61798898555172,2.9055947693706434,6.541495930000001,3.7070313,False,0.9293357778483484,0.9203347721242534,1.6059464829567027,1.5889317046958584,0.009001005724095013,0.0170147782608443,0.10553263763394431,0.9941909508377695,-0.02114747423013835,0.8830406811033374,0.0,0.4692964473726112
310,06262025084017237,1,1,Archery,0,0.0,0,56.012834999999995,3.54001389,37.34223899999999,67.41225553719248,1.823129999999999,5.612837099999999,1.5622100000000003,15.985988234373565,2.9091556819979343,6.54001389,3.7029579,False,0.929099260189137,0.9218937344537066,1.6028632383235313,1.5870544381624732,0.007205525735430429,0.015808800161058123,0.1254562083884453,0.9919622125163139,-0.016483589309793555,0.8837418811833129,0.0,0.467974665385402
311,06262025084017434,1,1,Archery,0,0.0,0,56.01434300000001,3.5401415299999996,37.343467999999994,67.41419602755124,1.808259999999997,5.6165407,1.5644399999999976,15.888712158978517,2.9108868215208754,6.54014153,3.7012503,False,0.9287907176409531,0.922055232341858,1.6025716781688735,1.5870180782377032,0.0067354852990950675,0.015553599931170226,0.12814166005619013,0.9916290243075653,-0.015861686822977134,0.8825387798215247,0.0,0.47023962201321823
312,06262025084017637,1,1,Archery,0,0.0,0,56.01454699999999,3.5402327999999996,37.343735,67.41451822599957,1.8080799999999968,5.6158719999999995,1.564079999999997,15.881583618436242,2.911210447848153,6.5402328,3.701076,False,0.9288067212725131,0.9221240082488897,1.602766370661985,1.5870865375665553,0.006682713023623332,0.01567983309542975,0.13158525475498817,0.9911943572725554,-0.014800906800265143,0.8854757598639597,0.0,0.46468556970638064
313,06262025084017833,1,1,Archery,0,0.0,0,56.014229,3.540028350000001,37.34409699999999,67.41444379306746,1.810130000000001,5.6148425,1.5624400000000023,15.880007144504072,2.9107588973487006,6.540028350000001,3.7012305,False,0.928775234612228,0.9222058150955236,1.603339971456146,1.5874690901123878,0.006569419516704422,0.015870881343758247,0.13523685587747564,0.9906973638733264,-0.015156715568246566,0.8863048786147237,0.0,0.46310221565410337
314,06262025084018040,1,1,Archery,0,0.0,0,56.013719,3.5400598699999994,37.344412999999996,67.41419674229394,1.8182799999999943,5.614311300000001,1.5623800000000045,15.94938429096218,2.9107681153531035,6.540059869999999,3.7013237,False,0.9288303236592756,0.9222209078767412,1.6040648667320125,1.5878159322018688,0.006609415782534489,0.016248934530143755,0.1363902832262917,0.9905722681718921,-0.012816870532432207,0.8864168805614395,0.0,0.46288779834396887
315,06262025084018236,1,1,Archery,0,0.0,0,56.01430100000001,3.53931044,37.345197999999996,67.4150758255785,1.815100000000001,5.613008600000001,1.5550600000000045,15.843218610146948,2.909913337630246,6.5393104399999995,3.7014554,False,0.9291546985534747,0.9219878907149486,1.604345876312524,1.5881324405123023,0.007166807838526079,0.01621343580022172,0.1409986255990942,0.9899473337887539,-0.01112042731659303,0.885997177685747,0.0,0.4636906308444143
316,06262025084018430,1,1,Archery,0,0.0,0,56.01355600000001,3.5393259299999995,37.346408,67.41512793362014,1.8205500000000043,5.6134767,1.5569699999999997,15.911633976179893,2.9100524210128262,6.5393259299999995,3.7013783,False,0.9290265401058267,0.921846957133341,1.6048805224240243,1.5886192523564897,0.007179582972485776,0.01626127006753464,0.14279734235108107,0.9897008431302516,-0.010057838969540805,0.8804135620595483,0.0,0.4742066635356549
317,06262025084018638,1,1,Archery,0,0.0,0,56.024573999999994,3.5787161500000004,37.319617,67.41152656772012,2.0606300000000033,5.6135765,2.2819999999999965,26.39704445477099,2.949478835604169,6.57871615,3.6947105000000002,False,0.88068007726983,0.8126668101682266,1.6048022054272013,1.5886936767987245,0.06801326710160338,0.01610852862847678,0.14095397027995962,0.9900060174598126,-0.004479247222201889,0.9933789309435596,0.0,-0.11488385246600485
318,06262025084018832,1,1,Archery,0,0.0,0,55.995616000000005,3.68524419,37.43006799999999,67.45442925741798,2.5241299999999995,5.612133099999999,1.9499400000000051,27.622369422109614,3.077557357614308,6.685244190000001,3.6961579,False,0.7888526555802434,0.9276497096425997,1.6036791789394773,1.59290476235361,0.13879705406235632,0.010774416585867419,0.09397052563213427,0.9953934542034168,0.019010829582395635,0.5291733707120599,0.0,0.8485137263057309
319,06262025084019040,1,1,Archery,0,0.0,0,55.980607,3.68590854,37.474237,67.46653037311066,2.068629999999999,5.604862600000001,2.0077600000000047,23.27874628297709,3.0894183805502853,6.68590854,3.6980944,False,0.7469943673957674,0.7887736924771283,1.605822211693749,1.5990913152112873,0.04177932508136084,0.0067308964824617235,-0.009299991376376224,0.9992945733819276,0.036384966261231694,-0.030220839078546054,0.0,0.9995432461306457
320,06262025084019233,1,1,Archery,0,0.0,0,55.877928999999995,3.73470976,37.513005,67.40561215841382,2.30724,5.5941064,1.7451700000000017,22.5248150386649,3.1533113669674346,6.734709759999999,3.6959596,False,0.7657608222389016,0.7583077632656826,1.6005843591291926,1.5977448815198134,0.007453058973219018,0.002839477609379193,-0.034286911707902205,0.9987847925594716,0.03540262472568312,-0.5223128282709651,0.0,0.8527539559706453
321,06262025084019438,1,1,Archery,0,0.0,0,55.769002,3.70505889,37.403984,67.25300784743109,2.608620000000002,5.577066299999999,1.2118800000000007,17.630971576502315,3.112758251969321,6.70505889,3.7200217,False,0.8564323044053174,0.8707432774911316,1.5736239639372065,1.5831198572477356,0.014310973085814194,0.009495893310529135,-0.012865806443495524,0.9991214828891258,0.03988399997483541,-0.9189620187866946,0.0,0.39434605111181537
322,06262025084019638,1,1,Archery,0,0.0,0,55.740002000000004,3.722734910000001,37.327208999999996,67.18725407322297,2.6508700000000047,5.570027,1.1643799999999942,17.19255679778223,3.1324179970027854,6.722734910000002,3.722918,False,0.9126140249305867,0.9212777520248708,1.564957454613259,1.571369266469215,0.00866372709428409,0.006411811855955962,0.04828400890650424,0.9965305757328292,0.06778986733659058,-0.9930277459253393,0.0,0.11788085435065176
323,06262025084019833,1,1,Archery,0,0.0,0,55.753251,3.76499076,37.305504000000006,67.18854650300081,2.5769599999999997,5.5760130000000006,1.1595999999999975,16.662480789172573,3.191951261689737,6.76499076,3.7079839999999997,False,0.9156161774504636,0.924531630948881,1.5657157111882594,1.5685332818898043,0.00891545349841738,0.0028175707015449802,0.07887081919383146,0.9936972496747206,0.07965657454717764,-0.997302099694667,0.0,0.073406552463718
324,06262025084020033,1,1,Archery,0,0.0,0,55.771807,3.7921375399999997,37.305036,67.20521165898387,2.506539999999994,5.5836036,1.0824500000000015,15.149456867077987,3.2280274932069424,6.79213754,3.6976414,False,0.8868424123957942,0.9238363116748548,1.5654654192760058,1.568931984601805,0.036993899279060605,0.0034665653257992535,0.0864399942552447,0.9933231782846978,0.07640151095063243,-0.9940913602899357,0.0,0.10854661393569753
325,06262025084020241,1,1,Archery,0,0.0,0,55.77473,3.8068154499999998,37.31957200000001,67.21653669080581,2.540779999999998,5.5876581,1.0523899999999955,14.940791298457915,3.2472021304314747,6.80681545,3.6946709,False,0.8807189309399417,0.9236273004302121,1.5654201289366907,1.5697332131503132,0.04290836949027044,0.004313084213622531,0.08745913401419424,0.9942495858498596,0.061795314667617646,-0.989987201175314,0.0,0.14115715181693184
326,06262025084020464,1,1,Archery,0,0.0,0,55.78291999999999,3.774331229999999,37.337394,67.23139691149804,2.5562200000000033,5.5867516,1.0275099999999995,14.673835554424942,3.217993033289218,6.77433123,3.6936164,False,0.8607698542560607,0.9219571598729529,1.5653589931832272,1.5698866362372665,0.06118730561689223,0.004527643054039299,0.09337158174394439,0.9940472996260451,0.056140126725913904,-0.9818140804199963,0.0,0.18984496698368697
327,06262025084020647,1,1,Archery,0,0.0,0,55.800325,3.7351860599999993,37.357332,67.25472577571531,2.528489999999998,5.586109700000001,1.0238200000000006,14.460866259668707,3.1794784980265374,6.735186059999999,3.6927593,False,0.8475851372723554,0.91906780992971,1.5651880721350035,1.569749897659525,0.07148267265735464,0.004561825524521446,0.09584746607030646,0.9938899712227633,0.05473562231962015,-0.9686245942739942,0.0,0.2485284598743976
328,06262025084020849,1,1,Archery,0,0.0,0,55.80473199999999,3.7306994799999997,37.363414999999996,67.26151211996441,2.530000000000001,5.5864139,1.0367499999999978,14.653037965387227,3.1716182117050904,6.73069948,3.6940751,False,0.8453705663056847,0.9173707807642459,1.5646948229190556,1.569070311464726,0.0720002144585612,0.004375488545670381,0.09689242419902284,0.9939589572774125,0.051550454710267805,-0.9631970595240077,0.0,0.26879625094912585
329,06262025084021047,1,1,Archery,0,0.0,0,55.800216,3.7413446699999993,37.365272000000004,67.25938832029605,2.5413400000000053,5.5845123,1.0482700000000023,14.877199302941088,3.177245125006585,6.741344669999999,3.6962297,False,0.8472401074099397,0.9163387064186483,1.564095828846812,1.5685036485957229,0.06909859900870863,0.004407819748910802,0.09730449046560628,0.9939987127644405,0.049983949002294754,-0.96167040415103,0.0,0.27420801188148164
330,06262025084021249,1,1,Archery,0,0.0,0,55.794504,3.7498956,37.364937000000005,67.2549396745762,2.5459900000000033,5.5842147,1.0541699999999992,14.98750889270516,3.18161470947038,6.7498956,3.6986883,False,0.848209573834209,0.916062901194016,1.5635490377676322,1.5682764473037556,0.06785332735980698,0.004727409536123384,0.09253925998235979,0.994605641214712,0.04686260583651988,-0.9615865245577617,0.0,0.27450201418008796
331,06262025084021448,1,1,Archery,0,0.0,0,55.791703999999996,3.7558365700000005,37.368500999999995,67.25492852238537,2.515520000000002,5.5842612,1.0595399999999984,14.88369821031587,3.1816613856600346,6.7558365700000005,3.7028347999999998,False,0.8346006295282812,0.9160806506285318,1.5626279828108853,1.567962090260296,0.08148002110025065,0.005334107449410652,0.08608381526246613,0.9954277614531429,0.04139019785217623,-0.9556543566839035,0.0,0.2944906629268147
332,06262025084021647,1,1,Archery,0,0.0,0,55.791196,3.75660857,37.380674,67.26131464484536,2.4632199999999997,5.5803047,1.069119999999998,14.695608357187394,3.1758928582545725,6.75660857,3.7088003,False,0.8156048168592492,0.9159335606341727,1.5611210346431068,1.5675111263555646,0.10032874377492351,0.006390091712457746,0.082493085231865,0.9958592620352457,0.038199752715746806,-0.9424386221635116,0.0,0.3343791911207124
333,06262025084021838,1,1,Archery,0,0.0,0,55.786082,3.7454396799999996,37.394189999999995,67.26396293011096,2.416249999999998,5.5762586,1.161360000000002,15.647740560395475,3.1601079627282664,6.74543968,3.7145723999999998,False,0.8071666854497846,0.9145402355506274,1.559406804647254,1.56770438882468,0.10737355010084271,0.008297584177425987,0.07778988891824297,0.9963611572630168,0.03483069737443409,-0.9300317563772923,0.0,0.36747915876926784
334,06262025084022043,1,1,Archery,0,0.0,0,55.795033000000004,3.7312085200000005,37.425745,67.28814169893411,2.2420199999999966,5.5753824,1.4095900000000015,17.620042527583806,3.1448512691660517,6.731208520000001,3.7172856,False,0.7692338940458856,0.9056059488657295,1.5568819553747013,1.5707093371353473,0.13637205481984394,0.013827381760646018,0.0639285799845657,0.9975755241372791,0.027499278233984542,-0.8787499734963152,0.0,0.4772823944796467
335,06262025084022249,1,1,Archery,0,0.0,0,55.824338999999995,3.7247595999999996,37.474655999999996,67.33929388687595,1.906570000000002,5.5776312,1.7478999999999942,18.587420851656294,3.1328922426629733,6.7247596,3.7166018,False,0.7215688515595672,0.8734956934662057,1.558566929430702,1.5785350565834884,0.15192684190663852,0.019968127152786286,0.016731144432172787,0.9998396863069553,0.006377342048135697,-0.7340769593108445,0.0,0.6790662838110466
336,06262025084022439,1,1,Archery,0,0.0,0,55.91982499999999,3.7251780299999995,37.484106000000004,67.42374939147966,1.7309300000000007,5.5737792,1.930010000000003,18.62039222538242,3.1096266063232996,6.7251780299999995,3.7276828,False,0.7030368350548921,0.8325746133746814,1.5672913672582562,1.5845614163870205,0.1295377783197893,0.017270049128764287,-0.039320817326708904,0.9991874923731384,-0.008844682574251196,-0.5839912906694185,0.0,0.8117599228973224
337,06262025084022646,1,1,Archery,0,0.0,0,55.96298800000001,3.7387099299999997,37.493707,67.46563601145901,1.8392300000000006,5.5719874,2.010559999999998,20.604553408437,3.1152086496173994,6.73870993,3.7274036,False,0.7000630872864269,0.8176903206593564,1.5801826441355749,1.5901744058680978,0.11762723337292957,0.009991761732522919,-0.0710002859831937,0.9974575720109807,-0.006111581486304373,-0.4561022986508875,0.0,0.8899273527459287
338,06262025084022854,1,1,Archery,0,0.0,0,55.97605000000001,3.7474146500000005,37.500786000000005,67.48088796673716,1.8244299999999996,5.5718382,2.0558399999999963,20.89849507681386,3.127838241135918,6.7474146500000005,3.7247488,False,0.7037205747034789,0.8142174277114197,1.5876788922667222,1.5937437004260884,0.11049685300794077,0.006064808159366164,-0.08724441987406265,0.9961791416305852,0.003940682807457249,-0.4250053614808387,0.0,0.9051908322075195
339,06262025084023051,1,1,Archery,0,0.0,0,55.968051,3.75174878,37.499711,67.47389626166814,1.8454699999999988,5.570203,2.0365800000000007,20.935314384582394,3.1337177996605057,6.75174878,3.723865,False,0.7150560951428957,0.8152018887054883,1.5911725134530925,1.594715369493879,0.10014579356259257,0.003542856040786413,-0.09412059663034243,0.9955040051332529,0.010634333716818285,-0.4575106239822894,0.0,0.8892041548167307
340,06262025084023250,1,1,Archery,0,0.0,0,55.964439000000006,3.7144403500000003,37.521931,67.48118853182116,1.9213900000000024,5.5703662,2.0667800000000014,22.120427876107385,3.1044353272089613,6.71444035,3.7279928,False,0.721233914748885,0.8249081797363886,1.5940959456398123,1.594188515142623,0.10367426498750365,9.256950281066878e-05,-0.09116777154149773,0.9956791272844067,0.017649728675529962,-0.3828418412637427,0.0,0.9238139014854599
341,06262025084023471,1,1,Archery,0,0.0,0,55.868164,3.7318305599999997,37.500943,67.39064500321017,1.9597600000000028,5.5817524,1.8800900000000027,20.566107257394687,3.151447639030367,6.73183056,3.7128816000000002,False,0.7349747689655801,0.8284884326464665,1.5860176327531805,1.5898984446765652,0.09351366368088643,0.0038808119233846305,-0.07002797360344246,0.9966627919411708,0.041944750243936235,-0.6732866347294999,0.0,0.7393815709730834
342,06262025084023662,1,1,Archery,0,0.0,0,55.856606,3.7309522799999995,37.48957899999999,67.37469088873145,2.195700000000002,5.592245699999999,1.7335999999999956,21.28669043641823,3.1684769149388137,6.7309522799999995,3.7004073,False,0.7671465394492738,0.8387041572813411,1.577676753237574,1.5875987132444045,0.07155761783206727,0.009921960006830544,-0.03615046498741298,0.9973109723704103,0.06374926094301463,-0.7368111453893132,0.0,0.6760986141311697
343,06262025084023873,1,1,Archery,0,0.0,0,55.88078399999999,3.698478480000001,37.464972,67.37926157566928,2.3339599999999976,5.5971358,1.5723800000000026,20.54077209142658,3.1451693746741367,6.69847848,3.6939282,False,0.8114869583554638,0.8490049486834561,1.5741751524768635,1.5844062364259488,0.0375179903279923,0.01023108394908534,-0.0047396308904545355,0.9964843478866507,0.08364496587325893,-0.7949056825459342,0.0,0.6067330185972926
344,06262025084024065,1,1,Archery,0,0.0,0,55.902131,3.617524690000001,37.410071,67.36206757106673,2.4497599999999977,5.5797697,1.2193199999999962,16.667002891029988,3.0674303856133918,6.6175246900000015,3.6965523,False,0.8397820891255056,0.8634954789812169,1.5756041935797076,1.578549236350545,0.023713389855711364,0.0029450427708372917,0.014127508741573949,0.9900675479204254,0.1398808923748805,-0.8707645623360362,0.0,0.4917001901359523
345,06262025084024272,1,1,Archery,0,0.0,0,55.987595999999996,3.4962847499999996,37.36383400000001,67.40097183343764,2.0250500000000002,5.5282345,1.3011300000000006,14.566086951432382,2.9216500700707773,6.496284749999999,3.7100375,False,0.8937188273439246,0.8458894061873552,1.575261136885246,1.5739421802773597,0.04782942115656941,0.0013189566078863901,0.016616944847949504,0.9769971326336346,0.21260404504518784,-0.8847821404821984,0.0,0.46600489684523644
346,06262025084024462,1,1,Archery,0,0.0,0,55.903764,3.57744578,37.373133,67.34077529931048,2.4405500000000018,5.5029312,1.5476199999999949,20.784813221846367,2.990216912953433,6.57744578,3.7551148,False,0.8606383439221172,0.8309288175553899,1.5683553576677078,1.5714032799892073,0.0297095263667273,0.003047922321499419,0.029610046834428905,0.9729290252091748,0.2291993827042033,-0.8366457724691351,0.0,0.5477443303307886
347,06262025084024667,1,1,Archery,0,0.0,0,55.864539,3.6817872199999995,37.3451,67.29828206444705,2.782209999999999,5.4644596,1.5388500000000036,23.395558416057412,3.1118654175605593,6.6817872199999995,3.7972994,False,0.8817781222983476,0.8869764690204544,1.5530695800477334,1.5529832227442009,0.005198346722106728,8.635730353256932e-05,0.033931362252920615,0.97865500409891,0.20268953008930526,-0.9246197288726621,0.0,0.38089152915160096
348,06262025084024867,1,1,Archery,0,0.0,0,55.874551999999994,3.7157158499999996,37.308378999999995,67.28809143590183,2.8451900000000023,5.384144399999999,1.360440000000004,20.84046309746743,3.0719997903648313,6.71571585,3.8950446,False,0.8815374933580558,0.8810857275594691,1.525420385258441,1.506310718230326,0.0004517657985866341,0.019109667028115007,0.035673102506110055,0.9843893991977043,0.1723512126582561,-0.9569822459346233,0.0,0.2901464819120231
349,06262025084025063,1,1,Archery,0,0.0,0,55.86256899999999,3.72347697,37.431478999999996,67.34691170464554,2.9040699999999973,5.501920800000001,1.520220000000002,24.290019121127415,3.125530870614454,6.72347697,3.7682552,False,0.8697794304885562,0.8751463482921044,1.517029645742049,1.5860980842170014,0.0053669178035481435,0.06906843847495248,0.00020146731581041538,0.9805922965488193,0.19605791838136272,-0.9360270485039192,0.0,0.35192806717998765
350,06262025084025266,1,1,Archery,0,0.0,0,55.87054499999999,3.6397640499999993,37.488915000000006,67.38089067987987,2.5777500000000018,5.6239745,1.3010400000000004,18.86143743586559,3.1147165357497957,6.639764049999999,3.6532345,False,0.8074813228031961,0.8898539000920315,1.5835082449106468,1.617733088616985,0.0823725772888354,0.03422484370633816,-0.0008868448826015196,0.9845661186612256,0.1750107753554727,-0.8658868372815304,0.0,0.500239927457404
451,06262025084148786,0,0,Archery,0,0.0,0,66.851634,3.8692909799999997,45.952918,81.21442639009764,4.624539999999996,5.7171857,0.9424500000000009,24.91776913684816,3.289257038532753,6.86929098,3.5924103,False,0.9325643015449327,0.9325609187693925,1.6158553803457323,1.6158553029974214,3.3827755402393578e-06,7.734831086736449e-08,0.004653968073400565,0.9997305167672603,-0.02274278842706524,0.1996762363281985,0.0,-0.9798619293787291
452,06262025084149383,0,0,Archery,0,0.0,0,66.851634,3.8692909799999997,45.952918,81.21442639009764,4.624539999999996,5.7171857,0.9424500000000009,24.91776913684816,3.289257038532753,6.86929098,3.5924103,False,0.9325643015449327,0.9325609187693925,1.6158553803457323,1.6158553029974214,3.3827755402393578e-06,7.734831086736449e-08,0.004653968073400565,0.9997305167672603,-0.02274278842706524,0.1996762363281985,0.0,-0.9798619293787291
453,06262025084149587,0,0,Archery,0,0.0,0,66.851634,3.8692909799999997,45.952918,81.21442639009764,4.624539999999996,5.7171857,0.9424500000000009,24.91776913684816,3.289257038532753,6.86929098,3.5924103,False,0.9325643015449327,0.9325609187693925,1.6158553803457323,1.6158553029974214,3.3827755402393578e-06,7.734831086736449e-08,0.004653968073400565,0.9997305167672603,-0.02274278842706524,0.1996762363281985,0.0,-0.9798619293787291
454,06262025084149792,0,0,Archery,0,0.0,0,66.851634,3.8692909799999997,45.952918,81.21442639009764,4.624539999999996,5.7171857,0.9424500000000009,24.91776913684816,3.289257038532753,6.86929098,3.5924103,False,0.9325643015449327,0.9325609187693925,1.6158553803457323,1.6158553029974214,3.3827755402393578e-06,7.734831086736449e-08,0.004653968073400565,0.9997305167672603,-0.02274278842706524,0.1996762363281985,0.0,-0.9798619293787291
455,06262025084149984,0,0,Archery,0,0.0,0,66.851634,3.8692909799999997,45.952918,81.21442639009764,4.624539999999996,5.7171857,0.9424500000000009,24.91776913684816,3.289257038532753,6.86929098,3.5924103,False,0.9325643015449327,0.9325609187693925,1.6158553803457323,1.6158553029974214,3.3827755402393578e-06,7.734831086736449e-08,0.004653968073400565,0.9997305167672603,-0.02274278842706524,0.1996762363281985,0.0,-0.9798619293787291
456,06262025084150185,0,0,Archery,0,0.0,0,66.851634,3.8692909799999997,45.952918,81.21442639009764,4.624539999999996,5.7171857,0.9424500000000009,24.91776913684816,3.289257038532753,6.86929098,3.5924103,False,0.9325643015449327,0.9325609187693925,1.6158553803457323,1.6158553029974214,3.3827755402393578e-06,7.734831086736449e-08,0.004653968073400565,0.9997305167672603,-0.02274278842706524,0.1996762363281985,0.0,-0.9798619293787291
457,06262025084150380,0,0,Archery,0,0.0,0,66.851634,3.8692909799999997,45.952918,81.21442639009764,4.624539999999996,5.7171857,0.9424500000000009,24.91776913684816,3.289257038532753,6.86929098,3.5924103,False,0.9325643015449327,0.9325609187693925,1.6158553803457323,1.6158553029974214,3.3827755402393578e-06,7.734831086736449e-08,0.004653968073400565,0.9997305167672603,-0.02274278842706524,0.1996762363281985,0.0,-0.9798619293787291
458,06262025084150579,0,0,Archery,0,0.0,0,66.851634,3.8692909799999997,45.952918,81.21442639009764,4.624539999999996,5.7171857,0.9424500000000009,24.91776913684816,3.289257038532753,6.86929098,3.5924103,False,0.9325643015449327,0.9325609187693925,1.6158553803457323,1.6158553029974214,3.3827755402393578e-06,7.734831086736449e-08,0.004653968073400565,0.9997305167672603,-0.02274278842706524,0.1996762363281985,0.0,-0.9798619293787291
459,06262025084150781,0,0,Archery,0,0.0,0,66.851634,3.8692909799999997,45.952918,81.21442639009764,4.624539999999996,5.7171857,0.9424500000000009,24.91776913684816,3.289257038532753,6.86929098,3.5924103,False,0.9325643015449327,0.9325609187693925,1.6158553803457323,1.6158553029974214,3.3827755402393578e-06,7.734831086736449e-08,0.004653968073400565,0.9997305167672603,-0.02274278842706524,0.1996762363281985,0.0,-0.9798619293787291
460,06262025084150987,0,0,Archery,0,0.0,0,66.851634,3.8692909799999997,45.952918,81.21442639009764,4.624539999999996,5.7171857,0.9424500000000009,24.91776913684816,3.289257038532753,6.86929098,3.5924103,False,0.9325643015449327,0.9325609187693925,1.6158553803457323,1.6158553029974214,3.3827755402393578e-06,7.734831086736449e-08,0.004653968073400565,0.9997305167672603,-0.02274278842706524,0.1996762363281985,0.0,-0.9798619293787291
461,06262025084151190,0,0,Archery,0,0.0,0,66.851634,3.8692909799999997,45.952918,81.21442639009764,4.624539999999996,5.7171857,0.9424500000000009,24.91776913684816,3.289257038532753,6.86929098,3.5924103,False,0.9325643015449327,0.9325609187693925,1.6158553803457323,1.6158553029974214,3.3827755402393578e-06,7.734831086736449e-08,0.004653968073400565,0.9997305167672603,-0.02274278842706524,0.1996762363281985,0.0,-0.9798619293787291
462,06262025084151379,0,0,Archery,0,0.0,0,66.851634,3.8692909799999997,45.952918,81.21442639009764,4.624539999999996,5.7171857,0.9424500000000009,24.91776913684816,3.289257038532753,6.86929098,3.5924103,False,0.9325643015449327,0.9325609187693925,1.6158553803457323,1.6158553029974214,3.3827755402393578e-06,7.734831086736449e-08,0.004653968073400565,0.9997305167672603,-0.02274278842706524,0.1996762363281985,0.0,-0.9798619293787291
463,06262025084151586,0,0,Archery,0,0.0,0,66.851634,3.8692909799999997,45.952918,81.21442639009764,4.624539999999996,5.7171857,0.9424500000000009,24.91776913684816,3.289257038532753,6.86929098,3.5924103,False,0.9325643015449327,0.9325609187693925,1.6158553803457323,1.6158553029974214,3.3827755402393578e-06,7.734831086736449e-08,0.004653968073400565,0.9997305167672603,-0.02274278842706524,0.1996762363281985,0.0,-0.9798619293787291
464,06262025084152815,0,0,Archery,0,0.0,0,66.851634,3.8692909799999997,45.952918,81.21442639009764,4.624539999999996,5.7171857,0.9424500000000009,24.91776913684816,3.289257038532753,6.86929098,3.5924103,False,0.9325643015449327,0.9325609187693925,1.6158553803457323,1.6158553029974214,3.3827755402393578e-06,7.734831086736449e-08,0.004653968073400565,0.9997305167672603,-0.02274278842706524,0.1996762363281985,0.0,-0.9798619293787291
465,06262025084153037,0,0,Archery,0,0.0,0,66.851634,3.8692909799999997,45.952918,81.21442639009764,4.624539999999996,5.7171857,0.9424500000000009,24.91776913684816,3.289257038532753,6.86929098,3.5924103,False,0.9325643015449327,0.9325609187693925,1.6158553803457323,1.6158553029974214,3.3827755402393578e-06,7.734831086736449e-08,0.004653968073400565,0.9997305167672603,-0.02274278842706524,0.1996762363281985,0.0,-0.9798619293787291
466,06262025084153257,0,0,Archery,0,0.0,0,66.851634,3.8692909799999997,45.952918,81.21442639009764,4.624539999999996,5.7171857,0.9424500000000009,24.91776913684816,3.289257038532753,6.86929098,3.5924103,False,0.9325643015449327,0.9325609187693925,1.6158553803457323,1.6158553029974214,3.3827755402393578e-06,7.734831086736449e-08,0.004653968073400565,0.9997305167672603,-0.02274278842706524,0.1996762363281985,0.0,-0.9798619293787291
467,06262025084153473,0,0,Archery,0,0.0,0,66.851634,3.8692909799999997,45.952918,81.21442639009764,4.624539999999996,5.7171857,0.9424500000000009,24.91776913684816,3.289257038532753,6.86929098,3.5924103,False,0.9325643015449327,0.9325609187693925,1.6158553803457323,1.6158553029974214,3.3827755402393578e-06,7.734831086736449e-08,0.004653968073400565,0.9997305167672603,-0.02274278842706524,0.1996762363281985,0.0,-0.9798619293787291
468,06262025084153689,0,0,Archery,0,0.0,0,66.851634,3.8692909799999997,45.952918,81.21442639009764,4.624539999999996,5.7171857,0.9424500000000009,24.91776913684816,3.289257038532753,6.86929098,3.5924103,False,0.9325643015449327,0.9325609187693925,1.6158553803457323,1.6158553029974214,3.3827755402393578e-06,7.734831086736449e-08,0.004653968073400565,0.9997305167672603,-0.02274278842706524,0.1996762363281985,0.0,-0.9798619293787291
469,06262025084153915,0,0,Archery,0,0.0,0,66.851634,3.8692909799999997,45.952918,81.21442639009764,4.624539999999996,5.7171857,0.9424500000000009,24.91776913684816,3.289257038532753,6.86929098,3.5924103,False,0.9325643015449327,0.9325609187693925,1.6158553803457323,1.6158553029974214,3.3827755402393578e-06,7.734831086736449e-08,0.004653968073400565,0.9997305167672603,-0.02274278842706524,0.1996762363281985,0.0,-0.9798619293787291
470,06262025084154137,0,0,Archery,0,0.0,0,66.851634,3.8692909799999997,45.952918,81.21442639009764,4.624539999999996,5.7171857,0.9424500000000009,24.91776913684816,3.289257038532753,6.86929098,3.5924103,False,0.9325643015449327,0.9325609187693925,1.6158553803457323,1.6158553029974214,3.3827755402393578e-06,7.734831086736449e-08,0.004653968073400565,0.9997305167672603,-0.02274278842706524,0.1996762363281985,0.0,-0.9798619293787291
471,06262025084154351,0,0,Archery,0,0.0,0,66.851634,3.8692909799999997,45.952918,81.21442639009764,4.624539999999996,5.7171857,0.9424500000000009,24.91776913684816,3.289257038532753,6.86929098,3.5924103,False,0.9325643015449327,0.9325609187693925,1.6158553803457323,1.6158553029974214,3.3827755402393578e-06,7.734831086736449e-08,0.004653968073400565,0.9997305167672603,-0.02274278842706524,0.1996762363281985,0.0,-0.9798619293787291
472,06262025084154569,0,0,Archery,0,0.0,0,66.851634,3.8692909799999997,45.952918,81.21442639009764,4.624539999999996,5.7171857,0.9424500000000009,24.91776913684816,3.289257038532753,6.86929098,3.5924103,False,0.9325643015449327,0.9325609187693925,1.6158553803457323,1.6158553029974214,3.3827755402393578e-06,7.734831086736449e-08,0.004653968073400565,0.9997305167672603,-0.02274278842706524,0.1996762363281985,0.0,-0.9798619293787291
473,06262025084154795,0,0,Archery,0,0.0,0,66.851634,3.8692909799999997,45.952918,81.21442639009764,4.624539999999996,5.7171857,0.9424500000000009,24.91776913684816,3.289257038532753,6.86929098,3.5924103,False,0.9325643015449327,0.9325609187693925,1.6158553803457323,1.6158553029974214,3.3827755402393578e-06,7.734831086736449e-08,0.004653968073400565,0.9997305167672603,-0.02274278842706524,0.1996762363281985,0.0,-0.9798619293787291
474,06262025084155016,0,0,Archery,0,0.0,0,66.851634,3.8692909799999997,45.952918,81.21442639009764,4.624539999999996,5.7171857,0.9424500000000009,24.91776913684816,3.289257038532753,6.86929098,3.5924103,False,0.9325643015449327,0.9325609187693925,1.6158553803457323,1.6158553029974214,3.3827755402393578e-06,7.734831086736449e-08,0.004653968073400565,0.9997305167672603,-0.02274278842706524,0.1996762363281985,0.0,-0.9798619293787291
475,06262025084155243,0,0,Archery,0,0.0,0,66.851634,3.8692909799999997,45.952918,81.21442639009764,4.624539999999996,5.7171857,0.9424500000000009,24.91776913684816,3.289257038532753,6.86929098,3.5924103,False,0.9325643015449327,0.9325609187693925,1.6158553803457323,1.6158553029974214,3.3827755402393578e-06,7.734831086736449e-08,0.004653968073400565,0.9997305167672603,-0.02274278842706524,0.1996762363281985,0.0,-0.9798619293787291
476,06262025084155484,0,0,Archery,0,0.0,0,66.851634,3.8692909799999997,45.952918,81.21442639009764,4.624539999999996,5.7171857,0.9424500000000009,24.91776913684816,3.289257038532753,6.86929098,3.5924103,False,0.9325643015449327,0.9325609187693925,1.6158553803457323,1.6158553029974214,3.3827755402393578e-06,7.734831086736449e-08,0.004653968073400565,0.9997305167672603,-0.02274278842706524,0.1996762363281985,0.0,-0.9798619293787291
477,06262025084155698,0,0,Archery,0,0.0,0,66.851634,3.8692909799999997,45.952918,81.21442639009764,4.624539999999996,5.7171857,0.9424500000000009,24.91776913684816,3.289257038532753,6.86929098,3.5924103,False,0.9325643015449327,0.9325609187693925,1.6158553803457323,1.6158553029974214,3.3827755402393578e-06,7.734831086736449e-08,0.004653968073400565,0.9997305167672603,-0.02274278842706524,0.1996762363281985,0.0,-0.9798619293787291
478,06262025084155915,0,0,Archery,0,0.0,0,66.851634,3.8692909799999997,45.952918,81.21442639009764,4.624539999999996,5.7171857,0.9424500000000009,24.91776913684816,3.289257038532753,6.86929098,3.5924103,False,0.9325643015449327,0.9325609187693925,1.6158553803457323,1.6158553029974214,3.3827755402393578e-06,7.734831086736449e-08,0.004653968073400565,0.9997305167672603,-0.02274278842706524,0.1996762363281985,0.0,-0.9798619293787291
479,06262025084156133,0,0,Archery,0,0.0,0,66.851634,3.8692909799999997,45.952918,81.21442639009764,4.624539999999996,5.7171857,0.9424500000000009,24.91776913684816,3.289257038532753,6.86929098,3.5924103,False,0.9325643015449327,0.9325609187693925,1.6158553803457323,1.6158553029974214,3.3827755402393578e-06,7.734831086736449e-08,0.004653968073400565,0.9997305167672603,-0.02274278842706524,0.1996762363281985,0.0,-0.9798619293787291
480,06262025084156359,0,0,Archery,0,0.0,0,66.851634,3.8692909799999997,45.952918,81.21442639009764,4.624539999999996,5.7171857,0.9424500000000009,24.91776913684816,3.289257038532753,6.86929098,3.5924103,False,0.9325643015449327,0.9325609187693925,1.6158553803457323,1.6158553029974214,3.3827755402393578e-06,7.734831086736449e-08,0.004653968073400565,0.9997305167672603,-0.02274278842706524,0.1996762363281985,0.0,-0.9798619293787291
481,06262025084156584,1,1,Archery,0,0.0,0,55.891478000000006,3.67049904,37.423491,67.36354767123096,2.0490000000000066,5.442497100000001,1.9599000000000046,21.856170885828334,3.0730486864342272,6.67049904,3.7701349,False,0.705416363108342,0.9036173778436359,1.6176968331423573,1.5254596178431779,0.19820101473529395,0.0922372152991795,0.09128610418812313,0.9745177428278957,0.2048951343877605,-0.7808501501846032,0.0,0.6247183709133921
482,06262025084156795,1,1,Archery,0,0.0,0,55.971953,3.81084149,37.453469999999996,67.45475854628059,2.53754,5.5044607,1.619329999999998,22.618460092811198,3.205410492473694,6.81084149,3.7686292999999997,False,0.8280678224058695,0.7565412250604721,1.6171113214411956,1.5338736643657322,0.07152659734539746,0.08323765707546338,0.12380942989902173,0.9914158717927208,0.04202135439938305,-0.267712464799502,0.0,0.9634988511622499
483,06262025084157014,1,1,Archery,0,0.0,0,55.97538199999999,3.84579271,37.419782000000005,67.44088964820776,2.6998199999999954,5.5303188,1.523219999999995,22.742992646250627,3.2303494001409003,6.84579271,3.7456722,False,0.8382446183095937,0.8368389174440894,1.6125007068791057,1.5431648147738588,0.001405700865504289,0.06933589210524693,0.12019840572182544,0.9925946969879277,0.017553084440501816,-0.23101717045060355,0.0,0.9729496733937458
484,06262025084157244,1,1,Archery,0,0.0,0,55.965012,3.71512223,37.382415,67.40422577684733,2.559889999999996,5.5535494,1.4284700000000043,20.30780886257185,3.071332372413103,6.71512223,3.7489166000000003,False,0.760035627039278,0.7768985330948979,1.54909395703685,1.550807016474055,0.01686290605561991,0.0017130594372050112,0.07847100031048045,0.9966648480425029,0.022393811347940114,-0.47994984496876847,0.0,0.8772959285865033
485,06262025084157463,1,1,Archery,0,0.0,0,55.957221000000004,3.6741532999999995,37.406476999999995,67.40886073852808,2.4955300000000022,5.5758065000000006,1.3829100000000025,19.242628968893445,3.0634180490521743,6.6741532999999995,3.7307725,False,0.7527434205650724,0.7456730349885298,1.5497474007954475,1.5632330530366378,0.007070385576542604,0.01348565224119036,0.028677246172973674,0.9979626413384854,0.05699282450140754,-0.5856121398193954,0.0,0.8105914024316744
486,06262025084157679,1,1,Archery,0,0.0,0,55.960474999999995,3.7125762399999993,37.442766,67.43380984561226,2.392160000000004,5.5815401,1.3654499999999956,18.23140232970034,3.122105879007974,6.712576239999999,3.7196479,False,0.7344339569144401,0.778510924707543,1.5597925140063482,1.567693566449518,0.044076967793102884,0.007901052443169743,0.008582162053927974,0.9978540045801129,0.06491326550029747,-0.5443415500366214,0.0,0.838863681955375
487,06262025084157897,1,1,Archery,0,0.0,0,55.989368,3.71750646,37.462646,67.46909684174587,1.7964699999999993,5.5870274,1.7770200000000003,17.83582021883727,3.12179516215647,6.71750646,3.7193906,False,0.7044468284753619,0.7672206545212396,1.5681180900445586,1.5696331761542766,0.06277382604587767,0.0015150861097179558,0.0004601355300399895,0.9986176365728892,0.05256048136072577,-0.2980272058812609,0.0,0.9545573762506938
488,06262025084158127,1,1,Archery,0,0.0,0,55.955616,3.72147255,37.463488,67.44177676341278,1.7042900000000003,5.5843792,1.8875400000000013,17.964476266589685,3.114601621938601,6.72147255,3.7290678,False,0.7090381773219308,0.760173049288124,1.575552251253666,1.5713675753167486,0.05113487196619326,0.0041846759369172926,-0.015115868383051968,0.9992511612761459,0.035617793464784574,-0.28505338059408586,0.0,0.9585116432322996
489,06262025084158336,1,1,Archery,0,0.0,0,55.931707,3.72838814,37.462773,67.4219258617393,1.8091500000000025,5.5835507,1.8743299999999934,18.933508412095065,3.1180986663856,6.72838814,3.7326653,False,0.7248807832768073,0.7593799413607117,1.5807284686841103,1.572384736579215,0.03449915808390447,0.008343732104895363,-0.027710630781225425,0.9992785150580867,0.02597249092812601,-0.3363324811470542,0.0,0.9417433101039085
490,06262025084158551,1,1,Archery,0,0.0,0,55.920632999999995,3.73360011,37.470949000000005,67.41757177370512,1.944189999999999,5.5831759000000005,1.8374099999999984,19.94463493074829,3.125367507004946,6.733600109999999,3.7332351,False,0.7348597303900899,0.7612397302006729,1.5820360210655753,1.5726208697980608,0.026379999810583032,0.009415151267514466,-0.024753726374170323,0.9994329475143612,0.02282622293215794,-0.37477440529469286,0.0,0.9271160365002912
491,06262025084158776,1,1,Archery,0,0.0,0,55.908513000000006,3.7367089899999995,37.472522,67.40856566481445,2.0442199999999957,5.582794700000001,1.7949199999999976,20.484453747186432,3.1305941561991295,6.7367089899999995,3.7336223,False,0.7407197066698031,0.7598545132727719,1.5823013739890253,1.5721946885492548,0.019134806602968735,0.010106685439770446,-0.016255162339009047,0.9996431653974429,0.021196970809832336,-0.4186689717484298,0.0,0.908138916738575
492,06262025084158984,1,1,Archery,0,0.0,0,55.870784,3.7661010700000004,37.474068,67.37977288855117,2.373739999999998,5.580897,1.649160000000002,21.847409451193393,3.1679804685157196,6.76610107,3.737272,False,0.7653652116218742,0.7864202774986169,1.5788269722031232,1.568607056793065,0.021055065876742662,0.010219915410058178,0.0010901866120127596,0.9997847539700451,0.020718523649314046,-0.6058878474645912,0.0,0.7955500715195268
493,06262025084159215,1,1,Archery,0,0.0,0,55.85243600000001,3.7631838699999998,37.417835,67.33313104305154,2.635530000000003,5.574271700000001,1.4223499999999945,20.89597184346109,3.166298266070327,6.76318387,3.7417643,False,0.7989243260591069,0.8626299273153017,1.5723480467327717,1.561194576118328,0.06370560125619484,0.011153470614443828,0.045454797595873085,0.9986242827276421,0.026141983899862168,-0.8221612832540588,0.0,0.5692546216922965
494,06262025084159449,1,1,Archery,0,0.0,0,55.865853,3.7550821400000003,37.399826,67.33380397783888,2.655470000000001,5.574251,1.3534000000000006,20.033373680439617,3.1598191384304717,6.755082140000001,3.7381159999999998,False,0.7974116113802224,0.8693738354102958,1.5701577329642908,1.5590267062818381,0.07196222403007335,0.011131026682452694,0.06898252800703224,0.9972145719827831,0.02836385472663631,-0.8448395436208339,0.0,0.5350197618168333
495,06262025084159676,1,1,Archery,0,0.0,0,55.892562999999996,3.7373597100000007,37.417497999999995,67.36479505565873,2.4828699999999984,5.5755321,1.4837699999999998,20.540304971609874,3.1453260529383558,6.737359710000001,3.7352829,False,0.7567642588818561,0.8687411753157549,1.5697000634307319,1.5585532992873894,0.11197691643389884,0.01114676414334248,0.06974629080435064,0.9971805997163908,0.027682241027308374,-0.7810085303810435,0.0,0.624520356331195
496,06262025084159890,1,1,Archery,0,0.0,0,55.890814999999996,3.7354280500000003,37.427992,67.36906715424384,2.4442200000000014,5.5775302,1.5304799999999972,20.864591325344705,3.143418089432516,6.73542805,3.7325208,False,0.7534173047315803,0.8773299092023487,1.5701989148315223,1.5587960965006424,0.12391260447076835,0.01140281833087986,0.06632937803373176,0.9974588640719404,0.026004386052603495,-0.7837856756342745,0.0,0.6210314119837449
497,06262025084200118,1,1,Archery,0,0.0,0,55.887,3.748314589999999,37.425259,67.36509958786291,2.595869999999998,5.579337499999999,1.4104499999999973,20.42787857461245,3.1583113915295455,6.748314589999999,3.7294295,False,0.8017217101719285,0.8408780742539269,1.5718623871340516,1.5590230320435445,0.03915636408199841,0.012839355090507043,0.06269523213504997,0.9977527561582749,0.023637796980646837,-0.7938410920889593,0.0,0.6081252506770366
498,06262025084200353,1,1,Archery,0,0.0,0,55.827792,3.7585260099999998,37.382755,67.29293609847275,2.769280000000002,5.5798759,1.1570999999999998,17.87978543720451,3.1745416597897105,6.75852601,3.7262561,False,0.8443187723934572,0.9325558384354261,1.5720289740854008,1.5590456186230122,0.0882370660419689,0.012983355462388602,0.0650317375907475,0.997563029110838,0.02527599764870412,-0.954029526533235,0.0,0.29971263320516106
499,06262025084200572,1,1,Archery,0,0.0,0,55.82491699999999,3.7549675899999997,37.375806999999995,67.28649261597819,2.811399999999999,5.5778210999999995,1.0280500000000004,16.121351929587146,3.1751078817293297,6.75496759,3.7249689,False,0.8570004722431582,0.9212271730686185,1.5711163916145723,1.558554138919149,0.06422670082546023,0.012562252695423215,0.07941982363624578,0.9962606720358216,0.03401712757304198,-0.9509345804902809,0.0,0.3093920225664738
500,06262025084200794,1,1,Archery,0,0.0,0,55.848934,3.751821100000001,37.392050999999995,67.31526623648874,2.8022400000000047,5.5735218,1.3183599999999984,20.590602275062963,3.1760933053952636,6.751821100000001,3.7249742,False,0.8599135177219884,0.8343455084921364,1.5697244360620881,1.557678450415502,0.02556800922985203,0.01204598564658621,0.0913135143750927,0.994876802792141,0.04338190127872556,-0.8996401637082576,0.0,0.4366320829290713
501,06262025084201061,1,1,Archery,0,0.0,0,55.85784199999999,3.7497177300000004,37.381422,67.31663692352525,2.8350599999999986,5.5706983,1.3009500000000003,20.54624669984367,3.1748403754015584,6.74971773,3.7246027,False,0.8757533731142575,0.8388999116849382,1.5692863103146475,1.5566143292628678,0.036853461429319334,0.01267198105177969,0.10197250965667568,0.9934102218025295,0.05232340291464612,-0.9193171150168884,0.0,0.3935175244344594
502,06262025084201292,1,1,Archery,0,0.0,0,55.864205000000005,3.750315549999999,37.37982,67.321060673752,2.836820000000003,5.5685134000000005,1.262990000000002,19.951289072917266,3.1777873520826554,6.750315549999999,3.7233806,False,0.877381237160338,0.856505893516791,1.5707032961290965,1.5557897766894355,0.02087534364354704,0.014913519439661016,0.10672585837322689,0.9925315076096226,0.0590829717995602,-0.9294401343212129,0.0,0.36897294848398554
503,06262025084201520,1,1,Archery,0,0.0,0,55.876377000000005,3.738343869999999,37.394998,67.33892334271837,2.7520200000000017,5.5697624999999995,1.234569999999998,18.92360969508177,3.1704047952787957,6.73834387,3.7224345,False,0.8440232086980808,0.8629607271602806,1.5725503900181506,1.5556307692547884,0.01893751846219982,0.016919620763362175,0.10940790802766046,0.9922801605694379,0.05839514193236855,-0.9061806338832095,0.0,0.42289083552971984
504,06262025084201755,1,1,Archery,0,0.0,0,55.86627699999999,3.72815814,37.376008,67.31943287768874,2.708590000000001,5.5712864,1.0151400000000024,15.318798235916907,3.159086650678266,6.72815814,3.7236536,False,0.8349883667716561,0.923735676115742,1.5729005001690461,1.555287484250344,0.08874730934408592,0.017613015918702235,0.100968228789812,0.9934124951672468,0.05419438366318861,-0.9473387638346599,0.0,0.3202331440313735
505,06262025084201973,1,1,Archery,0,0.0,0,55.869579,3.7302544400000004,37.404587,67.33815994267255,2.683819999999997,5.5722228,1.2059099999999958,18.034194716216135,3.1625494449284255,6.73025444,3.7277062,False,0.8292665609440706,0.8626852151022354,1.5717455979459407,1.5541947598774213,0.03341865415816481,0.017550838068519425,0.0811255047080767,0.9957013160445144,0.044693866615923346,-0.8855259823935634,0.0,0.4645898562236527
506,06262025084202195,1,1,Archery,0,0.0,0,55.865147,3.726819139999999,37.407268,67.33578193989956,2.691659999999999,5.5706217,1.2832799999999978,19.241782134732592,3.1553086996254573,6.726819139999999,3.7346883,False,0.8278664554872393,0.8320419639513381,1.5687418499284087,1.5528160967054945,0.004175508464098865,0.01592575322291423,0.05693722704517476,0.9977686847500314,0.034868379781671004,-0.8638284470924344,0.0,0.503786079595172
507,06262025084202425,1,1,Archery,0,0.0,0,55.86101299999999,3.7260320200000003,37.401987,67.32937486378736,2.6988699999999994,5.5670096,1.2621800000000007,18.963794055665677,3.1513381856930045,6.72603202,3.7384794,False,0.8276087431727639,0.8382357654771115,1.5668533213896045,1.5522198059289019,0.010627022304347644,0.014633515460702684,0.04822334004896346,0.9983114345673405,0.03238501330276862,-0.8710804023610482,0.0,0.49114044083389646
508,06262025084202655,1,1,Archery,0,0.0,0,55.859449999999995,3.72557441,37.396983,67.32527308885747,2.707720000000002,5.5636535,1.2429400000000044,18.72466221883864,3.1473439570013064,6.72557441,3.7420335,False,0.829270703871784,0.8445397157031754,1.5671538933461389,1.551766338003327,0.0152690118313914,0.015387555342811776,0.05118558517958497,0.9981982105053532,0.03131083540459917,-0.8797140040565419,0.0,0.47550317671578857
509,06262025084202880,1,1,Archery,0,0.0,0,55.842997000000004,3.716939359999999,37.36763499999999,67.29484451011943,2.723080000000003,5.5587794,1.1363600000000034,17.20108246607822,3.1345767479472944,6.71693936,3.7451746,False,0.8341966777690981,0.9102227293338728,1.5679756251409016,1.5513018867277115,0.07602605156477471,0.016673738413190087,0.05407089533732165,0.9980262524080904,0.03193646476495383,-0.9411693478204225,0.0,0.33793528777456877
510,06262025084203120,1,1,Archery,0,0.0,0,55.836293999999995,3.7350315499999995,37.372303,67.2928764421446,2.75009,5.5555164999999995,1.1095899999999972,16.952505062495998,3.144212124697458,6.7350315499999995,3.7545865000000003,False,0.8401163662142326,0.9126024002406539,1.5669779864596056,1.550168049134109,0.07248603402642129,0.016809937325496627,0.05616401659011038,0.9980422575727762,0.02751827282919255,-0.9457811101828496,0.0,0.32480469765891096
511,06262025084203362,1,1,Archery,0,0.0,0,55.836171,3.74004409,37.367298,67.2902733057103,2.7694600000000023,5.549004900000001,1.0803299999999965,16.6022382357287,3.1444932800284233,6.74004409,3.7591901,False,0.8441496782923051,0.9086468459357614,1.5653993211737498,1.548251112238583,0.06449716764345625,0.017148208935166886,0.06507966567184635,0.9975601972031742,0.025264403258437665,-0.9485026417797457,0.0,0.3167692196802638
512,06262025084203598,1,1,Archery,0,0.0,0,55.837445,3.7354847000000007,37.358481999999995,67.28618199464347,2.774729999999998,5.5442266,1.0669699999999978,16.413980397407546,3.135691574193081,6.735484700000001,3.7631254,False,0.845710084738854,0.9060639489467638,1.5664669733062864,1.5466600129608827,0.06035386420790978,0.019806960345403635,0.06671802505914888,0.9975370601497769,0.021645294175567688,-0.9525206528723417,0.0,0.3044739822245046
513,06262025084203831,1,1,Archery,0,0.0,0,55.837783,3.7364608400000003,37.354817,67.28448188897222,2.779820000000001,5.5408957999999995,1.0572799999999987,16.284959215662646,3.1343107086172552,6.73646084,3.7659802,False,0.8462664107383644,0.905189382229488,1.5684775054864009,1.5455139385082348,0.05892297149112358,0.02296356697816604,0.06864648459315091,0.9974670229161645,0.018633259182602283,-0.9543501397399978,0.0,0.29869015848910524
514,06262025084204094,1,1,Archery,0,0.0,0,55.839162,3.73718155,37.351716,67.28394479327561,2.785420000000002,5.5385802,1.0417300000000012,16.071052123776372,3.1338138336039614,6.73718155,3.7672188,False,0.8478478501718381,0.9051451163923958,1.5689324802451161,1.5447927652712004,0.05729726622055775,0.02413971497391576,0.07114557686589469,0.9973167385542596,0.017251953278208214,-0.9565429691722929,0.0,0.291591406126885
515,06262025084204349,1,1,Archery,0,0.0,0,55.839359,3.7376133699999996,37.346848,67.28142999944032,2.7904300000000006,5.5361633,1.017630000000004,15.720629265870837,3.1332830723184912,6.73761337,3.7679887,False,0.8501856453510623,0.9053391594253505,1.5678428340557609,1.5439663118209825,0.055153514074288146,0.02387652223477832,0.06967439583533322,0.9974562709700224,0.015048789571206178,-0.9597915512359465,0.0,0.28071369431521387
516,06262025084204603,1,1,Archery,0,0.0,0,55.84182300000001,3.7378167099999997,37.343962,67.28188439378262,2.7919300000000007,5.534899599999999,1.009120000000003,15.593984076658927,3.132706681966704,6.73781671,3.7681684,False,0.8509193542052015,0.9054351700486364,1.566684671820111,1.5434794053087209,0.0545158158434349,0.02320526651139021,0.07993421577169076,0.996673005079904,0.015919864759431246,-0.9616121860162815,0.0,0.2744121056094075
517,06262025084204871,1,1,Archery,0,0.0,0,55.84738600000001,3.7393840500000004,37.353381999999996,67.2918172064354,2.7952299999999966,5.5344141,1.1366300000000038,17.583621003912675,3.1353463768921794,6.73938405,3.7677109,False,0.8519189403200259,0.8750779278835666,1.56571040764305,1.543200974321107,0.023158987563540734,0.022509433321942884,0.080510127017372,0.9966483640463594,0.014496823492134273,-0.9439205538024696,0.0,0.3301726640853829
518,06262025084205163,1,1,Archery,0,0.0,0,55.841174,3.7482769000000005,37.332417,67.27552045491167,2.8606300000000005,5.5315389999999995,1.1147400000000047,17.63929618820414,3.141828675431398,6.7482769000000005,3.765842,False,0.8822812904057278,0.8841265986978318,1.5650359182459683,1.5431532468112172,0.0018453082921040531,0.02188267143475109,0.09436107445371016,0.9953226156947271,0.020709377454376364,-0.97003764075585,0.0,0.24295467790685726
519,06262025084205468,1,1,Archery,0,0.0,0,55.85325399999999,3.77013776,37.308418,67.27345668821113,2.8450699999999998,5.527277499999999,1.2102000000000004,19.030989688558638,3.155782183557592,6.77013776,3.7579155,False,0.9147653008947159,0.8759225506065017,1.5672800660438486,1.5438320910060939,0.038842750288214156,0.023447975037754754,0.12218369204619137,0.9916580598988097,0.04105408183956944,-0.988824057987256,0.0,0.14908716358431268
520,06262025084205748,1,1,Archery,0,0.0,0,55.86806899999999,3.7550383000000003,37.28051800000001,67.26944677022067,2.6944700000000026,5.525184,1.134520000000002,16.890101301949258,3.140750215070265,6.755038300000001,3.74388,False,0.9286234167524562,0.9018019034688289,1.5739061432258272,1.5462515346375578,0.026821513283627252,0.027654608588269403,0.14967308646164237,0.9861071107214323,0.07204674436554835,-0.9999997339584518,0.0,-0.0007294402140368463
521,06262025084206031,1,1,Archery,0,0.0,0,55.873931000000006,3.75248008,37.257991000000004,67.26169166397497,2.544070000000005,5.5200295,1.1736199999999997,16.48154639262531,3.1366626181617963,6.75248008,3.7369215000000002,False,0.9325457161362122,0.9130794993076988,1.5793181706795143,1.5462957652733336,0.01946621682851335,0.03302240540618073,0.15794218161651444,0.9828796306498764,0.09487833746318751,-0.995055455909463,0.0,-0.0993208923883136
522,06262025084206326,1,1,Archery,0,0.0,0,55.882627,3.7600259100000004,37.253130000000006,67.26664470643604,2.410409999999999,5.5176279,1.2612400000000008,16.77417097209153,3.148102655042809,6.76002591,3.7302091,False,0.9325416569805342,0.9177474971886328,1.5811910967255027,1.546042347656756,0.014794159791901351,0.035148749068746765,0.17282063251784494,0.9783554292610339,0.11381424784090066,-0.991527243507547,0.0,-0.12989890446930477
523,06262025084206604,1,1,Archery,0,0.0,0,55.89312700000001,3.7654764,37.247314,67.27245244951074,2.3708799999999997,5.5222114,1.277160000000002,16.72121802035913,3.1564453130113357,6.7654764,3.7263696,False,0.9325506166021171,0.9209858549402401,1.580167180284719,1.546736982249651,0.011564761661877032,0.03343019803506797,0.17080726266284055,0.9788182229254038,0.11287056963966306,-0.9884036585150962,0.0,-0.1518492931625728
524,06262025084206884,1,1,Archery,0,0.0,0,55.892728999999996,3.76757569,37.24134900000001,67.26893679096706,2.25009,5.528696,1.3664400000000043,16.998600481862656,3.162567217027564,6.76757569,3.7233039999999997,False,0.9319726691829577,0.9254298553650582,1.5792963249594467,1.5479113171267267,0.006542813817899562,0.031385007832720024,0.17050927602977314,0.9790066287214132,0.1116808296321954,-0.9831379341097823,0.0,-0.18286553123634078
525,06262025084207170,1,1,Archery,0,0.0,0,55.85800400000001,3.78131289,37.182629,67.20835392559275,1.9447800000000015,5.5337783,1.6988599999999963,18.283099657112782,3.1753881496786382,6.781312890000001,3.7256877,False,0.9184823157274169,0.9321444922864682,1.5793047871865147,1.5522792528966225,0.013662176559051331,0.027025534289892184,0.1705784781872793,0.9737325522062533,0.15082406821594488,-0.9486368330875157,0.0,-0.3163671267841984
526,06262025084207485,1,1,Archery,0,0.0,0,55.879802,3.7770687499999993,37.172869,67.22083538303129,1.7922200000000004,5.5425308,1.7812799999999953,17.694228295893716,3.1781330830803807,6.77706875,3.7157812,False,0.9145961308298831,0.9306704419121744,1.581097882196321,1.5591179767621948,0.016074311082291293,0.021979905434126312,0.16883909911562667,0.9718033431523626,0.16459532450138067,-0.9345264233243505,0.0,-0.35589375396120243
527,06262025084207768,1,1,Archery,0,0.0,0,55.904647,3.7537118400000002,37.156059,67.23089043872501,1.7363700000000009,5.5455373,1.7088499999999982,16.45469539844586,3.1534571865772123,6.75371184,3.7104387,False,0.9177779075402693,0.9309501474305706,1.5824023644236915,1.5626728960904426,0.013172239890301252,0.019729468333248956,0.17207459889972399,0.9705098584447618,0.1688222351321872,-0.912819348220209,0.0,-0.40836360943996064
528,06262025084208039,1,1,Archery,0,0.0,0,55.864059999999995,3.71915187,37.179512,67.20819446223703,2.0172600000000003,5.5652927,1.5216899999999995,17.08346940061792,3.136605962608246,6.71915187,3.7090423,False,0.9324378596539268,0.9324873274640254,1.5832557222888417,1.5645274583629685,4.9467810098624554e-05,0.018728263925873234,0.1523995894676123,0.9777459930944716,0.14417745356958145,-0.9679548404037273,0.0,-0.2511243256616035
529,06262025084208336,1,1,Archery,0,0.0,0,55.837733,3.7149765599999993,37.208303,67.20201849320038,2.331479999999999,5.5813347,1.3698499999999996,17.825543294573755,3.149981581595751,6.714976559999999,3.7112563,False,0.9319670655259232,0.9291283548945242,1.5822687638025614,1.566767894870231,0.002838710631399066,0.01550086893233038,0.13286999421333148,0.9845821750028775,0.11376952713425827,-0.9897224862714122,0.0,-0.14300139918453358
530,06262025084208619,1,1,Archery,0,0.0,0,55.838193000000004,3.71545377,37.22730700000001,67.2129509893332,2.4177700000000044,5.579745,1.3053799999999995,17.610281194814362,3.1572331757838907,6.71545377,3.712157,False,0.9316889448142067,0.9280836074734906,1.5818694014621082,1.567649796204816,0.0036053373407161082,0.014219605257292267,0.12966993869546908,0.9846045393936678,0.11721607400052535,-0.9944841618979354,0.0,-0.10488685205573106
531,06262025084208892,1,1,Archery,0,0.0,0,55.843467999999994,3.72127874,37.22258,67.21503771913098,2.4093799999999987,5.5781823,1.3841999999999999,18.603593836218,3.1624308145847753,6.72127874,3.7123996999999997,False,0.9320272586593189,0.9278912477030955,1.582025073902082,1.5677306983410408,0.0041360109562234015,0.014294375561041184,0.12754622987309983,0.9845057649736786,0.12033435909477534,-0.9895596854274369,0.0,-0.14412365862949875
532,06262025084209173,1,1,Archery,0,0.0,0,55.85304599999999,3.729101600000001,37.212531,67.21786525654618,2.3591900000000052,5.577427999999999,1.4531099999999952,19.120329967263903,3.1663494802174603,6.729101600000001,3.712621,False,0.9310094776080476,0.9285491215013884,1.5825855471123826,1.5676532711208808,0.0024603561066592894,0.01493227599150182,0.12928858366255022,0.984082319132595,0.12192805790770718,-0.9831209539019372,0.0,-0.182956798176359
533,06262025084209447,1,1,Archery,0,0.0,0,55.85912499999999,3.7313433599999994,37.209634,67.22143729086575,2.309989999999999,5.5747768,1.481900000000003,19.083432006597835,3.1657745643595154,6.731343359999999,3.7120912,False,0.9310871492105325,0.9299553430762127,1.5828816330799225,1.5673866688397728,0.001131806134319735,0.015494964240149622,0.1328588636649201,0.9829732367969326,0.1269335971546855,-0.9798898698822514,0.0,-0.199539076128322
534,06262025084209730,1,1,Archery,0,0.0,0,55.86203400000001,3.7305062699999993,37.206188000000004,67.22190078493028,2.26999,5.5725579,1.4874299999999963,18.81546995173917,3.1614992188427364,6.730506269999999,3.7115231,False,0.9311583928360446,0.9308479479571315,1.5830819066126554,1.5667587900956597,0.00031044487891307426,0.016323116516995695,0.14063684054545683,0.9811917890873006,0.13222689631483375,-0.9768312923825577,0.0,-0.2140108086574649
535,06262025084210016,1,1,Archery,0,0.0,0,55.861716,3.7345540999999995,37.205399,67.22142458725257,2.252760000000002,5.5710041,1.4846000000000004,18.631930712450757,3.1626987297882225,6.7345540999999995,3.7116489,False,0.9314509585270746,0.9309179651940309,1.5831611688783962,1.5659285243989933,0.0005329933330436853,0.01723264447940287,0.14261499960528667,0.9806882909707413,0.13383361999314958,-0.9769831632803166,0.0,-0.21331642849716548
536,06262025084210292,1,1,Archery,0,0.0,0,55.862488,3.7372076899999995,37.204226000000006,67.22156439065827,2.2379399999999947,5.5684098,1.490230000000004,18.570899077856282,3.1627696725585723,6.73720769,3.7120082,False,0.9313797941956844,0.9311532524182073,1.5831652707112067,1.5652357483080432,0.00022654177747705173,0.017929522403163478,0.14909257141291984,0.9793351925741808,0.13665279263584526,-0.9764495194826477,0.0,-0.21574599857727725
537,06262025084210578,1,1,Archery,0,0.0,0,55.863459999999996,3.74187953,37.199396,67.21995900291408,2.2101199999999963,5.565648400000001,1.5134000000000043,18.61595632399225,3.164452363825457,6.74187953,3.7125976,False,0.9304684781785963,0.9315562341179443,1.5830735415419253,1.5644833395079534,0.0010877559393479563,0.01859020203397188,0.1526149608095219,0.978485528933211,0.13883350966320174,-0.9731133596699311,0.0,-0.23032670108326425
538,06262025084210869,1,1,Archery,0,0.0,0,55.865221999999996,3.7457129699999996,37.192451999999996,67.21779437422217,2.1655900000000017,5.5606618999999995,1.539900000000003,18.543651046811988,3.1628479306141313,6.74571297,3.7143211000000003,False,0.9290663413362925,0.9318417706483234,1.582866042942663,1.562986738423205,0.002775429312030897,0.019879304519458074,0.15667514630413606,0.9773178836944574,0.14248737748153176,-0.9682354921679722,0.0,-0.2500400602028495
539,06262025084211149,1,1,Archery,0,0.0,0,55.865607999999995,3.7465568999999994,37.187213,67.21526356804658,2.139720000000004,5.5595954999999995,1.548020000000001,18.41521137324019,3.16055859424219,6.7465569,3.7154315,False,0.9285360543398459,0.9319872739737362,1.5826834787418014,1.5620683394641386,0.003451219633890279,0.020615139277662786,0.15642630366774918,0.977471220410036,0.14170682690315234,-0.9656725369237771,0.0,-0.2597624904238418
540,06262025084211467,1,1,Archery,0,0.0,0,55.88730399999999,3.7709611900000004,37.168228,67.22416283855743,1.9872100000000046,5.551852599999999,1.6742899999999992,18.47193426891336,3.176670582690031,6.77096119,3.7162094,False,0.9156706883618168,0.9323616547584956,1.5827528964125288,1.5617727154631564,0.016690966396678886,0.020980180949372373,0.16770772569860679,0.9740228589212858,0.15216303440654033,-0.9379766165520901,0.0,-0.34669852437166987
541,06262025084211781,1,1,Archery,0,0.0,0,55.946095,3.8417656200000003,37.155903,67.27024480833593,1.6009600000000006,5.540722000000001,1.749449999999996,15.518451252098757,3.2291501375891185,6.84176562,3.716784,False,0.9004805292753412,0.932546353490807,1.583698828325653,1.5615012785777653,0.03206582421546578,0.02219754974788768,0.17140673088440067,0.9705878593468893,0.16905306828314484,-0.882534968961363,0.0,-0.47024677410947324
542,06262025084212105,1,1,Archery,0,0.0,0,56.009074999999996,3.8944305100000003,37.169366000000004,67.3330887468769,1.3057500000000033,5.9314127,1.650269999999999,12.781245653867192,3.2783839628026454,6.89443051,3.7063243,False,0.9067541304433138,0.9322878939469313,1.5893862022395426,1.5665833900941528,0.02553376350361758,0.022802812145389817,0.18471774789827236,0.964374679170605,0.18936956404338817,-0.845858339880954,0.0,-0.5334076010461759
543,06262025084212421,1,1,Archery,0,0.0,0,56.017571,3.8852799899999995,37.170638000000004,67.34032960023124,1.2919800000000023,5.9007339,1.6457100000000011,12.546284430311447,3.272276993106038,6.885279989999999,3.7001441,False,0.9076123972935833,0.9317706346569412,1.5919204240026696,1.5692917630173204,0.02415823736335787,0.022628660985349214,0.1943515107343738,0.9610818012390834,0.19633965876079518,-0.8383859121745126,0.0,-0.5450771158903212
544,06262025084212724,1,1,Archery,0,0.0,0,56.017348000000005,3.8809352100000005,37.17185,67.34056257175034,1.2774599999999978,5.929153599999999,1.64649,12.470937679944303,3.2707253851990035,6.8809352100000005,3.6973884,False,0.9102083961291493,0.9316632377769399,1.592820593922772,1.570605176997822,0.021454841647790657,0.022215416924949993,0.1933987814825957,0.9613150520224276,0.1961384258021985,-0.8404699149793201,0.0,-0.5418582120948748
545,06262025084213043,1,1,Archery,0,0.0,0,56.014395,3.8882230800000004,37.175224,67.34038910925631,1.289049999999996,5.96865,1.6226800000000026,12.484718638247081,3.2792311405381236,6.88822308,3.696892,False,0.9153148336550668,0.931377840797712,1.593281817517993,1.5708711067878842,0.01606300714264519,0.022410710730108807,0.20021370739750113,0.9594363671103044,0.19848508466967707,-0.851953814233573,0.0,-0.5236169386229466
546,06262025084213351,1,1,Archery,0,0.0,0,56.007588999999996,3.8956139300000006,37.177687,67.33651493918066,1.3195200000000042,6.003799,1.6043300000000045,12.709715405636635,3.287447097524584,6.895613930000001,3.697134,False,0.9184011272314538,0.9314032232395381,1.5934016601792818,1.570678441295035,0.013002096008084219,0.022723218884246776,0.20202163254009314,0.959440226903541,0.19662581464578135,-0.8669025120923063,0.0,-0.49847771718307415
547,06262025084213671,1,1,Archery,0,0.0,0,55.998484000000005,3.9005657000000005,37.181496,67.33133199244085,1.3512599999999964,6.0474029,1.5626199999999955,12.769126910283921,3.292551723104157,6.9005657000000005,3.6983461,False,0.9241460285912596,0.9316656414164876,1.5930821118094354,1.5699040329404874,0.00751961282522795,0.02317807886894796,0.2011219807425239,0.9602723049863126,0.19346071730063988,-0.8900788681625095,0.0,-0.45580654717823677
548,06262025084213986,1,1,Archery,0,0.0,0,55.970394999999996,3.86509748,37.178916,67.30450126047279,1.6594600000000028,5.8011402,1.5414900000000031,14.83955445166301,3.266779547177653,6.86509748,3.7000558,False,0.9302642047289584,0.9324655367551133,1.5912788997897256,1.5696417653268657,0.002201332026154912,0.021637134462859864,0.21144532332434815,0.9607939072289751,0.17934866343505723,-0.93374882657491,0.0,-0.3579289438840884
549,06262025084214303,1,1,Archery,0,0.0,0,55.921568,3.8107644300000003,37.198668,67.27172209847018,2.1637699999999995,5.5381093,1.2480899999999977,14.956105548084503,3.219769590641016,6.810764430000001,3.7198157,False,0.9301785192660539,0.9251822843769791,1.5854887778784692,1.5616290055586475,0.0049962348890747466,0.023859772319821726,0.20413261318582465,0.9686350821806794,0.14168963900989737,-0.9874566866107796,0.0,-0.1578901265680049
550,06262025084214629,1,1,Archery,0,0.0,0,55.82198000000001,3.81658787,37.24137399999999,67.21294318431315,2.6839299999999966,5.5563241,1.0770499999999998,16.061815021471965,3.220317795917974,6.81658787,3.7406049,False,0.8985259134248726,0.8982411962947338,1.5861519461851814,1.5538051430292064,0.00028471713013888955,0.032346803155975046,0.13870930966811934,0.989783067023372,0.03300314598944711,-0.9957854049220962,0.0,0.09171383398450351
551,06262025084215019,1,1,Archery,0,0.0,0,55.81105399999999,3.7821797599999996,37.35122199999999,67.26286060837104,2.73724,5.5569534,1.1677900000000037,17.762921015375372,3.1659016943961396,6.78217976,3.7398536,False,0.8532028390716955,0.9241478509545934,1.5811050751297326,1.5598171512716352,0.07094501188289792,0.021287923858097413,0.06967592526717346,0.9972552962823823,0.025042752941742873,-0.9754813618283976,0.0,0.22008205907209838
552,06262025084215340,1,1,Archery,0,0.0,0,55.825289999999995,3.76728393,37.406916,67.30477543550971,2.4642400000000038,5.5649832,1.5771099999999976,21.62762575457322,3.148329261891882,6.76728393,3.7367928,False,0.7919424169496175,0.9102637139950223,1.5828099811791219,1.5725082657057292,0.11832129704540473,0.010301715473392647,0.02907100437637244,0.9988064212868552,0.03925059873039041,-0.8968895571390366,0.0,0.44225458990828226
553,06262025084215656,1,1,Archery,0,0.0,0,55.820763,3.7603138200000004,37.410632,67.30269629492176,2.4769600000000054,5.5650298,1.5819100000000006,21.805610937552306,3.1420359042626527,6.76031382,3.7363122,False,0.7932650753064854,0.9008268528724099,1.5808374453889935,1.5748739084264631,0.10756177756592455,0.00596353696253038,0.020004193132917576,0.9987992711009499,0.04471966351966344,-0.8911324632892895,0.0,0.4537432455386669
554,06262025084215962,1,1,Archery,0,0.0,0,55.82043699999999,3.7470073400000006,37.408272,67.30037195218884,2.5441900000000004,5.5683826000000005,1.5381900000000002,21.791573611502727,3.133752660667241,6.747007340000001,3.7350574,False,0.803856059388747,0.8992800640045338,1.578696865899214,1.5740911963924311,0.0954240046157867,0.004605669506782872,0.005068111450081903,0.998957254705072,0.045373092449551795,-0.8994866433529958,0.0,0.43694825600929066
555,06262025084216275,1,1,Archery,0,0.0,0,55.859427000000004,3.7586075099999996,37.435479,67.34848033283303,2.5398899999999998,5.570406500000001,1.5502499999999984,21.93327769113305,3.1545283738895415,6.758607509999999,3.7303975,False,0.7981265428714861,0.8294555129872899,1.5774308693235208,1.5730369030706977,0.03132897011580382,0.004393966252823178,-0.0018052697101433005,0.9991032676041812,0.042301319883916715,-0.8014267598080147,0.0,0.5980929264450691
556,06262025084216596,1,1,Archery,0,0.0,0,55.883179,3.7454901400000002,37.44471300000001,67.37258287454361,2.385400000000004,5.5719102,1.6519800000000018,21.956853719772397,3.140635473362137,6.74549014,3.7317038,False,0.7704527805290854,0.8215667323084597,1.5778764046691207,1.573602083490499,0.05111395177937428,0.004274321178621809,-0.015454749472575009,0.9992300781483334,0.03606108210267147,-0.7539727446020237,0.0,0.6569057012976
557,06262025084216912,1,1,Archery,0,0.0,0,55.928128,3.7242466799999994,37.466385,67.420735088592,1.9339399999999998,5.5755735,1.8729200000000006,20.195367877157906,3.1180444747605494,6.724246679999999,3.7315804999999997,False,0.7314093890079623,0.8059370208645328,1.580125892662256,1.5763265807028222,0.07452763185657052,0.0037993119594337266,-0.029917197378313824,0.9988177922113732,0.038314217505058756,-0.6292728102239702,0.0,0.777184489238448
558,06262025084217214,1,1,Archery,0,0.0,0,55.951057000000006,3.7188782599999994,37.47086899999999,67.44195176998595,1.60351,5.5547705999999994,2.0583799999999997,18.334258670968566,3.1008054085997205,6.718878259999999,3.7490044,False,0.7100514391401463,0.7896362276922163,1.585501184648704,1.579549757732046,0.07958478855206996,0.005951426916657843,-0.09632492540627915,0.9945888777521293,0.03891623051163537,-0.5732517193626996,0.0,0.8193793176836408
559,06262025084217542,1,1,Archery,0,0.0,0,55.955841,3.7286220300000013,37.470084,67.44602256046636,1.6667599999999965,5.5425834,2.129710000000003,19.674593870250646,3.1009587922192767,6.728622030000001,3.7587276,False,0.7093998097892297,0.7797522317537786,1.5943846591496313,1.5826529859054275,0.07035242196454894,0.011731673244203877,-0.10712280380374123,0.9937222156504962,0.03226240889788004,-0.526315522420124,0.0,0.850289345375815
560,06262025084217852,1,1,Archery,0,0.0,0,55.953785,3.73986488,37.469837999999996,67.44480265293336,1.7090999999999994,5.541786,2.1315000000000026,20.188430743716918,3.1162631808849017,6.73986488,3.755702,False,0.7176482392063722,0.7775200594994263,1.597629927416935,1.5830652601759672,0.059871820293054046,0.014564667240967832,-0.11129366510616999,0.9932335307262422,0.03317941452645788,-0.5236450674599957,0.0,0.8519365254083291
561,06262025084218183,1,1,Archery,0,0.0,0,55.950607000000005,3.7504418399999997,37.467022,67.44118901096093,1.7820800000000006,5.5419716,2.110120000000002,20.84004468864798,3.1295724447451394,6.75044184,3.7557154,False,0.7311844358634868,0.7817218310403021,1.5977724722778892,1.5807474866787417,0.050537395176815325,0.017024985599147557,-0.10399682983770264,0.994180478688518,0.028104006447072588,-0.5424030010580446,0.0,0.8401184347716856
562,06262025084218493,1,1,Archery,0,0.0,0,55.931548,3.7451307299999996,37.459156,67.42071220399136,1.8830499999999972,5.5432084,2.0416799999999995,21.311338771155164,3.1207816663674106,6.74513073,3.7594616,False,0.737603152664768,0.7909928063952267,1.5941117692903755,1.5763580257975516,0.053389653730458786,0.01775374349282388,-0.07068412913892463,0.9972272548009251,0.023271359437786025,-0.5943791150774029,0.0,0.8041849709860308
563,06262025084218813,1,1,Archery,0,0.0,0,55.907630999999995,3.7309334099999996,37.450493,67.39527056170236,1.9838100000000054,5.5416198,1.9680999999999997,21.636348238139586,3.1053814403330393,6.73093341,3.7603002,False,0.7381427827080674,0.7930351263021077,1.5922738504335272,1.5745343810010106,0.05489234359404027,0.017739469432516586,-0.04868630723163274,0.9985033351237707,0.024914518555532637,-0.6503618383145867,0.0,0.7596245646792048
564,06262025084219129,1,1,Archery,0,0.0,0,55.90102399999999,3.73341717,37.448215,67.38866146986487,2.0181499999999986,5.543953500000001,1.964500000000001,21.97986670571111,3.108936918083841,6.73341717,3.7579365,False,0.730541534945826,0.7916907271630769,1.5918859328479655,1.5741719972100405,0.0611491922172509,0.017713935637925005,-0.0454265514224431,0.9987226525526418,0.02212445940762127,-0.6512850515976002,0.0,0.7588331711025232
565,06262025084219463,1,1,Archery,0,0.0,0,55.900586,3.73150247,37.449031000000005,67.38864554705023,1.9841100000000012,5.5435776,1.9740500000000054,21.712709695709336,3.105588100923898,6.731502470000001,3.7590804,False,0.7293822086505836,0.790999311914364,1.5921042449723217,1.5739937720673352,0.06161710326378045,0.018110472904986574,-0.0469635469568379,0.9987014918868206,0.019742222779404336,-0.6455739700003655,0.0,0.7636977473175937
566,06262025084219778,1,1,Archery,0,0.0,0,55.903939,3.730821159999999,37.45005999999999,67.39196106545072,1.9662199999999999,5.541903899999999,1.9894700000000043,21.678463350441746,3.1017886769043104,6.73082116,3.7617311,False,0.7311451447530819,0.7899779608957452,1.5924877261888866,1.5737118472998852,0.058832816142663336,0.01877587888900134,-0.05123516419027521,0.9985485709709682,0.016604498252972038,-0.6352367490097368,0.0,0.7723174688607922
567,06262025084220111,1,1,Archery,0,0.0,0,55.909206000000005,3.7348408099999992,37.451793,67.39751590631013,1.9686300000000045,5.5409202,2.0112099999999984,21.938322390282618,3.1048351494834487,6.73484081,3.7624948,False,0.7287012235539309,0.7894447550550979,1.5926927090537233,1.5735246798371607,0.06074353150116707,0.019168029216562577,-0.05373757899113841,0.9984441175760324,0.014886795558118355,-0.61801589037908,0.0,0.7861656054795028
568,06262025084220445,1,1,Archery,0,0.0,0,55.912336,3.7379824899999994,37.452153,67.40048660364295,1.970240000000004,5.5403251,2.0206799999999987,22.057278376233526,3.1075953977131614,6.737982489999999,3.7627559,False,0.7283985267530427,0.7894936709822332,1.592809694578733,1.5733179544702371,0.06109514422919049,0.019491740108495748,-0.052535619342320664,0.9985295402599317,0.01337033764002916,-0.6108209873804996,0.0,0.7917687297282658
569,06262025084220764,1,1,Archery,0,0.0,0,55.880799,3.70950712,37.417777,67.35365005382754,1.96969,5.5404263,2.0267000000000053,22.11721958253927,3.0683698964184383,6.70950712,3.7688487,False,0.7281448649691932,0.9067249957561527,1.5928004971377447,1.5729329333208368,0.17858013078695956,0.019867563816907907,-0.05567989719533337,0.9983788100768618,0.011811038812338566,-0.8014313002329427,0.0,0.5980868423623236
570,06262025084221093,1,1,Archery,0,0.0,0,55.88371200000002,3.71366449,37.421573,67.3584047958201,1.9696799999999968,5.5387272,2.0345900000000015,22.196400686008907,3.073124100950297,6.71366449,3.7701688,False,0.7272038851828264,0.8966336074032705,1.5926039375754435,1.5720915684870391,0.16942972222044406,0.02051236908840437,-0.05844525559931659,0.9982321688647177,0.010802274833231738,-0.7846726353463264,0.0,0.6199103607285904
571,06262025084221451,1,1,Archery,0,0.0,0,55.884102,3.712713130000001,37.423356,67.35966648844703,1.9681500000000014,5.5355892,2.037950000000002,22.203200080057083,3.0717305793512844,6.712713130000001,3.7727117999999997,False,0.7256753153470259,0.8892467310842375,1.5922895448096894,1.5711830384173704,0.16357141573721157,0.021106506392319035,-0.06146648444375281,0.9980494168774793,0.010919375469756314,-0.7760944879834236,0.0,0.630616639268064
572,06262025084221765,1,1,Archery,0,0.0,0,55.954326,3.7313642700000003,37.452096000000004,67.43492546316727,1.9089400000000012,5.5313462,2.1292200000000037,22.48245104575797,3.0995607788725312,6.73136427,3.7680748,False,0.706056404939439,0.7767906801867546,1.5914061387370617,1.5709009924312987,0.07073427524731557,0.020505146305763056,-0.06133729783346494,0.998018842469994,0.014004498182456634,-0.44049550005776983,0.0,0.8977548186608945
573,06262025084222081,1,1,Archery,0,0.0,0,55.970307000000005,3.7776847600000005,37.384651,67.41333917120548,1.9472099999999983,5.529122200000001,2.1503200000000007,23.15112361983579,3.1335683043727953,6.7776847600000005,3.7533697999999998,False,0.7026867480072482,0.759763817035268,1.59276217759358,1.573985427554856,0.05707706902801979,0.018776750038724144,-0.06763397816666353,0.997430095798211,0.023639987168422714,-0.5319624990568752,0.0,0.846767913655899
574,06262025084222408,1,1,Archery,0,0.0,0,56.00158799999999,3.7605894999999996,37.393998,67.44353918896353,2.2779900000000026,5.5372557,2.15184,27.142907607018643,3.1185661062264893,6.7605895,3.7469003,False,0.7017704293606284,0.8005810516549859,1.5986536407600285,1.5811773541897463,0.09881062229435755,0.017476286570282218,-0.07374442319700156,0.9968839017229877,0.028004402027079253,-0.4538852116905333,0.0,0.8910601632935005
575,06262025084222731,1,1,Archery,0,0.0,0,55.96392899999999,3.6757825599999996,37.433652,67.4296005371717,2.0609699999999975,5.5363983999999995,2.094370000000005,23.897496845752006,3.0357097713493575,6.67578256,3.7642446,False,0.7149374529593489,0.7270649163891766,1.59996039358604,1.5823324349922054,0.012127463429827734,0.017627958593834592,-0.08092212330444852,0.9961517394265675,0.03366484809595239,-0.4308710789680824,0.0,0.9024134935321393
576,06262025084223097,1,1,Archery,0,0.0,0,56.021965,3.961127200000001,37.380205999999994,67.4642934577858,2.185830000000003,5.5378862,2.054070000000003,24.86426632733503,3.3405092736070587,6.961127200000001,3.7117648,False,0.7921351077309986,0.7812427633584887,1.6003571183559746,1.582123279758957,0.010892344372509855,0.01823383859701755,-0.08456219960122663,0.9958079702693446,0.03486718724890557,-0.25213286768034165,0.0,0.9676926252872279
577,06262025084223425,1,1,Archery,0,0.0,0,56.01091,4.01412371,37.354364,67.44393032758234,2.039749999999998,5.8110177,2.0161900000000017,23.897947155244374,3.3941788066839886,7.01412371,3.7056043,False,0.8481114806297587,0.7765069855474603,1.6037030795403004,1.5828855074401609,0.07160449508229838,0.02081757210013957,-0.0939374243745872,0.9950583920313538,0.03216452626490001,-0.2165998462743142,0.0,0.9762604706705805
578,06262025084223759,1,1,Archery,0,0.0,0,55.942862000000005,3.9417608400000006,37.375036,67.39461850379523,1.8470499999999959,5.7981923,2.011810000000004,21.54558197377591,3.3147369039039623,6.941760840000001,3.7317507,False,0.8176677105303858,0.7357070633349959,1.6005143971591396,1.575440608198511,0.08196064719538987,0.025073788960628507,-0.04306076285640502,0.9985442035638388,0.032484522949912255,-0.46054634271012546,0.0,0.8876356607394318
579,06262025084224093,1,1,Archery,0,0.0,0,55.982489,3.85940237,37.447714000000005,67.4630665261703,1.779200000000003,5.7154354000000005,2.052030000000002,20.866893332951328,3.2511084672879718,6.85940237,3.7449906,False,0.8248692384347963,0.7270701393703407,1.595972306612248,1.5650185196640838,0.09779909906445561,0.030953786948164197,0.08008125726615442,0.9965288012498454,0.022745120668354542,-0.1112628585722387,0.0,0.9937910123875813
580,06262025084224415,1,1,Archery,0,0.0,0,56.001062000000005,3.75125723,37.490852000000004,67.49633219382648,1.8961100000000002,5.5357808,2.2560900000000004,23.680934374984076,3.1546968798908352,6.75125723,3.7524412,False,0.755555075372405,0.7144820009321486,1.5966889537935745,1.5635730734368762,0.04107307444025632,0.03311588035669821,0.10813478875615828,0.9940630880744776,0.012060032690444233,0.08181610930956705,0.0,0.9966474423071807
581,06262025084224747,1,1,Archery,0,0.0,0,55.932741,3.8541709699999998,37.569124,67.48900079099148,1.9800199999999961,5.5490138,2.1734500000000025,23.880039216428653,3.320923597502969,6.85417097,3.7184212,False,0.7575922612335733,0.7995836343754142,1.597894554437261,1.5655969269091066,0.04199137314184098,0.03229762752815435,0.08705156198525128,0.9960545315221668,0.01724516715154954,-0.3617571936251379,0.0,0.9322723490807096
582,06262025084225081,1,1,Archery,0,0.0,0,55.958627,3.93918409,37.574937000000006,67.51859742007387,2.0173500000000004,5.5398700000000005,2.1970799999999997,24.55425133620606,3.4173284203287797,6.9391840899999995,3.7093629999999997,False,0.7800159039763237,0.776545600057721,1.597215723108061,1.564602703959059,0.003470303918602702,0.03261301914900194,0.08746421604892796,0.9959589719464839,0.020389632420652917,-0.2750589659981313,0.0,0.9614273582668837
583,06262025084225419,0,0,Archery,0,0.0,0,56.180420000000005,3.92192114,37.576266000000004,67.70226601309247,1.8359700000000032,5.543579500000001,2.164519999999996,22.03015047632726,3.3826969706984946,6.92192114,3.7283835,False,0.8454374942744155,0.712576931184278,1.604573638332627,1.5748431754947048,0.1328605630901375,0.029730462837922245,0.019040244470778803,0.9998185672288565,0.0005492858357690579,0.3651246208247485,0.0,0.9309586517496808
584,06262025084225740,0,0,Archery,0,0.0,0,56.341404999999995,3.8751056399999997,37.525533,67.80513246081946,1.1485799999999955,5.560556,2.1501400000000004,13.732392476609418,3.274201290357327,6.875105639999999,3.694978,False,0.7997071457327359,0.7293111046048882,1.5882485845814573,1.566605400136346,0.0703960411278477,0.021643184445111263,-0.02153445682044758,0.9960808809581008,-0.08578546356569974,0.5687002574921605,0.0,0.822544842016744
585,06262025084226057,0,0,Archery,0,0.0,0,56.431703000000006,3.8609882200000003,37.506225,67.86870594954506,1.403109999999998,5.5998528,2.407989999999998,18.9200818129022,3.1793559694922626,6.86098822,3.6824111999999998,False,0.803722485427022,0.7863267074975882,1.6035973402923942,1.4288065726878487,0.01739577792943381,0.17479076760454548,-0.061462459334106864,0.9979035584991807,-0.020269534461248045,0.7130574853079181,0.0,0.7011055716839999
586,06262025084226398,0,0,Archery,0,0.0,0,56.39733199999999,3.8731548600000005,37.51282,67.84446955824892,2.430039999999998,5.524454400000001,2.3227599999999953,31.182228815477924,3.280123634259695,6.8731548600000005,3.7311776,False,0.808097300434175,0.8173611559922578,1.60842563635008,1.5395352508341567,0.009263855558082734,0.0688903855159233,-0.0774482221535305,0.9969948052142171,-0.0017695369797620301,0.723505285834992,0.0,0.6903188403693081
587,06262025084226721,0,0,Archery,0,0.0,0,56.437996,3.87686888,37.51127999999999,67.87763720141655,2.518819999999998,5.4545262,2.2943,31.521318143899595,3.303428557309841,6.87686888,3.7967718,False,0.8140949961497144,0.8371309435978326,1.6122475620765055,1.5375385116152385,0.02303594744811821,0.07470905046126708,-0.07516961414604002,0.9971699938006187,-0.001237971247463289,0.7571050400938097,0.0,0.6532931641036441
588,06262025084227039,0,0,Archery,0,0.0,0,56.451325,3.85443536,37.52610599999999,67.89563607274975,2.3688100000000034,5.3950924,2.4593599999999967,31.430494949738293,3.270544202251622,6.85443536,3.8537576,False,0.8389718637141527,0.8512214352100206,1.6170879908325195,1.5147559869698497,0.012249571495867917,0.10233200386266983,-0.055751759502006074,0.9981290919394146,0.025100938959134993,0.7549680558722914,0.0,0.6557615684167627
589,06262025084227362,0,0,Archery,0,0.0,0,56.550932,3.801889299999999,37.46857899999999,67.94377590771151,2.5118300000000033,5.315456,1.937579999999997,25.869641695427553,3.1828014442011727,6.801889299999999,3.941503,False,0.899412153856055,0.9213016276817274,1.6175393009138916,1.5009977237121312,0.021889473825672412,0.1165415772017604,-0.038400272120990356,0.9977069871970611,0.05573317503244874,0.8933774516343206,0.0,0.4493069428702024
590,06262025084227698,0,0,Archery,0,0.0,0,56.54642199999999,3.7973523399999998,37.507975,67.96150317935009,2.07235,5.330580599999999,2.064859999999996,22.810154722717705,3.120934364072578,6.79735234,3.9350684,False,0.901816939563678,0.9105569728709981,1.6177649035699095,1.4700329128968503,0.008740033307320094,0.1477319906730592,-0.011569650076208964,0.9973003532338205,0.07251309286474543,0.8435589097597411,0.0,0.5370366521616163
591,06262025084228039,0,0,Archery,0,0.0,0,56.509181,3.82833691,37.535090000000004,67.94723454339646,2.494950000000003,5.3273439,2.21687,29.46543153318099,3.287407807050258,6.82833691,3.9293191,False,0.8544139880813056,0.8928099463917324,1.6106531360960392,1.534470291469013,0.03839595831042675,0.07618284462702629,-0.024735383488452174,0.9985279321287108,0.04827141558355144,0.8109192219306731,0.0,0.585158111541959
592,06262025084228364,0,0,Archery,0,0.0,0,56.517413,3.81797767,37.524812,67.94782146129876,2.595080000000003,5.3233752999999995,2.0887300000000053,28.85493765400289,3.3007908885447104,6.817977669999999,3.9312367,False,0.8654400474146084,0.8987159781716415,1.6120038432260924,1.5545019578723607,0.033275930757033056,0.057501885353731685,-0.02326599375826217,0.9982511153794665,0.054345231419982445,0.8364192879811302,0.0,0.5480901154857104
593,06262025084228707,0,0,Archery,0,0.0,0,56.530061,3.7001298300000003,37.420721,67.894396805498,2.467799999999997,5.3783277,1.675530000000002,22.23870163691247,3.0073785397790607,6.70012983,3.9077363,False,0.9199418715598234,0.929214366064685,1.6176112829296445,1.4821318430291561,0.009272494504861561,0.13547943990048839,0.008738645125395664,0.9983398861259675,0.05693072853356447,0.9383468730602615,0.0,0.345695163139477
594,06262025084229048,0,0,Archery,0,0.0,0,56.483484999999995,3.697132619999999,37.35043,67.81671983028959,2.8798499999999976,5.371663799999999,1.6581900000000047,25.65151280010393,3.0438194349820056,6.69713262,3.8884492,False,0.9044775831655553,0.9261694629494123,1.617558654397186,1.5054195983180227,0.021691879783857004,0.1121390560791633,0.01970975175393917,0.9974042601614777,0.06925509004783381,0.9659654994025154,0.0,0.2586709376100241
595,06262025084229380,1,0,Archery,0,0.0,0,56.335026000000006,3.8167051899999995,37.508703000000004,67.78720523572467,2.177660000000003,5.3808487,2.337679999999999,27.392137044464604,3.245230283062019,6.8167051899999995,3.8913383,False,0.7801596704418885,0.7157310144244142,1.600777296077929,1.548088385884116,0.06442865601747427,0.052688910193813054,-0.046387241803165634,0.9976293388313733,0.05083233322179686,0.5781808146430625,0.0,0.8159086625221506
596,06262025084229725,0,1,Archery,0,0.0,0,55.722834999999996,3.8500711100000005,37.530355,67.29327555124142,1.8094699999999975,5.5402139,1.919470000000004,19.242400452667187,3.2725135660772238,6.85007111,3.7210481,False,0.7430022031333416,0.8236970337448104,1.5952980075885508,1.5809204221314923,0.08069483061146876,0.014377585457058473,-0.019428970436137408,0.996634705556118,0.07963528607885785,-0.7077810283414121,0.0,0.7064318905032339
597,06262025084230062,1,1,Archery,0,0.0,0,55.917514000000004,3.7583936700000002,37.289918,67.31591104163722,3.4137899999999988,5.575677600000001,1.1346500000000006,21.59714644535611,3.1458990324613683,6.75839367,3.6975484,False,0.9192887173788171,0.7933061115382908,1.5752132867310662,1.5608095487379496,0.12598260584052634,0.014403737993116561,0.09945483320416466,0.9854558638235237,0.13778779557045143,-0.9545370335719943,0.0,0.2980923540441408
598,06262025084230401,1,1,Archery,0,0.0,0,55.971421,3.76702468,37.24328200000001,67.33537330282275,2.321460000000002,5.4993748,2.0615299999999976,26.31868482910198,3.0766340084754886,6.7670246800000005,3.7449422,False,0.9112497198841825,0.9060856056273069,1.5787207190986496,1.5478378673615782,0.005164114256875574,0.030882851737071393,0.10265107615889549,0.9725024352130905,0.20904968325264034,-0.9995616481883135,0.0,-0.029605936415897947
599,06262025084230727,1,1,Archery,0,0.0,0,56.07405400000001,3.7714706,37.22722,67.41208668636494,1.293520000000001,5.543725500000001,2.3669400000000067,16.973136932146456,3.136819113766045,6.7714706,3.6889105,False,0.8351255850116227,0.9237708823057794,1.5845828238783386,1.5797878263141059,0.08864529729415671,0.004794997564232739,0.13811898504549835,0.9634526549101863,0.22952587591928506,-0.9639350783883934,0.0,-0.2661374920081004
600,06262025084231061,1,1,Archery,0,0.0,0,56.01433899999999,3.7643172099999993,37.239617,67.3688750980088,2.295340000000003,5.5669177,2.1102300000000014,26.964453255963946,3.1687944770290035,6.76431721,3.6728423,False,0.9230612702935831,0.888089136137245,1.5869966693486914,1.585812810664768,0.03497213415633804,0.0011838586839234555,0.16328254054393032,0.9624241199057404,0.2169760940223156,-0.9936229534863551,0.0,0.11275383055600681
351,06262025083807170,0,0,Archery,0,0.0,0,66.851634,3.8692909799999997,45.952918,81.21442639009764,4.624539999999996,5.7171857,0.9424500000000009,24.91776913684816,3.289257038532753,6.86929098,3.5924103,False,0.9325643015449327,0.9325609187693925,1.6158553803457323,1.6158553029974214,3.3827755402393578e-06,7.734831086736449e-08,0.004653968073400565,0.9997305167672603,-0.02274278842706524,0.1996762363281985,0.0,-0.9798619293787291
352,06262025083807928,0,0,Archery,0,0.0,0,66.851634,3.8692909799999997,45.952918,81.21442639009764,4.624539999999996,5.7171857,0.9424500000000009,24.91776913684816,3.289257038532753,6.86929098,3.5924103,False,0.9325643015449327,0.9325609187693925,1.6158553803457323,1.6158553029974214,3.3827755402393578e-06,7.734831086736449e-08,0.004653968073400565,0.9997305167672603,-0.02274278842706524,0.1996762363281985,0.0,-0.9798619293787291
353,06262025083808118,0,0,Archery,0,0.0,0,66.851634,3.8692909799999997,45.952918,81.21442639009764,4.624539999999996,5.7171857,0.9424500000000009,24.91776913684816,3.289257038532753,6.86929098,3.5924103,False,0.9325643015449327,0.9325609187693925,1.6158553803457323,1.6158553029974214,3.3827755402393578e-06,7.734831086736449e-08,0.004653968073400565,0.9997305167672603,-0.02274278842706524,0.1996762363281985,0.0,-0.9798619293787291
354,06262025083808328,1,1,Archery,0,0.0,0,56.104043000000004,3.48261976,37.301394,67.46248050347562,1.6232800000000012,5.5731049,1.0552300000000017,9.546359500022058,2.8794937775959393,6.48261976,3.7771561,False,0.8397932557606086,0.916955032559394,1.5175276467208916,1.5622926581622318,0.07716177679878544,0.04476501144134026,0.03457576461819289,0.9964101723409814,0.07727408981335919,0.5529715992808641,0.0,0.8332001022496116
355,06262025083808521,1,1,Archery,0,0.0,0,56.10995700000001,3.4814777600000006,37.307429,67.47067674571869,1.5856899999999996,5.5723006999999996,1.0631799999999956,9.394196280762344,2.879308255766168,6.481477760000001,3.7773943,False,0.8349853249159526,0.9152038700398947,1.5183404861586514,1.562246516289952,0.08021854512394211,0.043906030131300566,0.033614090742883095,0.9963815410948016,0.07806354763317845,0.557674013507402,0.0,0.8300600548505788
356,06262025083808717,1,1,Archery,0,0.0,0,56.100677000000005,3.51435161,37.328269,67.47619056847682,1.5090199999999996,5.5707969,1.1880099999999985,9.98693946282851,2.839798702154643,6.51435161,3.7740231,False,0.7945169172245463,0.8783871383871686,1.5181352024493746,1.5610514548096137,0.08387022116262233,0.042916252360239104,0.03221851299776976,0.9966196827524206,0.07557231881235968,0.3583916418367188,0.0,0.9335713315336869
357,06262025083808923,1,1,Archery,0,0.0,0,56.064945,3.5884142199999998,37.322511,67.44719862093936,1.5890799999999956,5.5672115,1.216540000000002,10.762418493713936,2.910005223532547,6.58841422,3.7677085,False,0.8143133120765015,0.7954864772106394,1.5169040005647318,1.5578527014516634,0.01882683486586212,0.04094870088693159,0.027921939352868505,0.9974943307752382,0.06500327202560026,-0.13194656144536623,0.0,0.9912568309589318
358,06262025083809125,1,1,Archery,0,0.0,0,56.068646,3.5883699899999995,37.318164,67.44786748140629,1.618000000000002,5.5604695,1.1479199999999992,10.327652172175926,2.9059642552644145,6.5883699899999995,3.7749805,False,0.8249055072406812,0.8350499553685387,1.513606636592269,1.5540558912955014,0.01014444812785742,0.04044925470323246,0.03446999280232925,0.9977238210262894,0.05795685078493948,-0.18897715013012775,0.0,0.981981484921531
359,06262025083809319,1,1,Archery,0,0.0,0,56.07180100000001,3.5749292700000006,37.31967300000001,67.45061140935665,1.579509999999999,5.554888099999999,1.164520000000003,10.217499997172776,2.8885012839610518,6.57492927,3.7827539,False,0.8221497983944265,0.854014701093606,1.5114452157995137,1.5511556254683196,0.03186490269917952,0.0397104096688059,0.040428338383043716,0.9975899373456677,0.05639030379642455,-0.22090246668733268,0.0,0.9752959039242665
360,06262025083809519,1,1,Archery,0,0.0,0,55.968695000000004,3.68701365,37.411791,67.42203642345721,2.043040000000005,5.549634200000001,1.4782399999999996,16.760469391438175,3.062295993334726,6.68701365,3.7648768,False,0.7277905430025875,0.8714795458873416,1.510732494460779,1.5499868946385449,0.14368900288475406,0.039254400177765936,0.03986973832296248,0.9975461441792789,0.057550796685293976,-0.5796572249729369,0.0,0.8148604184378291
361,06262025083809724,1,1,Archery,0,0.0,0,55.910421,3.8904976999999996,37.437228999999995,67.39923785881697,2.641919999999999,5.5431689,1.559670000000004,22.840756976351837,3.311864891429563,6.890497699999999,3.7284701,False,0.753113918511664,0.9044848599622906,1.5107423348102793,1.5499838481563641,0.15137094145062657,0.03924151334608483,0.03350865239774809,0.9978579074306988,0.056185111840360784,-0.7519986501716391,0.0,0.6591646456994131
362,06262025083809921,1,1,Archery,0,0.0,0,55.899771,3.9371266300000003,37.415353,67.38096173302742,2.934909999999995,5.5442684,1.4991199999999978,24.39357385744846,3.3685892925302037,6.93712663,3.7201576,False,0.8647955793966565,0.9188485347983063,1.5136501796157835,1.5510831180524642,0.05405295540164978,0.03743293843668072,0.03519926621195407,0.9977149392147012,0.057670718098053755,-0.8647255228331493,0.0,0.5022447313421381
363,06262025083810123,1,1,Archery,0,0.0,0,55.829063999999995,3.9087355100000005,37.347272000000004,67.28284570561217,2.7533699999999968,5.5447038,1.5165900000000008,23.153204896787944,3.3358881591873866,6.9087355100000005,3.7264102,False,0.9122188610136271,0.9317018626341813,1.5177268406371454,1.5500698210087955,0.019483001620554163,0.032342980371650176,0.06052922623166049,0.9962131407582284,0.062414669368845835,-0.9789657229812146,0.0,0.204024785817478
364,06262025083810325,1,1,Archery,0,0.0,0,55.782833999999994,3.9109641799999997,37.235867,67.18281030985892,2.383020000000002,5.5344005,1.591300000000004,20.986998619624334,3.321711292616604,6.91096418,3.7250435,False,0.9320666066628489,0.9082861528070391,1.5382900544495797,1.547052809758042,0.023780453855809847,0.008762755308462378,0.11888393613219966,0.9887052156130736,0.09126119848665544,-0.9935662002075423,0.0,-0.11325284016370661
365,06262025083810520,1,1,Archery,0,0.0,0,55.839774999999996,3.8985444,37.162028,67.1885067966403,2.0587599999999995,5.5444075,1.7671300000000016,20.171089846334926,3.3371971948639496,6.8985444000000005,3.6971335,False,0.922190506869917,0.9072534644678937,1.5529021008879642,1.5669453005099612,0.014937042402023315,0.01404319962199696,0.1561029493279591,0.9764093425682004,0.14918667821440107,-0.9452944281942889,0.0,-0.3262183992739105
366,06262025083810728,1,1,Archery,0,0.0,0,55.87646799999999,3.8678410100000002,37.1428,67.20660281604525,1.9146999999999963,5.5524773,1.768880000000003,18.805543979088025,3.324325664185562,6.86784101,3.6761477,False,0.9149744238807954,0.9056611364417704,1.564191516816837,1.5788228818345929,0.009313287439025042,0.01463136501775586,0.16526282272179693,0.9707015265698835,0.17443263955155192,-0.9132955340583622,0.0,-0.4072975171407885
367,06262025083810923,1,1,Archery,0,0.0,0,55.88758800000001,3.86360884,37.145430999999995,67.21705892035169,1.8643800000000041,5.5514234,1.7255099999999999,17.85896423940557,3.3218571281333467,6.8636088399999995,3.6716726,False,0.9215811324001799,0.9094556805056498,1.5665835952254967,1.5811010335151154,0.01212545189453007,0.014517438289618712,0.16931890559345902,0.9683189584433429,0.18354700468226867,-0.9180010518942624,0.0,-0.3965779478501391
368,06262025083811125,1,1,Archery,0,0.0,0,55.872731,3.8610697299999996,37.15926399999999,67.21220744686175,1.961669999999998,5.5508731000000004,1.5860800000000026,17.27079535574486,3.3240838172560925,6.86106973,3.6725929,False,0.9324933064617716,0.9124197019075159,1.5645128706275833,1.5806096936567255,0.020073604554255775,0.016096823029142282,0.17092708189462957,0.9682132275068969,0.18261182534453965,-0.9513580769861131,0.0,-0.30808734046254643
369,06262025083811327,1,1,Archery,0,0.0,0,55.840718,3.85401794,37.168672,67.19039677871348,2.1389799999999966,5.5434622000000005,1.5708699999999993,18.626362897848487,3.3162449797849756,6.85401794,3.6834748,False,0.9324793520636278,0.906213307662162,1.5548781231315714,1.5750757833051838,0.026266044401465738,0.020197660173612464,0.17189753479118944,0.9688253334834525,0.1784060277383833,-0.968829567782327,0.0,-0.24772821516878024
370,06262025083811521,1,1,Archery,0,0.0,0,55.81451199999999,3.8555747000000005,37.211431000000005,67.1923790554642,2.343679999999999,5.5415322,1.702840000000002,22.115767639092866,3.308380646218302,6.8555747,3.6999288,False,0.9292232065704092,0.9104015895905493,1.5426775416712462,1.568426020671693,0.018821616979859956,0.025748479000446745,0.17414800662853297,0.9708722546218372,0.16455861263640692,-0.9940917166738595,0.0,-0.10854335005157655
371,06262025083811727,1,1,Archery,0,0.0,0,55.80509699999999,3.8850582100000004,37.238184000000004,67.20107793847025,2.377130000000001,5.5452283,1.7495899999999978,23.06262045165823,3.3405215730163285,6.88505821,3.6954477,False,0.9265318765099252,0.9136632152084257,1.5360658059891712,1.5638217100634249,0.01286866130149944,0.027755904074253657,0.17288557737502924,0.9734893380912722,0.1497634326473564,-0.99905333765976,0.0,-0.04350205180096073
372,06262025083811918,1,1,Archery,0,0.0,0,55.79612099999999,3.8839021099999997,37.25826300000001,67.204687158143,2.442050000000002,5.5491183,1.72466,23.371254578011257,3.344839086859006,6.883902109999999,3.6966217,False,0.9194305581956692,0.9178964866715622,1.53381482381054,1.5613683930404423,0.0015340715241070058,0.027553569229902264,0.1627958111005373,0.9770280000320718,0.13752749194778532,-0.9999578291408872,0.0,0.009183677903991576
373,06262025083812126,1,1,Archery,0,0.0,0,55.798604,3.8779647600000002,37.295215000000006,67.22689849252933,2.5169500000000014,5.5500921,1.711120000000001,23.903155992800905,3.340042355012222,6.87796476,3.7012169,False,0.905742103774028,0.9274588523923825,1.5307198034885712,1.5578819229036607,0.021716748618354487,0.027162119415089503,0.15230608602911655,0.9802437694598835,0.12619432869019998,-0.9929738797487159,0.0,0.11833374048335914
374,06262025083812320,1,1,Archery,0,0.0,0,55.829359,3.87150189,37.334713,67.27396709000833,2.572090000000003,5.5496954,1.7091700000000003,24.39723274845574,3.3299692876077267,6.871501889999999,3.7068126,False,0.8863910579219519,0.930224894576034,1.5265973912413506,1.556094669067522,0.043833836654082026,0.029497277826171286,0.14508616461232424,0.9823294924102449,0.11823186194556873,-0.9687053864333202,0.0,0.24821336445701656
375,06262025083812520,1,1,Archery,0,0.0,0,55.876279,3.8469571,37.396786,67.34595189723638,2.6208499999999972,5.5625333,1.59957,23.319435855766272,3.303956442268021,6.8469571,3.7145927,False,0.837372678632996,0.9313707237018961,1.5208545838430736,1.5570941209089733,0.09399804506890008,0.03623953706589966,0.1312211274834612,0.9869240697431974,0.09360500127393642,-0.8738646769701538,0.0,0.4861692363198733
376,06262025083812747,1,1,Archery,0,0.0,0,55.892502,3.8528519500000007,37.405739,67.36472042623456,2.823349999999998,5.5896027,1.4593699999999998,23.030908698232363,3.3018414818235327,6.852851950000001,3.7149673,False,0.8039347882639429,0.9184852289073593,1.5126836563189383,1.5563798524866905,0.11455044064341635,0.04369619616775222,0.05938144386145,0.9979341698523412,0.02452012981303126,-0.8011449517139274,0.0,0.5984703554423472
377,06262025083812930,1,1,Archery,0,0.0,0,56.049437999999995,3.8713743699999994,37.469063000000006,67.53116111638023,2.7866,5.5637668,1.7136799999999965,26.5688819785835,3.281031585947727,6.87137437,3.7198312,False,0.7429840330612805,0.864268869102667,1.5002626390509912,1.5567167581133832,0.12128483604138651,0.05645411906239195,0.007774084416506717,0.9992587560498183,0.03770281248467736,-0.4762263355204912,0.0,0.8793227378822434
378,06262025083813134,1,1,Archery,0,0.0,0,56.086723000000006,3.8729366300000003,37.46403300000001,67.55941017832981,2.315000000000005,5.5587439,2.005839999999999,25.812136251030484,3.2509503589966657,6.87293663,3.7277651,False,0.7041300080127293,0.8257144178110299,1.5087927395777165,1.5644573231644283,0.12158440979830065,0.05566458358671178,-0.021271246106797346,0.9995062363676742,0.02312612270120234,-0.18696842744150052,0.0,0.9823659232384094
379,06262025083813337,1,1,Archery,0,0.0,0,56.119213000000016,3.8569986100000007,37.446265,67.57562628986237,2.0905699999999996,5.5648776,2.1733099999999936,25.28378034238697,3.2250729064753463,6.856998610000001,3.7261834,False,0.7149852874353418,0.8001078794862564,1.5277278514729302,1.5760563775333536,0.08512259205091455,0.04832852606042337,-0.0537681168998158,0.9982453889356303,0.024801876416916165,0.06518948529446562,0.0,0.9978729032331937
380,06262025083813533,0,0,Archery,0,0.0,0,56.087409,3.90188543,37.38991599999999,67.52057446978057,1.5493000000000023,5.5308513,2.080770000000001,17.830009761604934,3.2424985938183455,6.90188543,3.7440577,False,0.8311822986830247,0.7189641003165604,1.569478916057542,1.590248021554151,0.1122181983664643,0.02076910549660904,-0.08015571977734369,0.992267833767376,0.09476078649723801,0.2877988068691972,0.0,0.9576908931198347
381,06262025083813734,0,0,Archery,0,0.0,0,56.121218,3.9121405299999994,37.393454999999996,67.55121338782166,1.6007999999999996,5.5304563,1.870830000000005,16.562746930414225,3.213742724348104,6.912140529999999,3.7916067,False,0.8581802858630613,0.7617512686047841,1.5741609925781284,1.5999352189049685,0.09642901725827713,0.02577422632684012,-0.0894579185112033,0.9918535728050933,0.09068500939744246,0.47079404000706704,0.0,0.8822431478304743
382,06262025083813930,0,0,Archery,0,0.0,0,56.222995000000004,3.8566608600000003,37.393339000000005,67.63254247274756,1.0953400000000002,5.4798874,1.7201499999999967,10.32492491829121,3.1602366665184682,6.85666086,3.8052266,False,0.8176437112098386,0.7748902573913271,1.5614416403644407,1.5882588805554863,0.04275345381851148,0.026817240191045588,-0.09416700261412406,0.9940814104072184,0.054173103118307794,0.631009456225571,0.0,0.7757751389119847
383,06262025083814139,0,0,Archery,0,0.0,0,56.285140999999996,3.8471485899999998,37.359894,67.66520028311936,1.0118599999999986,5.5214819,1.816110000000002,10.146546048740827,3.1951909440510606,6.84714859,3.7606151,False,0.8567350427530097,0.7869685916381934,1.575377103343833,1.575916251583454,0.06976645111481627,0.000539148239620868,-0.11907360904172967,0.9921584215543362,0.037988711067702616,0.689982416743104,0.0,0.7238261286975938
384,06262025083814331,0,0,Archery,0,0.0,0,56.309695999999995,3.8475108399999995,37.354242,67.68252801625319,0.9496599999999944,5.5480456,2.0579099999999997,10.842627685964098,3.1218518956283425,6.84751084,3.7278364,False,0.8393170656128685,0.7930078820541419,1.5800551422297133,1.5374657913166738,0.046309183558726597,0.0425893509130395,-0.10605872323209548,0.9941000573721815,0.0227293457671551,0.6763077280356083,0.0,0.7366192075959693
385,06262025083814531,0,0,Archery,0,0.0,0,56.41921799999999,3.7756928900000006,37.363764,67.77488381973676,2.1482000000000028,5.5575301,1.9819200000000023,23.661520875852432,3.0944499205490685,6.77569289,3.6865499,False,0.8741376782864401,0.824926632908045,1.5817189956424014,1.4837547517376333,0.049211045378395046,0.0979642439047681,-0.10462090758724782,0.9942760538163042,0.021670129281988946,0.7501040259964662,0.0,0.6613198546723762
386,06262025083814737,0,0,Archery,0,0.0,0,56.42043100000001,3.7276423300000006,37.34343,67.76202561708932,2.3196499999999958,5.5565926999999995,1.8030100000000004,23.23962740607119,3.0466140038173997,6.72764233,3.6834543,False,0.9012593916537087,0.8364502461138973,1.580170979211455,1.4760902689947495,0.06480914553981143,0.10408071021670562,-0.10512899381443377,0.9938835505589098,0.033813940734260736,0.7905570237755688,0.0,0.6123884324177873
387,06262025083814940,0,0,Archery,0,0.0,0,56.486433,3.83083448,37.357801,67.83065458501964,2.167049999999996,5.5519571999999995,1.7371200000000044,20.899931457163664,3.154780959889682,6.83083448,3.6788838,False,0.9314185676697699,0.8434660180611935,1.5790609608089985,1.4788034981578881,0.08795254960857646,0.10025746265111035,-0.0978036721759878,0.9944773390459154,0.03806919795645187,0.8911116258176602,0.0,0.45378416712420266
388,06262025083815139,0,0,Archery,0,0.0,0,56.484268,3.83631095,37.35661700000001,67.82850910115602,2.098079999999996,5.5427875,1.7464900000000014,20.310301763791,3.1470196004955233,6.83631095,3.6907484999999998,False,0.9314951809086301,0.8442233074068715,1.576814060246246,1.4807209548220042,0.08727187350175869,0.09609310542424176,-0.09965689834465936,0.9943101598417605,0.037627232794545204,0.890204173395217,0.0,0.45556177371432144
389,06262025083815337,0,0,Archery,0,0.0,0,56.309084,3.75466452,37.362832000000004,67.68154594597428,0.8442399999999992,5.549583800000001,2.17192,10.17583750807147,3.0184972692799477,6.75466452,3.7403041999999997,False,0.8082058757371152,0.8306119650619055,1.575327621906198,1.532353259350142,0.022406089324790268,0.04297436255605591,-0.09708191465125,0.9943852742903623,0.042107340477980176,0.6369795661076761,0.0,0.7708806862033039
390,06262025083815536,0,0,Archery,0,0.0,0,56.19114900000001,3.78628302,37.364019,67.58587930093167,0.9793999999999983,5.5539912,1.6661000000000001,9.062882540710591,3.1073875185404978,6.78628302,3.7438278,False,0.7958993210356395,0.7554405260515192,1.5806444070515164,1.5920455621953669,0.040458794984120305,0.011401155143850428,-0.13103006120679872,0.9905258012693028,0.04110669142546396,0.42667141035578865,0.0,0.9044067158004757
391,06262025083815732,1,1,Archery,0,0.0,0,56.182227,3.82025492,37.410442,67.6060511268679,1.1631,5.5014468,2.21246,14.156940311128578,3.158271047311798,6.82025492,3.7927032,False,0.73903611056903,0.7903401647398448,1.577069882781356,1.575912780802491,0.05130405417081485,0.0011571019788649828,-0.12690533067589724,0.9914899446456666,0.029029755640966798,0.24776663991531292,0.0,0.968819741822531
392,06262025083815934,1,1,Archery,0,0.0,0,56.096032,3.88485145,37.42309,67.54512966958974,2.0116099999999975,5.522449999999999,2.205350000000003,24.49926765159807,3.2309590645132302,6.88485145,3.755811,False,0.751005753059858,0.7610609475127468,1.6024330874492858,1.58616769979848,0.010055194452888827,0.016265387650805874,-0.09701444638600111,0.9949102635275094,0.027235357901804653,0.15936746818889821,0.0,0.9872193323082062
393,06262025083816134,1,1,Archery,0,0.0,0,56.070465999999996,3.8654862899999998,37.451972999999995,67.53879939196479,2.369810000000001,5.5185383,2.18891,28.626318177602275,3.2238130977728345,6.86548629,3.7595727,False,0.7578222504651044,0.8355472534836051,1.5943484613322887,1.5805867878621829,0.07772500301850072,0.013761673470105817,-0.0802060463829195,0.9961144539357274,0.036372857791879896,-0.11167414917188591,0.0,0.99374487893359
394,06262025083816332,1,1,Archery,0,0.0,0,56.040594,3.83074956,37.48936,67.53276931441414,2.3122200000000035,5.524521399999999,2.1427499999999995,27.3712932344238,3.2123576605702855,6.83074956,3.7612946000000003,False,0.7211988565749421,0.8664614192011101,1.5569424036373318,1.5630623349589627,0.145262562626168,0.0061199313216309115,-0.027585089999779416,0.9973453208528548,0.06738971570366191,-0.2923408030656609,0.0,0.9563142030017773
395,06262025083816541,1,1,Archery,0,0.0,0,55.97258200000001,3.8482870500000006,37.50059699999999,67.48358336901154,2.8740799999999993,5.5322869,1.5730199999999996,25.011387869779956,3.241654547026268,6.848287050000001,3.7505081000000002,False,0.7819156463334155,0.894076534601484,1.545299945526032,1.5416190975735877,0.11216088826806847,0.003680847952444166,0.002666236279512067,0.9970370595420763,0.07687647939254236,-0.6105618463718391,0.0,0.7919685800301745
396,06262025083816735,1,1,Archery,0,0.0,0,55.924951,3.854131029999999,37.44705499999999,67.41466011574808,3.1336099999999973,5.5062109999999995,1.416489999999996,24.440568693768608,3.2453229089566413,6.85413103,3.778734,False,0.8612299209874227,0.9049964048597051,1.5440827033323332,1.5290126337136638,0.043766483872282436,0.015070069618669413,0.026586755616014823,0.9965265594164966,0.07891743028846193,-0.8091049149870295,0.0,0.5876642209151683
397,06262025083816935,1,1,Archery,0,0.0,0,55.88692000000001,3.8559793499999997,37.381778000000004,67.3469652640363,3.015740000000001,5.487306,1.4545299999999983,24.069981630367852,3.2536725420315746,6.85597935,3.783926,False,0.911399791838906,0.9226950789730072,1.5505421283061767,1.5293103371484156,0.011295287134101217,0.021231791157761082,0.1084665081292517,0.9883996803720658,0.10630657766406154,-0.9183025154592721,0.0,0.39587938832575437
398,06262025083817132,1,1,Archery,0,0.0,0,55.86627000000001,3.8440214600000004,37.313649000000005,67.29134436458409,2.704979999999999,5.4975945,1.43994,21.413179512688156,3.267064085359556,6.8440214600000004,3.7636374999999997,False,0.9168963255221433,0.9321322895297649,1.5627386468411193,1.5384416037120952,0.015235964007621616,0.024297043129024143,0.13726297626465114,0.9833930378130493,0.11873082383186097,-0.9817380713299552,0.0,0.19023763902377447
399,06262025083817338,1,1,Archery,0,0.0,0,55.827363000000005,3.85115568,37.215423,67.20501148481634,2.3907900000000026,5.5060633,1.6358499999999978,21.534069425821897,3.27585510675236,6.85115568,3.7453687,False,0.931558999819124,0.9292184986476508,1.5701829455611886,1.5454621698496833,0.0023405011714732193,0.024720775711505327,0.14925113184653777,0.9796305660272339,0.13434304502909278,-0.9932644985296458,0.0,-0.11586904660284092
400,06262025083817538,1,1,Archery,0,0.0,0,55.839436,3.8401621199999996,37.164496,67.18622791048769,1.870980000000003,5.4948872,1.786450000000002,18.36617813029652,3.2328477291059814,6.84016212,3.7311718000000003,False,0.9198386463532631,0.92428905799052,1.5748927860152135,1.5485022570107019,0.004450411637256901,0.026390529004511665,0.1691789261032441,0.968368712815676,0.18341354094576479,-0.9597294582418613,0.0,-0.2809259101307381
401,06262025083817767,1,1,Archery,0,0.0,0,55.91287500000001,3.8658142999999994,37.134021999999995,67.23190984096907,1.4884999999999948,5.5567013,1.7966699999999989,14.860526863972725,3.2705921100959903,6.865814299999999,3.7012997,False,0.9033834157039843,0.9051814384470065,1.5772459894453024,1.5636238825547821,0.0017980227430222095,0.013622106890520236,0.16955191864959412,0.960769010974752,0.2194881646759985,-0.8833931441055737,0.0,-0.4686326417859401
402,06262025083817943,1,1,Archery,0,0.0,0,55.919435,3.88860308,37.115448,67.22842348942682,1.5072599999999952,5.5738235,1.8868399999999994,15.851722488453635,3.2824433689499375,6.88860308,3.7082145,False,0.8764561266766335,0.920611893820623,1.5701782425423203,1.5670100160242255,0.0441557671439895,0.0031682265180947855,0.15968780180360778,0.9570296763037214,0.24206198509705307,-0.8809900177359494,0.0,-0.47313485249938136
403,06262025083818152,1,1,Archery,0,0.0,0,55.899212999999996,3.8118856799999996,37.098482000000004,67.19784113467547,1.5223900000000015,5.4919440999999996,1.6580300000000037,13.862591157008938,3.219529872381025,6.81188568,3.7044239,False,0.9183200476282777,0.9137994018579779,1.5711117461056723,1.5709731575126333,0.004520645770299758,0.00013858859303894633,0.1538756867833365,0.9562747940816212,0.2487182969166313,-0.9005526308207452,0.0,-0.43474700588024134
404,06262025083818348,1,1,Archery,0,0.0,0,55.840053,3.7753687200000003,37.210882999999995,67.20874006894083,2.29748,5.5569482,1.6034400000000062,20.471082162943524,3.2285369710758234,6.77536872,3.7043028,False,0.9304878138057453,0.9315673894147456,1.5594866871575925,1.5732593334308378,0.001079575609000294,0.01377264627324526,0.1421912552107627,0.9781614510635959,0.15159756790512255,-0.9958618415188526,0.0,-0.09088010016873665
405,06262025083818544,1,1,Archery,0,0.0,0,55.910937000000004,3.8041118500000004,37.34795,67.3451818052916,2.8641599999999983,5.553682599999999,1.355170000000001,21.556195305904136,3.250925796142646,6.80411185,3.7404764,False,0.874519449558438,0.9185804424959222,1.5444188174059548,1.5648533506948705,0.04406099293748422,0.020434533288915757,0.12158931582443408,0.9902606245204909,0.06782281180866426,-0.9357182221023955,0.0,0.3527483647382816
406,06262025083818751,1,1,Archery,0,0.0,0,55.97568299999999,3.7921313099999994,37.37197,67.41158275007099,2.8430899999999966,5.556019,1.480159999999998,23.380995248820135,3.1797428135970787,6.792131309999999,3.755213,False,0.7654849272297868,0.8247048965229926,1.5221566822945698,1.5555181802296636,0.05921996929320583,0.0333614979350938,0.05030732013088579,0.9986323474771729,0.014234047684326515,-0.6078428971473638,0.0,0.7940573105182642
407,06262025083818950,1,1,Archery,0,0.0,0,56.018195000000006,3.7352616299999992,37.427825,67.47467995280304,2.3054699999999997,5.5564231,1.825969999999998,23.39098020671292,3.099343687301713,6.735261629999999,3.7518599,False,0.724425346108215,0.782143074602721,1.5248870838352464,1.5614793624636887,0.05771772849450607,0.036592278628442276,-0.0021188766127532227,0.9999883256016423,0.004342697586041482,-0.4976113448758457,0.0,0.8674001092061565
408,06262025083819150,1,1,Archery,0,0.0,0,55.998622,3.69644854,37.43399899999999,67.45971893537471,2.1973600000000033,5.562104,1.838080000000005,22.464912381506448,3.0530263873039036,6.6964485400000004,3.756115,False,0.7239199584595016,0.7823417641568208,1.5347131122440296,1.5682100855548662,0.05842180569731914,0.033496973310836564,-0.0245993424766575,0.9995742437300994,0.015690877002763445,-0.5193006113266362,0.0,0.8545916422922599
409,06262025083819352,1,1,Archery,0,0.0,0,56.015865,3.8010206,37.464443,67.49673605886508,2.335810000000002,5.567112,1.7852000000000032,23.214233590261408,3.1789271012358826,6.8010206,3.7332419999999997,False,0.7787100935913178,0.7578537688103226,1.5421709360884723,1.5714306893897672,0.020856324780995195,0.029259753301294822,-0.030653702998909328,0.9991115510570877,0.02892160155930317,-0.4367378424237759,0.0,0.8995888266286021
410,06262025083819549,1,1,Archery,0,0.0,0,56.015226,3.9013241099999996,37.435012,67.48559844205641,2.2975199999999987,5.9739483,1.5571800000000025,21.372709239948012,3.289130904308524,6.901324109999999,3.7149417,False,0.8304522144476499,0.7744529824979649,1.5405303126713719,1.5702277112739067,0.055999231949685035,0.02969739860253484,-0.02305891887913699,0.9993906802514018,0.02620218477084876,-0.47140529513864693,0.0,0.8819166897815491
411,06262025083819749,1,1,Archery,0,0.0,0,55.994244,3.9121949799999998,37.420099,67.46053987230516,2.4838299999999975,6.0357911,1.380660000000006,20.698687671065233,3.3108515049566463,6.91219498,3.7180219,False,0.8470728180912209,0.8095589420227517,1.5333437866284287,1.5616548157863877,0.03751387606846923,0.02831102915795891,0.008711598396156383,0.9995382521655606,0.029109972710397045,-0.6314262920666762,0.0,0.7754359017268473
412,06262025083819951,1,1,Archery,0,0.0,0,55.90577,3.84009392,37.3778,67.35949356584653,3.018889999999999,5.5636121,1.3212100000000007,22.190954549839493,3.24124194602474,6.84009392,3.7317379,False,0.8795561122299137,0.848454264571166,1.53351488002148,1.5553926335240282,0.031101847658747683,0.02187775350254828,0.03693681955129667,0.9986571835829399,0.036324936883982445,-0.8887609083444998,0.0,0.4583710808926103
413,06262025083820147,1,1,Archery,0,0.0,0,55.886303,3.74859876,37.318470000000005,67.30526768992293,3.1351100000000045,5.5552215,1.3192100000000053,22.9756654073852,3.14829599598074,6.74859876,3.7319095,False,0.920535212960916,0.8729334208311702,1.5379594952827635,1.5516684958399631,0.0476017921297458,0.013709000557199591,0.07871022831728074,0.9953388796844629,0.055724451964282454,-0.9770551864788879,0.0,0.21298629668292235
414,06262025083820347,1,1,Archery,0,0.0,0,55.904858000000004,3.6694160699999996,37.309829,67.3115228048228,3.0566299999999984,5.5508607,1.3060899999999975,22.160334131382623,3.0739832601881423,6.66941607,3.7266943,False,0.9257667654657945,0.8792280126815759,1.5435333120274928,1.551295686735732,0.046538752784218596,0.00776237470823915,0.09461820005349465,0.9930444116227379,0.07007276763113544,-0.9843487976052161,0.0,0.1762312249664212
415,06262025083820546,1,1,Archery,0,0.0,0,55.918961,3.66907502,37.319542999999996,67.32860165301786,3.0410600000000017,5.551892199999999,1.2882000000000033,21.749501561785628,3.082608848569153,6.66907502,3.7186048,False,0.9208997008192593,0.882098086493791,1.5489018974257729,1.553602164602715,0.03880161432546836,0.004700267176942052,0.09796888882920753,0.9919653942172101,0.08004219822734403,-0.9812891696420516,0.0,0.19253977652218515
416,06262025083820749,1,1,Archery,0,0.0,0,55.875838,3.7642491600000008,37.296758000000004,67.28541447632888,2.93694,5.5546361,1.2836700000000008,20.941321205760982,3.1580311586372027,6.76424916,3.7348809,False,0.9202370788166507,0.8880141910245599,1.552222591036895,1.5553963192214428,0.032222887792090815,0.0031737281845478638,0.0971745143570503,0.9913879947916086,0.08778927920050915,-0.9875919284437739,0.0,0.157041978059077
417,06262025083820946,1,1,Archery,0,0.0,0,55.847232,3.7903293000000007,37.301514,67.2657629478508,2.7368000000000023,5.556995199999999,1.255670000000002,19.096712119107295,3.197273200060053,6.790329300000001,3.7286108000000002,False,0.9123330923018232,0.8947483684260037,1.5541809100533435,1.557044153651925,0.017584723875819552,0.0028632435985815885,0.09871569569993069,0.9906135364746927,0.09455174654960663,-0.9881797922160726,0.0,0.15329937460994283
418,06262025083821149,1,1,Archery,0,0.0,0,55.895876,3.8053610099999995,37.341042,67.32891759021207,2.6969800000000035,5.5640562,1.4258299999999977,21.39621641672422,3.222287776550605,6.8053610099999995,3.7173908,False,0.9046221764742448,0.8658530999707751,1.5558098429199156,1.559083664895967,0.038769076503469724,0.0032738219760513054,0.10057988461489006,0.9901888039251092,0.09700422357927063,-0.9319326482586283,0.0,0.3626314094361654
419,06262025083821345,1,1,Archery,0,0.0,0,55.90326700000001,3.78824897,37.369076,67.34963943946376,2.6840199999999967,5.567914,1.6988800000000026,25.388729588637617,3.2103820571307735,6.78824897,3.716136,False,0.9067808872186246,0.7773141830328334,1.556260208392573,1.5601863387095805,0.1294667041857912,0.0039261303170075035,0.09856390477627473,0.9903516219237632,0.0974105827321902,-0.8292629593947558,0.0,0.5588586083937971
420,06262025083821543,1,1,Archery,0,0.0,0,55.920666,3.8073646700000006,37.358496,67.35929137836841,2.8791900000000012,5.568719,1.5107199999999992,24.221978135032575,3.225888347562405,6.80736467,3.711998,False,0.898582572958103,0.8757171522038407,1.5560525243669925,1.5604642876724217,0.022865420754262233,0.0044117633054292504,0.10121788679576874,0.9899189521059567,0.09907273920732942,-0.8260757335083333,0.0,0.5635591206862586
421,06262025083821745,1,1,Archery,0,0.0,0,55.909049,3.83268803,37.373476,67.35939404375816,2.819809999999997,5.5691855,1.3870700000000014,21.782609649262714,3.2630800332927135,6.83268803,3.7045825,False,0.8840733402048729,0.9241253849564991,1.5539330510546583,1.5597208190270004,0.04005204475162616,0.0057877679723421505,0.09696368418662439,0.9906067290488243,0.0964175933745793,-0.8811307605886648,0.0,0.472872691899671
422,06262025083821946,1,1,Archery,0,0.0,0,55.888765,3.8284420399999997,37.393724000000006,67.35355681971845,2.906730000000003,5.5679386,1.3577899999999943,21.97514433470943,3.263649344300845,6.82844204,3.7101774,False,0.8695561526945786,0.9242455216169579,1.5487985933942467,1.5584935720032214,0.0546893689223793,0.009694978608974614,0.08746140902344192,0.9914981577030375,0.09634264477954073,-0.8931460718675774,0.0,0.4497667109819449
423,06262025083822144,1,1,Archery,0,0.0,0,55.959,3.85936733,37.432204999999996,67.43496399012827,3.09713,5.5633771,1.7827199999999976,30.717160735307104,3.289124385541585,6.8593673299999995,3.7107179,False,0.8551998063633989,0.8305009301596243,1.5442627449004802,1.5568609292962576,0.024698876203774534,0.012598184395777423,0.08648347778414958,0.9919371308458579,0.09263550355908858,-0.6734953786661239,0.0,0.7391914331993943
424,06262025083822346,1,1,Archery,0,0.0,0,56.014816999999994,3.82779121,37.44292800000001,67.4854396614857,3.2782300000000006,5.5606887,1.958669999999998,35.705019515354316,3.239281683583585,6.82779121,3.7202973,False,0.8548631436323614,0.7123097792786517,1.5417652752566582,1.5551935802189034,0.1425533643537097,0.01342830496224523,0.08768767898050618,0.9926722247967615,0.083142799279669,-0.4310461588263172,0.0,0.9023298781272165
425,06262025083822549,1,1,Archery,0,0.0,0,56.003890999999996,3.78469591,37.430305000000004,67.46693606993041,3.34713,5.559041,1.7796500000000037,33.11365017463165,3.186042299772742,6.78469591,3.729758,False,0.8504797277442905,0.7771582808855626,1.541117961794362,1.5540811857119965,0.07332144685872788,0.012963223917634492,0.08404097370350531,0.9936400944096078,0.0749431619337791,-0.5457021132756034,0.0,0.8379792381476646
426,06262025083822774,1,1,Archery,0,0.0,0,55.959669,3.7603538699999994,37.444791,67.4369126580604,3.109160000000003,5.5582123,1.8487599999999986,31.94910810565602,3.166631051253481,6.760353869999999,3.7372487,False,0.8406828922257202,0.7376149164733578,1.5407623946244928,1.5533093941144152,0.10306797575236248,0.012546999489922328,0.08149719669301957,0.994206783581167,0.07007908684029766,-0.6218377715433702,0.0,0.7831460820830143
427,06262025083822954,1,1,Archery,0,0.0,0,55.903842,3.73801466,37.436087,67.38451538618429,2.5301900000000046,5.5570123,1.7769699999999986,24.984725873617336,3.1490041074028787,6.73801466,3.7436047,False,0.8243449206491152,0.7089951857354176,1.539828283083543,1.5530178757571609,0.1153497349136976,0.013189592673617856,0.07804449307960862,0.994618858742736,0.06813503455084091,-0.6709323310339164,0.0,0.7415185818126172
428,06262025083823160,1,1,Archery,0,0.0,0,55.837883,3.74640262,37.43661000000001,67.3305612541952,2.34272,5.556542100000001,1.5112799999999993,19.67296998640801,3.177979242898677,6.74640262,3.7388489,False,0.7978961248564905,0.8421369627774349,1.5395293162974468,1.552981048663378,0.044240837920944354,0.013451732365931113,0.08511055129628128,0.9940701042384733,0.06768176946086647,-0.8375624542056576,0.0,0.5463415921426776
429,06262025083823360,1,1,Archery,0,0.0,0,55.787215,3.7549917799999997,37.394935,67.26584931730453,2.3262500000000017,5.5564605,1.1983200000000025,15.489144282469994,3.199854722165616,6.754991779999999,3.7336495,False,0.7984932073374184,0.9325687790318746,1.5427929441795114,1.5543968853244186,0.13407557169445627,0.011603941144907148,0.08704529734546988,0.9937100770424957,0.07045139455139396,-0.9458708090013369,0.0,0.32454339105758506
430,06262025083823555,1,1,Archery,0,0.0,0,55.742920000000005,3.755108940000001,37.297841999999996,67.17516647641918,2.5212199999999996,5.5413452,1.1317499999999967,15.811623053116675,3.2047444373627187,6.755108940000001,3.7399578,False,0.8891235275399015,0.9266745701701331,1.5518293522251578,1.555205012469559,0.03755104263023157,0.0033756602444010575,0.10716626302123275,0.9882383721834184,0.10908855033563966,-0.9974107859432775,0.0,0.07191470005508942
431,06262025083823758,1,1,Archery,0,0.0,0,55.748672,3.7771719899999994,37.189948,67.12133558152972,2.3917099999999962,5.5355639,1.1329600000000042,14.999782606918396,3.2140611497885576,6.777171989999999,3.7284591000000002,False,0.9307181425248995,0.9238611197663813,1.5624060754827613,1.5588982669550984,0.006857022758518183,0.00350780852766297,0.15299371387202684,0.9777456256039933,0.14354934736145736,-0.9833115089491057,0.0,-0.18192986661962027
432,06262025083823953,1,1,Archery,0,0.0,0,55.77819000000001,3.816614429999999,37.161263999999996,67.13220216454307,2.1665100000000024,5.5252842,1.4051699999999983,16.82070477754977,3.2557024816730897,6.81661443,3.7147448,False,0.93144326377134,0.9293353019169165,1.5704914880865304,1.5658964836851896,0.0021079618544235235,0.004595004401340752,0.1711961049357202,0.968671108872778,0.17991157964405927,-0.9706396246361786,0.0,-0.2405383942037909
433,06262025083824157,1,1,Archery,0,0.0,0,55.793651,3.8328542199999993,37.16855999999999,67.150012031683,2.1278799999999976,5.5268416,1.31597,15.476406892540197,3.2812805169188923,6.83285422,3.7038724,False,0.9324019577355044,0.9075039865923442,1.574864805642897,1.5716831399557474,0.02489797114316017,0.003181665687149726,0.17125524472293224,0.9665818241624108,0.19076482472865644,-0.9890327653304832,0.0,-0.1476962731511439
434,06262025083824356,1,1,Archery,0,0.0,0,55.856823999999996,3.7646001500000006,37.32660500000001,67.28619800882184,2.2918400000000005,5.5622206,2.0870900000000034,26.60563822498909,3.219931536779404,6.764600150000001,3.7012894,False,0.9112318266851742,0.738105513121934,1.5785620231210469,1.574439539510666,0.17312631356324026,0.004122483610380812,0.14912089577432502,0.9780857492362854,0.14529702538027736,-0.9266106533681087,0.0,0.37602220288797705
435,06262025083824555,1,1,Archery,0,0.0,0,55.924640999999994,3.69796013,37.415692,67.38823627266716,2.5934700000000035,5.5812309,1.9566400000000002,28.321884431885653,3.139828296293765,6.69796013,3.7142600999999997,False,0.8714149745723968,0.7297087454601278,1.5721385510627386,1.5717392276426807,0.14170622911226904,0.00039932342005788435,0.10691306433774717,0.989813724107324,0.09401270256036112,-0.7570890459533448,0.0,0.6533116993422468
436,06262025083824750,1,1,Archery,0,0.0,0,55.961912000000005,3.65734881,37.479073,67.45215124777772,2.5120799999999974,5.5845174,1.6752400000000023,23.501530638644454,3.106046509924717,6.65734881,3.7269046,False,0.7851501084353215,0.7711012139408182,1.546953235690158,1.5709421557852983,0.014048894494503306,0.023988920095140198,0.05870921483173903,0.9963745933003412,0.06157026814478211,-0.6039821421552599,0.0,0.7969978494058457
437,06262025083824957,1,1,Archery,0,0.0,0,56.01775899999999,3.6260106699999994,37.48876,67.5021807284671,2.1542600000000007,5.5552183,1.6008799999999965,19.158346618358728,3.0051513528812057,6.626010669999999,3.7620397,False,0.7227216707758264,0.7838197787093625,1.5288648172029453,1.564335933676552,0.061098107933536094,0.03547111647360679,-0.017654174298535583,0.9989613021354737,0.04200770126578969,-0.3862710738029595,0.0,0.9223853086119209
438,06262025083825150,1,1,Archery,0,0.0,0,56.034634,3.6187455999999996,37.50799,67.52647511214823,1.8338899999999967,5.5321963,1.7883700000000005,18.143799589626152,2.990531869165151,6.6187456,3.7794077,False,0.7232039887583579,0.784232884452059,1.531749903171956,1.5652041673856125,0.06102889569370107,0.033454264213656604,-0.0825931362667212,0.9956201588205604,0.04380494483216315,-0.4059294728388382,0.0,0.9139044058766664
439,06262025083825351,1,1,Archery,0,0.0,0,55.930820000000004,3.6480568499999997,37.542606,67.46119039806864,1.472360000000002,5.524822599999999,1.750549999999997,14.239897646129826,3.0528107140366556,6.64805685,3.7815044,False,0.7459918306663924,0.8640593437959004,1.5351452819322398,1.5674537858788562,0.11806751312950803,0.03230850394661644,-0.0978735057681775,0.9937259116153296,0.054125682008898,-0.6477354711952426,0.0,0.7618653157582888
440,06262025083825559,1,1,Archery,0,0.0,0,55.925965,3.7222527699999994,37.546859,67.4635853452133,1.6133299999999977,5.5224371,1.7884300000000053,15.934041133200923,3.175644412714615,6.722252769999999,3.7626319,False,0.7073841478404795,0.8674161798099014,1.5358780426289194,1.5683761099450648,0.16003203196942184,0.03249806731614546,-0.09357265706461834,0.99354881198287,0.06406961883213429,-0.6551837241853452,0.0,0.7554695808320951
441,06262025083825755,1,1,Archery,0,0.0,0,55.93732,3.7311702100000006,37.528852,67.4634725785465,1.5582800000000034,5.5180292,1.6980700000000013,14.601083356353614,3.1900401382482415,6.73117021,3.7663957999999997,False,0.7070670883614943,0.8808041261262397,1.538635946406325,1.567470118340264,0.17373703776474536,0.02883417193393889,-0.08405229095903463,0.9941041738953295,0.06849893304586782,-0.6481277891745633,0.0,0.761531594157257
442,06262025083825954,1,1,Archery,0,0.0,0,55.94710799999999,3.7140251799999993,37.504999999999995,67.45737840741617,1.5409600000000054,5.5238571,1.5594700000000046,13.274275442729532,3.1668551561112936,6.714025179999999,3.7687399,False,0.7113537387432457,0.8819888572090938,1.5443446409366048,1.5674808032345438,0.1706351184658481,0.02313616229793891,-0.06355170204542494,0.9959673387798418,0.06332646564375143,-0.6812436965812473,0.0,0.7320567094619909
443,06262025083826155,1,1,Archery,0,0.0,0,55.940754000000005,3.73413422,37.563473,67.48574827534493,1.6457600000000028,5.5297935,1.807850000000002,16.45272390766994,3.2086461023014285,6.73413422,3.7655275,False,0.7229402584059111,0.8760773544065608,1.5466607181362335,1.5674947725661628,0.15313709600064962,0.02083405442992925,-0.05539148077710464,0.9968752731661099,0.05631583797932276,-0.6555282278476872,0.0,0.7551706711034735
444,06262025083826361,1,1,Archery,0,0.0,0,55.960856,3.6653439500000005,37.496821,67.46157228845603,1.5036500000000004,5.5277516,1.5399600000000007,12.799845215595875,3.1090230222320963,6.6653439500000005,3.7790244,False,0.7054707028849542,0.8684925721783677,1.5465821696651005,1.5667227665435766,0.16302186929341356,0.020140596878476025,-0.052872361345922936,0.9969797723499536,0.056884505190262884,-0.6959616416506968,0.0,0.718078960387273
445,06262025083826559,1,1,Archery,0,0.0,0,55.92143500000001,3.68300105,37.520375,67.44293832073268,1.591389999999997,5.5186708,1.6761899999999983,14.720899858844108,3.1373859586731925,6.68300105,3.7856302,False,0.7149237905511285,0.8635873116738115,1.544008909592847,1.5635777039110785,0.148663521122683,0.01956879431823144,-0.05504155164247607,0.9967701287391046,0.058478526368378955,-0.6735997648765284,0.0,0.7390963108812583
446,06262025083826757,1,1,Archery,0,0.0,0,55.905989,3.6970534,37.512032,67.42625864364413,1.5809600000000046,5.5101384,1.7218799999999987,14.999827716167257,3.1466624642375676,6.6970534,3.7921426,False,0.7069934588813358,0.8658665344243287,1.5379781246593065,1.5614004976447131,0.1588730755429929,0.023422372985406614,-0.05701475772084137,0.9965220662877051,0.060770789066098695,-0.6942453072466436,0.0,0.719738461780398
447,06262025083826957,1,1,Archery,0,0.0,0,55.93256799999999,3.7196586000000003,37.507483,67.44701108403889,1.493159999999996,5.5044842,1.6979499999999987,13.955579462684806,3.1614872874946784,6.719658600000001,3.7937498,False,0.7374216178008344,0.8635011112581159,1.5353031993690498,1.5597578098389628,0.12607949345728153,0.02445461046991304,-0.05810970617365645,0.9963685234292983,0.06223365301612427,-0.6937324348741376,0.0,0.7202328156947589
448,06262025083827160,1,1,Archery,0,0.0,0,55.91578199999999,3.69638547,37.504449,67.43012410642555,1.5801000000000016,5.5002099,1.7288100000000028,15.024883127793782,3.1413142137444594,6.69638547,3.8017921,False,0.7016029813940337,0.8647949157811923,1.5343062574514104,1.558459619166057,0.16319193438715862,0.02415336171464655,-0.05918908098790326,0.9962553333657195,0.06302351491440798,-0.7154629528074671,0.0,0.698650673198001
449,06262025083827357,1,1,Archery,0,0.0,0,55.896677,3.69324493,37.488986,67.40550889254895,1.668379999999999,5.4995316999999995,1.6869599999999991,15.478378760580878,3.141396914598853,6.6932449300000005,3.8044143,False,0.7007372803012555,0.884427736261701,1.5363940383365187,1.5579231405606917,0.18369045596044553,0.021529102224173036,-0.056485774448816466,0.9965444234935562,0.060898023685609905,-0.7611191930479545,0.0,0.6486120365627133
450,06262025083827560,1,1,Archery,0,0.0,0,55.885439999999996,3.69489655,37.48041500000001,67.39151410289746,1.7329799999999977,5.511412399999999,1.639319999999998,15.657419842087792,3.1481014145092665,6.69489655,3.7938106,False,0.7013850570435578,0.8822959246199605,1.5414478649527408,1.559234450518078,0.18091086757640273,0.017786585565337187,-0.05366873671187624,0.9969041448495366,0.05746122763712086,-0.7844356864564075,0.0,0.6202101690666356
